Dataset,Model_Architecture,Instance,Method,Evaluations,Time (s),Recourse Cost,Sparsity (L0),Causal Plausibility MSE,Success
adult,RandomForest,1,Actionable CBFI (Proposed),250,0.05250978469848633,8.814647601040033,7,3.2747590344060007,True
adult,RandomForest,1,Untargeted Causal (Karimi 2021),250,0.05672764778137207,13.331813144260549,7,2.746431445107605,True
adult,RandomForest,1,Wachter's CE,500,0.07918024063110352,13.331813144260549,7,2.746431445107605,True
adult,RandomForest,1,SHAP-Targeted CE,343,0.032572269439697266,0.6499999999999996,2,0.44488886484946644,True
adult,RandomForest,2,Actionable CBFI (Proposed),250,0.05454087257385254,13.517444809749076,8,1.3516611828647689,True
adult,RandomForest,2,Untargeted Causal (Karimi 2021),250,0.04761958122253418,17.04680930009569,6,2.746431445107605,True
adult,RandomForest,2,Wachter's CE,500,0.08048534393310547,17.04680930009569,6,2.746431445107605,True
adult,RandomForest,2,SHAP-Targeted CE,343,0.03247952461242676,2.0733102741377887,2,0.8769085478934245,True
adult,RandomForest,3,Actionable CBFI (Proposed),250,0.05372357368469238,11.391075624359964,7,1.1850237354662014,True
adult,RandomForest,3,Untargeted Causal (Karimi 2021),250,0.0456697940826416,15.400159444714348,8,1.6087178350590354,True
adult,RandomForest,3,Wachter's CE,500,0.08171272277832031,15.400159444714348,8,1.6087178350590354,True
adult,RandomForest,3,SHAP-Targeted CE,343,0.03247261047363281,1.761519023914996,3,1.149454151153903,True
adult,RandomForest,4,Actionable CBFI (Proposed),250,0.05666303634643555,9.8994869911679,8,4.984878550466388,True
adult,RandomForest,4,Untargeted Causal (Karimi 2021),250,0.04337668418884277,15.222230447352318,7,7.673053501663053,True
adult,RandomForest,4,Wachter's CE,500,0.08050131797790527,15.222230447352318,7,7.673053501663053,True
adult,RandomForest,4,SHAP-Targeted CE,343,0.0321650505065918,0.7833333333333335,1,3.214627536684059,True
adult,RandomForest,5,Actionable CBFI (Proposed),250,0.05209541320800781,10.541291423156142,6,0.9320067160122344,True
adult,RandomForest,5,Untargeted Causal (Karimi 2021),250,0.04449605941772461,16.242536081585776,8,0.7522344986622,True
adult,RandomForest,5,Wachter's CE,500,0.08142709732055664,16.242536081585776,8,0.7522344986622,True
adult,RandomForest,5,SHAP-Targeted CE,343,0.03314971923828125,0.5833333333333334,2,0.029614904116085444,True
adult,RandomForest,6,Actionable CBFI (Proposed),250,0.05600333213806152,9.458570811522282,7,0.6402928814521572,True
adult,RandomForest,6,Untargeted Causal (Karimi 2021),250,0.04181671142578125,18.372462842788835,6,0.7214352929215314,True
adult,RandomForest,6,Wachter's CE,500,0.09020090103149414,18.28925480354861,7,1.5179067307498428,True
adult,RandomForest,6,SHAP-Targeted CE,343,0.03185582160949707,0.6333333333333331,2,0.28907397232511006,True
adult,RandomForest,7,Actionable CBFI (Proposed),250,0.05719184875488281,12.616904144855614,7,0.7055840086711095,True
adult,RandomForest,7,Untargeted Causal (Karimi 2021),250,0.056899309158325195,16.307582846312282,6,2.746431445107605,True
adult,RandomForest,7,Wachter's CE,500,0.06604838371276855,16.307582846312282,6,2.746431445107605,True
adult,RandomForest,7,SHAP-Targeted CE,343,0.031845808029174805,1.0499999999999998,1,1.077163436002725,True
adult,RandomForest,8,Actionable CBFI (Proposed),250,0.05699443817138672,14.98434559632645,7,0.762641923742518,True
adult,RandomForest,8,Untargeted Causal (Karimi 2021),250,0.05700111389160156,18.571973754132685,6,1.6087178350590354,True
adult,RandomForest,8,Wachter's CE,500,0.0790410041809082,18.571973754132685,6,1.6087178350590354,True
adult,RandomForest,8,SHAP-Targeted CE,343,0.02913665771484375,1.1333333333333333,2,1.3492263064616161,True
adult,RandomForest,9,Actionable CBFI (Proposed),250,0.04626631736755371,10.982563631281597,6,1.2774590731812514,True
adult,RandomForest,9,Untargeted Causal (Karimi 2021),250,0.05678510665893555,12.6893909078204,6,1.6087178350590354,True
adult,RandomForest,9,Wachter's CE,500,0.0789041519165039,12.6893909078204,6,1.6087178350590354,True
adult,RandomForest,9,SHAP-Targeted CE,343,0.032308340072631836,0.25000000000000017,1,1.1664669046984826,True
adult,RandomForest,10,Actionable CBFI (Proposed),250,0.0596156120300293,13.803288021839387,8,0.1332802022871494,True
adult,RandomForest,10,Untargeted Causal (Karimi 2021),250,0.05700564384460449,15.972462842788834,6,7.673053501663053,True
adult,RandomForest,10,Wachter's CE,500,0.0795741081237793,15.972462842788834,6,7.673053501663053,True
adult,RandomForest,10,SHAP-Targeted CE,343,0.03212547302246094,0.5500000000000003,2,1.0714048345079619,True
adult,RandomForest,11,Actionable CBFI (Proposed),250,0.05762767791748047,11.437889933778303,7,0.4787105141377616,True
adult,RandomForest,11,Untargeted Causal (Karimi 2021),250,0.05037379264831543,13.042678929659782,8,0.7522344986622,True
adult,RandomForest,11,Wachter's CE,500,0.0800161361694336,13.042678929659782,8,0.7522344986622,True
adult,RandomForest,11,SHAP-Targeted CE,343,0.03293728828430176,0.18333333333333343,1,0.7006214340876924,True
adult,RandomForest,12,Actionable CBFI (Proposed),250,0.05391693115234375,11.129181356934442,7,2.5558579252950886,True
adult,RandomForest,12,Untargeted Causal (Karimi 2021),250,0.04190540313720703,14.886478507098712,8,1.6087178350590354,True
adult,RandomForest,12,Wachter's CE,500,0.08056044578552246,14.886478507098712,8,1.6087178350590354,True
adult,RandomForest,12,SHAP-Targeted CE,343,0.03336453437805176,0.8500000000000001,2,0.6830303783571873,True
adult,RandomForest,13,Actionable CBFI (Proposed),250,0.049324750900268555,14.368873648791187,7,0.4204612786448311,True
adult,RandomForest,13,Untargeted Causal (Karimi 2021),250,0.05710649490356445,15.441620787031267,7,1.5179067307498428,True
adult,RandomForest,13,Wachter's CE,500,0.0801992416381836,15.441620787031267,7,1.5179067307498428,True
adult,RandomForest,13,SHAP-Targeted CE,343,0.031662702560424805,2.2833333333333337,2,1.4311568021497114,True
adult,RandomForest,14,Actionable CBFI (Proposed),250,0.04576849937438965,9.903663265349909,8,0.21496986527606288,True
adult,RandomForest,14,Untargeted Causal (Karimi 2021),250,0.05522584915161133,19.22234899764321,7,1.6087178350590354,True
adult,RandomForest,14,Wachter's CE,500,0.06191444396972656,19.22234899764321,7,1.6087178350590354,True
adult,RandomForest,14,SHAP-Targeted CE,343,0.031769752502441406,2.083333333333334,1,1.4206228099609461,True
adult,RandomForest,15,Actionable CBFI (Proposed),250,0.057120323181152344,13.305544565654966,8,1.3452129334041583,True
adult,RandomForest,15,Untargeted Causal (Karimi 2021),250,0.05790901184082031,14.65934559632645,8,0.7522344986622,True
adult,RandomForest,15,Wachter's CE,500,0.08026313781738281,14.65934559632645,8,0.7522344986622,True
adult,RandomForest,15,SHAP-Targeted CE,343,0.032602787017822266,0.6666666666666667,2,0.78263317857459,True
adult,RandomForest,16,Actionable CBFI (Proposed),250,0.040186166763305664,10.93864042079935,7,1.7172828738530983,True
adult,RandomForest,16,Untargeted Causal (Karimi 2021),250,0.05774211883544922,13.371973754132682,6,1.6087178350590354,True
adult,RandomForest,16,Wachter's CE,500,0.08185172080993652,13.371973754132682,6,1.6087178350590354,True
adult,RandomForest,16,SHAP-Targeted CE,343,0.031616926193237305,0.5666666666666667,2,0.25989709902387265,True
adult,RandomForest,17,Actionable CBFI (Proposed),250,0.07999038696289062,3.862939047098336,4,0.29133991029748724,True
adult,RandomForest,17,Untargeted Causal (Karimi 2021),250,0.0571599006652832,13.590165692624566,6,2.746431445107605,True
adult,RandomForest,17,Wachter's CE,500,0.07947063446044922,13.590165692624566,6,2.746431445107605,True
adult,RandomForest,17,SHAP-Targeted CE,343,0.03196597099304199,0.04999999999999973,1,0.6178594701098737,True
adult,RandomForest,18,Actionable CBFI (Proposed),250,0.06420445442199707,9.778335050979765,6,0.8667317752066098,True
adult,RandomForest,18,Untargeted Causal (Karimi 2021),250,0.05337190628051758,13.048104567416692,6,2.746431445107605,True
adult,RandomForest,18,Wachter's CE,500,0.07618188858032227,13.048104567416692,6,2.746431445107605,True
adult,RandomForest,18,SHAP-Targeted CE,343,0.032233238220214844,0.7666666666666668,1,0.3664140909771911,True
adult,RandomForest,19,Actionable CBFI (Proposed),250,0.05642962455749512,11.336103263588186,8,3.7996183027753876,True
adult,RandomForest,19,Untargeted Causal (Karimi 2021),250,0.0575563907623291,18.0548132936646,7,7.673053501663053,True
adult,RandomForest,19,Wachter's CE,500,0.08312630653381348,13.762326474103169,9,5.456162910980086,True
adult,RandomForest,19,SHAP-Targeted CE,343,0.031987667083740234,0.5166666666666665,2,2.007349859848803,True
adult,RandomForest,20,Actionable CBFI (Proposed),250,0.05824422836303711,20.429162373260066,8,0.811319801020319,True
adult,RandomForest,20,Untargeted Causal (Karimi 2021),250,0.05716896057128906,16.11503286380457,7,2.746431445107605,True
adult,RandomForest,20,Wachter's CE,500,0.0816643238067627,16.11503286380457,7,2.746431445107605,True
adult,RandomForest,20,SHAP-Targeted CE,343,0.03258466720581055,2.191533837846666,2,1.1981898739834511,True
adult,RandomForest,21,Actionable CBFI (Proposed),250,0.057001590728759766,10.349254595731384,7,0.3170883778124816,True
adult,RandomForest,21,Untargeted Causal (Karimi 2021),250,0.05747032165527344,16.125261775972067,8,0.7522344986622,True
adult,RandomForest,21,Wachter's CE,500,0.12204599380493164,16.125261775972067,8,0.7522344986622,True
adult,RandomForest,21,SHAP-Targeted CE,343,0.024159669876098633,0.44999999999999973,1,0.6578185568964593,True
adult,RandomForest,22,Actionable CBFI (Proposed),250,0.046534061431884766,14.302137993524692,7,1.6114834879083968,True
adult,RandomForest,22,Untargeted Causal (Karimi 2021),250,0.05774664878845215,14.317797479950674,6,1.6087178350590354,True
adult,RandomForest,22,Wachter's CE,500,0.07941126823425293,14.317797479950674,6,1.6087178350590354,True
adult,RandomForest,22,SHAP-Targeted CE,343,0.031517982482910156,1.3833333333333335,1,1.250633375920969,True
adult,RandomForest,23,Actionable CBFI (Proposed),250,0.044875383377075195,8.747230447352319,7,0.2602470501850748,True
adult,RandomForest,23,Untargeted Causal (Karimi 2021),250,0.057259321212768555,14.389390907820399,6,1.6087178350590354,True
adult,RandomForest,23,Wachter's CE,500,0.07919502258300781,14.389390907820399,6,1.6087178350590354,True
adult,RandomForest,23,SHAP-Targeted CE,343,0.03190946578979492,0.4833333333333335,1,0.7698267382956251,True
adult,RandomForest,24,Actionable CBFI (Proposed),250,0.05628657341003418,15.307533284621226,7,1.0622848202395692,True
adult,RandomForest,24,Untargeted Causal (Karimi 2021),250,0.057401418685913086,20.031767264625152,9,1.5179067307498428,True
adult,RandomForest,24,Wachter's CE,500,0.0815575122833252,19.318196132092346,6,1.9880228834258578,True
adult,RandomForest,24,SHAP-Targeted CE,343,0.033048152923583984,2.3833333333333337,2,0.7872291259293281,True
adult,RandomForest,25,Actionable CBFI (Proposed),250,0.0575408935546875,9.557582846312282,6,0.25588445418703815,True
adult,RandomForest,25,Untargeted Causal (Karimi 2021),250,0.0415041446685791,15.223731421394417,6,0.7214352929215314,True
adult,RandomForest,25,Wachter's CE,500,0.09817767143249512,15.197729323906167,7,2.746431445107605,True
adult,RandomForest,25,SHAP-Targeted CE,343,0.03298687934875488,0.7833333333333335,1,0.6985112270447997,True
adult,RandomForest,26,Actionable CBFI (Proposed),250,0.05573868751525879,12.31462838600935,7,1.3546943659094781,True
adult,RandomForest,26,Untargeted Causal (Karimi 2021),250,0.06963610649108887,11.155307087466017,7,1.6087178350590354,True
adult,RandomForest,26,Wachter's CE,500,0.0756678581237793,11.155307087466017,7,1.6087178350590354,True
adult,RandomForest,26,SHAP-Targeted CE,343,0.03238868713378906,0.6833333333333335,2,0.47816559787276636,True
adult,RandomForest,27,Actionable CBFI (Proposed),250,0.05687737464904785,15.039598353858636,8,2.2001878838946407,True
adult,RandomForest,27,Untargeted Causal (Karimi 2021),250,0.03968405723571777,21.60651663099251,7,0.7214352929215314,True
adult,RandomForest,27,Wachter's CE,500,0.06499361991882324,19.97769453001354,10,5.456162910980086,True
adult,RandomForest,27,SHAP-Targeted CE,343,0.023124217987060547,3.282785209598088,3,1.5261168270537748,True
adult,RandomForest,28,Actionable CBFI (Proposed),250,0.056923866271972656,14.14114142018342,8,1.1582260906188397,True
adult,RandomForest,28,Untargeted Causal (Karimi 2021),250,0.05741238594055176,15.408064780069719,9,0.7522344986622,True
adult,RandomForest,28,Wachter's CE,500,0.07929396629333496,15.113115174316103,8,2.746431445107605,True
adult,RandomForest,28,SHAP-Targeted CE,343,0.03252553939819336,1.3150106068994123,2,0.5022379830426434,True
adult,RandomForest,29,Actionable CBFI (Proposed),250,0.0576014518737793,12.440398088061082,6,2.733525696692191,True
adult,RandomForest,29,Untargeted Causal (Karimi 2021),250,0.05784797668457031,13.105307087466016,7,1.6087178350590354,True
adult,RandomForest,29,Wachter's CE,500,0.05495905876159668,13.105307087466016,7,1.6087178350590354,True
adult,RandomForest,29,SHAP-Targeted CE,343,0.03216052055358887,1.3333333333333333,2,1.2220865750646273,True
adult,RandomForest,30,Actionable CBFI (Proposed),250,0.05578017234802246,9.792261936690409,6,2.6405719516169195,True
adult,RandomForest,30,Untargeted Causal (Karimi 2021),250,0.05722546577453613,13.795293265310157,7,1.6116672478496807,True
adult,RandomForest,30,Wachter's CE,500,0.07488608360290527,8.222083603039394,5,1.9880228834258578,True
adult,RandomForest,30,SHAP-Targeted CE,343,0.03136301040649414,0.75,2,0.24545176909254596,True
adult,RandomForest,31,Actionable CBFI (Proposed),250,0.05739092826843262,8.24645566254815,7,0.36028682936702977,True
adult,RandomForest,31,Untargeted Causal (Karimi 2021),250,0.05680060386657715,17.2535204172759,7,1.6087178350590354,True
adult,RandomForest,31,Wachter's CE,500,0.07918238639831543,17.2535204172759,7,1.6087178350590354,True
adult,RandomForest,31,SHAP-Targeted CE,343,0.03173828125,0.9499999999999996,2,0.19130982971972718,True
adult,RandomForest,32,Actionable CBFI (Proposed),250,0.05142354965209961,10.90570662875966,5,0.509902201215174,True
adult,RandomForest,32,Untargeted Causal (Karimi 2021),250,0.05662941932678223,15.432188387771074,6,2.746431445107605,True
adult,RandomForest,32,Wachter's CE,500,0.07631683349609375,15.432188387771074,6,2.746431445107605,True
adult,RandomForest,32,SHAP-Targeted CE,343,0.029353618621826172,0.5166666666666665,2,0.1710851128873224,True
adult,RandomForest,33,Actionable CBFI (Proposed),250,0.05486035346984863,10.196455662548148,7,2.229371885713842,True
adult,RandomForest,33,Untargeted Causal (Karimi 2021),250,0.048195838928222656,15.26742223644015,7,1.6087178350590354,True
adult,RandomForest,33,Wachter's CE,500,0.07987499237060547,15.26742223644015,7,1.6087178350590354,True
adult,RandomForest,33,SHAP-Targeted CE,343,0.037468671798706055,0.5666666666666669,1,0.18900590566753697,True
adult,RandomForest,34,Actionable CBFI (Proposed),250,0.08665037155151367,10.362138083288102,5,1.4386330256497368,True
adult,RandomForest,34,Untargeted Causal (Karimi 2021),250,0.05673336982727051,17.79039808806108,6,0.7214352929215314,True
adult,RandomForest,34,Wachter's CE,500,0.07911443710327148,17.36439599057283,7,2.746431445107605,True
adult,RandomForest,34,SHAP-Targeted CE,343,0.030953407287597656,0.18333333333333343,1,0.7371830720621205,True
adult,RandomForest,35,Actionable CBFI (Proposed),250,0.057842254638671875,11.395329932016573,8,0.19894097036459268,True
adult,RandomForest,35,Untargeted Causal (Karimi 2021),250,0.04854846000671387,13.422348997643208,7,1.6087178350590354,True
adult,RandomForest,35,Wachter's CE,500,0.0779569149017334,13.422348997643208,7,1.6087178350590354,True
adult,RandomForest,35,SHAP-Targeted CE,343,0.032032012939453125,0.8333333333333331,2,0.6171598200091041,True
adult,RandomForest,36,Actionable CBFI (Proposed),250,0.056624650955200195,9.54242223644015,7,0.5046412738570681,True
adult,RandomForest,36,Untargeted Causal (Karimi 2021),250,0.04819679260253906,17.847230447352317,7,0.24016994763168256,True
adult,RandomForest,36,Wachter's CE,500,0.07972478866577148,17.61762847881675,7,0.7163110333569837,True
adult,RandomForest,36,SHAP-Targeted CE,343,0.032302141189575195,0.7666666666666668,1,0.3145927304748927,True
adult,RandomForest,37,Actionable CBFI (Proposed),250,0.06336498260498047,11.87080203589592,8,1.5259030711448138,True
adult,RandomForest,37,Untargeted Causal (Karimi 2021),250,0.05765104293823242,15.580329576815856,7,1.5179067307498428,True
adult,RandomForest,37,Wachter's CE,500,0.08046865463256836,15.580329576815856,7,1.5179067307498428,True
adult,RandomForest,37,SHAP-Targeted CE,343,0.03267478942871094,0.8666666666666669,2,0.2672297018643013,True
adult,RandomForest,38,Actionable CBFI (Proposed),250,0.07951235771179199,9.405331385249136,6,0.8667317752066098,True
adult,RandomForest,38,Untargeted Causal (Karimi 2021),250,0.057708740234375,17.429561683197406,6,2.746431445107605,True
adult,RandomForest,38,Wachter's CE,500,0.08174252510070801,15.568875987114858,5,1.9880228834258578,True
adult,RandomForest,38,SHAP-Targeted CE,343,0.03271794319152832,0.14999999999999966,1,0.9535304284830056,True
adult,RandomForest,39,Actionable CBFI (Proposed),250,0.05425262451171875,12.918429416680834,8,2.1973028171827607,True
adult,RandomForest,39,Untargeted Causal (Karimi 2021),250,0.04760909080505371,15.271223267111633,7,1.6087178350590354,True
adult,RandomForest,39,Wachter's CE,500,0.0762794017791748,15.271223267111633,7,1.6087178350590354,True
adult,RandomForest,39,SHAP-Targeted CE,343,0.023489713668823242,0.8666666666666667,2,0.30967407072461767,True
adult,RandomForest,40,Actionable CBFI (Proposed),250,0.04914498329162598,13.62425294876569,9,1.4921743079812988,True
adult,RandomForest,40,Untargeted Causal (Karimi 2021),250,0.05708622932434082,16.48603524468016,7,1.6116672478496807,True
adult,RandomForest,40,Wachter's CE,500,0.07562446594238281,14.698008290336055,7,1.9880228834258578,True
adult,RandomForest,40,SHAP-Targeted CE,343,0.03135991096496582,0.7499999999999996,2,0.6315204914185027,True
adult,RandomForest,41,Actionable CBFI (Proposed),250,0.11940956115722656,11.81854326182646,8,0.9827302799418925,True
adult,RandomForest,41,Untargeted Causal (Karimi 2021),250,0.05930495262145996,14.860471326858022,8,0.7522344986622,True
adult,RandomForest,41,Wachter's CE,500,0.08096146583557129,14.860471326858022,8,0.7522344986622,True
adult,RandomForest,41,SHAP-Targeted CE,343,0.025653839111328125,0.6166666666666664,2,0.029614904116085444,True
adult,RandomForest,42,Actionable CBFI (Proposed),250,0.057356834411621094,9.950755569773484,7,0.5008433763803887,True
adult,RandomForest,42,Untargeted Causal (Karimi 2021),250,0.057903289794921875,17.708595109305403,8,0.7522344986622,True
adult,RandomForest,42,Wachter's CE,500,0.0801703929901123,17.708595109305403,8,0.7522344986622,True
adult,RandomForest,42,SHAP-Targeted CE,343,0.03288745880126953,0.7666666666666667,2,0.08694208952944944,True
adult,RandomForest,43,Actionable CBFI (Proposed),225,0.08162403106689453,0.0,0,0.07136732909446276,True
adult,RandomForest,43,Untargeted Causal (Karimi 2021),250,0.05204272270202637,10.940398088061084,6,0.7214352929215314,True
adult,RandomForest,43,Wachter's CE,500,0.08079767227172852,10.940398088061084,6,0.7214352929215314,True
adult,RandomForest,43,SHAP-Targeted CE,343,0.03306412696838379,0.1333333333333332,1,0.06501021329675745,True
adult,RandomForest,44,Actionable CBFI (Proposed),250,0.0505063533782959,10.85366326534991,8,0.759595957517119,True
adult,RandomForest,44,Untargeted Causal (Karimi 2021),250,0.05680418014526367,16.496603593374594,7,2.746431445107605,True
adult,RandomForest,44,Wachter's CE,500,0.08158302307128906,16.496603593374594,7,2.746431445107605,True
adult,RandomForest,44,SHAP-Targeted CE,343,0.03178668022155762,0.9333333333333331,2,0.24910896155903148,True
adult,RandomForest,45,Actionable CBFI (Proposed),250,0.04554295539855957,8.76805417317031,6,4.186726404246389,True
adult,RandomForest,45,Untargeted Causal (Karimi 2021),250,0.050928592681884766,8.730375564521047,7,3.8483526307992224,True
adult,RandomForest,45,Wachter's CE,500,0.09166193008422852,8.730375564521047,7,3.8483526307992224,True
adult,RandomForest,45,SHAP-Targeted CE,343,0.031141281127929688,1.4500000000000004,2,5.053470006685015,True
adult,RandomForest,46,Actionable CBFI (Proposed),250,0.07182431221008301,13.32899260511433,8,3.100094659678343,True
adult,RandomForest,46,Untargeted Causal (Karimi 2021),250,0.05700421333312988,19.312350236230785,7,2.746431445107605,True
adult,RandomForest,46,Wachter's CE,500,0.07999205589294434,19.312350236230785,7,2.746431445107605,True
adult,RandomForest,46,SHAP-Targeted CE,343,0.03188490867614746,2.0233102741377884,2,1.1881230773806555,True
adult,RandomForest,47,Actionable CBFI (Proposed),250,0.040238380432128906,12.600565195114397,8,2.055857819972354,True
adult,RandomForest,47,Untargeted Causal (Karimi 2021),250,0.05295109748840332,15.384649015468778,8,1.6087178350590354,True
adult,RandomForest,47,Wachter's CE,500,0.07950496673583984,15.384649015468778,8,1.6087178350590354,True
adult,RandomForest,47,SHAP-Targeted CE,343,0.031864166259765625,2.0626752613360964,3,0.21414821855270316,True
adult,RandomForest,48,Actionable CBFI (Proposed),250,0.055906057357788086,16.28181314426055,7,1.0043716222166141,True
adult,RandomForest,48,Untargeted Causal (Karimi 2021),250,0.05705738067626953,16.95706475472775,5,0.7214352929215314,True
adult,RandomForest,48,Wachter's CE,500,0.06047534942626953,16.9310626572395,6,2.746431445107605,True
adult,RandomForest,48,SHAP-Targeted CE,343,0.031906843185424805,2.466666666666667,2,0.6675218618176938,True
adult,RandomForest,49,Actionable CBFI (Proposed),250,0.05188179016113281,16.976764485453433,10,2.555919028414111,True
adult,RandomForest,49,Untargeted Causal (Karimi 2021),250,0.03967857360839844,16.815445191590946,9,1.6087178350590354,True
adult,RandomForest,49,Wachter's CE,500,0.07980990409851074,16.579579406191712,8,2.408510791918646,True
adult,RandomForest,49,SHAP-Targeted CE,343,0.03198432922363281,1.5126752613360963,2,0.1834217541682375,True
adult,RandomForest,50,Actionable CBFI (Proposed),250,0.057736873626708984,16.456659479066513,7,0.27277930246497656,True
adult,RandomForest,50,Untargeted Causal (Karimi 2021),250,0.05786633491516113,15.075839382768397,9,0.7522344986622,True
adult,RandomForest,50,Wachter's CE,500,0.08122515678405762,15.075839382768397,9,0.7522344986622,True
adult,RandomForest,50,SHAP-Targeted CE,343,0.03287672996520996,2.4661185429314214,2,0.4090758299306913,True
adult,RandomForest,51,Actionable CBFI (Proposed),250,0.06583881378173828,13.32585204337709,6,1.0240542031305013,True
adult,RandomForest,51,Untargeted Causal (Karimi 2021),250,0.05736804008483887,14.890398088061083,6,0.7214352929215314,True
adult,RandomForest,51,Wachter's CE,500,0.07487630844116211,14.614395990572834,7,2.746431445107605,True
adult,RandomForest,51,SHAP-Targeted CE,343,0.029778242111206055,0.7833333333333335,1,0.3888887136340891,True
adult,RandomForest,52,Actionable CBFI (Proposed),250,0.05706620216369629,8.754413752370958,7,0.46745721769915344,True
adult,RandomForest,52,Untargeted Causal (Karimi 2021),250,0.05808854103088379,13.02335617788389,7,0.7214352929215314,True
adult,RandomForest,52,Wachter's CE,500,0.08012795448303223,12.97075220466748,7,1.9880228834258578,True
adult,RandomForest,52,SHAP-Targeted CE,343,0.03317975997924805,0.05000000000000034,1,0.028714911031833167,True
adult,RandomForest,53,Actionable CBFI (Proposed),250,0.07762718200683594,9.675051587501674,6,1.264120430511308,True
adult,RandomForest,53,Untargeted Causal (Karimi 2021),250,0.05700182914733887,19.42131955827636,8,1.5179067307498428,True
adult,RandomForest,53,Wachter's CE,500,0.08556270599365234,18.26157598708212,9,5.456162910980086,True
adult,RandomForest,53,SHAP-Targeted CE,343,0.03168082237243652,0.43333333333333324,1,1.2765938825508918,True
adult,RandomForest,54,Actionable CBFI (Proposed),250,0.056739091873168945,11.583026566877834,7,0.5758853206034117,True
adult,RandomForest,54,Untargeted Causal (Karimi 2021),250,0.04044961929321289,18.105307087466016,7,1.6087178350590354,True
adult,RandomForest,54,Wachter's CE,500,0.06410956382751465,18.105307087466016,7,1.6087178350590354,True
adult,RandomForest,54,SHAP-Targeted CE,343,0.0312497615814209,0.1166666666666665,1,0.8458848753101407,True
adult,RandomForest,55,Actionable CBFI (Proposed),250,0.056369781494140625,9.390146477593882,6,2.2001878838946407,True
adult,RandomForest,55,Untargeted Causal (Karimi 2021),250,0.05736088752746582,15.95706475472775,5,0.7214352929215314,True
adult,RandomForest,55,Wachter's CE,500,0.08011674880981445,15.9310626572395,6,2.746431445107605,True
adult,RandomForest,55,SHAP-Targeted CE,343,0.03158164024353027,2.0333333333333337,2,2.2101379798546867,True
adult,RandomForest,56,Actionable CBFI (Proposed),250,0.053739309310913086,9.696973754132683,7,3.6248067231532928,True
adult,RandomForest,56,Untargeted Causal (Karimi 2021),250,0.05406594276428223,17.422980934373367,7,7.673053501663053,True
adult,RandomForest,56,Wachter's CE,500,0.07990550994873047,16.394158833394407,9,5.456162910980086,True
adult,RandomForest,56,SHAP-Targeted CE,343,0.023516416549682617,0.8833333333333335,1,1.7196804975016213,True
adult,RandomForest,57,Actionable CBFI (Proposed),250,0.055297136306762695,10.6063142677067,7,0.9710196203506037,True
adult,RandomForest,57,Untargeted Causal (Karimi 2021),250,0.04798626899719238,14.905307087466017,7,1.6087178350590354,True
adult,RandomForest,57,Wachter's CE,500,0.08003711700439453,14.905307087466017,7,1.6087178350590354,True
adult,RandomForest,57,SHAP-Targeted CE,343,0.03206658363342285,1.1333333333333333,2,1.2220865750646273,True
adult,RandomForest,58,Actionable CBFI (Proposed),250,0.04519319534301758,16.143429416680835,8,2.537155224035517,True
adult,RandomForest,58,Untargeted Causal (Karimi 2021),250,0.05706286430358887,14.547729323906166,7,2.746431445107605,True
adult,RandomForest,58,Wachter's CE,500,0.07929801940917969,14.387043627823623,7,1.9880228834258578,True
adult,RandomForest,58,SHAP-Targeted CE,343,0.03200888633728027,0.45000000000000034,1,0.6132651876728473,True
adult,RandomForest,59,Actionable CBFI (Proposed),250,0.05693769454956055,15.314272815676516,8,0.5113956571248549,True
adult,RandomForest,59,Untargeted Causal (Karimi 2021),250,0.05762982368469238,13.429747063577631,8,1.5179067307498428,True
adult,RandomForest,59,Wachter's CE,500,0.08105778694152832,13.429747063577631,8,1.5179067307498428,True
adult,RandomForest,59,SHAP-Targeted CE,343,0.03127551078796387,0.6333333333333331,2,1.4997575748635075,True
adult,RandomForest,60,Actionable CBFI (Proposed),250,0.05303382873535156,10.956314267706702,7,0.6599396800781206,True
adult,RandomForest,60,Untargeted Causal (Karimi 2021),250,0.05625438690185547,13.867422236440149,7,1.6087178350590354,True
adult,RandomForest,60,Wachter's CE,500,0.054717063903808594,13.867422236440149,7,1.6087178350590354,True
adult,RandomForest,60,SHAP-Targeted CE,343,0.023940563201904297,0.5333333333333331,2,0.2672297018643013,True
adult,RandomForest,61,Actionable CBFI (Proposed),250,0.09524655342102051,12.526506056794535,6,0.9654564222120406,True
adult,RandomForest,61,Untargeted Causal (Karimi 2021),250,0.05685305595397949,15.375494171408583,8,0.7522344986622,True
adult,RandomForest,61,Wachter's CE,500,0.07913494110107422,15.375494171408583,8,0.7522344986622,True
adult,RandomForest,61,SHAP-Targeted CE,343,0.03209495544433594,0.5666666666666667,2,0.5773050776386731,True
adult,RandomForest,62,Actionable CBFI (Proposed),250,0.040825605392456055,9.484720839836976,8,2.5238604337745936,True
adult,RandomForest,62,Untargeted Causal (Karimi 2021),250,0.05749988555908203,15.420586625236211,7,7.673053501663053,True
adult,RandomForest,62,Wachter's CE,500,0.0803680419921875,14.5940159853204,9,5.456162910980086,True
adult,RandomForest,62,SHAP-Targeted CE,343,0.03262805938720703,0.43333333333333324,1,2.477785469758871,True
adult,RandomForest,63,Actionable CBFI (Proposed),250,0.0577692985534668,10.373479810927215,7,1.3452129334041583,True
adult,RandomForest,63,Untargeted Causal (Karimi 2021),250,0.0575869083404541,16.505307087466015,7,1.6087178350590354,True
adult,RandomForest,63,Wachter's CE,500,0.08075070381164551,16.049693233544502,7,0.7163110333569837,True
adult,RandomForest,63,SHAP-Targeted CE,343,0.03320908546447754,0.6666666666666663,2,0.33912746968622914,True
adult,RandomForest,64,Actionable CBFI (Proposed),250,0.09929418563842773,2.527633790908942,6,0.3542175730485731,True
adult,RandomForest,64,Untargeted Causal (Karimi 2021),250,0.057518720626831055,12.540165692624566,6,2.746431445107605,True
adult,RandomForest,64,Wachter's CE,500,0.08034682273864746,12.540165692624566,6,2.746431445107605,True
adult,RandomForest,64,SHAP-Targeted CE,343,0.03213000297546387,0.3833333333333335,1,0.3815732930810081,True
adult,RandomForest,65,Actionable CBFI (Proposed),250,0.054407596588134766,10.073479810927218,7,1.3452129334041583,True
adult,RandomForest,65,Untargeted Causal (Karimi 2021),250,0.057201385498046875,16.805307087466016,7,1.6087178350590354,True
adult,RandomForest,65,Wachter's CE,500,0.09080243110656738,16.349693233544503,7,0.7163110333569837,True
adult,RandomForest,65,SHAP-Targeted CE,343,0.032605886459350586,0.7500000000000002,1,0.15860912798064858,True
adult,RandomForest,66,Actionable CBFI (Proposed),250,0.04810333251953125,17.058853160357135,9,0.8432039659025641,True
adult,RandomForest,66,Untargeted Causal (Karimi 2021),250,0.057199716567993164,17.569740016063847,7,0.7214352929215314,True
adult,RandomForest,66,Wachter's CE,500,0.0796501636505127,17.293737918575598,8,2.746431445107605,True
adult,RandomForest,66,SHAP-Targeted CE,343,0.032739877700805664,1.24600859466943,2,0.3145927304748927,True
adult,RandomForest,67,Actionable CBFI (Proposed),250,0.05620384216308594,14.48030882290528,10,0.6925593856748113,True
adult,RandomForest,67,Untargeted Causal (Karimi 2021),250,0.057021141052246094,13.752840953960662,7,2.746431445107605,True
adult,RandomForest,67,Wachter's CE,500,0.08009076118469238,13.752840953960662,7,2.746431445107605,True
adult,RandomForest,67,SHAP-Targeted CE,343,0.03197669982910156,1.4960085946694295,2,0.3554731195384138,True
adult,RandomForest,68,Actionable CBFI (Proposed),250,0.055912017822265625,11.41910187022728,7,1.5847599660584661,True
adult,RandomForest,68,Untargeted Causal (Karimi 2021),250,0.05704236030578613,17.243277271588852,6,1.1713215386809719,True
adult,RandomForest,68,Wachter's CE,500,0.07945704460144043,17.243277271588852,6,1.1713215386809719,True
adult,RandomForest,68,SHAP-Targeted CE,343,0.08405399322509766,0.761519023914996,2,0.1509580295214265,True
adult,RandomForest,69,Actionable CBFI (Proposed),250,0.05768442153930664,15.126589869789445,9,1.0865679481964197,True
adult,RandomForest,69,Untargeted Causal (Karimi 2021),250,0.05749988555908203,14.03846754057463,8,1.6087178350590354,True
adult,RandomForest,69,Wachter's CE,500,0.07562541961669922,14.03846754057463,8,1.6087178350590354,True
adult,RandomForest,69,SHAP-Targeted CE,343,0.032132625579833984,2.8661185429314213,3,1.1731438795963107,True
adult,RandomForest,70,Actionable CBFI (Proposed),250,0.052675724029541016,8.996455662548149,7,0.48549819364292723,True
adult,RandomForest,70,Untargeted Causal (Karimi 2021),250,0.057169437408447266,19.471973754132684,7,1.6087178350590354,True
adult,RandomForest,70,Wachter's CE,500,0.08236193656921387,19.471973754132684,7,1.6087178350590354,True
adult,RandomForest,70,SHAP-Targeted CE,343,0.03152012825012207,1.6833333333333336,2,0.9312726148416206,True
adult,RandomForest,71,Actionable CBFI (Proposed),250,0.05704832077026367,19.730130931433383,9,0.7701562384941668,True
adult,RandomForest,71,Untargeted Causal (Karimi 2021),250,0.04719114303588867,15.886984361032095,8,1.6087178350590354,True
adult,RandomForest,71,Wachter's CE,500,0.07484221458435059,15.886984361032095,8,1.6087178350590354,True
adult,RandomForest,71,SHAP-Targeted CE,343,0.032521724700927734,1.6983439402327458,2,0.662887088902924,True
adult,RandomForest,72,Actionable CBFI (Proposed),250,0.05812811851501465,10.604556600444969,7,0.4787105141377616,True
adult,RandomForest,72,Untargeted Causal (Karimi 2021),250,0.058686017990112305,13.876012262993118,7,0.7522344986622,True
adult,RandomForest,72,Wachter's CE,500,0.08339405059814453,13.876012262993118,7,0.7522344986622,True
adult,RandomForest,72,SHAP-Targeted CE,343,0.03325533866882324,0.18333333333333343,1,1.1247719790374597,True
adult,RandomForest,73,Actionable CBFI (Proposed),250,0.056777000427246094,12.709794614908308,8,0.6968489333772571,True
adult,RandomForest,73,Untargeted Causal (Karimi 2021),250,0.056914567947387695,15.697916944123122,9,0.7522344986622,True
adult,RandomForest,73,Wachter's CE,500,0.07804226875305176,15.697916944123122,9,0.7522344986622,True
adult,RandomForest,73,SHAP-Targeted CE,343,0.03750777244567871,1.238571347796673,3,0.6315204914185027,True
adult,RandomForest,74,Actionable CBFI (Proposed),250,0.05762624740600586,7.358333333333332,5,1.1332568220164705,True
adult,RandomForest,74,Untargeted Causal (Karimi 2021),250,0.05688905715942383,17.155307087466017,7,1.6087178350590354,True
adult,RandomForest,74,Wachter's CE,500,0.07987642288208008,16.964395990572832,7,2.746431445107605,True
adult,RandomForest,74,SHAP-Targeted CE,343,0.032263755798339844,0.5833333333333335,1,0.7371830720621205,True
adult,RandomForest,75,Actionable CBFI (Proposed),250,0.05297064781188965,9.6393909078204,6,0.5444144372185186,True
adult,RandomForest,75,Untargeted Causal (Karimi 2021),250,0.04480481147766113,13.831437900750027,7,2.746431445107605,True
adult,RandomForest,75,Wachter's CE,500,0.08031105995178223,13.831437900750027,7,2.746431445107605,True
adult,RandomForest,75,SHAP-Targeted CE,343,0.032859086990356445,0.5333333333333331,2,0.46679456947692355,True
adult,RandomForest,76,Actionable CBFI (Proposed),250,0.038474321365356445,12.53389852844773,8,2.4792320521581934,True
adult,RandomForest,76,Untargeted Causal (Karimi 2021),250,0.05677986145019531,15.373476463614049,9,1.9990512454494906,True
adult,RandomForest,76,Wachter's CE,500,0.07939505577087402,15.264181318130628,7,2.408510791918646,True
adult,RandomForest,76,SHAP-Targeted CE,343,0.03189396858215332,1.4626752613360967,2,0.39107300705653264,True
adult,RandomForest,77,Actionable CBFI (Proposed),250,0.08047771453857422,10.621455662548149,7,2.1573664876768706,True
adult,RandomForest,77,Untargeted Causal (Karimi 2021),250,0.04467916488647461,16.563005439973708,8,1.5179067307498428,True
adult,RandomForest,77,Wachter's CE,500,0.0765984058380127,16.563005439973708,8,1.5179067307498428,True
adult,RandomForest,77,SHAP-Targeted CE,343,0.03276395797729492,0.5333333333333332,1,1.0085074047276081,True
adult,RandomForest,78,Actionable CBFI (Proposed),250,0.05588698387145996,9.353915962330628,6,2.9687552792380654,True
adult,RandomForest,78,Untargeted Causal (Karimi 2021),250,0.05727052688598633,11.245508257978317,6,1.5179067307498428,True
adult,RandomForest,78,Wachter's CE,500,0.0787656307220459,11.245508257978317,6,1.5179067307498428,True
adult,RandomForest,78,SHAP-Targeted CE,343,0.03128480911254883,1.166666666666667,2,1.3618349809292896,True
adult,RandomForest,79,Actionable CBFI (Proposed),250,0.03806877136230469,12.469507620627333,7,1.5847599660584661,True
adult,RandomForest,79,Untargeted Causal (Karimi 2021),250,0.0538487434387207,17.96974001606385,7,0.7214352929215314,True
adult,RandomForest,79,Wachter's CE,500,0.06577563285827637,17.693737918575597,8,2.746431445107605,True
adult,RandomForest,79,SHAP-Targeted CE,343,0.032628774642944336,1.8126752613360964,3,0.28907397232511006,True
adult,RandomForest,80,Actionable CBFI (Proposed),250,0.05694174766540527,18.369837496047257,9,0.445056714489153,True
adult,RandomForest,80,Untargeted Causal (Karimi 2021),250,0.05719614028930664,12.389813254860787,9,0.7522344986622,True
adult,RandomForest,80,Wachter's CE,500,0.07965660095214844,12.389813254860787,9,0.7522344986622,True
adult,RandomForest,80,SHAP-Targeted CE,343,0.02425527572631836,1.5126752613360963,2,0.14295336784410898,True
adult,RandomForest,81,Actionable CBFI (Proposed),250,0.09597063064575195,12.765398088061081,6,1.1093782656376747,True
adult,RandomForest,81,Untargeted Causal (Karimi 2021),250,0.04891037940979004,15.605307087466016,7,1.6087178350590354,True
adult,RandomForest,81,Wachter's CE,500,0.08264732360839844,15.605307087466016,7,1.6087178350590354,True
adult,RandomForest,81,SHAP-Targeted CE,343,0.03271126747131348,0.8833333333333334,2,0.14151579464197886,True
adult,RandomForest,82,Actionable CBFI (Proposed),250,0.05454397201538086,12.765398088061081,6,1.1093782656376747,True
adult,RandomForest,82,Untargeted Causal (Karimi 2021),250,0.05738091468811035,15.605307087466016,7,1.6087178350590354,True
adult,RandomForest,82,Wachter's CE,500,0.07962465286254883,15.605307087466016,7,1.6087178350590354,True
adult,RandomForest,82,SHAP-Targeted CE,343,0.03230929374694824,0.8833333333333334,2,0.14151579464197886,True
adult,RandomForest,83,Actionable CBFI (Proposed),250,0.07331705093383789,10.302280841598701,7,0.9982359698901134,True
adult,RandomForest,83,Untargeted Causal (Karimi 2021),250,0.05716252326965332,14.005307087466019,7,1.6087178350590354,True
adult,RandomForest,83,Wachter's CE,500,0.07880854606628418,14.005307087466019,7,1.6087178350590354,True
adult,RandomForest,83,SHAP-Targeted CE,343,0.03213381767272949,0.5500000000000004,1,0.2762164397807745,True
adult,RandomForest,84,Actionable CBFI (Proposed),250,0.07703781127929688,15.509237395678003,7,1.358754704068396,True
adult,RandomForest,84,Untargeted Causal (Karimi 2021),250,0.04227399826049805,16.72108771865999,7,1.1713215386809719,True
adult,RandomForest,84,Wachter's CE,500,0.07929539680480957,16.26327026004126,7,2.746431445107605,True
adult,RandomForest,84,SHAP-Targeted CE,343,0.03239798545837402,0.33333333333333326,1,0.2810683962542822,True
adult,RandomForest,85,Actionable CBFI (Proposed),250,0.0584559440612793,11.423479810927219,7,0.5325267420996824,True
adult,RandomForest,85,Untargeted Causal (Karimi 2021),250,0.05971264839172363,15.359345596326449,8,0.7522344986622,True
adult,RandomForest,85,Wachter's CE,500,0.09615778923034668,15.359345596326449,8,0.7522344986622,True
adult,RandomForest,85,SHAP-Targeted CE,343,0.023386240005493164,0.6333333333333331,2,0.78263317857459,True
adult,RandomForest,86,Actionable CBFI (Proposed),250,0.05580878257751465,11.646455662548151,7,2.1454016381483023,True
adult,RandomForest,86,Untargeted Causal (Karimi 2021),250,0.056715965270996094,11.705307087466018,7,1.6087178350590354,True
adult,RandomForest,86,Wachter's CE,500,0.07977414131164551,11.705307087466018,7,1.6087178350590354,True
adult,RandomForest,86,SHAP-Targeted CE,343,0.030920743942260742,0.8666666666666665,2,0.41175989359695336,True
adult,RandomForest,87,Actionable CBFI (Proposed),250,0.056447744369506836,11.16067818884922,8,0.617443582877161,True
adult,RandomForest,87,Untargeted Causal (Karimi 2021),250,0.05706357955932617,16.337893208097455,8,1.5179067307498428,True
adult,RandomForest,87,Wachter's CE,500,0.0793907642364502,14.856154434855885,6,1.9880228834258578,True
adult,RandomForest,87,SHAP-Targeted CE,343,0.03204464912414551,0.666666666666667,2,0.4822570075591126,True
adult,RandomForest,88,Actionable CBFI (Proposed),250,0.09379792213439941,4.046709059483721,5,0.8217413234950371,True
adult,RandomForest,88,Untargeted Causal (Karimi 2021),250,0.05687212944030762,16.593897057422335,5,1.6116672478496807,True
adult,RandomForest,88,Wachter's CE,500,0.07505440711975098,16.593897057422335,5,1.6116672478496807,True
adult,RandomForest,88,SHAP-Targeted CE,343,0.06612539291381836,0.35000000000000026,1,0.8854098046144903,True
adult,RandomForest,89,Actionable CBFI (Proposed),250,0.049457550048828125,9.657958089822808,6,0.8667317752066098,True
adult,RandomForest,89,Untargeted Causal (Karimi 2021),250,0.05793285369873047,14.143804660191357,8,0.7522344986622,True
adult,RandomForest,89,Wachter's CE,500,0.08042478561401367,14.143804660191357,8,0.7522344986622,True
adult,RandomForest,89,SHAP-Targeted CE,343,0.03299713134765625,0.6333333333333331,2,0.5050474171678198,True
adult,RandomForest,90,Actionable CBFI (Proposed),250,0.057471513748168945,15.011050426972703,8,4.494604265022467,True
adult,RandomForest,90,Untargeted Causal (Karimi 2021),250,0.05659365653991699,16.317437004587397,8,3.494302289388832,True
adult,RandomForest,90,Wachter's CE,500,0.07895350456237793,12.984031361346073,9,4.201701564894305,True
adult,RandomForest,90,SHAP-Targeted CE,343,0.03178906440734863,1.4833333333333336,1,2.8801412993075957,True
adult,RandomForest,91,Actionable CBFI (Proposed),250,0.05910992622375488,11.668429416680834,8,1.5563190306436816,True
adult,RandomForest,91,Untargeted Causal (Karimi 2021),250,0.05753755569458008,14.109345596326449,8,0.7522344986622,True
adult,RandomForest,91,Wachter's CE,500,0.0802907943725586,13.590165692624566,6,2.746431445107605,True
adult,RandomForest,91,SHAP-Targeted CE,343,0.03260087966918945,0.5833333333333335,1,0.16272143820790716,True
adult,RandomForest,92,Actionable CBFI (Proposed),250,0.0524137020111084,11.788742028293827,7,1.1305166892613236,True
adult,RandomForest,92,Untargeted Causal (Karimi 2021),250,0.058203697204589844,16.13053232800382,8,2.746431445107605,True
adult,RandomForest,92,Wachter's CE,500,0.07000732421875,16.13053232800382,8,2.746431445107605,True
adult,RandomForest,92,SHAP-Targeted CE,343,0.032712459564208984,2.0150106068994122,3,0.4771402676984651,True
adult,RandomForest,93,Actionable CBFI (Proposed),250,0.05736947059631348,12.543918505336986,7,1.2095719487385217,True
adult,RandomForest,93,Untargeted Causal (Karimi 2021),250,0.05757761001586914,16.02373142139442,6,0.7214352929215314,True
adult,RandomForest,93,Wachter's CE,500,0.08663749694824219,16.02373142139442,6,0.7214352929215314,True
adult,RandomForest,93,SHAP-Targeted CE,343,0.03163027763366699,0.9166666666666665,2,0.5165400998287506,True
adult,RandomForest,94,Actionable CBFI (Proposed),250,0.046294212341308594,3.7329580898228087,5,0.5672725293065117,True
adult,RandomForest,94,Untargeted Causal (Karimi 2021),250,0.05576157569885254,16.34810456741669,6,2.746431445107605,True
adult,RandomForest,94,Wachter's CE,500,0.07995438575744629,16.34810456741669,6,2.746431445107605,True
adult,RandomForest,94,SHAP-Targeted CE,343,0.031699419021606445,1.3666666666666665,1,0.32757347941647913,True
adult,RandomForest,95,Actionable CBFI (Proposed),250,0.057466983795166016,12.991291423156142,6,0.7181578444751846,True
adult,RandomForest,95,Untargeted Causal (Karimi 2021),250,0.057477712631225586,16.204181356934445,7,1.6087178350590354,True
adult,RandomForest,95,Wachter's CE,500,0.07963061332702637,16.204181356934445,7,1.6087178350590354,True
adult,RandomForest,95,SHAP-Targeted CE,343,0.03253912925720215,0.34999999999999964,1,0.10524116960413955,True
adult,RandomForest,96,Actionable CBFI (Proposed),250,0.05765843391418457,14.59839729897623,7,3.2563041037129055,True
adult,RandomForest,96,Untargeted Causal (Karimi 2021),250,0.05316424369812012,18.946413730244295,8,1.5179067307498428,True
adult,RandomForest,96,Wachter's CE,500,0.05685567855834961,16.49615054305835,9,5.456162910980086,True
adult,RandomForest,96,SHAP-Targeted CE,343,0.031587839126586914,1.6833333333333336,2,1.3092862767196525,True
adult,RandomForest,97,Actionable CBFI (Proposed),250,0.05529522895812988,10.279647234320992,7,1.1241125642918688,True
adult,RandomForest,97,Untargeted Causal (Karimi 2021),250,0.05707073211669922,19.760673950602886,8,1.5179067307498428,True
adult,RandomForest,97,Wachter's CE,500,0.07537436485290527,19.077395773257845,7,1.9880228834258578,True
adult,RandomForest,97,SHAP-Targeted CE,343,0.03154325485229492,0.6166666666666664,2,0.28291781632484647,True
adult,RandomForest,98,Actionable CBFI (Proposed),250,0.05797863006591797,17.79057938103941,9,0.43715225186401235,True
adult,RandomForest,98,Untargeted Causal (Karimi 2021),250,0.05452108383178711,19.988092297064107,7,1.6087178350590354,True
adult,RandomForest,98,Wachter's CE,500,0.0792238712310791,19.988092297064107,7,1.6087178350590354,True
adult,RandomForest,98,SHAP-Targeted CE,343,0.029758214950561523,3.482785209598088,3,1.5261168270537748,True
adult,RandomForest,99,Actionable CBFI (Proposed),250,0.057236671447753906,12.152019443233803,7,1.958191568718015,True
adult,RandomForest,99,Untargeted Causal (Karimi 2021),250,0.04370737075805664,10.857064754727748,5,0.7214352929215314,True
adult,RandomForest,99,Wachter's CE,500,0.07865047454833984,10.857064754727748,5,0.7214352929215314,True
adult,RandomForest,99,SHAP-Targeted CE,343,0.026371002197265625,0.5833333333333335,1,1.5204264003201942,True
adult,RandomForest,100,Actionable CBFI (Proposed),250,0.05653572082519531,10.335471326858023,8,0.6219954249355414,True
adult,RandomForest,100,Untargeted Causal (Karimi 2021),250,0.05733990669250488,14.84129142315614,6,2.746431445107605,True
adult,RandomForest,100,Wachter's CE,500,0.05623364448547363,14.84129142315614,6,2.746431445107605,True
adult,RandomForest,100,SHAP-Targeted CE,343,0.023712873458862305,0.7833333333333334,2,0.4844728705388937,True
adult,SVM (RBF Kernel),1,Actionable CBFI (Proposed),250,0.2748262882232666,7.115916179645619,3,0.36370476152485715,True
adult,SVM (RBF Kernel),1,Untargeted Causal (Karimi 2021),250,0.2507004737854004,13.331813144260549,7,2.746431445107605,True
adult,SVM (RBF Kernel),1,Wachter's CE,500,0.42582035064697266,13.331813144260549,7,2.746431445107605,True
adult,SVM (RBF Kernel),1,SHAP-Targeted CE,343,0.2772672176361084,1.1053053932152044,3,0.2651923884547507,True
adult,SVM (RBF Kernel),2,Actionable CBFI (Proposed),250,0.24567651748657227,11.909152139361073,7,2.3196362580358514,True
adult,SVM (RBF Kernel),2,Untargeted Causal (Karimi 2021),250,0.2515707015991211,17.04680930009569,6,2.746431445107605,True
adult,SVM (RBF Kernel),2,Wachter's CE,500,0.3826138973236084,12.879111533012392,8,0.7581683599494836,True
adult,SVM (RBF Kernel),2,SHAP-Targeted CE,343,0.2662031650543213,9.131832359291234,3,1.7030921864971782,True
adult,SVM (RBF Kernel),3,Actionable CBFI (Proposed),250,0.2518501281738281,12.325159444714348,8,2.321262286052829,True
adult,SVM (RBF Kernel),3,Untargeted Causal (Karimi 2021),250,0.23994040489196777,15.400159444714348,8,1.6087178350590354,True
adult,SVM (RBF Kernel),3,Wachter's CE,500,0.43001222610473633,14.705205133815465,9,0.7581683599494836,True
adult,SVM (RBF Kernel),3,SHAP-Targeted CE,343,0.292635440826416,3.0000000000000018,2,0.38149707745823763,True
adult,SVM (RBF Kernel),4,Actionable CBFI (Proposed),250,0.2907135486602783,1.4999999999999996,1,3.1625985986459937,True
adult,SVM (RBF Kernel),4,Untargeted Causal (Karimi 2021),250,0.2523941993713379,13.618429416680833,8,3.5382084164914915,True
adult,SVM (RBF Kernel),4,Wachter's CE,500,0.42699384689331055,13.618429416680833,8,3.5382084164914915,True
adult,SVM (RBF Kernel),4,SHAP-Targeted CE,343,0.26552653312683105,1.7833333333333345,2,3.214627536684059,True
adult,SVM (RBF Kernel),5,Actionable CBFI (Proposed),250,0.26618504524230957,11.626017550400949,8,0.7834838725804362,True
adult,SVM (RBF Kernel),5,Untargeted Causal (Karimi 2021),250,0.253859281539917,16.250548500171327,8,0.16794298906789132,True
adult,SVM (RBF Kernel),5,Wachter's CE,500,0.425159215927124,16.227162291307813,8,0.7581683599494836,True
adult,SVM (RBF Kernel),5,SHAP-Targeted CE,343,0.24341034889221191,0.8109860299409376,3,0.1698773296633759,True
adult,SVM (RBF Kernel),6,Actionable CBFI (Proposed),250,0.2538590431213379,8.06637925642407,4,0.4056764349789941,True
adult,SVM (RBF Kernel),6,Untargeted Causal (Karimi 2021),250,0.2504761219024658,18.372462842788835,6,0.7214352929215314,True
adult,SVM (RBF Kernel),6,Wachter's CE,500,0.42287206649780273,14.628288021839385,8,0.7581683599494836,True
adult,SVM (RBF Kernel),6,SHAP-Targeted CE,343,0.22688746452331543,0.1333333333333345,1,0.3145927304748928,True
adult,SVM (RBF Kernel),7,Actionable CBFI (Proposed),250,0.2624225616455078,3.2750000000000004,2,1.764601427951755,True
adult,SVM (RBF Kernel),7,Untargeted Causal (Karimi 2021),250,0.21284270286560059,16.307582846312282,6,2.746431445107605,True
adult,SVM (RBF Kernel),7,Wachter's CE,500,0.4257471561431885,14.87171743852022,8,0.7581683599494836,True
adult,SVM (RBF Kernel),7,SHAP-Targeted CE,343,0.2804398536682129,1.121972059881871,3,1.2487804794947748,True
adult,SVM (RBF Kernel),8,Actionable CBFI (Proposed),250,0.26012754440307617,10.647436830911136,6,1.8227246645914885,True
adult,SVM (RBF Kernel),8,Untargeted Causal (Karimi 2021),250,0.24103760719299316,13.282558926136335,7,3.5382084164914915,True
adult,SVM (RBF Kernel),8,Wachter's CE,500,0.3925504684448242,12.310352776567138,7,0.7581683599494836,True
adult,SVM (RBF Kernel),8,SHAP-Targeted CE,343,0.26786208152770996,2.3000000000000003,1,1.0577666575281974,True
adult,SVM (RBF Kernel),9,Actionable CBFI (Proposed),250,0.20997881889343262,11.867422236440149,7,0.43661020587058075,True
adult,SVM (RBF Kernel),9,Untargeted Causal (Karimi 2021),250,0.24974918365478516,12.6893909078204,6,1.6087178350590354,True
adult,SVM (RBF Kernel),9,Wachter's CE,500,0.44249701499938965,12.6893909078204,6,1.6087178350590354,True
adult,SVM (RBF Kernel),9,SHAP-Targeted CE,343,0.27054715156555176,2.7053053932152054,3,1.0251150584991757,True
adult,SVM (RBF Kernel),10,Actionable CBFI (Proposed),250,0.2103593349456787,7.515398088061085,5,0.3039293946689119,True
adult,SVM (RBF Kernel),10,Untargeted Causal (Karimi 2021),250,0.2494955062866211,15.972462842788834,6,7.673053501663053,True
adult,SVM (RBF Kernel),10,Wachter's CE,500,0.4087333679199219,15.046455662548151,7,0.7581683599494836,True
adult,SVM (RBF Kernel),10,SHAP-Targeted CE,343,0.27111029624938965,1.5499999999999994,2,0.87985359594001,True
adult,SVM (RBF Kernel),11,Actionable CBFI (Proposed),250,0.28117799758911133,9.761391451713697,6,1.2604380604290872,True
adult,SVM (RBF Kernel),11,Untargeted Causal (Karimi 2021),250,0.2534596920013428,13.042678929659782,8,0.7522344986622,True
adult,SVM (RBF Kernel),11,Wachter's CE,500,0.40027618408203125,13.042678929659782,8,0.7522344986622,True
adult,SVM (RBF Kernel),11,SHAP-Targeted CE,343,0.2811863422393799,1.1833333333333345,2,0.7006214340876924,True
adult,SVM (RBF Kernel),12,Actionable CBFI (Proposed),250,0.26480841636657715,7.085152388593082,7,1.655412442879782,True
adult,SVM (RBF Kernel),12,Untargeted Causal (Karimi 2021),250,0.2504091262817383,14.886478507098712,8,1.6087178350590354,True
adult,SVM (RBF Kernel),12,Wachter's CE,500,0.42734408378601074,12.59734899764321,7,0.7581683599494836,True
adult,SVM (RBF Kernel),12,SHAP-Targeted CE,343,0.26903343200683594,2.5776526966076023,3,0.5540986082323541,True
adult,SVM (RBF Kernel),13,Actionable CBFI (Proposed),250,0.2674868106842041,8.022369329118558,7,2.0872433768119785,True
adult,SVM (RBF Kernel),13,Untargeted Causal (Karimi 2021),250,0.2517986297607422,15.441620787031267,7,1.5179067307498428,True
adult,SVM (RBF Kernel),13,Wachter's CE,500,0.42530202865600586,15.441620787031267,7,1.5179067307498428,True
adult,SVM (RBF Kernel),13,SHAP-Targeted CE,343,0.2783968448638916,5.410610786430411,3,1.6692836609817288,True
adult,SVM (RBF Kernel),14,Actionable CBFI (Proposed),250,0.26425957679748535,6.406482786851958,7,0.8364123647108604,True
adult,SVM (RBF Kernel),14,Untargeted Causal (Karimi 2021),250,0.2137906551361084,19.22234899764321,7,1.6087178350590354,True
adult,SVM (RBF Kernel),14,Wachter's CE,500,0.3858354091644287,12.094811840432044,8,0.7581683599494836,True
adult,SVM (RBF Kernel),14,SHAP-Targeted CE,343,0.27315711975097656,1.5943193632742716,3,1.1442597286558358,True
adult,SVM (RBF Kernel),15,Actionable CBFI (Proposed),250,0.29291605949401855,2.487939047098336,3,0.8008233953536213,True
adult,SVM (RBF Kernel),15,Untargeted Causal (Karimi 2021),250,0.25670313835144043,14.65934559632645,8,0.7522344986622,True
adult,SVM (RBF Kernel),15,Wachter's CE,500,0.4220905303955078,14.65934559632645,8,0.7522344986622,True
adult,SVM (RBF Kernel),15,SHAP-Targeted CE,343,0.22778749465942383,1.1666666666666679,2,0.8081519367243728,True
adult,SVM (RBF Kernel),16,Actionable CBFI (Proposed),250,0.247849702835083,10.530801258874602,7,0.691533720738286,True
adult,SVM (RBF Kernel),16,Untargeted Causal (Karimi 2021),250,0.2508585453033447,13.371973754132682,6,1.6087178350590354,True
adult,SVM (RBF Kernel),16,Wachter's CE,500,0.42555856704711914,10.843686109900469,7,0.7581683599494836,True
adult,SVM (RBF Kernel),16,SHAP-Targeted CE,343,0.27190136909484863,2.5000000000000004,1,0.44221979837885456,True
adult,SVM (RBF Kernel),17,Actionable CBFI (Proposed),250,0.26985859870910645,3.975878094196672,4,0.0208115819306228,True
adult,SVM (RBF Kernel),17,Untargeted Causal (Karimi 2021),250,0.25110936164855957,13.590165692624566,6,2.746431445107605,True
adult,SVM (RBF Kernel),17,Wachter's CE,500,0.35377073287963867,13.590165692624566,6,2.746431445107605,True
adult,SVM (RBF Kernel),17,SHAP-Targeted CE,343,0.2605783939361572,0.5499999999999989,2,0.6178594701098737,True
adult,SVM (RBF Kernel),18,Actionable CBFI (Proposed),250,0.2909269332885742,5.0729918715283535,4,0.3383870517344331,True
adult,SVM (RBF Kernel),18,Untargeted Causal (Karimi 2021),250,0.2574343681335449,13.048104567416692,6,2.746431445107605,True
adult,SVM (RBF Kernel),18,Wachter's CE,500,0.40219616889953613,13.048104567416692,6,2.746431445107605,True
adult,SVM (RBF Kernel),18,SHAP-Targeted CE,343,0.2568366527557373,1.677652696607604,3,0.3618286801512542,True
adult,SVM (RBF Kernel),19,Actionable CBFI (Proposed),250,0.29140686988830566,5.216093861126404,5,1.9674922739741445,True
adult,SVM (RBF Kernel),19,Untargeted Causal (Karimi 2021),250,0.25139284133911133,12.233309413157386,7,3.5382084164914915,True
adult,SVM (RBF Kernel),19,Wachter's CE,500,0.4219977855682373,12.233309413157386,7,3.5382084164914915,True
adult,SVM (RBF Kernel),19,SHAP-Targeted CE,343,0.2689957618713379,0.9719720598818744,3,1.8995808085327421,True
adult,SVM (RBF Kernel),20,Actionable CBFI (Proposed),250,0.24873018264770508,12.424891112452261,6,1.622362799794396,True
adult,SVM (RBF Kernel),20,Untargeted Causal (Karimi 2021),250,0.2499866485595703,16.11503286380457,7,2.746431445107605,True
adult,SVM (RBF Kernel),20,Wachter's CE,500,0.42106127738952637,16.11503286380457,7,2.746431445107605,True
adult,SVM (RBF Kernel),20,SHAP-Targeted CE,343,0.27632856369018555,6.615165692624568,3,1.1528328478544076,True
adult,SVM (RBF Kernel),21,Actionable CBFI (Proposed),250,0.2596731185913086,9.806081872270186,4,0.8310588298761618,True
adult,SVM (RBF Kernel),21,Untargeted Causal (Karimi 2021),250,0.2515237331390381,16.125261775972067,8,0.7522344986622,True
adult,SVM (RBF Kernel),21,Wachter's CE,500,0.36272668838500977,16.125261775972067,8,0.7522344986622,True
adult,SVM (RBF Kernel),21,SHAP-Targeted CE,343,0.2603304386138916,1.4053053932152044,3,0.7712024027458764,True
adult,SVM (RBF Kernel),22,Actionable CBFI (Proposed),250,0.24488234519958496,7.657958089822809,5,0.9474513783641991,True
adult,SVM (RBF Kernel),22,Untargeted Causal (Karimi 2021),250,0.24880003929138184,14.317797479950674,6,1.6087178350590354,True
adult,SVM (RBF Kernel),22,Wachter's CE,500,0.4259073734283447,7.290260322739511,6,0.7581683599494836,True
adult,SVM (RBF Kernel),22,SHAP-Targeted CE,343,0.25861406326293945,0.39431936327427,2,1.332635134251315,True
adult,SVM (RBF Kernel),23,Actionable CBFI (Proposed),250,0.24359440803527832,7.765398088061082,6,0.21188419696481076,True
adult,SVM (RBF Kernel),23,Untargeted Causal (Karimi 2021),250,0.21402359008789062,14.389390907820399,6,1.6087178350590354,True
adult,SVM (RBF Kernel),23,Wachter's CE,500,0.42551302909851074,13.844436596921518,8,0.7581683599494836,True
adult,SVM (RBF Kernel),23,SHAP-Targeted CE,343,0.2667834758758545,2.655305393215207,3,0.9940903522234655,True
adult,SVM (RBF Kernel),24,Actionable CBFI (Proposed),250,0.24741172790527344,16.489817751678935,8,0.39663038409182655,True
adult,SVM (RBF Kernel),24,Untargeted Causal (Karimi 2021),250,0.2506558895111084,14.420973361969562,8,3.0995288149120293,True
adult,SVM (RBF Kernel),24,Wachter's CE,500,0.41985559463500977,14.420973361969562,8,3.0995288149120293,True
adult,SVM (RBF Kernel),24,SHAP-Targeted CE,343,0.2765645980834961,5.565916179645618,2,0.9412448228460617,True
adult,SVM (RBF Kernel),25,Actionable CBFI (Proposed),250,0.27526235580444336,3.7379390470983362,4,0.12032381108328984,True
adult,SVM (RBF Kernel),25,Untargeted Causal (Karimi 2021),250,0.25117969512939453,15.223731421394417,6,0.7214352929215314,True
adult,SVM (RBF Kernel),25,Wachter's CE,500,0.42452263832092285,15.197729323906167,7,2.746431445107605,True
adult,SVM (RBF Kernel),25,SHAP-Targeted CE,343,0.26752328872680664,1.4333333333333342,2,0.6242152438856033,True
adult,SVM (RBF Kernel),26,Actionable CBFI (Proposed),250,0.24814248085021973,10.34242223644015,7,0.8421374310882124,True
adult,SVM (RBF Kernel),26,Untargeted Causal (Karimi 2021),250,0.24750328063964844,11.155307087466017,7,1.6087178350590354,True
adult,SVM (RBF Kernel),26,Wachter's CE,500,0.43045997619628906,11.155307087466017,7,1.6087178350590354,True
adult,SVM (RBF Kernel),26,SHAP-Targeted CE,343,0.2677726745605469,0.6833333333333325,2,0.19293608625839057,True
adult,SVM (RBF Kernel),27,Actionable CBFI (Proposed),250,0.21777129173278809,17.53577117012724,9,1.227844191789164,True
adult,SVM (RBF Kernel),27,Untargeted Causal (Karimi 2021),250,0.2502865791320801,19.929498490891582,9,0.16794298906789132,True
adult,SVM (RBF Kernel),27,Wachter's CE,500,0.41895008087158203,16.226471319498557,9,0.7581683599494836,True
adult,SVM (RBF Kernel),27,SHAP-Targeted CE,343,0.2749960422515869,13.483333333333334,2,0.87425446553905,True
adult,SVM (RBF Kernel),28,Actionable CBFI (Proposed),250,0.24650025367736816,14.725995320196706,7,0.49575064699028165,True
adult,SVM (RBF Kernel),28,Untargeted Causal (Karimi 2021),250,0.25119757652282715,15.408064780069719,9,0.7522344986622,True
adult,SVM (RBF Kernel),28,Wachter's CE,500,0.4239630699157715,15.113115174316103,8,2.746431445107605,True
adult,SVM (RBF Kernel),28,SHAP-Targeted CE,343,0.2641146183013916,2.682958089822808,3,0.4997684817125125,True
adult,SVM (RBF Kernel),29,Actionable CBFI (Proposed),250,0.24838829040527344,11.829295202080068,7,0.8710943712046465,True
adult,SVM (RBF Kernel),29,Untargeted Causal (Karimi 2021),250,0.23872637748718262,13.105307087466016,7,1.6087178350590354,True
adult,SVM (RBF Kernel),29,Wachter's CE,500,0.408893346786499,13.105307087466016,7,1.6087178350590354,True
adult,SVM (RBF Kernel),29,SHAP-Targeted CE,343,0.26864027976989746,3.1000000000000014,2,0.4541295013689619,True
adult,SVM (RBF Kernel),30,Actionable CBFI (Proposed),250,0.24500823020935059,10.811429142769196,6,0.20685040310665057,True
adult,SVM (RBF Kernel),30,Untargeted Causal (Karimi 2021),250,0.2534513473510742,13.363990342372112,8,0.16794298906789132,True
adult,SVM (RBF Kernel),30,Wachter's CE,500,0.4254946708679199,8.222083603039394,5,1.9880228834258578,True
adult,SVM (RBF Kernel),30,SHAP-Targeted CE,343,0.2774796485900879,3.138638726548539,3,0.14633202323215774,True
adult,SVM (RBF Kernel),31,Actionable CBFI (Proposed),250,0.24666929244995117,11.0494869911679,8,0.6880614744190438,True
adult,SVM (RBF Kernel),31,Untargeted Causal (Karimi 2021),250,0.24980878829956055,17.2535204172759,7,1.6087178350590354,True
adult,SVM (RBF Kernel),31,Wachter's CE,500,0.40531492233276367,12.980307087466016,7,0.7581683599494836,True
adult,SVM (RBF Kernel),31,SHAP-Targeted CE,343,0.26925158500671387,0.9053053932152071,2,0.15844794080466554,True
adult,SVM (RBF Kernel),32,Actionable CBFI (Proposed),250,0.2916901111602783,5.197608814394037,7,0.24471476714234605,True
adult,SVM (RBF Kernel),32,Untargeted Causal (Karimi 2021),250,0.24972248077392578,16.563409431021242,8,0.16794298906789132,True
adult,SVM (RBF Kernel),32,Wachter's CE,500,0.3677854537963867,14.17589371270223,7,0.7581683599494836,True
adult,SVM (RBF Kernel),32,SHAP-Targeted CE,343,0.29472851753234863,1.1996247564894764,3,0.22397446132387264,True
adult,SVM (RBF Kernel),33,Actionable CBFI (Proposed),250,0.21129369735717773,5.983333333333332,5,0.5086716708617113,True
adult,SVM (RBF Kernel),33,Untargeted Causal (Karimi 2021),250,0.21166157722473145,15.26742223644015,7,1.6087178350590354,True
adult,SVM (RBF Kernel),33,Wachter's CE,500,0.42601561546325684,15.26742223644015,7,1.6087178350590354,True
adult,SVM (RBF Kernel),33,SHAP-Targeted CE,343,0.2709681987762451,2.5666666666666655,2,0.18900590566753703,True
adult,SVM (RBF Kernel),34,Actionable CBFI (Proposed),250,0.2630443572998047,11.147271439852368,6,1.2475495410097213,True
adult,SVM (RBF Kernel),34,Untargeted Causal (Karimi 2021),250,0.24907159805297852,17.79039808806108,6,0.7214352929215314,True
adult,SVM (RBF Kernel),34,Wachter's CE,500,0.4279191493988037,15.260352776567135,8,0.7581683599494836,True
adult,SVM (RBF Kernel),34,SHAP-Targeted CE,343,0.2457737922668457,1.1833333333333322,2,0.7371830720621205,True
adult,SVM (RBF Kernel),35,Actionable CBFI (Proposed),250,0.24811935424804688,10.97258647583216,8,1.5298497694547102,True
adult,SVM (RBF Kernel),35,Untargeted Causal (Karimi 2021),250,0.2517893314361572,13.422348997643208,7,1.6087178350590354,True
adult,SVM (RBF Kernel),35,Wachter's CE,500,0.37408995628356934,12.061478507098709,8,0.7581683599494836,True
adult,SVM (RBF Kernel),35,SHAP-Targeted CE,343,0.27265405654907227,2.8276526966076023,3,0.7769865577099432,True
adult,SVM (RBF Kernel),36,Actionable CBFI (Proposed),250,0.264479398727417,12.622230447352315,5,0.8310588298761618,True
adult,SVM (RBF Kernel),36,Untargeted Causal (Karimi 2021),250,0.2508046627044678,17.847230447352317,7,0.24016994763168256,True
adult,SVM (RBF Kernel),36,Wachter's CE,500,0.42639756202697754,16.528288021839387,8,0.7581683599494836,True
adult,SVM (RBF Kernel),36,SHAP-Targeted CE,343,0.2683227062225342,1.4500000000000008,2,0.2768805322349233,True
adult,SVM (RBF Kernel),37,Actionable CBFI (Proposed),250,0.2593958377838135,4.833333333333335,3,1.3668819026157877,True
adult,SVM (RBF Kernel),37,Untargeted Causal (Karimi 2021),250,0.24892234802246094,15.580329576815856,7,1.5179067307498428,True
adult,SVM (RBF Kernel),37,Wachter's CE,500,0.42426180839538574,15.580329576815856,7,1.5179067307498428,True
adult,SVM (RBF Kernel),37,SHAP-Targeted CE,343,0.26950740814208984,0.3666666666666682,1,0.5735195103615812,True
adult,SVM (RBF Kernel),38,Actionable CBFI (Proposed),250,0.2604410648345947,8.355681725241439,4,0.33020358995661975,True
adult,SVM (RBF Kernel),38,Untargeted Causal (Karimi 2021),250,0.21261191368103027,17.429561683197406,6,2.746431445107605,True
adult,SVM (RBF Kernel),38,Wachter's CE,500,0.4192318916320801,15.568875987114858,5,1.9880228834258578,True
adult,SVM (RBF Kernel),38,SHAP-Targeted CE,343,0.26395583152770996,0.6499999999999987,2,0.9535304284830056,True
adult,SVM (RBF Kernel),39,Actionable CBFI (Proposed),250,0.24437332153320312,8.740398088061081,6,1.7550074116518068,True
adult,SVM (RBF Kernel),39,Untargeted Causal (Karimi 2021),250,0.2506551742553711,15.271223267111633,7,1.6087178350590354,True
adult,SVM (RBF Kernel),39,Wachter's CE,500,0.4082188606262207,15.271223267111633,7,1.6087178350590354,True
adult,SVM (RBF Kernel),39,SHAP-Targeted CE,343,0.22803878784179688,2.538638726548539,3,0.34284910617422343,True
adult,SVM (RBF Kernel),40,Actionable CBFI (Proposed),250,0.2129077911376953,13.69992727594671,8,1.4420834824912063,True
adult,SVM (RBF Kernel),40,Untargeted Causal (Karimi 2021),250,0.2365579605102539,16.589915029668774,9,0.16794298906789132,True
adult,SVM (RBF Kernel),40,Wachter's CE,500,0.42499852180480957,14.698008290336055,7,1.9880228834258578,True
adult,SVM (RBF Kernel),40,SHAP-Targeted CE,343,0.2645723819732666,4.400000000000001,2,0.7763444424578217,True
adult,SVM (RBF Kernel),41,Actionable CBFI (Proposed),250,0.29192185401916504,2.597246886961143,6,0.1677629017159462,True
adult,SVM (RBF Kernel),41,Untargeted Causal (Karimi 2021),250,0.2508370876312256,14.860471326858022,8,0.7522344986622,True
adult,SVM (RBF Kernel),41,Wachter's CE,500,0.4235985279083252,14.860471326858022,8,0.7522344986622,True
adult,SVM (RBF Kernel),41,SHAP-Targeted CE,343,0.2760283946990967,0.8443193632742706,3,0.1698773296633759,True
adult,SVM (RBF Kernel),42,Actionable CBFI (Proposed),250,0.2719106674194336,9.249999999999998,2,0.16198325629783628,True
adult,SVM (RBF Kernel),42,Untargeted Causal (Karimi 2021),250,0.23633503913879395,17.708595109305403,8,0.7522344986622,True
adult,SVM (RBF Kernel),42,Wachter's CE,500,0.42078375816345215,14.146973754132684,7,0.7581683599494836,True
adult,SVM (RBF Kernel),42,SHAP-Targeted CE,343,0.2314753532409668,1.7219720598818733,3,0.10660564853585709,True
adult,SVM (RBF Kernel),43,Actionable CBFI (Proposed),250,0.2632322311401367,11.611110308144028,6,1.1049698511038062,True
adult,SVM (RBF Kernel),43,Untargeted Causal (Karimi 2021),250,0.23984837532043457,10.940398088061084,6,0.7214352929215314,True
adult,SVM (RBF Kernel),43,Wachter's CE,500,0.4402916431427002,10.940398088061084,6,0.7214352929215314,True
adult,SVM (RBF Kernel),43,SHAP-Targeted CE,343,0.2659189701080322,0.6333333333333331,2,0.06501021329675744,True
adult,SVM (RBF Kernel),44,Actionable CBFI (Proposed),250,0.27788519859313965,7.698408739257229,6,0.43161971491560175,True
adult,SVM (RBF Kernel),44,Untargeted Causal (Karimi 2021),250,0.24925470352172852,16.496603593374594,7,2.746431445107605,True
adult,SVM (RBF Kernel),44,Wachter's CE,500,0.42430830001831055,14.294811840432041,8,0.7581683599494836,True
adult,SVM (RBF Kernel),44,SHAP-Targeted CE,343,0.26871371269226074,1.6609860299409371,3,0.2963605040844148,True
adult,SVM (RBF Kernel),45,Actionable CBFI (Proposed),250,0.2674548625946045,5.103361204039677,4,3.1373692432415705,True
adult,SVM (RBF Kernel),45,Untargeted Causal (Karimi 2021),250,0.27509140968322754,8.730375564521047,7,3.8483526307992224,True
adult,SVM (RBF Kernel),45,Wachter's CE,500,0.4246077537536621,8.730375564521047,7,3.8483526307992224,True
adult,SVM (RBF Kernel),45,SHAP-Targeted CE,343,0.2682359218597412,0.6776526966076031,2,3.8760633692315314,True
adult,SVM (RBF Kernel),46,Actionable CBFI (Proposed),250,0.25694704055786133,16.113512707625574,7,0.42877318075723125,True
adult,SVM (RBF Kernel),46,Untargeted Causal (Karimi 2021),250,0.25081825256347656,17.519240406692713,7,0.4221571551166609,True
adult,SVM (RBF Kernel),46,Wachter's CE,500,0.36452174186706543,11.046903930210632,9,0.7581683599494836,True
adult,SVM (RBF Kernel),46,SHAP-Targeted CE,343,0.2638280391693115,10.28070662875966,3,2.6830022789918004,True
adult,SVM (RBF Kernel),47,Actionable CBFI (Proposed),250,0.23774361610412598,16.722879141821682,8,0.6947050974165028,True
adult,SVM (RBF Kernel),47,Untargeted Causal (Karimi 2021),250,0.2519826889038086,15.384649015468778,8,1.6087178350590354,True
adult,SVM (RBF Kernel),47,Wachter's CE,500,0.45284271240234375,14.839694704569897,9,0.7581683599494836,True
adult,SVM (RBF Kernel),47,SHAP-Targeted CE,343,0.2629842758178711,2.299999999999999,2,0.4541295013689619,True
adult,SVM (RBF Kernel),48,Actionable CBFI (Proposed),250,0.22237658500671387,6.615146477593883,6,2.860754427821883,True
adult,SVM (RBF Kernel),48,Untargeted Causal (Karimi 2021),250,0.2478501796722412,16.95706475472775,5,0.7214352929215314,True
adult,SVM (RBF Kernel),48,Wachter's CE,500,0.43941330909729004,11.577019443233803,7,0.7581683599494836,True
adult,SVM (RBF Kernel),48,SHAP-Targeted CE,343,0.23437833786010742,2.966666666666666,2,0.28104791492701414,True
adult,SVM (RBF Kernel),49,Actionable CBFI (Proposed),250,0.25554728507995605,13.43843083110958,8,1.3231568941594036,True
adult,SVM (RBF Kernel),49,Untargeted Causal (Karimi 2021),250,0.24986910820007324,16.815445191590946,9,1.6087178350590354,True
adult,SVM (RBF Kernel),49,Wachter's CE,500,0.3574516773223877,14.358898528447732,8,0.7581683599494836,True
adult,SVM (RBF Kernel),49,SHAP-Targeted CE,343,0.25121498107910156,2.4000000000000017,2,0.3685975054058572,True
adult,SVM (RBF Kernel),50,Actionable CBFI (Proposed),250,0.25855588912963867,14.943098804565748,7,0.5355207519639475,True
adult,SVM (RBF Kernel),50,Untargeted Causal (Karimi 2021),250,0.25123167037963867,15.075839382768397,9,0.7522344986622,True
adult,SVM (RBF Kernel),50,Wachter's CE,500,0.3985717296600342,15.075839382768397,9,0.7522344986622,True
adult,SVM (RBF Kernel),50,SHAP-Targeted CE,343,0.2635202407836914,5.748874269468426,3,0.22607390800290547,True
adult,SVM (RBF Kernel),51,Actionable CBFI (Proposed),250,0.27125048637390137,12.657963859219304,6,1.4037024399493994,True
adult,SVM (RBF Kernel),51,Untargeted Causal (Karimi 2021),250,0.24144744873046875,14.890398088061083,6,0.7214352929215314,True
adult,SVM (RBF Kernel),51,Wachter's CE,500,0.42458319664001465,14.614395990572834,7,2.746431445107605,True
adult,SVM (RBF Kernel),51,SHAP-Targeted CE,343,0.26663970947265625,0.9333333333333325,2,0.3145927304748928,True
adult,SVM (RBF Kernel),52,Actionable CBFI (Proposed),250,0.25690460205078125,5.833333333333333,3,0.9141681297119236,True
adult,SVM (RBF Kernel),52,Untargeted Causal (Karimi 2021),250,0.27344703674316406,13.02335617788389,7,0.7214352929215314,True
adult,SVM (RBF Kernel),52,Wachter's CE,500,0.4088594913482666,12.97075220466748,7,1.9880228834258578,True
adult,SVM (RBF Kernel),52,SHAP-Targeted CE,343,0.26753759384155273,0.7776526966076034,3,0.0338586050874884,True
adult,SVM (RBF Kernel),53,Actionable CBFI (Proposed),250,0.2699122428894043,2.3843400730406255,5,1.4303488239536544,True
adult,SVM (RBF Kernel),53,Untargeted Causal (Karimi 2021),250,0.24905729293823242,12.618429416680836,8,3.5382084164914915,True
adult,SVM (RBF Kernel),53,Wachter's CE,500,0.37656235694885254,10.146223267111637,7,0.7581683599494836,True
adult,SVM (RBF Kernel),53,SHAP-Targeted CE,343,0.28191685676574707,0.9333333333333349,2,1.2765938825508918,True
adult,SVM (RBF Kernel),54,Actionable CBFI (Proposed),250,0.25784945487976074,7.850527564983165,6,1.2572742113728095,True
adult,SVM (RBF Kernel),54,Untargeted Causal (Karimi 2021),250,0.25325560569763184,15.199225592803003,8,3.5382084164914915,True
adult,SVM (RBF Kernel),54,Wachter's CE,500,0.4281899929046631,10.893686109900472,8,0.7581683599494836,True
adult,SVM (RBF Kernel),54,SHAP-Targeted CE,343,0.27046847343444824,1.1166666666666674,2,0.8458848753101406,True
adult,SVM (RBF Kernel),55,Actionable CBFI (Proposed),250,0.24661588668823242,6.2570647547277485,5,0.9196217697933234,True
adult,SVM (RBF Kernel),55,Untargeted Causal (Karimi 2021),250,0.2518439292907715,15.95706475472775,5,0.7214352929215314,True
adult,SVM (RBF Kernel),55,Wachter's CE,500,0.4433443546295166,10.577019443233803,7,0.7581683599494836,True
adult,SVM (RBF Kernel),55,SHAP-Targeted CE,343,0.23218178749084473,2.033333333333332,2,0.28104791492701414,True
adult,SVM (RBF Kernel),56,Actionable CBFI (Proposed),250,0.24518728256225586,8.406057574487065,6,2.8550617177409063,True
adult,SVM (RBF Kernel),56,Untargeted Causal (Karimi 2021),250,0.23874545097351074,13.11514177244862,8,3.5382084164914915,True
adult,SVM (RBF Kernel),56,Wachter's CE,500,0.3881664276123047,13.11514177244862,8,3.5382084164914915,True
adult,SVM (RBF Kernel),56,SHAP-Targeted CE,343,0.26961517333984375,2.74924951297895,3,1.6960971004164325,True
adult,SVM (RBF Kernel),57,Actionable CBFI (Proposed),250,0.24859166145324707,10.571223267111634,7,2.8197102451307168,True
adult,SVM (RBF Kernel),57,Untargeted Causal (Karimi 2021),250,0.25083446502685547,14.905307087466017,7,1.6087178350590354,True
adult,SVM (RBF Kernel),57,Wachter's CE,500,0.4252278804779053,14.905307087466017,7,1.6087178350590354,True
adult,SVM (RBF Kernel),57,SHAP-Targeted CE,343,0.2343757152557373,2.133333333333332,2,0.26895375013134226,True
adult,SVM (RBF Kernel),58,Actionable CBFI (Proposed),216,0.24535655975341797,1.0000000000000002,1,0.608584641024316,True
adult,SVM (RBF Kernel),58,Untargeted Causal (Karimi 2021),250,0.2506372928619385,14.547729323906166,7,2.746431445107605,True
adult,SVM (RBF Kernel),58,Wachter's CE,500,0.4248313903808594,14.387043627823623,7,1.9880228834258578,True
adult,SVM (RBF Kernel),58,SHAP-Targeted CE,343,0.28090691566467285,0.9499999999999995,2,0.6132651876728473,True
adult,SVM (RBF Kernel),59,Actionable CBFI (Proposed),250,0.25916028022766113,12.715526516713792,9,2.8086492809829107,True
adult,SVM (RBF Kernel),59,Untargeted Causal (Karimi 2021),250,0.21333622932434082,13.429747063577631,8,1.5179067307498428,True
adult,SVM (RBF Kernel),59,Wachter's CE,500,0.42428135871887207,13.429747063577631,8,1.5179067307498428,True
adult,SVM (RBF Kernel),59,SHAP-Targeted CE,343,0.25072479248046875,4.2106107864304105,3,1.8516401641360005,True
adult,SVM (RBF Kernel),60,Actionable CBFI (Proposed),250,0.2448103427886963,10.97424951297895,6,1.8558999677807309,True
adult,SVM (RBF Kernel),60,Untargeted Causal (Karimi 2021),250,0.2471601963043213,13.867422236440149,7,1.6087178350590354,True
adult,SVM (RBF Kernel),60,Wachter's CE,500,0.44160008430480957,13.867422236440149,7,1.6087178350590354,True
adult,SVM (RBF Kernel),60,SHAP-Targeted CE,343,0.2297675609588623,3.8999999999999986,2,0.4468140808158809,True
adult,SVM (RBF Kernel),61,Actionable CBFI (Proposed),250,0.2626495361328125,15.116596846660311,7,0.4535481185480139,True
adult,SVM (RBF Kernel),61,Untargeted Causal (Karimi 2021),250,0.2375023365020752,15.375494171408583,8,0.7522344986622,True
adult,SVM (RBF Kernel),61,Wachter's CE,500,0.42734599113464355,15.375494171408583,8,0.7522344986622,True
adult,SVM (RBF Kernel),61,SHAP-Targeted CE,343,0.27101659774780273,1.0219720598818713,3,0.19648261092587702,True
adult,SVM (RBF Kernel),62,Actionable CBFI (Proposed),250,0.3016073703765869,2.5932921258332415,6,2.500052514880002,True
adult,SVM (RBF Kernel),62,Untargeted Causal (Karimi 2021),250,0.22956275939941406,10.08673990546361,7,3.5382084164914915,True
adult,SVM (RBF Kernel),62,Wachter's CE,500,0.42435288429260254,10.08673990546361,7,3.5382084164914915,True
adult,SVM (RBF Kernel),62,SHAP-Targeted CE,343,0.2678039073944092,1.6609860299409376,3,2.5109122571729032,True
adult,SVM (RBF Kernel),63,Actionable CBFI (Proposed),250,0.27623462677001953,9.065165692624568,4,0.9214458554340218,True
adult,SVM (RBF Kernel),63,Untargeted Causal (Karimi 2021),250,0.25089597702026367,16.505307087466015,7,1.6087178350590354,True
adult,SVM (RBF Kernel),63,Wachter's CE,500,0.4443929195404053,16.049693233544502,7,0.7163110333569837,True
adult,SVM (RBF Kernel),63,SHAP-Targeted CE,343,0.27208614349365234,0.6666666666666656,2,0.15748071465990612,True
adult,SVM (RBF Kernel),64,Actionable CBFI (Proposed),250,0.29468679428100586,2.5345658976965284,4,0.3542175730485731,True
adult,SVM (RBF Kernel),64,Untargeted Causal (Karimi 2021),250,0.25361156463623047,12.540165692624566,6,2.746431445107605,True
adult,SVM (RBF Kernel),64,Wachter's CE,500,0.4248514175415039,12.540165692624566,6,2.746431445107605,True
adult,SVM (RBF Kernel),64,SHAP-Targeted CE,343,0.269179105758667,0.8833333333333327,2,0.3815732930810081,True
adult,SVM (RBF Kernel),65,Actionable CBFI (Proposed),250,0.2583158016204834,9.065165692624568,4,0.919561607517696,True
adult,SVM (RBF Kernel),65,Untargeted Causal (Karimi 2021),250,0.22454619407653809,16.805307087466016,7,1.6087178350590354,True
adult,SVM (RBF Kernel),65,Wachter's CE,500,0.42634034156799316,16.349693233544503,7,0.7163110333569837,True
adult,SVM (RBF Kernel),65,SHAP-Targeted CE,343,0.23044681549072266,0.9666666666666659,2,0.15748071465990612,True
adult,SVM (RBF Kernel),66,Actionable CBFI (Proposed),250,0.22801971435546875,13.225565195114395,8,1.4767781170188121,True
adult,SVM (RBF Kernel),66,Untargeted Causal (Karimi 2021),250,0.2297663688659668,17.569740016063847,7,0.7214352929215314,True
adult,SVM (RBF Kernel),66,Wachter's CE,500,0.37416744232177734,17.293737918575598,8,2.746431445107605,True
adult,SVM (RBF Kernel),66,SHAP-Targeted CE,343,0.23953676223754883,3.700000000000001,2,0.4997684817125125,True
adult,SVM (RBF Kernel),67,Actionable CBFI (Proposed),250,0.24689245223999023,13.5724645782281,8,1.4932309339022647,True
adult,SVM (RBF Kernel),67,Untargeted Causal (Karimi 2021),250,0.2505314350128174,13.752840953960662,7,2.746431445107605,True
adult,SVM (RBF Kernel),67,Wachter's CE,500,0.40544652938842773,13.752840953960662,7,2.746431445107605,True
adult,SVM (RBF Kernel),67,SHAP-Targeted CE,343,0.2647829055786133,2.1999999999999993,2,0.4663528876168372,True
adult,SVM (RBF Kernel),68,Actionable CBFI (Proposed),250,0.2419581413269043,14.146332260982952,8,0.9652334257833671,True
adult,SVM (RBF Kernel),68,Untargeted Causal (Karimi 2021),250,0.24100399017333984,17.243277271588852,6,1.1713215386809719,True
adult,SVM (RBF Kernel),68,Wachter's CE,500,0.3513178825378418,16.339288954169845,9,0.7581683599494836,True
adult,SVM (RBF Kernel),68,SHAP-Targeted CE,343,0.2681593894958496,3.238638726548538,3,0.18939469395202815,True
adult,SVM (RBF Kernel),69,Actionable CBFI (Proposed),250,0.24807000160217285,18.140935409519248,10,1.376032220046624,True
adult,SVM (RBF Kernel),69,Untargeted Causal (Karimi 2021),250,0.25022292137145996,14.03846754057463,8,1.6087178350590354,True
adult,SVM (RBF Kernel),69,Wachter's CE,500,0.42357945442199707,14.03846754057463,8,1.6087178350590354,True
adult,SVM (RBF Kernel),69,SHAP-Targeted CE,343,0.24075055122375488,10.080706628759662,3,0.2319560002356055,True
adult,SVM (RBF Kernel),70,Actionable CBFI (Proposed),250,0.2663862705230713,9.50591386936577,7,0.41614000000149326,True
adult,SVM (RBF Kernel),70,Untargeted Causal (Karimi 2021),250,0.24084758758544922,14.382558926136337,8,3.5382084164914915,True
adult,SVM (RBF Kernel),70,Wachter's CE,500,0.39536523818969727,13.410352776567137,8,0.7581683599494836,True
adult,SVM (RBF Kernel),70,SHAP-Targeted CE,343,0.27251601219177246,3.4000000000000012,2,1.0577666575281974,True
adult,SVM (RBF Kernel),71,Actionable CBFI (Proposed),250,0.27014827728271484,13.754140116354915,6,1.5086664500432185,True
adult,SVM (RBF Kernel),71,Untargeted Causal (Karimi 2021),250,0.2569124698638916,15.886984361032095,8,1.6087178350590354,True
adult,SVM (RBF Kernel),71,Wachter's CE,500,0.35721659660339355,15.886984361032095,8,1.6087178350590354,True
adult,SVM (RBF Kernel),71,SHAP-Targeted CE,343,0.2688744068145752,3.600000000000002,2,0.8480628401405439,True
adult,SVM (RBF Kernel),72,Actionable CBFI (Proposed),250,0.2813379764556885,7.384100387228418,6,1.5632290690419859,True
adult,SVM (RBF Kernel),72,Untargeted Causal (Karimi 2021),250,0.2507660388946533,13.876012262993118,7,0.7522344986622,True
adult,SVM (RBF Kernel),72,Wachter's CE,500,0.42310118675231934,13.876012262993118,7,0.7522344986622,True
adult,SVM (RBF Kernel),72,SHAP-Targeted CE,343,0.2789607048034668,0.6833333333333327,2,1.1247719790374597,True
adult,SVM (RBF Kernel),73,Actionable CBFI (Proposed),250,0.26990532875061035,2.2409161796456174,3,0.12368351089806334,True
adult,SVM (RBF Kernel),73,Untargeted Causal (Karimi 2021),250,0.23628568649291992,15.697916944123122,9,0.7522344986622,True
adult,SVM (RBF Kernel),73,Wachter's CE,500,0.4281282424926758,15.697916944123122,9,0.7522344986622,True
adult,SVM (RBF Kernel),73,SHAP-Targeted CE,343,0.27106428146362305,0.6499999999999997,2,0.5534564929802326,True
adult,SVM (RBF Kernel),74,Actionable CBFI (Proposed),250,0.26256752014160156,13.039779904635179,6,1.5975507681638164,True
adult,SVM (RBF Kernel),74,Untargeted Causal (Karimi 2021),250,0.22500014305114746,17.155307087466017,7,1.6087178350590354,True
adult,SVM (RBF Kernel),74,Wachter's CE,500,0.4230613708496094,14.860352776567137,8,0.7581683599494836,True
adult,SVM (RBF Kernel),74,SHAP-Targeted CE,343,0.24666857719421387,1.5833333333333321,2,0.7371830720621205,True
adult,SVM (RBF Kernel),75,Actionable CBFI (Proposed),250,0.28600430488586426,4.798874269468428,3,0.43854229988651555,True
adult,SVM (RBF Kernel),75,Untargeted Causal (Karimi 2021),250,0.25104236602783203,13.831437900750027,7,2.746431445107605,True
adult,SVM (RBF Kernel),75,Wachter's CE,500,0.4071357250213623,13.831437900750027,7,2.746431445107605,True
adult,SVM (RBF Kernel),75,SHAP-Targeted CE,343,0.26708436012268066,1.2609860299409374,3,0.4366713491638357,True
adult,SVM (RBF Kernel),76,Actionable CBFI (Proposed),250,0.22056293487548828,15.563430831109578,8,0.5147324268946895,True
adult,SVM (RBF Kernel),76,Untargeted Causal (Karimi 2021),250,0.25084614753723145,15.373476463614049,9,1.9990512454494906,True
adult,SVM (RBF Kernel),76,Wachter's CE,500,0.36925578117370605,13.924296616508816,9,0.7581683599494836,True
adult,SVM (RBF Kernel),76,SHAP-Targeted CE,343,0.2880709171295166,3.1106107864304104,3,0.4208309748492011,True
adult,SVM (RBF Kernel),77,Actionable CBFI (Proposed),250,0.2468547821044922,14.247230447352319,6,3.7298056234360075,True
adult,SVM (RBF Kernel),77,Untargeted Causal (Karimi 2021),250,0.25164246559143066,16.563005439973708,8,1.5179067307498428,True
adult,SVM (RBF Kernel),77,Wachter's CE,500,0.4140608310699463,15.974254595731388,7,0.7581683599494836,True
adult,SVM (RBF Kernel),77,SHAP-Targeted CE,343,0.26968884468078613,1.4886387265485403,3,1.047179110237092,True
adult,SVM (RBF Kernel),78,Actionable CBFI (Proposed),250,0.268157958984375,8.64233141334292,7,1.5659318446848525,True
adult,SVM (RBF Kernel),78,Untargeted Causal (Karimi 2021),250,0.24909687042236328,11.245508257978317,6,1.5179067307498428,True
adult,SVM (RBF Kernel),78,Wachter's CE,500,0.42468810081481934,11.245508257978317,6,1.5179067307498428,True
adult,SVM (RBF Kernel),78,SHAP-Targeted CE,343,0.24375557899475098,2.883333333333333,2,0.6587056401565282,True
adult,SVM (RBF Kernel),79,Actionable CBFI (Proposed),250,0.25066161155700684,17.433853160357135,9,1.8001718667188313,True
adult,SVM (RBF Kernel),79,Untargeted Causal (Karimi 2021),250,0.23697686195373535,17.96974001606385,7,0.7214352929215314,True
adult,SVM (RBF Kernel),79,Wachter's CE,500,0.3728673458099365,16.589694704569897,9,0.7581683599494836,True
adult,SVM (RBF Kernel),79,SHAP-Targeted CE,343,0.2657771110534668,2.100000000000002,1,0.4997684817125125,True
adult,SVM (RBF Kernel),80,Actionable CBFI (Proposed),250,0.24424219131469727,6.980847984797295,6,0.931547431815606,True
adult,SVM (RBF Kernel),80,Untargeted Causal (Karimi 2021),250,0.2506256103515625,12.389813254860787,9,0.7522344986622,True
adult,SVM (RBF Kernel),80,Wachter's CE,500,0.41000819206237793,12.389813254860787,9,0.7522344986622,True
adult,SVM (RBF Kernel),80,SHAP-Targeted CE,343,0.24086380004882812,2.627652696607602,3,0.3486177276773093,True
adult,SVM (RBF Kernel),81,Actionable CBFI (Proposed),250,0.24314403533935547,7.240398088061083,6,0.7214352929215314,True
adult,SVM (RBF Kernel),81,Untargeted Causal (Karimi 2021),250,0.25849294662475586,15.605307087466016,7,1.6087178350590354,True
adult,SVM (RBF Kernel),81,Wachter's CE,500,0.4301009178161621,13.560352776567136,8,0.7581683599494836,True
adult,SVM (RBF Kernel),81,SHAP-Targeted CE,343,0.26923680305480957,0.8833333333333351,2,0.2706173093798144,True
adult,SVM (RBF Kernel),82,Actionable CBFI (Proposed),250,0.24462509155273438,7.240398088061083,6,0.7214352929215314,True
adult,SVM (RBF Kernel),82,Untargeted Causal (Karimi 2021),250,0.24995636940002441,15.605307087466016,7,1.6087178350590354,True
adult,SVM (RBF Kernel),82,Wachter's CE,500,0.4296684265136719,13.560352776567136,8,0.7581683599494836,True
adult,SVM (RBF Kernel),82,SHAP-Targeted CE,343,0.27187323570251465,0.8833333333333351,2,0.2706173093798144,True
adult,SVM (RBF Kernel),83,Actionable CBFI (Proposed),250,0.25820422172546387,9.949460838107989,4,0.9348834041311428,True
adult,SVM (RBF Kernel),83,Untargeted Causal (Karimi 2021),250,0.2517354488372803,14.005307087466019,7,1.6087178350590354,True
adult,SVM (RBF Kernel),83,Wachter's CE,500,0.4238624572753906,13.728520417275902,7,0.7581683599494836,True
adult,SVM (RBF Kernel),83,SHAP-Targeted CE,343,0.26701951026916504,1.1666666666666679,2,0.275088026460032,True
adult,SVM (RBF Kernel),84,Actionable CBFI (Proposed),250,0.26814818382263184,11.389364355268665,6,0.3132805691897685,True
adult,SVM (RBF Kernel),84,Untargeted Causal (Karimi 2021),250,0.25917959213256836,16.72108771865999,7,1.1713215386809719,True
adult,SVM (RBF Kernel),84,Wachter's CE,500,0.37977004051208496,16.06147850709871,8,0.7581683599494836,True
adult,SVM (RBF Kernel),84,SHAP-Targeted CE,343,0.26117658615112305,1.0609860299409355,3,0.31414990464285103,True
adult,SVM (RBF Kernel),85,Actionable CBFI (Proposed),250,0.30037999153137207,6.681692399399376,6,0.8145090525220781,True
adult,SVM (RBF Kernel),85,Untargeted Causal (Karimi 2021),250,0.24990177154541016,15.359345596326449,8,0.7522344986622,True
adult,SVM (RBF Kernel),85,Wachter's CE,500,0.44332098960876465,15.359345596326449,8,0.7522344986622,True
adult,SVM (RBF Kernel),85,SHAP-Targeted CE,343,0.26805830001831055,0.1333333333333345,1,0.8081519367243728,True
adult,SVM (RBF Kernel),86,Actionable CBFI (Proposed),250,0.25577807426452637,9.915165692624566,6,1.3126195493528923,True
adult,SVM (RBF Kernel),86,Untargeted Causal (Karimi 2021),250,0.24949073791503906,11.705307087466018,7,1.6087178350590354,True
adult,SVM (RBF Kernel),86,Wachter's CE,500,0.42342400550842285,11.705307087466018,7,1.6087178350590354,True
adult,SVM (RBF Kernel),86,SHAP-Targeted CE,343,0.27093505859375,2.0833333333333326,2,0.2655685101691148,True
adult,SVM (RBF Kernel),87,Actionable CBFI (Proposed),250,0.25301265716552734,11.024363977739167,7,3.0681499662593503,True
adult,SVM (RBF Kernel),87,Untargeted Causal (Karimi 2021),250,0.24909687042236328,16.998061174188603,9,0.16794298906789132,True
adult,SVM (RBF Kernel),87,Wachter's CE,500,0.4217514991760254,14.856154434855885,6,1.9880228834258578,True
adult,SVM (RBF Kernel),87,SHAP-Targeted CE,343,0.2686192989349365,0.6666666666666685,2,1.0808008280989547,True
adult,SVM (RBF Kernel),88,Actionable CBFI (Proposed),250,0.2743051052093506,0.35000000000000026,1,0.8854098046144903,True
adult,SVM (RBF Kernel),88,Untargeted Causal (Karimi 2021),250,0.25084757804870605,16.593897057422335,5,1.6116672478496807,True
adult,SVM (RBF Kernel),88,Wachter's CE,500,0.4303169250488281,15.905801258874602,8,0.7581683599494836,True
adult,SVM (RBF Kernel),88,SHAP-Targeted CE,343,0.2746427059173584,0.8500000000000019,2,0.8854098046144904,True
adult,SVM (RBF Kernel),89,Actionable CBFI (Proposed),250,0.2767326831817627,6.120761480772684,4,0.2234084435896365,True
adult,SVM (RBF Kernel),89,Untargeted Causal (Karimi 2021),250,0.2497389316558838,14.143804660191357,8,0.7522344986622,True
adult,SVM (RBF Kernel),89,Wachter's CE,500,0.4187617301940918,14.143804660191357,8,0.7522344986622,True
adult,SVM (RBF Kernel),89,SHAP-Targeted CE,343,0.22655916213989258,0.36098602994093704,2,0.1506593162449069,True
adult,SVM (RBF Kernel),90,Actionable CBFI (Proposed),250,0.2566866874694824,8.952006296871831,5,2.859788066462304,True
adult,SVM (RBF Kernel),90,Untargeted Causal (Karimi 2021),250,0.24162840843200684,16.317437004587397,8,3.494302289388832,True
adult,SVM (RBF Kernel),90,Wachter's CE,500,0.43086767196655273,12.984031361346073,9,4.201701564894305,True
adult,SVM (RBF Kernel),90,SHAP-Targeted CE,343,0.2646017074584961,2.983333333333333,2,2.8801412993075957,True
adult,SVM (RBF Kernel),91,Actionable CBFI (Proposed),250,0.2833287715911865,3.102466819211611,5,0.09180416416651836,True
adult,SVM (RBF Kernel),91,Untargeted Causal (Karimi 2021),250,0.2718038558959961,14.109345596326449,8,0.7522344986622,True
adult,SVM (RBF Kernel),91,Wachter's CE,500,0.42673325538635254,13.590165692624566,6,2.746431445107605,True
adult,SVM (RBF Kernel),91,SHAP-Targeted CE,343,0.23186850547790527,1.0833333333333326,2,0.16272143820790713,True
adult,SVM (RBF Kernel),92,Actionable CBFI (Proposed),250,0.24914932250976562,16.350877036784297,8,0.9857167216961796,True
adult,SVM (RBF Kernel),92,Untargeted Causal (Karimi 2021),250,0.22461223602294922,16.13053232800382,8,2.746431445107605,True
adult,SVM (RBF Kernel),92,Wachter's CE,500,0.41094303131103516,14.874237652934974,9,0.7581683599494836,True
adult,SVM (RBF Kernel),92,SHAP-Targeted CE,343,0.23642325401306152,2.88295808982281,3,0.8371797543961225,True
adult,SVM (RBF Kernel),93,Actionable CBFI (Proposed),250,0.2920701503753662,3.381412458303765,4,0.5943796852746516,True
adult,SVM (RBF Kernel),93,Untargeted Causal (Karimi 2021),250,0.2488386631011963,16.02373142139442,6,0.7214352929215314,True
adult,SVM (RBF Kernel),93,Wachter's CE,500,0.4241321086883545,12.693686109900469,8,0.7581683599494836,True
adult,SVM (RBF Kernel),93,SHAP-Targeted CE,343,0.2667121887207031,1.3000000000000016,2,0.6714059525477479,True
adult,SVM (RBF Kernel),94,Actionable CBFI (Proposed),250,0.25351762771606445,5.806057574487065,5,0.585205006653863,True
adult,SVM (RBF Kernel),94,Untargeted Causal (Karimi 2021),250,0.25081801414489746,17.12932561066686,8,0.16794298906789132,True
adult,SVM (RBF Kernel),94,Wachter's CE,500,0.3824431896209717,12.359977533056611,7,0.7581683599494836,True
adult,SVM (RBF Kernel),94,SHAP-Targeted CE,343,0.2800161838531494,2.3776526966076017,3,0.3618286801512542,True
adult,SVM (RBF Kernel),95,Actionable CBFI (Proposed),250,0.2535254955291748,6.839390907820398,6,0.7303090262928902,True
adult,SVM (RBF Kernel),95,Untargeted Causal (Karimi 2021),250,0.24014830589294434,16.204181356934445,7,1.6087178350590354,True
adult,SVM (RBF Kernel),95,Wachter's CE,500,0.4209601879119873,16.204181356934445,7,1.6087178350590354,True
adult,SVM (RBF Kernel),95,SHAP-Targeted CE,343,0.29391908645629883,2.577652696607601,3,0.12572977819972023,True
adult,SVM (RBF Kernel),96,Actionable CBFI (Proposed),250,0.24692416191101074,15.55857201442506,7,4.045173546681105,True
adult,SVM (RBF Kernel),96,Untargeted Causal (Karimi 2021),250,0.23927712440490723,16.81360578811786,10,3.270476061511706,True
adult,SVM (RBF Kernel),96,Wachter's CE,500,0.40137457847595215,16.49615054305835,9,5.456162910980086,True
adult,SVM (RBF Kernel),96,SHAP-Targeted CE,343,0.27730870246887207,5.399999999999999,2,1.4074085093738091,True
adult,SVM (RBF Kernel),97,Actionable CBFI (Proposed),250,0.26438212394714355,10.552080812048597,6,1.1637945026734355,True
adult,SVM (RBF Kernel),97,Untargeted Causal (Karimi 2021),250,0.24877023696899414,19.760673950602886,8,1.5179067307498428,True
adult,SVM (RBF Kernel),97,Wachter's CE,500,0.34894418716430664,19.077395773257845,7,1.9880228834258578,True
adult,SVM (RBF Kernel),97,SHAP-Targeted CE,343,0.27941250801086426,1.6166666666666656,2,0.3809092006268593,True
adult,SVM (RBF Kernel),98,Actionable CBFI (Proposed),250,0.23875212669372559,16.25776692009312,8,2.9964060354169715,True
adult,SVM (RBF Kernel),98,Untargeted Causal (Karimi 2021),250,0.23929643630981445,15.898677469067756,8,3.5382084164914915,True
adult,SVM (RBF Kernel),98,Wachter's CE,500,0.3920176029205322,13.426471319498559,8,0.7581683599494836,True
adult,SVM (RBF Kernel),98,SHAP-Targeted CE,343,0.2617788314819336,16.683333333333334,2,0.87425446553905,True
adult,SVM (RBF Kernel),99,Actionable CBFI (Proposed),250,0.2830626964569092,4.411526763371456,6,1.3809138576089943,True
adult,SVM (RBF Kernel),99,Untargeted Causal (Karimi 2021),250,0.25046348571777344,10.857064754727748,5,0.7214352929215314,True
adult,SVM (RBF Kernel),99,Wachter's CE,500,0.44326329231262207,10.857064754727748,5,0.7214352929215314,True
adult,SVM (RBF Kernel),99,SHAP-Targeted CE,343,0.2706315517425537,1.0833333333333344,2,1.5204264003201942,True
adult,SVM (RBF Kernel),100,Actionable CBFI (Proposed),250,0.27518343925476074,7.232075452706526,7,0.820770280863992,True
adult,SVM (RBF Kernel),100,Untargeted Causal (Karimi 2021),250,0.2412869930267334,14.84129142315614,6,2.746431445107605,True
adult,SVM (RBF Kernel),100,Wachter's CE,500,0.3579425811767578,14.84129142315614,6,2.746431445107605,True
adult,SVM (RBF Kernel),100,SHAP-Targeted CE,343,0.2574934959411621,1.4662914231561435,3,0.7308942687547254,True
adult,XGBoost,1,Actionable CBFI (Proposed),216,0.10123538970947266,1.3483045923090744,3,0.3411253746724374,True
adult,XGBoost,1,Untargeted Causal (Karimi 2021),250,0.05202651023864746,13.331813144260549,7,2.746431445107605,True
adult,XGBoost,1,Wachter's CE,500,0.05144929885864258,13.331813144260549,7,2.746431445107605,True
adult,XGBoost,1,SHAP-Targeted CE,343,0.026705265045166016,0.49999999999999906,1,0.3411253746724374,True
adult,XGBoost,2,Actionable CBFI (Proposed),250,0.07449531555175781,12.214140633052853,7,0.7245316950968249,True
adult,XGBoost,2,Untargeted Causal (Karimi 2021),250,0.05163931846618652,17.04680930009569,6,2.746431445107605,True
adult,XGBoost,2,Wachter's CE,500,0.0619049072265625,12.879111533012392,8,0.7581683599494836,True
adult,XGBoost,2,SHAP-Targeted CE,343,0.019717693328857422,2.3899769408044538,2,0.89458900613064,True
adult,XGBoost,3,Actionable CBFI (Proposed),250,0.05908632278442383,9.078185690581662,6,2.1747647005862794,True
adult,XGBoost,3,Untargeted Causal (Karimi 2021),250,0.06530189514160156,15.400159444714348,8,1.6087178350590354,True
adult,XGBoost,3,Wachter's CE,500,0.08176136016845703,14.705205133815465,9,0.7581683599494836,True
adult,XGBoost,3,SHAP-Targeted CE,343,0.028988361358642578,1.6948523572483305,3,0.17346453855662758,True
adult,XGBoost,4,Actionable CBFI (Proposed),250,0.06002402305603027,8.93962838600935,7,4.162314707387703,True
adult,XGBoost,4,Untargeted Causal (Karimi 2021),250,0.06569480895996094,13.618429416680833,8,3.5382084164914915,True
adult,XGBoost,4,Wachter's CE,500,0.07754778861999512,13.618429416680833,8,3.5382084164914915,True
adult,XGBoost,4,SHAP-Targeted CE,343,0.028324604034423828,1.5000000000000009,2,3.327161832107775,True
adult,XGBoost,5,Actionable CBFI (Proposed),250,0.1266493797302246,6.004085495598339,4,0.25260069194560636,True
adult,XGBoost,5,Untargeted Causal (Karimi 2021),250,0.06612229347229004,16.242536081585776,8,0.7522344986622,True
adult,XGBoost,5,Wachter's CE,500,0.07994961738586426,16.227162291307813,8,0.7581683599494836,True
adult,XGBoost,5,SHAP-Targeted CE,343,0.028676986694335938,0.5000000000000014,1,0.1524605965065058,True
adult,XGBoost,6,Actionable CBFI (Proposed),250,0.10230207443237305,0.7290117508786572,4,0.25715782956548233,True
adult,XGBoost,6,Untargeted Causal (Karimi 2021),250,0.0659952163696289,18.372462842788835,6,0.7214352929215314,True
adult,XGBoost,6,Wachter's CE,500,0.07998180389404297,14.628288021839385,8,0.7581683599494836,True
adult,XGBoost,6,SHAP-Targeted CE,343,0.02869558334350586,1.1417295714079714e-15,0,0.32094984627259804,True
adult,XGBoost,7,Actionable CBFI (Proposed),250,0.07686495780944824,0.0,0,1.2863337686266643,True
adult,XGBoost,7,Untargeted Causal (Karimi 2021),250,0.062352895736694336,16.307582846312282,6,2.746431445107605,True
adult,XGBoost,7,Wachter's CE,500,0.07706499099731445,14.87171743852022,8,0.7581683599494836,True
adult,XGBoost,7,SHAP-Targeted CE,343,0.026967525482177734,0.49999999999999867,1,1.2863337686266643,True
adult,XGBoost,8,Actionable CBFI (Proposed),250,0.045455217361450195,9.106314267706702,6,2.4035474016691194,True
adult,XGBoost,8,Untargeted Causal (Karimi 2021),250,0.05319857597351074,13.282558926136335,7,3.5382084164914915,True
adult,XGBoost,8,Wachter's CE,500,0.05976104736328125,12.310352776567138,7,0.7581683599494836,True
adult,XGBoost,8,SHAP-Targeted CE,343,0.02717423439025879,2.999999999999999,2,0.9555649690996287,True
adult,XGBoost,9,Actionable CBFI (Proposed),250,0.055646657943725586,11.657563631281597,6,1.1409317900671248,True
adult,XGBoost,9,Untargeted Causal (Karimi 2021),250,0.053913116455078125,12.6893909078204,6,1.6087178350590354,True
adult,XGBoost,9,Wachter's CE,500,0.07917118072509766,12.6893909078204,6,1.6087178350590354,True
adult,XGBoost,9,SHAP-Targeted CE,343,0.028184890747070312,1.0000000000000013,2,1.2625968741327822,True
adult,XGBoost,10,Actionable CBFI (Proposed),250,0.0733335018157959,9.972462842788836,5,0.3406403647373866,True
adult,XGBoost,10,Untargeted Causal (Karimi 2021),250,0.053180694580078125,15.972462842788834,6,7.673053501663053,True
adult,XGBoost,10,Wachter's CE,500,0.06511497497558594,15.046455662548151,7,0.7581683599494836,True
adult,XGBoost,10,SHAP-Targeted CE,343,0.028322935104370117,1.4999999999999991,1,0.8790863938507322,True
adult,XGBoost,11,Actionable CBFI (Proposed),250,0.11439824104309082,7.6342593979887265,5,0.8019057513459608,True
adult,XGBoost,11,Untargeted Causal (Karimi 2021),250,0.06538844108581543,13.042678929659782,8,0.7522344986622,True
adult,XGBoost,11,Wachter's CE,500,0.07745218276977539,13.042678929659782,8,0.7522344986622,True
adult,XGBoost,11,SHAP-Targeted CE,343,0.028567075729370117,1.0000000000000009,1,0.6870851711613851,True
adult,XGBoost,12,Actionable CBFI (Proposed),250,0.056200265884399414,8.772348997643206,7,1.5384357604999994,True
adult,XGBoost,12,Untargeted Causal (Karimi 2021),250,0.0656728744506836,14.886478507098712,8,1.6087178350590354,True
adult,XGBoost,12,Wachter's CE,500,0.07671236991882324,12.59734899764321,7,0.7581683599494836,True
adult,XGBoost,12,SHAP-Targeted CE,343,0.027331829071044922,1.0000000000000013,2,0.7087552351150949,True
adult,XGBoost,13,Actionable CBFI (Proposed),250,0.06577420234680176,13.829739434190424,9,2.475514608177404,True
adult,XGBoost,13,Untargeted Causal (Karimi 2021),250,0.06558632850646973,15.441620787031267,7,1.5179067307498428,True
adult,XGBoost,13,Wachter's CE,500,0.05498075485229492,14.495664001036968,8,0.577203054724261,True
adult,XGBoost,13,SHAP-Targeted CE,343,0.021917343139648438,1.5000000000000004,2,1.4865714938406238,True
adult,XGBoost,14,Actionable CBFI (Proposed),250,0.059110403060913086,12.597087599278307,6,2.2604280420561564,True
adult,XGBoost,14,Untargeted Causal (Karimi 2021),250,0.06502771377563477,19.22234899764321,7,1.6087178350590354,True
adult,XGBoost,14,Wachter's CE,500,0.07897639274597168,12.094811840432044,8,0.7581683599494836,True
adult,XGBoost,14,SHAP-Targeted CE,343,0.04213285446166992,3.4999999999999987,2,0.4590292039687999,True
adult,XGBoost,15,Actionable CBFI (Proposed),250,0.058382272720336914,10.480307087466016,7,0.2317819483833441,True
adult,XGBoost,15,Untargeted Causal (Karimi 2021),250,0.06496191024780273,14.65934559632645,8,0.7522344986622,True
adult,XGBoost,15,Wachter's CE,500,0.08115577697753906,14.65934559632645,8,0.7522344986622,True
adult,XGBoost,15,SHAP-Targeted CE,343,0.0283205509185791,1.4999999999999991,1,0.8008233953536213,True
adult,XGBoost,16,Actionable CBFI (Proposed),250,0.04699850082397461,12.800755569773482,7,2.1573664876768706,True
adult,XGBoost,16,Untargeted Causal (Karimi 2021),250,0.06696891784667969,13.371973754132682,6,1.6087178350590354,True
adult,XGBoost,16,Wachter's CE,500,0.08130764961242676,10.843686109900469,7,0.7581683599494836,True
adult,XGBoost,16,SHAP-Targeted CE,343,0.056597232818603516,2.999999999999999,2,0.26255906950966496,True
adult,XGBoost,17,Actionable CBFI (Proposed),216,0.09960794448852539,1.0000000000000002,1,0.6186884575367895,True
adult,XGBoost,17,Untargeted Causal (Karimi 2021),250,0.06558632850646973,13.590165692624566,6,2.746431445107605,True
adult,XGBoost,17,Wachter's CE,500,0.07959771156311035,13.590165692624566,6,2.746431445107605,True
adult,XGBoost,17,SHAP-Targeted CE,343,0.0290679931640625,0.49999999999999906,1,0.6186884575367895,True
adult,XGBoost,18,Actionable CBFI (Proposed),250,0.05756664276123047,7.271080419037626,7,0.7834510287550901,True
adult,XGBoost,18,Untargeted Causal (Karimi 2021),250,0.06540870666503906,13.048104567416692,6,2.746431445107605,True
adult,XGBoost,18,Wachter's CE,500,0.0794219970703125,13.048104567416692,6,2.746431445107605,True
adult,XGBoost,18,SHAP-Targeted CE,343,0.027898311614990234,1.5000000000000009,2,0.43488323971867526,True
adult,XGBoost,19,Actionable CBFI (Proposed),250,0.059092044830322266,10.825,5,2.5359491812368717,True
adult,XGBoost,19,Untargeted Causal (Karimi 2021),250,0.06548333168029785,12.233309413157386,7,3.5382084164914915,True
adult,XGBoost,19,Wachter's CE,500,0.07993388175964355,12.233309413157386,7,3.5382084164914915,True
adult,XGBoost,19,SHAP-Targeted CE,343,0.02853989601135254,1.0000000000000013,2,2.2284803065997667,True
adult,XGBoost,20,Actionable CBFI (Proposed),250,0.055039405822753906,11.958200504513332,5,2.5852980514644592,True
adult,XGBoost,20,Untargeted Causal (Karimi 2021),250,0.05119180679321289,16.11503286380457,7,2.746431445107605,True
adult,XGBoost,20,Wachter's CE,500,0.07714056968688965,16.11503286380457,7,2.746431445107605,True
adult,XGBoost,20,SHAP-Targeted CE,343,0.02672600746154785,2.424867171179998,2,1.14138758971677,True
adult,XGBoost,21,Actionable CBFI (Proposed),225,0.10399675369262695,0.49999999999999906,1,0.6675037158936706,True
adult,XGBoost,21,Untargeted Causal (Karimi 2021),250,0.06525516510009766,16.125261775972067,8,0.7522344986622,True
adult,XGBoost,21,Wachter's CE,500,0.0798187255859375,16.125261775972067,8,0.7522344986622,True
adult,XGBoost,21,SHAP-Targeted CE,343,0.02881765365600586,0.49999999999999906,1,0.6675037158936706,True
adult,XGBoost,22,Actionable CBFI (Proposed),250,0.07861137390136719,14.60071255502671,7,0.6537162469332175,True
adult,XGBoost,22,Untargeted Causal (Karimi 2021),250,0.06531476974487305,14.317797479950674,6,1.6087178350590354,True
adult,XGBoost,22,Wachter's CE,500,0.053698062896728516,7.290260322739511,6,0.7581683599494836,True
adult,XGBoost,22,SHAP-Targeted CE,343,0.020842313766479492,2.499999999999999,1,1.4045532019885112,True
adult,XGBoost,23,Actionable CBFI (Proposed),250,0.05972886085510254,11.139390907820397,6,2.1956409344989263,True
adult,XGBoost,23,Untargeted Causal (Karimi 2021),250,0.06518864631652832,14.389390907820399,6,1.6087178350590354,True
adult,XGBoost,23,Wachter's CE,500,0.07741093635559082,13.844436596921518,8,0.7581683599494836,True
adult,XGBoost,23,SHAP-Targeted CE,343,0.028327465057373047,1.0000000000000013,2,0.6479798012591261,True
adult,XGBoost,24,Actionable CBFI (Proposed),250,0.06511592864990234,17.901695422464122,8,3.7750900389872064,True
adult,XGBoost,24,Untargeted Causal (Karimi 2021),250,0.11015987396240234,17.436240729243046,7,3.5382084164914915,True
adult,XGBoost,24,Wachter's CE,500,0.0756685733795166,13.899465031708452,8,0.577203054724261,True
adult,XGBoost,24,SHAP-Targeted CE,343,0.026205062866210938,2.999999999999999,2,0.8480784312271493,True
adult,XGBoost,25,Actionable CBFI (Proposed),250,0.056249141693115234,12.963877898988299,8,2.1960376305845384,True
adult,XGBoost,25,Untargeted Causal (Karimi 2021),250,0.05052542686462402,15.223731421394417,6,0.7214352929215314,True
adult,XGBoost,25,Wachter's CE,500,0.07679319381713867,15.197729323906167,7,2.746431445107605,True
adult,XGBoost,25,SHAP-Targeted CE,343,0.01978302001953125,1.4999999999999991,1,0.6464822890067344,True
adult,XGBoost,26,Actionable CBFI (Proposed),250,0.045739173889160156,9.286364661953083,7,0.6051753050771284,True
adult,XGBoost,26,Untargeted Causal (Karimi 2021),250,0.04911637306213379,11.155307087466017,7,1.6087178350590354,True
adult,XGBoost,26,Wachter's CE,500,0.07724833488464355,11.155307087466017,7,1.6087178350590354,True
adult,XGBoost,26,SHAP-Targeted CE,343,0.02834773063659668,0.9999999999999986,2,0.45487366925740785,True
adult,XGBoost,27,Actionable CBFI (Proposed),250,0.05868864059448242,14.231516630992505,7,2.4167889941765113,True
adult,XGBoost,27,Untargeted Causal (Karimi 2021),250,0.06487107276916504,18.698677469067757,9,3.5382084164914915,True
adult,XGBoost,27,Wachter's CE,500,0.08060050010681152,16.226471319498557,9,0.7581683599494836,True
adult,XGBoost,27,SHAP-Targeted CE,343,0.02804851531982422,3.0161185429314226,3,0.8992338899043942,True
adult,XGBoost,28,Actionable CBFI (Proposed),250,0.058657169342041016,11.622968696722221,7,1.928091443457386,True
adult,XGBoost,28,Untargeted Causal (Karimi 2021),250,0.06571483612060547,15.408064780069719,9,0.7522344986622,True
adult,XGBoost,28,Wachter's CE,500,0.08065676689147949,15.113115174316103,8,2.746431445107605,True
adult,XGBoost,28,SHAP-Targeted CE,343,0.028874635696411133,1.531677273566078,2,0.4816684208879962,True
adult,XGBoost,29,Actionable CBFI (Proposed),250,0.08352422714233398,9.170448482307467,6,0.757123357023039,True
adult,XGBoost,29,Untargeted Causal (Karimi 2021),250,0.06548476219177246,13.105307087466016,7,1.6087178350590354,True
adult,XGBoost,29,Wachter's CE,500,0.08071589469909668,13.105307087466016,7,1.6087178350590354,True
adult,XGBoost,29,SHAP-Targeted CE,343,0.02888774871826172,1.9999999999999982,2,0.23177274855627894,True
adult,XGBoost,30,Actionable CBFI (Proposed),250,0.08016300201416016,7.405393016196779,5,0.5274581930203679,True
adult,XGBoost,30,Untargeted Causal (Karimi 2021),250,0.05059623718261719,13.795293265310157,7,1.6116672478496807,True
adult,XGBoost,30,Wachter's CE,500,0.06142878532409668,8.222083603039394,5,1.9880228834258578,True
adult,XGBoost,30,SHAP-Targeted CE,343,0.025927066802978516,0.9999999999999989,2,0.2635177400885754,True
adult,XGBoost,31,Actionable CBFI (Proposed),250,0.08823966979980469,6.324249512978951,3,0.8711394131491149,True
adult,XGBoost,31,Untargeted Causal (Karimi 2021),250,0.06521153450012207,17.2535204172759,7,1.6087178350590354,True
adult,XGBoost,31,Wachter's CE,500,0.07811689376831055,12.980307087466016,7,0.7581683599494836,True
adult,XGBoost,31,SHAP-Targeted CE,343,0.02611374855041504,1.1417295714079714e-15,0,0.12293099027866854,True
adult,XGBoost,32,Actionable CBFI (Proposed),250,0.05570268630981445,10.439790449114042,5,1.4735449003993832,True
adult,XGBoost,32,Untargeted Causal (Karimi 2021),250,0.06734085083007812,15.432188387771074,6,2.746431445107605,True
adult,XGBoost,32,Wachter's CE,500,0.0800471305847168,14.17589371270223,7,0.7581683599494836,True
adult,XGBoost,32,SHAP-Targeted CE,343,0.028348684310913086,1.0000000000000013,2,0.17093793059828222,True
adult,XGBoost,33,Actionable CBFI (Proposed),250,0.05774521827697754,13.125494171408583,8,0.2974329628998431,True
adult,XGBoost,33,Untargeted Causal (Karimi 2021),250,0.06419181823730469,15.26742223644015,7,1.6087178350590354,True
adult,XGBoost,33,Wachter's CE,500,0.07739520072937012,15.26742223644015,7,1.6087178350590354,True
adult,XGBoost,33,SHAP-Targeted CE,343,0.02800440788269043,1.0000000000000013,2,0.22072519621563283,True
adult,XGBoost,34,Actionable CBFI (Proposed),250,0.08433341979980469,5.186535156834994,4,1.0550392570072455,True
adult,XGBoost,34,Untargeted Causal (Karimi 2021),250,0.05990171432495117,17.79039808806108,6,0.7214352929215314,True
adult,XGBoost,34,Wachter's CE,500,0.07910943031311035,15.260352776567135,8,0.7581683599494836,True
adult,XGBoost,34,SHAP-Targeted CE,343,0.028748512268066406,0.9999999999999987,1,0.7236468091358134,True
adult,XGBoost,35,Actionable CBFI (Proposed),250,0.05736112594604492,11.291291423156142,6,2.4635896187711177,True
adult,XGBoost,35,Untargeted Causal (Karimi 2021),250,0.06578588485717773,13.422348997643208,7,1.6087178350590354,True
adult,XGBoost,35,Wachter's CE,500,0.0792686939239502,12.061478507098709,8,0.7581683599494836,True
adult,XGBoost,35,SHAP-Targeted CE,343,0.027931928634643555,0.9999999999999986,2,0.6054975765838234,True
adult,XGBoost,36,Actionable CBFI (Proposed),250,0.132218599319458,4.958333333333333,2,0.8711394131491148,True
adult,XGBoost,36,Untargeted Causal (Karimi 2021),250,0.06361818313598633,17.847230447352317,7,0.24016994763168256,True
adult,XGBoost,36,Wachter's CE,500,0.07726454734802246,16.528288021839387,8,0.7581683599494836,True
adult,XGBoost,36,SHAP-Targeted CE,343,0.02228236198425293,1.0000000000000009,1,0.28656569123213477,True
adult,XGBoost,37,Actionable CBFI (Proposed),250,0.05890703201293945,11.177908315191019,7,0.40539793905127697,True
adult,XGBoost,37,Untargeted Causal (Karimi 2021),250,0.06293320655822754,15.580329576815856,7,1.5179067307498428,True
adult,XGBoost,37,Wachter's CE,500,0.08043885231018066,15.580329576815856,7,1.5179067307498428,True
adult,XGBoost,37,SHAP-Targeted CE,343,0.028052568435668945,7.499999999999999,1,0.6207363466249981,True
adult,XGBoost,38,Actionable CBFI (Proposed),250,0.07461357116699219,7.827230390755669,3,0.7313976781642911,True
adult,XGBoost,38,Untargeted Causal (Karimi 2021),250,0.06554079055786133,17.429561683197406,6,2.746431445107605,True
adult,XGBoost,38,Wachter's CE,500,0.07748556137084961,15.568875987114858,5,1.9880228834258578,True
adult,XGBoost,38,SHAP-Targeted CE,343,0.03305840492248535,0.49999999999999906,1,0.9817437004559131,True
adult,XGBoost,39,Actionable CBFI (Proposed),250,0.057106971740722656,8.615398088061081,6,0.18123777932881455,True
adult,XGBoost,39,Untargeted Causal (Karimi 2021),250,0.06484365463256836,15.271223267111633,7,1.6087178350590354,True
adult,XGBoost,39,Wachter's CE,500,0.07909536361694336,15.271223267111633,7,1.6087178350590354,True
adult,XGBoost,39,SHAP-Targeted CE,343,0.02755284309387207,0.9999999999999986,2,0.32567418582451174,True
adult,XGBoost,40,Actionable CBFI (Proposed),250,0.06801700592041016,13.297212435224413,8,2.285504092038282,True
adult,XGBoost,40,Untargeted Causal (Karimi 2021),250,0.06647777557373047,16.48603524468016,7,1.6116672478496807,True
adult,XGBoost,40,Wachter's CE,500,0.08158421516418457,14.698008290336055,7,1.9880228834258578,True
adult,XGBoost,40,SHAP-Targeted CE,343,0.028842449188232422,1.5000000000000009,2,0.614999153863424,True
adult,XGBoost,41,Actionable CBFI (Proposed),216,0.10337328910827637,0.8577773269817186,4,0.151591284887772,True
adult,XGBoost,41,Untargeted Causal (Karimi 2021),250,0.05047869682312012,14.860471326858022,8,0.7522344986622,True
adult,XGBoost,41,Wachter's CE,500,0.062340497970581055,14.860471326858022,8,0.7522344986622,True
adult,XGBoost,41,SHAP-Targeted CE,343,0.01952052116394043,0.5000000000000014,1,0.1677629017159462,True
adult,XGBoost,42,Actionable CBFI (Proposed),250,0.05599832534790039,11.370705175527103,8,1.0388081455245397,True
adult,XGBoost,42,Untargeted Causal (Karimi 2021),250,0.06709527969360352,17.708595109305403,8,0.7522344986622,True
adult,XGBoost,42,Wachter's CE,500,0.07989311218261719,14.146973754132684,7,0.7581683599494836,True
adult,XGBoost,42,SHAP-Targeted CE,343,0.028840303421020508,1.4999999999999991,1,0.1124134272997342,True
adult,XGBoost,43,Actionable CBFI (Proposed),250,0.08152294158935547,12.892167882631092,7,1.9268261973660081,True
adult,XGBoost,43,Untargeted Causal (Karimi 2021),250,0.052430152893066406,10.940398088061084,6,0.7214352929215314,True
adult,XGBoost,43,Wachter's CE,500,0.060936689376831055,10.940398088061084,6,0.7214352929215314,True
adult,XGBoost,43,SHAP-Targeted CE,343,0.019838333129882812,0.4999999999999998,1,0.07136732909446276,True
adult,XGBoost,44,Actionable CBFI (Proposed),250,0.04283761978149414,11.91502284455056,7,1.4531994292104926,True
adult,XGBoost,44,Untargeted Causal (Karimi 2021),250,0.05228877067565918,16.496603593374594,7,2.746431445107605,True
adult,XGBoost,44,Wachter's CE,500,0.06226611137390137,14.294811840432041,8,0.7581683599494836,True
adult,XGBoost,44,SHAP-Targeted CE,343,0.019778966903686523,1.4999999999999991,1,0.28554604081697693,True
adult,XGBoost,45,Actionable CBFI (Proposed),250,0.07122254371643066,6.604108402026844,6,4.404888103054934,True
adult,XGBoost,45,Untargeted Causal (Karimi 2021),250,0.051699161529541016,8.730375564521047,7,3.8483526307992224,True
adult,XGBoost,45,Wachter's CE,500,0.052872657775878906,8.730375564521047,7,3.8483526307992224,True
adult,XGBoost,45,SHAP-Targeted CE,343,0.027769804000854492,1.0,1,4.972166598998746,True
adult,XGBoost,46,Actionable CBFI (Proposed),250,0.05675530433654785,14.385795961477182,8,0.47372364556022695,True
adult,XGBoost,46,Untargeted Causal (Karimi 2021),250,0.05103325843811035,19.312350236230785,7,2.746431445107605,True
adult,XGBoost,46,Wachter's CE,500,0.05279541015625,11.046903930210632,9,0.7581683599494836,True
adult,XGBoost,46,SHAP-Targeted CE,343,0.020196914672851562,2.3899769408044538,2,1.1717771232412533,True
adult,XGBoost,47,Actionable CBFI (Proposed),250,0.055702924728393555,9.578591440981713,7,0.6848643309439142,True
adult,XGBoost,47,Untargeted Causal (Karimi 2021),250,0.04959845542907715,15.384649015468778,8,1.6087178350590354,True
adult,XGBoost,47,Wachter's CE,500,0.057439565658569336,14.839694704569897,9,0.7581683599494836,True
adult,XGBoost,47,SHAP-Targeted CE,343,0.025823354721069336,1.9793419280027615,3,0.22362457230377134,True
adult,XGBoost,48,Actionable CBFI (Proposed),250,0.05480217933654785,5.538122329214816,6,0.1332802022871494,True
adult,XGBoost,48,Untargeted Causal (Karimi 2021),250,0.061832427978515625,16.95706475472775,5,0.7214352929215314,True
adult,XGBoost,48,Wachter's CE,500,0.06102418899536133,11.577019443233803,7,0.7581683599494836,True
adult,XGBoost,48,SHAP-Targeted CE,343,0.027948617935180664,1.5000000000000013,2,0.7758439242833898,True
adult,XGBoost,49,Actionable CBFI (Proposed),250,0.043755292892456055,10.804341928002762,6,1.8362254228424233,True
adult,XGBoost,49,Untargeted Causal (Karimi 2021),250,0.05340242385864258,16.815445191590946,9,1.6087178350590354,True
adult,XGBoost,49,Wachter's CE,500,0.07527804374694824,14.358898528447732,8,0.7581683599494836,True
adult,XGBoost,49,SHAP-Targeted CE,343,0.02915024757385254,1.4793419280027647,2,0.2114863917649479,True
adult,XGBoost,50,Actionable CBFI (Proposed),250,0.057877302169799805,11.747808054148647,8,0.9795465915668006,True
adult,XGBoost,50,Untargeted Causal (Karimi 2021),250,0.06499290466308594,15.075839382768397,9,0.7522344986622,True
adult,XGBoost,50,Wachter's CE,500,0.09142947196960449,15.075839382768397,9,0.7522344986622,True
adult,XGBoost,50,SHAP-Targeted CE,343,0.028318405151367188,2.5161185429314203,2,0.40439528328215996,True
adult,XGBoost,51,Actionable CBFI (Proposed),250,0.06948685646057129,12.798079101000845,7,1.36673015672286,True
adult,XGBoost,51,Untargeted Causal (Karimi 2021),250,0.05144047737121582,14.890398088061083,6,0.7214352929215314,True
adult,XGBoost,51,Wachter's CE,500,0.06033134460449219,14.614395990572834,7,2.746431445107605,True
adult,XGBoost,51,SHAP-Targeted CE,343,0.020306825637817383,0.49999999999999906,1,0.3368597755960237,True
adult,XGBoost,52,Actionable CBFI (Proposed),250,0.07112884521484375,7.660563724089003,4,0.2852617992614955,True
adult,XGBoost,52,Untargeted Causal (Karimi 2021),250,0.06397509574890137,13.02335617788389,7,0.7214352929215314,True
adult,XGBoost,52,Wachter's CE,500,0.05411386489868164,12.97075220466748,7,1.9880228834258578,True
adult,XGBoost,52,SHAP-Targeted CE,343,0.04623007774353027,0.4999999999999998,1,0.027947708942555355,True
adult,XGBoost,53,Actionable CBFI (Proposed),250,0.07684779167175293,0.4678171114952576,2,1.4572880747256578,True
adult,XGBoost,53,Untargeted Causal (Karimi 2021),250,0.06595969200134277,12.618429416680836,8,3.5382084164914915,True
adult,XGBoost,53,Wachter's CE,500,0.07991194725036621,10.146223267111637,7,0.7581683599494836,True
adult,XGBoost,53,SHAP-Targeted CE,343,0.028495073318481445,0.5000000000000014,1,1.2250759503764235,True
adult,XGBoost,54,Actionable CBFI (Proposed),250,0.07453441619873047,3.5132616593520796,4,1.1140308098880103,True
adult,XGBoost,54,Untargeted Causal (Karimi 2021),250,0.06194615364074707,15.199225592803003,8,3.5382084164914915,True
adult,XGBoost,54,Wachter's CE,500,0.07539629936218262,10.893686109900472,8,0.7581683599494836,True
adult,XGBoost,54,SHAP-Targeted CE,343,0.01971268653869629,1.0000000000000007,1,0.8350661719771969,True
adult,XGBoost,55,Actionable CBFI (Proposed),250,0.0537104606628418,4.8999999999999995,4,1.5888891643965881,True
adult,XGBoost,55,Untargeted Causal (Karimi 2021),250,0.05328226089477539,15.95706475472775,5,0.7214352929215314,True
adult,XGBoost,55,Wachter's CE,500,0.06340265274047852,10.577019443233803,7,0.7581683599494836,True
adult,XGBoost,55,SHAP-Targeted CE,343,0.027927160263061523,1.0000000000000013,2,0.31098298182426815,True
adult,XGBoost,56,Actionable CBFI (Proposed),250,0.05392861366271973,8.640916179645618,6,3.887422091621224,True
adult,XGBoost,56,Untargeted Causal (Karimi 2021),250,0.06542515754699707,13.11514177244862,8,3.5382084164914915,True
adult,XGBoost,56,Wachter's CE,500,0.07966327667236328,13.11514177244862,8,3.5382084164914915,True
adult,XGBoost,56,SHAP-Targeted CE,343,0.026514768600463867,0.9999999999999986,2,1.7784343729618843,True
adult,XGBoost,57,Actionable CBFI (Proposed),250,0.052857160568237305,11.258333333333333,5,1.8594174927634526,True
adult,XGBoost,57,Untargeted Causal (Karimi 2021),250,0.04969930648803711,14.905307087466017,7,1.6087178350590354,True
adult,XGBoost,57,Wachter's CE,500,0.06188201904296875,14.905307087466017,7,1.6087178350590354,True
adult,XGBoost,57,SHAP-Targeted CE,343,0.02288961410522461,1.0000000000000013,2,0.2384405728107112,True
adult,XGBoost,58,Actionable CBFI (Proposed),216,0.08528947830200195,1.2500000000000002,2,0.8386075951980724,True
adult,XGBoost,58,Untargeted Causal (Karimi 2021),250,0.06318974494934082,14.547729323906166,7,2.746431445107605,True
adult,XGBoost,58,Wachter's CE,500,0.06007862091064453,14.387043627823623,7,1.9880228834258578,True
adult,XGBoost,58,SHAP-Targeted CE,343,0.019623279571533203,0.49999999999999906,1,0.608584641024316,True
adult,XGBoost,59,Actionable CBFI (Proposed),250,0.06179308891296387,14.531759635237949,9,0.34399172279437346,True
adult,XGBoost,59,Untargeted Causal (Karimi 2021),250,0.06382298469543457,13.429747063577631,8,1.5179067307498428,True
adult,XGBoost,59,Wachter's CE,500,0.05199766159057617,13.429747063577631,8,1.5179067307498428,True
adult,XGBoost,59,SHAP-Targeted CE,343,0.027714252471923828,1.4999999999999987,2,1.4947631556926588,True
adult,XGBoost,60,Actionable CBFI (Proposed),250,0.056639671325683594,13.827508531889954,7,0.8110490913057458,True
adult,XGBoost,60,Untargeted Causal (Karimi 2021),250,0.06110954284667969,13.867422236440149,7,1.6087178350590354,True
adult,XGBoost,60,Wachter's CE,500,0.04990077018737793,13.867422236440149,7,1.6087178350590354,True
adult,XGBoost,60,SHAP-Targeted CE,343,0.028797149658203125,1.5000000000000004,2,0.2659399068464972,True
adult,XGBoost,61,Actionable CBFI (Proposed),250,0.08265280723571777,13.5956464756776,8,0.16515463539978942,True
adult,XGBoost,61,Untargeted Causal (Karimi 2021),250,0.05800795555114746,15.375494171408583,8,0.7522344986622,True
adult,XGBoost,61,Wachter's CE,500,0.07955288887023926,15.375494171408583,8,0.7522344986622,True
adult,XGBoost,61,SHAP-Targeted CE,343,0.028925180435180664,0.49999999999999906,1,0.24807408627916608,True
adult,XGBoost,62,Actionable CBFI (Proposed),250,0.05683541297912598,8.213754265944976,7,3.584062161681589,True
adult,XGBoost,62,Untargeted Causal (Karimi 2021),250,0.05454874038696289,10.08673990546361,7,3.5382084164914915,True
adult,XGBoost,62,Wachter's CE,500,0.07267427444458008,10.08673990546361,7,3.5382084164914915,True
adult,XGBoost,62,SHAP-Targeted CE,343,0.028205394744873047,1.4999999999999991,1,2.500052514880002,True
adult,XGBoost,63,Actionable CBFI (Proposed),225,0.10160446166992188,0.49999999999999906,1,0.15547280500980015,True
adult,XGBoost,63,Untargeted Causal (Karimi 2021),250,0.05474853515625,16.505307087466015,7,1.6087178350590354,True
adult,XGBoost,63,Wachter's CE,500,0.06202960014343262,16.049693233544502,7,0.7163110333569837,True
adult,XGBoost,63,SHAP-Targeted CE,343,0.023306608200073242,0.49999999999999906,1,0.15547280500980015,True
adult,XGBoost,64,Actionable CBFI (Proposed),250,0.08674883842468262,3.2845658976965284,5,0.9325348856503609,True
adult,XGBoost,64,Untargeted Causal (Karimi 2021),250,0.05476832389831543,12.540165692624566,6,2.746431445107605,True
adult,XGBoost,64,Wachter's CE,500,0.08278584480285645,12.540165692624566,6,2.746431445107605,True
adult,XGBoost,64,SHAP-Targeted CE,343,0.04994702339172363,0.49999999999999906,1,0.3542175730485731,True
adult,XGBoost,65,Actionable CBFI (Proposed),250,0.054062843322753906,6.283333333333333,4,0.9106625249815495,True
adult,XGBoost,65,Untargeted Causal (Karimi 2021),250,0.05127978324890137,16.805307087466016,7,1.6087178350590354,True
adult,XGBoost,65,Wachter's CE,500,0.05098986625671387,16.349693233544503,7,0.7163110333569837,True
adult,XGBoost,65,SHAP-Targeted CE,343,0.019378662109375,0.49999999999999906,1,0.15358855709347424,True
adult,XGBoost,66,Actionable CBFI (Proposed),250,0.05715441703796387,16.260893673898416,9,1.7041923806282266,True
adult,XGBoost,66,Untargeted Causal (Karimi 2021),250,0.06487321853637695,17.569740016063847,7,0.7214352929215314,True
adult,XGBoost,66,Wachter's CE,500,0.07963943481445312,17.293737918575598,8,2.746431445107605,True
adult,XGBoost,66,SHAP-Targeted CE,343,0.028864383697509766,1.979341928002764,2,0.30319658608242667,True
adult,XGBoost,67,Actionable CBFI (Proposed),250,0.05434012413024902,8.452840953960663,7,2.624235066047309,True
adult,XGBoost,67,Untargeted Causal (Karimi 2021),250,0.05325126647949219,13.752840953960662,7,2.746431445107605,True
adult,XGBoost,67,Wachter's CE,500,0.07761764526367188,13.752840953960662,7,2.746431445107605,True
adult,XGBoost,67,SHAP-Targeted CE,343,0.027448415756225586,1.979341928002764,2,0.3980899090259453,True
adult,XGBoost,68,Actionable CBFI (Proposed),250,0.0425105094909668,12.907224199442094,9,1.7010997809086863,True
adult,XGBoost,68,Untargeted Causal (Karimi 2021),250,0.04984307289123535,17.243277271588852,6,1.1713215386809719,True
adult,XGBoost,68,Wachter's CE,500,0.059659481048583984,16.339288954169845,9,0.7581683599494836,True
adult,XGBoost,68,SHAP-Targeted CE,343,0.019615650177001953,1.69485235724833,2,0.14794423252294192,True
adult,XGBoost,69,Actionable CBFI (Proposed),250,0.05682945251464844,16.753604230270813,8,1.2681648002904045,True
adult,XGBoost,69,Untargeted Causal (Karimi 2021),250,0.0480344295501709,14.03846754057463,8,1.6087178350590354,True
adult,XGBoost,69,Wachter's CE,500,0.051970481872558594,14.03846754057463,8,1.6087178350590354,True
adult,XGBoost,69,SHAP-Targeted CE,343,0.019581317901611328,3.01611854293142,3,1.1988687363542183,True
adult,XGBoost,70,Actionable CBFI (Proposed),250,0.04421114921569824,10.206314267706702,7,2.4035474016691194,True
adult,XGBoost,70,Untargeted Causal (Karimi 2021),250,0.05312085151672363,14.382558926136337,8,3.5382084164914915,True
adult,XGBoost,70,Wachter's CE,500,0.060155391693115234,13.410352776567137,8,0.7581683599494836,True
adult,XGBoost,70,SHAP-Targeted CE,343,0.01994013786315918,1.9999999999999982,2,0.959269593252673,True
adult,XGBoost,71,Actionable CBFI (Proposed),250,0.04288148880004883,13.152900540677713,8,2.1125887908609298,True
adult,XGBoost,71,Untargeted Causal (Karimi 2021),250,0.05214858055114746,15.886984361032095,8,1.6087178350590354,True
adult,XGBoost,71,Wachter's CE,500,0.0604252815246582,15.886984361032095,8,1.6087178350590354,True
adult,XGBoost,71,SHAP-Targeted CE,343,0.019516944885253906,2.03167727356608,3,0.6689308626221062,True
adult,XGBoost,72,Actionable CBFI (Proposed),250,0.08226442337036133,6.111108293635745,4,1.1112357161111526,True
adult,XGBoost,72,Untargeted Causal (Karimi 2021),250,0.05079841613769531,13.876012262993118,7,0.7522344986622,True
adult,XGBoost,72,Wachter's CE,500,0.050614356994628906,13.876012262993118,7,0.7522344986622,True
adult,XGBoost,72,SHAP-Targeted CE,343,0.019905567169189453,0.49999999999999906,1,1.1112357161111526,True
adult,XGBoost,73,Actionable CBFI (Proposed),250,0.04376053810119629,8.352962255617072,7,2.1454016381483023,True
adult,XGBoost,73,Untargeted Causal (Karimi 2021),250,0.052552223205566406,15.697916944123122,9,0.7522344986622,True
adult,XGBoost,73,Wachter's CE,500,0.05161619186401367,15.697916944123122,9,0.7522344986622,True
adult,XGBoost,73,SHAP-Targeted CE,343,0.028003692626953125,1.0885713477966719,2,0.5513402427253132,True
adult,XGBoost,74,Actionable CBFI (Proposed),250,0.0902853012084961,6.763965177648945,5,1.082329572128317,True
adult,XGBoost,74,Untargeted Causal (Karimi 2021),250,0.08031320571899414,17.155307087466017,7,1.6087178350590354,True
adult,XGBoost,74,Wachter's CE,500,0.0742638111114502,14.860352776567137,8,0.7581683599494836,True
adult,XGBoost,74,SHAP-Targeted CE,343,0.020899295806884766,0.9999999999999987,1,0.696996460325766,True
adult,XGBoost,75,Actionable CBFI (Proposed),250,0.11280345916748047,4.272462697398222,6,0.33060211149702157,True
adult,XGBoost,75,Untargeted Causal (Karimi 2021),250,0.05157470703125,13.831437900750027,7,2.746431445107605,True
adult,XGBoost,75,Wachter's CE,500,0.054111480712890625,13.831437900750027,7,2.746431445107605,True
adult,XGBoost,75,SHAP-Targeted CE,343,0.02860093116760254,1.0000000000000009,1,0.41442034826026325,True
adult,XGBoost,76,Actionable CBFI (Proposed),250,0.05057168006896973,10.19903992328918,8,1.803789085113862,True
adult,XGBoost,76,Untargeted Causal (Karimi 2021),250,0.05206632614135742,15.373476463614049,9,1.9990512454494906,True
adult,XGBoost,76,Wachter's CE,500,0.052384376525878906,13.924296616508816,9,0.7581683599494836,True
adult,XGBoost,76,SHAP-Targeted CE,343,0.0266573429107666,1.4793419280027618,2,0.35717827049686185,True
adult,XGBoost,77,Actionable CBFI (Proposed),250,0.07343506813049316,9.860563724089005,4,0.6959846567624419,True
adult,XGBoost,77,Untargeted Causal (Karimi 2021),250,0.0652318000793457,16.563005439973708,8,1.5179067307498428,True
adult,XGBoost,77,Wachter's CE,500,0.07932472229003906,15.974254595731388,7,0.7581683599494836,True
adult,XGBoost,77,SHAP-Targeted CE,343,0.02944493293762207,0.5000000000000014,1,1.1273843220727484,True
adult,XGBoost,78,Actionable CBFI (Proposed),250,0.061224937438964844,12.101578530088474,7,0.3000567834534779,True
adult,XGBoost,78,Untargeted Causal (Karimi 2021),250,0.04897642135620117,11.245508257978317,6,1.5179067307498428,True
adult,XGBoost,78,Wachter's CE,500,0.06092524528503418,11.245508257978317,6,1.5179067307498428,True
adult,XGBoost,78,SHAP-Targeted CE,343,0.027224063873291016,1.5000000000000009,2,0.6536055266881535,True
adult,XGBoost,79,Actionable CBFI (Proposed),250,0.05483365058898926,14.660893673898414,9,1.7041923806282266,True
adult,XGBoost,79,Untargeted Causal (Karimi 2021),250,0.05838966369628906,17.96974001606385,7,0.7214352929215314,True
adult,XGBoost,79,Wachter's CE,500,0.07885050773620605,16.589694704569897,9,0.7581683599494836,True
adult,XGBoost,79,SHAP-Targeted CE,343,0.02831721305847168,0.9793419280027642,1,0.33130932447099637,True
adult,XGBoost,80,Actionable CBFI (Proposed),250,0.042230844497680664,10.252698105886655,8,1.2564337056015666,True
adult,XGBoost,80,Untargeted Causal (Karimi 2021),250,0.0625607967376709,12.389813254860787,9,0.7522344986622,True
adult,XGBoost,80,Wachter's CE,500,0.07773375511169434,12.389813254860787,9,0.7522344986622,True
adult,XGBoost,80,SHAP-Targeted CE,343,0.02034735679626465,1.4793419280027622,2,0.17101800544081938,True
adult,XGBoost,81,Actionable CBFI (Proposed),250,0.04018354415893555,11.424249512978953,6,1.4854794583399535,True
adult,XGBoost,81,Untargeted Causal (Karimi 2021),250,0.05170488357543945,15.605307087466016,7,1.6087178350590354,True
adult,XGBoost,81,Wachter's CE,500,0.0502626895904541,13.560352776567136,8,0.7581683599494836,True
adult,XGBoost,81,SHAP-Targeted CE,343,0.01946234703063965,1.0000000000000013,2,0.14679573764413587,True
adult,XGBoost,82,Actionable CBFI (Proposed),250,0.052668094635009766,11.424249512978953,6,1.4854794583399535,True
adult,XGBoost,82,Untargeted Causal (Karimi 2021),250,0.0625004768371582,15.605307087466016,7,1.6087178350590354,True
adult,XGBoost,82,Wachter's CE,500,0.060948848724365234,13.560352776567136,8,0.7581683599494836,True
adult,XGBoost,82,SHAP-Targeted CE,343,0.02006983757019043,1.0000000000000013,2,0.14679573764413587,True
adult,XGBoost,83,Actionable CBFI (Proposed),250,0.07101750373840332,7.540398088061081,5,0.6947011297141058,True
adult,XGBoost,83,Untargeted Causal (Karimi 2021),250,0.06263971328735352,14.005307087466019,7,1.6087178350590354,True
adult,XGBoost,83,Wachter's CE,500,0.05067634582519531,13.728520417275902,7,0.7581683599494836,True
adult,XGBoost,83,SHAP-Targeted CE,343,0.01925945281982422,1.0000000000000013,2,0.3960644905523644,True
adult,XGBoost,84,Actionable CBFI (Proposed),225,0.0982203483581543,0.49999999999999906,1,0.29778499025038585,True
adult,XGBoost,84,Untargeted Causal (Karimi 2021),250,0.06516003608703613,16.72108771865999,7,1.1713215386809719,True
adult,XGBoost,84,Wachter's CE,500,0.08092999458312988,16.06147850709871,8,0.7581683599494836,True
adult,XGBoost,84,SHAP-Targeted CE,343,0.029181718826293945,0.49999999999999906,1,0.29778499025038585,True
adult,XGBoost,85,Actionable CBFI (Proposed),250,0.058080434799194336,12.758333333333333,5,1.2421324862918939,True
adult,XGBoost,85,Untargeted Causal (Karimi 2021),250,0.06180238723754883,15.359345596326449,8,0.7522344986622,True
adult,XGBoost,85,Wachter's CE,500,0.07705831527709961,15.359345596326449,8,0.7522344986622,True
adult,XGBoost,85,SHAP-Targeted CE,343,0.026913166046142578,0.500000000000001,1,0.7776387594037416,True
adult,XGBoost,86,Actionable CBFI (Proposed),250,0.04268693923950195,10.85150605679453,6,1.343265075145384,True
adult,XGBoost,86,Untargeted Causal (Karimi 2021),250,0.053112030029296875,11.705307087466018,7,1.6087178350590354,True
adult,XGBoost,86,Wachter's CE,500,0.08415555953979492,11.705307087466018,7,1.6087178350590354,True
adult,XGBoost,86,SHAP-Targeted CE,343,0.019338130950927734,0.9999999999999986,2,0.377031956155222,True
adult,XGBoost,87,Actionable CBFI (Proposed),250,0.06116628646850586,12.92812818898857,8,0.5757754571566257,True
adult,XGBoost,87,Untargeted Causal (Karimi 2021),250,0.06339597702026367,16.337893208097455,8,1.5179067307498428,True
adult,XGBoost,87,Wachter's CE,500,0.07259488105773926,14.705590975180755,8,0.577203054724261,True
adult,XGBoost,87,SHAP-Targeted CE,343,0.018985986709594727,12.0,1,1.045093449306819,True
adult,XGBoost,88,Actionable CBFI (Proposed),216,0.07428646087646484,0.0,0,0.8217413234950371,True
adult,XGBoost,88,Untargeted Causal (Karimi 2021),250,0.06582975387573242,16.593897057422335,5,1.6116672478496807,True
adult,XGBoost,88,Wachter's CE,500,0.08156561851501465,15.905801258874602,8,0.7581683599494836,True
adult,XGBoost,88,SHAP-Targeted CE,343,0.029616117477416992,0.5000000000000014,1,0.8217413234950371,True
adult,XGBoost,89,Actionable CBFI (Proposed),250,0.06375265121459961,11.803362254357664,7,0.7422664625582124,True
adult,XGBoost,89,Untargeted Causal (Karimi 2021),250,0.06620025634765625,14.143804660191357,8,0.7522344986622,True
adult,XGBoost,89,Wachter's CE,500,0.07963752746582031,14.143804660191357,8,0.7522344986622,True
adult,XGBoost,89,SHAP-Targeted CE,343,0.029271364212036133,1.1417295714079714e-15,0,0.17383861459153446,True
adult,XGBoost,90,Actionable CBFI (Proposed),250,0.06124305725097656,12.72672912842937,8,3.9626009364395363,True
adult,XGBoost,90,Untargeted Causal (Karimi 2021),250,0.062415122985839844,16.317437004587397,8,3.494302289388832,True
adult,XGBoost,90,Wachter's CE,500,0.05197644233703613,12.984031361346073,9,4.201701564894305,True
adult,XGBoost,90,SHAP-Targeted CE,343,0.026395082473754883,7.499999999999999,2,4.025812212384277,True
adult,XGBoost,91,Actionable CBFI (Proposed),250,0.06720709800720215,11.80510850772572,7,0.46420254830147983,True
adult,XGBoost,91,Untargeted Causal (Karimi 2021),250,0.05600309371948242,14.109345596326449,8,0.7522344986622,True
adult,XGBoost,91,Wachter's CE,500,0.060730934143066406,13.590165692624566,6,2.746431445107605,True
adult,XGBoost,91,SHAP-Targeted CE,343,0.01986527442932129,0.49999999999999906,1,0.12253482647155271,True
adult,XGBoost,92,Actionable CBFI (Proposed),250,0.05628323554992676,11.163604262972251,9,1.264178392612603,True
adult,XGBoost,92,Untargeted Causal (Karimi 2021),250,0.06261277198791504,16.13053232800382,8,2.746431445107605,True
adult,XGBoost,92,Wachter's CE,500,0.05016279220581055,14.874237652934974,9,0.7581683599494836,True
adult,XGBoost,92,SHAP-Targeted CE,343,0.027135372161865234,2.03167727356608,3,0.4843948453998017,True
adult,XGBoost,93,Actionable CBFI (Proposed),250,0.05132341384887695,7.530796176122167,5,1.630751137436216,True
adult,XGBoost,93,Untargeted Causal (Karimi 2021),250,0.04859423637390137,16.02373142139442,6,0.7214352929215314,True
adult,XGBoost,93,Wachter's CE,500,0.07692337036132812,12.693686109900469,8,0.7581683599494836,True
adult,XGBoost,93,SHAP-Targeted CE,343,0.027536869049072266,1.0000000000000013,2,0.514920053857347,True
adult,XGBoost,94,Actionable CBFI (Proposed),250,0.0442347526550293,8.217274683220875,7,1.4832713032352844,True
adult,XGBoost,94,Untargeted Causal (Karimi 2021),250,0.06266641616821289,16.34810456741669,6,2.746431445107605,True
adult,XGBoost,94,Wachter's CE,500,0.07667684555053711,12.359977533056611,7,0.7581683599494836,True
adult,XGBoost,94,SHAP-Targeted CE,343,0.02709197998046875,1.5000000000000013,2,0.8761469305690994,True
adult,XGBoost,95,Actionable CBFI (Proposed),250,0.0585629940032959,11.033452261231393,8,1.0829737977859584,True
adult,XGBoost,95,Untargeted Causal (Karimi 2021),250,0.06546711921691895,16.204181356934445,7,1.6087178350590354,True
adult,XGBoost,95,Wachter's CE,500,0.07940840721130371,16.204181356934445,7,1.6087178350590354,True
adult,XGBoost,95,SHAP-Targeted CE,343,0.02842855453491211,1.0000000000000013,2,0.16060779282876556,True
adult,XGBoost,96,Actionable CBFI (Proposed),250,0.061487674713134766,14.571598968769162,7,4.480462827888238,True
adult,XGBoost,96,Untargeted Causal (Karimi 2021),250,0.06497335433959961,18.946413730244295,8,1.5179067307498428,True
adult,XGBoost,96,Wachter's CE,500,0.050421953201293945,15.314111497327595,8,0.577203054724261,True
adult,XGBoost,96,SHAP-Targeted CE,343,0.019153118133544922,3.4999999999999987,2,1.337283255130705,True
adult,XGBoost,97,Actionable CBFI (Proposed),250,0.06189703941345215,17.529396300695225,7,0.57067013805416,True
adult,XGBoost,97,Untargeted Causal (Karimi 2021),250,0.05228233337402344,19.760673950602886,8,1.5179067307498428,True
adult,XGBoost,97,Wachter's CE,500,0.05095720291137695,19.077395773257845,7,1.9880228834258578,True
adult,XGBoost,97,SHAP-Targeted CE,343,0.023276805877685547,1.5000000000000009,2,0.28203170608938727,True
adult,XGBoost,98,Actionable CBFI (Proposed),250,0.0540308952331543,14.011562320093624,7,1.6962010607687417,True
adult,XGBoost,98,Untargeted Causal (Karimi 2021),250,0.051631927490234375,15.898677469067756,8,3.5382084164914915,True
adult,XGBoost,98,Wachter's CE,500,0.09234929084777832,13.426471319498559,8,0.7581683599494836,True
adult,XGBoost,98,SHAP-Targeted CE,343,0.028109312057495117,5.01611854293142,3,0.9088674103654517,True
adult,XGBoost,99,Actionable CBFI (Proposed),250,0.07371926307678223,2.8909161796456178,4,1.185770207773056,True
adult,XGBoost,99,Untargeted Causal (Karimi 2021),250,0.04904031753540039,10.857064754727748,5,0.7214352929215314,True
adult,XGBoost,99,Wachter's CE,500,0.07430028915405273,10.857064754727748,5,0.7214352929215314,True
adult,XGBoost,99,SHAP-Targeted CE,343,0.020940542221069336,0.5000000000000007,1,1.3809138576089943,True
adult,XGBoost,100,Actionable CBFI (Proposed),250,0.060602664947509766,10.800380326262957,7,1.6621627663258363,True
adult,XGBoost,100,Untargeted Causal (Karimi 2021),250,0.06607580184936523,14.84129142315614,6,2.746431445107605,True
adult,XGBoost,100,Wachter's CE,500,0.08138465881347656,14.84129142315614,6,2.746431445107605,True
adult,XGBoost,100,SHAP-Targeted CE,343,0.05335044860839844,1.0000000000000013,2,0.48802532019242323,True
