Dataset,Model_Architecture,Instance,Method,Evaluations,Time (s),Recourse Cost,Sparsity (L0),Causal Plausibility MSE,Success
medical_insurance,RandomForest,1,Actionable CBFI (Proposed),250,0.03757619857788086,3.531583551229592,3.0,1.5464754515058357,True
medical_insurance,RandomForest,1,Untargeted Causal (Karimi 2021),250,0.0846869945526123,3.7057587780506385,5.0,2.201556838097144,True
medical_insurance,RandomForest,1,Wachter's CE,500,0.05875372886657715,3.7057587780506385,5.0,2.201556838097144,True
medical_insurance,RandomForest,1,SHAP-Targeted CE,343,0.027035236358642578,1.4300137018829926,3.0,1.9703760208114336,True
medical_insurance,RandomForest,2,Actionable CBFI (Proposed),250,0.03967881202697754,1.5261164274322174,3.0,0.3062606161209555,True
medical_insurance,RandomForest,2,Untargeted Causal (Karimi 2021),250,0.03852486610412598,3.3636363636363633,3.0,0.13383898112896847,True
medical_insurance,RandomForest,2,Wachter's CE,500,0.055555105209350586,3.3636363636363633,3.0,0.13383898112896847,True
medical_insurance,RandomForest,2,SHAP-Targeted CE,343,0.026254892349243164,0.15935672514619806,2.0,0.061005091067667404,True
medical_insurance,RandomForest,3,Actionable CBFI (Proposed),250,0.03740406036376953,4.946997069788062,4.0,0.13383898112896847,True
medical_insurance,RandomForest,3,Untargeted Causal (Karimi 2021),250,0.038066864013671875,5.3434781241015346,6.0,0.3062606161209555,True
medical_insurance,RandomForest,3,Wachter's CE,500,0.05591988563537598,3.7239109453861476,5.0,0.3062606161209555,True
medical_insurance,RandomForest,3,SHAP-Targeted CE,343,0.026071786880493164,1.5449229133439666,2.0,0.1657460884605614,True
medical_insurance,RandomForest,4,Actionable CBFI (Proposed),250,0.038291215896606445,5.726310219578151,5.0,0.6475531665001245,True
medical_insurance,RandomForest,4,Untargeted Causal (Karimi 2021),250,0.03832602500915527,6.695563941117442,5.0,0.3062606161209555,True
medical_insurance,RandomForest,4,Wachter's CE,500,0.05668830871582031,5.856797786499494,5.0,2.201556838097144,True
medical_insurance,RandomForest,4,SHAP-Targeted CE,343,0.026453733444213867,2.842958943775603,3.0,0.2482937086167764,True
medical_insurance,RandomForest,5,Actionable CBFI (Proposed),250,0.04077887535095215,2.4611244019138767,3.0,0.10518694954951562,True
medical_insurance,RandomForest,5,Untargeted Causal (Karimi 2021),250,0.037949562072753906,4.262043840943133,4.0,0.318678460126085,True
medical_insurance,RandomForest,5,Wachter's CE,500,0.05556821823120117,3.7202950558213717,3.0,0.318678460126085,True
medical_insurance,RandomForest,5,SHAP-Targeted CE,343,0.036047935485839844,0.8312068048910164,2.0,0.03169697741293472,True
medical_insurance,RandomForest,6,Actionable CBFI (Proposed),250,0.03859257698059082,3.897572434760552,5.0,0.12583490265865804,True
medical_insurance,RandomForest,6,Untargeted Causal (Karimi 2021),250,0.038702964782714844,4.517084867839209,5.0,0.12583490265865804,True
medical_insurance,RandomForest,6,Wachter's CE,500,0.05626058578491211,4.3142117286088535,5.0,1.006777260711997,True
medical_insurance,RandomForest,6,SHAP-Targeted CE,343,0.026291847229003906,1.682671862435889,3.0,0.03169697741293472,True
medical_insurance,RandomForest,7,Actionable CBFI (Proposed),250,0.03745889663696289,4.817411742834314,5.0,0.318678460126085,True
medical_insurance,RandomForest,7,Untargeted Causal (Karimi 2021),250,0.03822517395019531,3.739035087719298,3.0,1.518971737338807,True
medical_insurance,RandomForest,7,Wachter's CE,500,0.0555572509765625,3.739035087719298,3.0,1.518971737338807,True
medical_insurance,RandomForest,7,SHAP-Targeted CE,343,0.02740025520324707,1.4980063795853265,2.0,1.7227331603427884,True
medical_insurance,RandomForest,8,Actionable CBFI (Proposed),250,0.04177975654602051,2.1684882978582363,3.0,1.5464754515058357,True
medical_insurance,RandomForest,8,Untargeted Causal (Karimi 2021),250,0.03815960884094238,3.8768216311915698,4.0,0.318678460126085,True
medical_insurance,RandomForest,8,Wachter's CE,500,0.05630946159362793,3.8353441050043884,4.0,1.006777260711997,True
medical_insurance,RandomForest,8,SHAP-Targeted CE,343,0.026619911193847656,0.7163742690058497,2.0,1.1738563025546684,True
medical_insurance,RandomForest,9,Actionable CBFI (Proposed),250,0.026723623275756836,3.8363135423933574,4.0,0.013119733017957986,True
medical_insurance,RandomForest,9,Untargeted Causal (Karimi 2021),250,0.03218841552734375,1.9613409152117223,4.0,1.5464754515058357,True
medical_insurance,RandomForest,9,Wachter's CE,500,0.05186891555786133,1.9613409152117223,4.0,1.5464754515058357,True
medical_insurance,RandomForest,9,SHAP-Targeted CE,343,0.02783036231994629,1.6974246535044684,3.0,1.5464754515058357,True
medical_insurance,RandomForest,10,Actionable CBFI (Proposed),250,0.03720211982727051,4.171695241778095,4.0,2.168717071616575,True
medical_insurance,RandomForest,10,Untargeted Causal (Karimi 2021),250,0.0381929874420166,5.682697748439146,4.0,0.318678460126085,True
medical_insurance,RandomForest,10,Wachter's CE,500,0.05581784248352051,3.3909763361357492,3.0,2.168717071616575,True
medical_insurance,RandomForest,10,SHAP-Targeted CE,343,0.025926589965820312,1.9326156299840511,2.0,2.168717071616575,True
medical_insurance,RandomForest,11,Actionable CBFI (Proposed),250,0.037337541580200195,3.450348630112657,4.0,2.168717071616575,True
medical_insurance,RandomForest,11,Untargeted Causal (Karimi 2021),250,0.04000139236450195,2.9920426695976885,5.0,2.168717071616575,True
medical_insurance,RandomForest,11,Wachter's CE,500,0.056809186935424805,2.9920426695976885,5.0,2.168717071616575,True
medical_insurance,RandomForest,11,SHAP-Targeted CE,343,0.026113271713256836,1.9225708523348795,3.0,2.168717071616575,True
medical_insurance,RandomForest,12,Actionable CBFI (Proposed),250,0.0408782958984375,4.132775119617227,4.0,0.013119733017957986,True
medical_insurance,RandomForest,12,Untargeted Causal (Karimi 2021),250,0.03859519958496094,4.132775119617227,4.0,0.013119733017957986,True
medical_insurance,RandomForest,12,Wachter's CE,500,0.055747270584106445,4.132775119617227,4.0,0.013119733017957986,True
medical_insurance,RandomForest,12,SHAP-Targeted CE,343,0.055173635482788086,1.6507177033492832,2.0,0.2482937086167764,True
medical_insurance,RandomForest,13,Actionable CBFI (Proposed),250,0.03779935836791992,3.6019013760081577,4.0,0.3062606161209555,True
medical_insurance,RandomForest,13,Untargeted Causal (Karimi 2021),250,0.03820157051086426,4.851874003189793,3.0,1.518971737338807,True
medical_insurance,RandomForest,13,Wachter's CE,500,0.05621910095214844,4.851874003189793,3.0,1.518971737338807,True
medical_insurance,RandomForest,13,SHAP-Targeted CE,343,0.024566650390625,1.4169324827219563,2.0,1.328030669423433,True
medical_insurance,RandomForest,14,Actionable CBFI (Proposed),250,0.02514362335205078,3.829136508900536,5.0,0.013119733017957986,True
medical_insurance,RandomForest,14,Untargeted Causal (Karimi 2021),250,0.037850379943847656,2.5901116427432225,4.0,0.013119733017957986,True
medical_insurance,RandomForest,14,Wachter's CE,500,0.05542635917663574,2.5901116427432225,4.0,0.013119733017957986,True
medical_insurance,RandomForest,14,SHAP-Targeted CE,343,0.025768756866455078,1.5901116427432227,2.0,0.3217685062078866,True
medical_insurance,RandomForest,15,Actionable CBFI (Proposed),250,0.03799271583557129,4.49221465882079,4.0,1.5464754515058357,True
medical_insurance,RandomForest,15,Untargeted Causal (Karimi 2021),250,0.03187131881713867,4.361727091899446,5.0,0.318678460126085,True
medical_insurance,RandomForest,15,Wachter's CE,500,0.05571579933166504,3.242214658820789,4.0,1.5464754515058357,True
medical_insurance,RandomForest,15,SHAP-Targeted CE,343,0.02602076530456543,1.8533257699319008,3.0,1.5464754515058357,True
medical_insurance,RandomForest,16,Actionable CBFI (Proposed),250,0.0377964973449707,5.235929643733579,4.0,1.5464754515058357,True
medical_insurance,RandomForest,16,Untargeted Causal (Karimi 2021),250,0.03812575340270996,2.616444583473286,4.0,1.5464754515058357,True
medical_insurance,RandomForest,16,Wachter's CE,500,0.05750417709350586,2.616444583473286,4.0,1.5464754515058357,True
medical_insurance,RandomForest,16,SHAP-Targeted CE,343,0.02882981300354004,1.796972766210477,3.0,1.5464754515058357,True
medical_insurance,RandomForest,17,Actionable CBFI (Proposed),250,0.037467002868652344,4.392638429888864,4.0,0.3062606161209555,True
medical_insurance,RandomForest,17,Untargeted Causal (Karimi 2021),250,0.038738250732421875,5.074987500410073,4.0,0.318678460126085,True
medical_insurance,RandomForest,17,Wachter's CE,500,0.05147242546081543,5.064820036295238,4.0,2.201556838097144,True
medical_insurance,RandomForest,17,SHAP-Targeted CE,343,0.024998903274536133,1.204013822434876,2.0,0.1657460884605614,True
medical_insurance,RandomForest,18,Actionable CBFI (Proposed),250,0.05860280990600586,2.730274075041596,5.0,1.429521479671575,True
medical_insurance,RandomForest,18,Untargeted Causal (Karimi 2021),250,0.03867173194885254,3.3078321432818982,5.0,1.5464754515058357,True
medical_insurance,RandomForest,18,Wachter's CE,500,0.052866220474243164,3.3078321432818982,5.0,1.5464754515058357,True
medical_insurance,RandomForest,18,SHAP-Targeted CE,343,0.023531198501586914,1.8772492149079776,3.0,1.5464754515058357,True
medical_insurance,RandomForest,19,Actionable CBFI (Proposed),250,0.037782907485961914,4.367015296779323,5.0,0.013119733017957986,True
medical_insurance,RandomForest,19,Untargeted Causal (Karimi 2021),250,0.03209686279296875,3.1279904306220097,4.0,0.013119733017957986,True
medical_insurance,RandomForest,19,Wachter's CE,500,0.05594038963317871,3.1279904306220097,4.0,0.013119733017957986,True
medical_insurance,RandomForest,19,SHAP-Targeted CE,343,0.02272653579711914,2.127990430622009,2.0,0.3217685062078866,True
medical_insurance,RandomForest,20,Actionable CBFI (Proposed),250,0.035370588302612305,3.1169105049775974,4.0,2.168717071616575,True
medical_insurance,RandomForest,20,Untargeted Causal (Karimi 2021),250,0.03187060356140137,3.7057587780506385,6.0,0.6297992701814547,True
medical_insurance,RandomForest,20,Wachter's CE,500,0.05729532241821289,3.1169105049775974,4.0,2.168717071616575,True
medical_insurance,RandomForest,20,SHAP-Targeted CE,343,0.01958632469177246,1.8862869607878296,3.0,2.168717071616575,True
medical_insurance,RandomForest,21,Actionable CBFI (Proposed),250,0.03823280334472656,5.383911024139051,4.0,1.006777260711997,True
medical_insurance,RandomForest,21,Untargeted Causal (Karimi 2021),250,0.03874850273132324,4.264371218242029,4.0,1.006777260711997,True
medical_insurance,RandomForest,21,Wachter's CE,500,0.05596160888671875,4.264371218242029,4.0,1.006777260711997,True
medical_insurance,RandomForest,21,SHAP-Targeted CE,343,0.026267290115356445,2.384426248400803,3.0,1.1738563025546684,True
medical_insurance,RandomForest,22,Actionable CBFI (Proposed),250,0.030394792556762695,4.564782441914888,4.0,0.013119733017957986,True
medical_insurance,RandomForest,22,Untargeted Causal (Karimi 2021),250,0.03768777847290039,3.0757849485759396,4.0,0.318678460126085,True
medical_insurance,RandomForest,22,Wachter's CE,500,0.05607295036315918,3.0757849485759396,4.0,0.318678460126085,True
medical_insurance,RandomForest,22,SHAP-Targeted CE,343,0.026198863983154297,1.1868686868686857,2.0,1.5464754515058357,True
medical_insurance,RandomForest,23,Actionable CBFI (Proposed),250,0.040883779525756836,4.256180223285487,4.0,0.3062606161209555,True
medical_insurance,RandomForest,23,Untargeted Causal (Karimi 2021),250,0.03891324996948242,4.503085000861751,4.0,1.091811068671634,True
medical_insurance,RandomForest,23,Wachter's CE,500,0.05225038528442383,4.256262341740582,4.0,2.201556838097144,True
medical_insurance,RandomForest,23,SHAP-Targeted CE,343,0.02320265769958496,1.5126262626262625,2.0,0.4335142047503441,True
medical_insurance,RandomForest,24,Actionable CBFI (Proposed),250,0.03766274452209473,3.562390097417282,5.0,0.318678460126085,True
medical_insurance,RandomForest,24,Untargeted Causal (Karimi 2021),250,0.03817486763000488,3.062417470235647,6.0,0.013119733017957986,True
medical_insurance,RandomForest,24,Wachter's CE,500,0.0562288761138916,3.062417470235647,6.0,0.013119733017957986,True
medical_insurance,RandomForest,24,SHAP-Targeted CE,343,0.026935815811157227,1.6179456529728378,3.0,0.11435463283763998,True
medical_insurance,RandomForest,25,Actionable CBFI (Proposed),250,0.034583330154418945,2.146321516875017,3.0,2.201556838097144,True
medical_insurance,RandomForest,25,Untargeted Causal (Karimi 2021),250,0.03180646896362305,5.638175045993224,6.0,0.013119733017957986,True
medical_insurance,RandomForest,25,Wachter's CE,500,0.055411338806152344,4.888175045993224,5.0,1.5464754515058357,True
medical_insurance,RandomForest,25,SHAP-Targeted CE,343,0.026111364364624023,1.378312479129138,3.0,1.9703760208114336,True
medical_insurance,RandomForest,26,Actionable CBFI (Proposed),250,0.03739762306213379,4.433203494546469,5.0,0.318678460126085,True
medical_insurance,RandomForest,26,Untargeted Causal (Karimi 2021),250,0.03193187713623047,3.6722557335221477,5.0,0.318678460126085,True
medical_insurance,RandomForest,26,Wachter's CE,500,0.055590152740478516,3.183230867364834,5.0,1.5464754515058357,True
medical_insurance,RandomForest,26,SHAP-Targeted CE,343,0.026302099227905273,1.488759050102025,3.0,0.11435463283763998,True
medical_insurance,RandomForest,27,Actionable CBFI (Proposed),250,0.037631988525390625,5.732246556747425,5.0,0.013119733017957986,True
medical_insurance,RandomForest,27,Untargeted Causal (Karimi 2021),250,0.03209233283996582,4.982273929565791,6.0,0.013119733017957986,True
medical_insurance,RandomForest,27,Wachter's CE,500,0.0570073127746582,4.982273929565791,6.0,0.013119733017957986,True
medical_insurance,RandomForest,27,SHAP-Targeted CE,343,0.02596282958984375,3.232246556747425,3.0,0.3217685062078866,True
medical_insurance,RandomForest,28,Actionable CBFI (Proposed),250,0.0378265380859375,2.81738437001595,3.0,2.168717071616575,True
medical_insurance,RandomForest,28,Untargeted Causal (Karimi 2021),250,0.03842282295227051,4.067384370015949,4.0,0.013119733017957986,True
medical_insurance,RandomForest,28,Wachter's CE,500,0.05630373954772949,3.4890350877192975,3.0,1.518971737338807,True
medical_insurance,RandomForest,28,SHAP-Targeted CE,343,0.025998353958129883,2.06738437001595,2.0,2.168717071616575,True
medical_insurance,RandomForest,29,Actionable CBFI (Proposed),250,0.04483795166015625,4.913483803697587,5.0,0.013119733017957986,True
medical_insurance,RandomForest,29,Untargeted Causal (Karimi 2021),250,0.0380244255065918,4.026731664812999,5.0,0.6475531665001245,True
medical_insurance,RandomForest,29,Wachter's CE,500,0.05675029754638672,3.4244315647219077,4.0,1.5464754515058357,True
medical_insurance,RandomForest,29,SHAP-Targeted CE,343,0.02337956428527832,1.924431564721908,2.0,0.11435463283763998,True
medical_insurance,RandomForest,30,Actionable CBFI (Proposed),250,0.02628350257873535,4.545633464372044,5.0,0.6475531665001245,True
medical_insurance,RandomForest,30,Untargeted Causal (Karimi 2021),250,0.03812241554260254,5.264941931548064,5.0,0.3062606161209555,True
medical_insurance,RandomForest,30,Wachter's CE,500,0.052232980728149414,5.264941931548064,5.0,0.3062606161209555,True
medical_insurance,RandomForest,30,SHAP-Targeted CE,343,0.0258486270904541,2.412469842233868,3.0,0.4335142047503441,True
medical_insurance,RandomForest,31,Actionable CBFI (Proposed),250,0.04081559181213379,3.54884370015949,4.0,0.6475531665001245,True
medical_insurance,RandomForest,31,Untargeted Causal (Karimi 2021),250,0.03792905807495117,3.6683835060565118,6.0,0.3062606161209555,True
medical_insurance,RandomForest,31,Wachter's CE,500,0.056962013244628906,3.6683835060565118,6.0,0.3062606161209555,True
medical_insurance,RandomForest,31,SHAP-Targeted CE,343,0.023600339889526367,1.8866294524189255,2.0,0.061005091067667404,True
medical_insurance,RandomForest,32,Actionable CBFI (Proposed),250,0.03814268112182617,4.208377857408079,5.0,0.01578775917472815,True
medical_insurance,RandomForest,32,Untargeted Causal (Karimi 2021),250,0.03818559646606445,4.208323111771349,5.0,0.3062606161209555,True
medical_insurance,RandomForest,32,Wachter's CE,500,0.05588650703430176,3.9511460782785264,4.0,0.9846095988585083,True
medical_insurance,RandomForest,32,SHAP-Targeted CE,343,0.026158809661865234,1.4690886620105836,3.0,0.061005091067667404,True
medical_insurance,RandomForest,33,Actionable CBFI (Proposed),250,0.03802371025085449,4.256379585326954,4.0,0.318678460126085,True
medical_insurance,RandomForest,33,Untargeted Causal (Karimi 2021),250,0.03225970268249512,4.756379585326954,4.0,0.013119733017957986,True
medical_insurance,RandomForest,33,Wachter's CE,500,0.0674433708190918,4.714740291478652,4.0,1.5464754515058357,True
medical_insurance,RandomForest,33,SHAP-Targeted CE,343,0.020944595336914062,2.059011164274323,2.0,1.1738563025546684,True
medical_insurance,RandomForest,34,Actionable CBFI (Proposed),250,0.03833508491516113,4.376838782447953,6.0,0.6475531665001245,True
medical_insurance,RandomForest,34,Untargeted Causal (Karimi 2021),250,0.03207874298095703,3.3767840368112214,5.0,0.6475531665001245,True
medical_insurance,RandomForest,34,Wachter's CE,500,0.05119490623474121,3.3767840368112214,5.0,0.6475531665001245,True
medical_insurance,RandomForest,34,SHAP-Targeted CE,343,0.024357318878173828,1.8700721814151553,3.0,0.4335142047503441,True
medical_insurance,RandomForest,35,Actionable CBFI (Proposed),250,0.03786015510559082,3.056598376652746,4.0,0.6475531665001245,True
medical_insurance,RandomForest,35,Untargeted Causal (Karimi 2021),250,0.03813505172729492,4.067573510495432,5.0,0.3062606161209555,True
medical_insurance,RandomForest,35,Wachter's CE,500,0.05626177787780762,4.067573510495432,5.0,0.3062606161209555,True
medical_insurance,RandomForest,35,SHAP-Targeted CE,343,0.02599167823791504,1.9709493743976114,3.0,0.4335142047503441,True
medical_insurance,RandomForest,36,Actionable CBFI (Proposed),250,0.07886791229248047,4.300732528772437,5.0,0.01578775917472815,True
medical_insurance,RandomForest,36,Untargeted Causal (Karimi 2021),250,0.03827333450317383,3.431274841330509,4.0,2.201556838097144,True
medical_insurance,RandomForest,36,Wachter's CE,500,0.05633044242858887,3.431274841330509,4.0,2.201556838097144,True
medical_insurance,RandomForest,36,SHAP-Targeted CE,343,0.025849342346191406,1.0598086124401918,2.0,1.9703760208114336,True
medical_insurance,RandomForest,37,Actionable CBFI (Proposed),250,0.02817821502685547,3.0231533696285737,5.0,0.318678460126085,True
medical_insurance,RandomForest,37,Untargeted Causal (Karimi 2021),250,0.03817868232727051,3.7731533696285737,5.0,0.318678460126085,True
medical_insurance,RandomForest,37,Wachter's CE,500,0.055657386779785156,3.7731533696285737,5.0,0.318678460126085,True
medical_insurance,RandomForest,37,SHAP-Targeted CE,343,0.02498006820678711,1.3842371079213196,2.0,0.11435463283763998,True
medical_insurance,RandomForest,38,Actionable CBFI (Proposed),250,0.04105830192565918,3.711378509592074,4.0,0.318678460126085,True
medical_insurance,RandomForest,38,Untargeted Causal (Karimi 2021),250,0.038430213928222656,3.211351136773709,4.0,0.318678460126085,True
medical_insurance,RandomForest,38,Wachter's CE,500,0.05257916450500488,3.211351136773709,4.0,0.318678460126085,True
medical_insurance,RandomForest,38,SHAP-Targeted CE,343,0.021685361862182617,0.822434875066455,2.0,0.3217685062078866,True
medical_insurance,RandomForest,39,Actionable CBFI (Proposed),250,0.038635969161987305,3.808004132505,5.0,0.6297992701814547,True
medical_insurance,RandomForest,39,Untargeted Causal (Karimi 2021),250,0.03780317306518555,4.808031505323365,6.0,0.013119733017957986,True
medical_insurance,RandomForest,39,Wachter's CE,500,0.0516204833984375,4.599698171990031,6.0,0.6297992701814547,True
medical_insurance,RandomForest,39,SHAP-Targeted CE,343,0.024609804153442383,2.2802263547272226,3.0,0.11435463283763998,True
medical_insurance,RandomForest,40,Actionable CBFI (Proposed),250,0.02779102325439453,3.2072192795396277,5.0,1.0687211200394242,True
medical_insurance,RandomForest,40,Untargeted Causal (Karimi 2021),250,0.03846120834350586,3.7071919067212615,5.0,0.12583490265865804,True
medical_insurance,RandomForest,40,Wachter's CE,500,0.056344032287597656,3.7071919067212615,5.0,0.12583490265865804,True
medical_insurance,RandomForest,40,SHAP-Targeted CE,343,0.03193950653076172,0.7005582137161067,2.0,0.529072344309643,True
medical_insurance,RandomForest,41,Actionable CBFI (Proposed),250,0.03699135780334473,2.7528754172582977,4.0,1.5464754515058357,True
medical_insurance,RandomForest,41,Untargeted Causal (Karimi 2021),250,0.03888511657714844,4.502930162895028,6.0,0.318678460126085,True
medical_insurance,RandomForest,41,Wachter's CE,500,0.057450056076049805,4.164081889821986,5.0,1.5464754515058357,True
medical_insurance,RandomForest,41,SHAP-Targeted CE,343,0.026160717010498047,1.6055852064018636,3.0,1.5464754515058357,True
medical_insurance,RandomForest,42,Actionable CBFI (Proposed),250,0.037393808364868164,5.231476481399921,6.0,0.9846095988585083,True
medical_insurance,RandomForest,42,Untargeted Causal (Karimi 2021),250,0.038005828857421875,4.255893220698674,6.0,0.3062606161209555,True
medical_insurance,RandomForest,42,Wachter's CE,500,0.05542778968811035,4.255893220698674,6.0,0.3062606161209555,True
medical_insurance,RandomForest,42,SHAP-Targeted CE,343,0.021312475204467773,1.7493916923136132,3.0,0.061005091067667404,True
medical_insurance,RandomForest,43,Actionable CBFI (Proposed),250,0.03769397735595703,5.8822763032043,5.0,0.013119733017957986,True
medical_insurance,RandomForest,43,Untargeted Causal (Karimi 2021),250,0.03895092010498047,6.443969044785703,5.0,0.3062606161209555,True
medical_insurance,RandomForest,43,Wachter's CE,500,0.05589771270751953,6.3822763032043,5.0,2.168717071616575,True
medical_insurance,RandomForest,43,SHAP-Targeted CE,343,0.02645111083984375,2.605718114429509,3.0,0.1657460884605614,True
medical_insurance,RandomForest,44,Actionable CBFI (Proposed),250,0.03838205337524414,4.465991209364185,4.0,2.201556838097144,True
medical_insurance,RandomForest,44,Untargeted Causal (Karimi 2021),250,0.03851962089538574,5.257259151947919,4.0,0.318678460126085,True
medical_insurance,RandomForest,44,Wachter's CE,500,0.057297468185424805,3.2159912093641854,3.0,2.201556838097144,True
medical_insurance,RandomForest,44,SHAP-Targeted CE,343,0.027182817459106445,0.8862307283359923,2.0,1.9703760208114336,True
medical_insurance,RandomForest,45,Actionable CBFI (Proposed),250,0.03362298011779785,4.8030576758486685,4.0,0.13383898112896847,True
medical_insurance,RandomForest,45,Untargeted Causal (Karimi 2021),250,0.03854966163635254,5.19953873016214,6.0,0.3062606161209555,True
medical_insurance,RandomForest,45,Wachter's CE,500,0.05591893196105957,3.579971551446754,5.0,0.3062606161209555,True
medical_insurance,RandomForest,45,SHAP-Targeted CE,343,0.021866559982299805,0.8555289739500271,2.0,0.1657460884605614,True
medical_insurance,RandomForest,46,Actionable CBFI (Proposed),250,0.04128909111022949,1.60944976076555,4.0,0.3062606161209555,True
medical_insurance,RandomForest,46,Untargeted Causal (Karimi 2021),250,0.03851604461669922,3.729044312299302,6.0,0.3062606161209555,True
medical_insurance,RandomForest,46,Wachter's CE,500,0.039021968841552734,2.1094771335839146,5.0,0.3062606161209555,True
medical_insurance,RandomForest,46,SHAP-Targeted CE,343,0.018724918365478516,1.6315789473684212,2.0,0.061005091067667404,True
medical_insurance,RandomForest,47,Actionable CBFI (Proposed),250,0.0375974178314209,5.867042669597689,6.0,0.6297992701814547,True
medical_insurance,RandomForest,47,Untargeted Causal (Karimi 2021),250,0.033730268478393555,6.084147932755583,5.0,1.518971737338807,True
medical_insurance,RandomForest,47,Wachter's CE,500,0.045046329498291016,6.084147932755583,5.0,1.518971737338807,True
medical_insurance,RandomForest,47,SHAP-Targeted CE,343,0.055058956146240234,3.093091851803246,3.0,1.7227331603427884,True
medical_insurance,RandomForest,48,Actionable CBFI (Proposed),250,0.03748154640197754,6.259853088709656,4.0,1.5464754515058357,True
medical_insurance,RandomForest,48,Untargeted Causal (Karimi 2021),250,0.03814888000488281,6.801574501013052,6.0,0.318678460126085,True
medical_insurance,RandomForest,48,Wachter's CE,500,0.055390357971191406,6.551601873831418,5.0,1.5464754515058357,True
medical_insurance,RandomForest,48,SHAP-Targeted CE,343,0.025913715362548828,3.8614331596182385,3.0,1.9703760208114336,True
medical_insurance,RandomForest,49,Actionable CBFI (Proposed),250,0.03756880760192871,5.229321093324129,5.0,0.013119733017957986,True
medical_insurance,RandomForest,49,Untargeted Causal (Karimi 2021),250,0.03772449493408203,3.979266347687401,4.0,0.013119733017957986,True
medical_insurance,RandomForest,49,Wachter's CE,500,0.05606842041015625,3.937627053839099,4.0,1.5464754515058357,True
medical_insurance,RandomForest,49,SHAP-Targeted CE,343,0.02544999122619629,1.6694577352472084,2.0,1.9703760208114336,True
medical_insurance,RandomForest,50,Actionable CBFI (Proposed),250,0.025292396545410156,3.7992322026804395,4.0,0.013119733017957986,True
medical_insurance,RandomForest,50,Untargeted Causal (Karimi 2021),250,0.031690359115600586,2.8102347093414908,4.0,0.318678460126085,True
medical_insurance,RandomForest,50,Wachter's CE,500,0.05559229850769043,2.8102347093414908,4.0,0.318678460126085,True
medical_insurance,RandomForest,50,SHAP-Targeted CE,343,0.026373863220214844,1.1162945241892621,2.0,0.03169697741293472,True
medical_insurance,RandomForest,51,Actionable CBFI (Proposed),250,0.03642559051513672,3.6085646720543356,3.0,1.199918060072281,True
medical_insurance,RandomForest,51,Untargeted Causal (Karimi 2021),250,0.03810763359069824,5.31311012659979,5.0,0.09810515785792662,True
medical_insurance,RandomForest,51,Wachter's CE,500,0.0554814338684082,4.56311012659979,4.0,0.9846095988585083,True
medical_insurance,RandomForest,51,SHAP-Targeted CE,343,0.026245594024658203,2.3776479389909135,3.0,1.328030669423433,True
medical_insurance,RandomForest,52,Actionable CBFI (Proposed),250,0.02611374855041504,4.746401261691604,5.0,1.091811068671634,True
medical_insurance,RandomForest,52,Untargeted Causal (Karimi 2021),250,0.03227066993713379,3.4964012616916045,4.0,1.091811068671634,True
medical_insurance,RandomForest,52,Wachter's CE,500,0.05670523643493652,3.2464286345099693,4.0,2.972021420485923,True
medical_insurance,RandomForest,52,SHAP-Targeted CE,343,0.026457786560058594,2.1720392202243,3.0,2.4455580104714625,True
medical_insurance,RandomForest,53,Actionable CBFI (Proposed),216,0.03988766670227051,0.0,0.0,1.8445732681183165,True
medical_insurance,RandomForest,53,Untargeted Causal (Karimi 2021),250,0.03793144226074219,4.62538850252095,2.0,0.9846095988585083,True
medical_insurance,RandomForest,53,Wachter's CE,500,0.056456565856933594,2.5181693185918905,3.0,2.168717071616575,True
medical_insurance,RandomForest,53,SHAP-Targeted CE,343,0.025882244110107422,0.4222488038277502,1.0,1.7227331603427884,True
medical_insurance,RandomForest,54,Actionable CBFI (Proposed),250,0.026955127716064453,5.5121782357858855,6.0,0.318678460126085,True
medical_insurance,RandomForest,54,Untargeted Causal (Karimi 2021),250,0.038105010986328125,6.251175729124835,5.0,0.013119733017957986,True
medical_insurance,RandomForest,54,Wachter's CE,500,0.03882479667663574,6.251175729124835,5.0,0.013119733017957986,True
medical_insurance,RandomForest,54,SHAP-Targeted CE,343,0.027724504470825195,3.2812896189483824,3.0,0.2482937086167764,True
medical_insurance,RandomForest,55,Actionable CBFI (Proposed),250,0.0393831729888916,3.9439690447857023,5.0,0.3062606161209555,True
medical_insurance,RandomForest,55,Untargeted Causal (Karimi 2021),250,0.03962969779968262,3.693996417604067,6.0,0.3062606161209555,True
medical_insurance,RandomForest,55,Wachter's CE,500,0.03783988952636719,3.693996417604067,6.0,0.3062606161209555,True
medical_insurance,RandomForest,55,SHAP-Targeted CE,343,0.02441239356994629,1.4834427289962304,3.0,0.1657460884605614,True
medical_insurance,RandomForest,56,Actionable CBFI (Proposed),216,0.043355703353881836,2.9368298393887766,2.0,0.10502561884116056,True
medical_insurance,RandomForest,56,Untargeted Causal (Karimi 2021),250,0.03274846076965332,5.191793213585943,5.0,0.318678460126085,True
medical_insurance,RandomForest,56,Wachter's CE,500,0.05701422691345215,4.70276834742863,5.0,1.5464754515058357,True
medical_insurance,RandomForest,56,SHAP-Targeted CE,343,0.026456117630004883,2.563852085721376,3.0,0.11435463283763998,True
medical_insurance,RandomForest,57,Actionable CBFI (Proposed),250,0.041538238525390625,3.052260227682799,5.0,2.168717071616575,True
medical_insurance,RandomForest,57,Untargeted Causal (Karimi 2021),250,0.038282155990600586,3.791285093840113,6.0,0.013119733017957986,True
medical_insurance,RandomForest,57,Wachter's CE,500,0.05589485168457031,3.1717452879430903,5.0,2.168717071616575,True
medical_insurance,RandomForest,57,SHAP-Targeted CE,343,0.026576995849609375,0.6633439659755448,2.0,0.3217685062078866,True
medical_insurance,RandomForest,58,Actionable CBFI (Proposed),250,0.03773236274719238,4.939022588129369,5.0,0.6475531665001245,True
medical_insurance,RandomForest,58,Untargeted Causal (Karimi 2021),250,0.03894948959350586,4.325757575757576,4.0,0.013119733017957986,True
medical_insurance,RandomForest,58,Wachter's CE,500,0.05562138557434082,4.284118281909275,4.0,1.5464754515058357,True
medical_insurance,RandomForest,58,SHAP-Targeted CE,343,0.0635077953338623,1.4896331738436994,2.0,1.9703760208114336,True
medical_insurance,RandomForest,59,Actionable CBFI (Proposed),250,0.04123687744140625,3.6848086124401926,4.0,0.6297992701814547,True
medical_insurance,RandomForest,59,Untargeted Causal (Karimi 2021),250,0.03859901428222656,4.476530024743589,5.0,0.013119733017957986,True
medical_insurance,RandomForest,59,Wachter's CE,500,0.05605578422546387,3.845987712185516,4.0,2.168717071616575,True
medical_insurance,RandomForest,59,SHAP-Targeted CE,343,0.025757551193237305,1.476475279106859,2.0,2.168717071616575,True
medical_insurance,RandomForest,60,Actionable CBFI (Proposed),250,0.026131868362426758,5.210820248070681,4.0,1.518971737338807,True
medical_insurance,RandomForest,60,Untargeted Causal (Karimi 2021),250,0.03766489028930664,5.502514287555713,6.0,0.3062606161209555,True
medical_insurance,RandomForest,60,Wachter's CE,500,0.055307865142822266,4.245803175567203,3.0,2.168717071616575,True
medical_insurance,RandomForest,60,SHAP-Targeted CE,343,0.025990962982177734,1.0030568846358312,2.0,1.7227331603427884,True
medical_insurance,RandomForest,61,Actionable CBFI (Proposed),250,0.040486812591552734,3.1403782500113473,4.0,0.007078634770416563,True
medical_insurance,RandomForest,61,Untargeted Causal (Karimi 2021),250,0.03799247741699219,4.890460368466442,4.0,0.353933268096828,True
medical_insurance,RandomForest,61,Wachter's CE,500,0.05596208572387695,3.916068580542264,3.0,1.0687211200394242,True
medical_insurance,RandomForest,61,SHAP-Targeted CE,343,0.02679443359375,1.2861509835194036,2.0,0.00032074234266066503,True
medical_insurance,RandomForest,62,Actionable CBFI (Proposed),250,0.03826475143432617,4.2358350734938375,5.0,0.318678460126085,True
medical_insurance,RandomForest,62,Untargeted Causal (Karimi 2021),250,0.038129568099975586,3.423634116556038,5.0,0.3062606161209555,True
medical_insurance,RandomForest,62,Wachter's CE,500,0.05658721923828125,3.423634116556038,5.0,0.3062606161209555,True
medical_insurance,RandomForest,62,SHAP-Targeted CE,343,0.024619579315185547,1.614888768337006,3.0,0.2482937086167764,True
medical_insurance,RandomForest,63,Actionable CBFI (Proposed),250,0.03589200973510742,4.75337893314296,5.0,0.013119733017957986,True
medical_insurance,RandomForest,63,Untargeted Causal (Karimi 2021),250,0.03801465034484863,3.6977842963919474,5.0,1.518971737338807,True
medical_insurance,RandomForest,63,Wachter's CE,500,0.05624651908874512,3.1228913662216167,4.0,2.168717071616575,True
medical_insurance,RandomForest,63,SHAP-Targeted CE,343,0.02635359764099121,2.20672821543961,3.0,1.7227331603427884,True
medical_insurance,RandomForest,64,Actionable CBFI (Proposed),250,0.039206504821777344,3.5673843700159504,4.0,0.013119733017957986,True
medical_insurance,RandomForest,64,Untargeted Causal (Karimi 2021),250,0.03845477104187012,1.6507177033492835,4.0,0.013119733017957986,True
medical_insurance,RandomForest,64,Wachter's CE,500,0.05694866180419922,1.6507177033492835,4.0,0.013119733017957986,True
medical_insurance,RandomForest,64,SHAP-Targeted CE,343,0.025865793228149414,0.650717703349283,2.0,0.3217685062078866,True
medical_insurance,RandomForest,65,Actionable CBFI (Proposed),250,0.03281712532043457,3.4358897713252854,3.0,1.5464754515058357,True
medical_insurance,RandomForest,65,Untargeted Causal (Karimi 2021),250,0.038739681243896484,3.801452557954945,5.0,2.201556838097144,True
medical_insurance,RandomForest,65,Wachter's CE,500,0.056185007095336914,3.801452557954945,5.0,2.201556838097144,True
medical_insurance,RandomForest,65,SHAP-Targeted CE,343,0.017809152603149414,1.3343199219786859,3.0,1.9703760208114336,True
medical_insurance,RandomForest,66,Actionable CBFI (Proposed),250,0.03934311866760254,2.4567384370015968,2.0,1.006777260711997,True
medical_insurance,RandomForest,66,Untargeted Causal (Karimi 2021),250,0.038387298583984375,3.849763139188746,4.0,0.318678460126085,True
medical_insurance,RandomForest,66,Wachter's CE,500,0.05050086975097656,3.3080143540669846,3.0,0.318678460126085,True
medical_insurance,RandomForest,66,SHAP-Targeted CE,343,0.022739171981811523,0.9607921318447624,2.0,1.5464754515058357,True
medical_insurance,RandomForest,67,Actionable CBFI (Proposed),250,0.05876421928405762,3.3002182769515986,5.0,0.017827646800391183,True
medical_insurance,RandomForest,67,Untargeted Causal (Karimi 2021),250,0.03811955451965332,3.4208430479754957,5.0,0.13383898112896847,True
medical_insurance,RandomForest,67,Wachter's CE,500,0.056020259857177734,3.4208430479754957,5.0,0.13383898112896847,True
medical_insurance,RandomForest,67,SHAP-Targeted CE,343,0.025566816329956055,1.781954159086607,3.0,0.007545514029204607,True
medical_insurance,RandomForest,68,Actionable CBFI (Proposed),250,0.030688762664794922,3.9234723488949204,3.0,2.168717071616575,True
medical_insurance,RandomForest,68,Untargeted Causal (Karimi 2021),250,0.0379030704498291,4.2996411483253585,3.0,1.518971737338807,True
medical_insurance,RandomForest,68,Wachter's CE,500,0.05568575859069824,4.2996411483253585,3.0,1.518971737338807,True
medical_insurance,RandomForest,68,SHAP-Targeted CE,343,0.025955677032470703,1.9017809675704407,2.0,1.328030669423433,True
medical_insurance,RandomForest,69,Actionable CBFI (Proposed),250,0.03745460510253906,5.990806672745872,5.0,0.09810515785792662,True
medical_insurance,RandomForest,69,Untargeted Causal (Karimi 2021),250,0.03841972351074219,4.935207336523127,3.0,1.518971737338807,True
medical_insurance,RandomForest,69,Wachter's CE,500,0.05700945854187012,4.490724554290778,4.0,0.09810515785792662,True
medical_insurance,RandomForest,69,SHAP-Targeted CE,343,0.026150941848754883,1.0552897395002665,2.0,1.328030669423433,True
medical_insurance,RandomForest,70,Actionable CBFI (Proposed),250,0.038094520568847656,4.563187545583149,5.0,0.013119733017957986,True
medical_insurance,RandomForest,70,Untargeted Causal (Karimi 2021),250,0.03867983818054199,3.324162679425836,4.0,0.013119733017957986,True
medical_insurance,RandomForest,70,Wachter's CE,500,0.05606508255004883,3.2825233855775338,4.0,1.5464754515058357,True
medical_insurance,RandomForest,70,SHAP-Targeted CE,343,0.025867938995361328,1.3241626794258363,2.0,1.5464754515058357,True
medical_insurance,RandomForest,71,Actionable CBFI (Proposed),250,0.03753829002380371,4.423671710936386,5.0,0.01578775917472815,True
medical_insurance,RandomForest,71,Untargeted Causal (Karimi 2021),250,0.03816843032836914,2.7161084529505595,4.0,0.013119733017957986,True
medical_insurance,RandomForest,71,Wachter's CE,500,0.056075096130371094,2.7161084529505595,4.0,0.013119733017957986,True
medical_insurance,RandomForest,71,SHAP-Targeted CE,343,0.025725841522216797,1.716108452950559,2.0,0.11435463283763998,True
medical_insurance,RandomForest,72,Actionable CBFI (Proposed),250,0.039819955825805664,2.760964912280702,4.0,0.3062606161209555,True
medical_insurance,RandomForest,72,Untargeted Causal (Karimi 2021),250,0.03153848648071289,3.260964912280701,4.0,0.3062606161209555,True
medical_insurance,RandomForest,72,Wachter's CE,500,0.05256962776184082,2.052658951765733,4.0,1.518971737338807,True
medical_insurance,RandomForest,72,SHAP-Targeted CE,343,0.023989200592041016,0.6467304625199362,2.0,1.328030669423433,True
medical_insurance,RandomForest,73,Actionable CBFI (Proposed),250,0.03802752494812012,4.322774074829962,6.0,0.6475531665001245,True
medical_insurance,RandomForest,73,Untargeted Causal (Karimi 2021),250,0.03795123100280762,3.833749208672648,6.0,0.6475531665001245,True
medical_insurance,RandomForest,73,Wachter's CE,500,0.05125856399536133,3.833749208672648,6.0,0.6475531665001245,True
medical_insurance,RandomForest,73,SHAP-Targeted CE,343,0.019983530044555664,2.024245493483205,3.0,0.2482937086167764,True
medical_insurance,RandomForest,74,Actionable CBFI (Proposed),250,0.04009056091308594,3.364035087719298,4.0,0.3062606161209555,True
medical_insurance,RandomForest,74,Untargeted Causal (Karimi 2021),250,0.03847098350524902,2.7390350877192975,4.0,0.3062606161209555,True
medical_insurance,RandomForest,74,Wachter's CE,500,0.056234121322631836,2.7390350877192975,4.0,0.3062606161209555,True
medical_insurance,RandomForest,74,SHAP-Targeted CE,343,0.026149749755859375,0.6091174906964374,2.0,0.1657460884605614,True
medical_insurance,RandomForest,75,Actionable CBFI (Proposed),250,0.03817319869995117,4.228059953876612,5.0,0.01578775917472815,True
medical_insurance,RandomForest,75,Untargeted Causal (Karimi 2021),250,0.038294076919555664,4.603087326694977,6.0,0.3062606161209555,True
medical_insurance,RandomForest,75,Wachter's CE,500,0.05610847473144531,4.603087326694977,6.0,0.3062606161209555,True
medical_insurance,RandomForest,75,SHAP-Targeted CE,343,0.025579452514648438,1.5981423568537516,3.0,0.1657460884605614,True
medical_insurance,RandomForest,76,Actionable CBFI (Proposed),250,0.038314104080200195,5.159932881331524,6.0,0.01578775917472815,True
medical_insurance,RandomForest,76,Untargeted Causal (Karimi 2021),250,0.03807425498962402,4.994103487433739,5.0,0.318678460126085,True
medical_insurance,RandomForest,76,Wachter's CE,500,0.05598115921020508,4.874591054355081,5.0,0.6297992701814547,True
medical_insurance,RandomForest,76,SHAP-Targeted CE,343,0.023647308349609375,2.1688494275608226,3.0,0.1657460884605614,True
medical_insurance,RandomForest,77,Actionable CBFI (Proposed),250,0.055202484130859375,2.4362483778179618,5.0,0.06545326178294261,True
medical_insurance,RandomForest,77,Untargeted Causal (Karimi 2021),250,0.03835439682006836,3.5952950558213703,4.0,0.013119733017957986,True
medical_insurance,RandomForest,77,Wachter's CE,500,0.05172920227050781,3.5952950558213703,4.0,0.013119733017957986,True
medical_insurance,RandomForest,77,SHAP-Targeted CE,343,0.025298595428466797,1.5534290271132394,2.0,0.03169697741293472,True
medical_insurance,RandomForest,78,Actionable CBFI (Proposed),250,0.038083791732788086,2.190191387559808,4.0,0.6297992701814547,True
medical_insurance,RandomForest,78,Untargeted Causal (Karimi 2021),250,0.03814077377319336,3.690191387559808,4.0,0.013119733017957986,True
medical_insurance,RandomForest,78,Wachter's CE,500,0.055193424224853516,3.690191387559808,4.0,0.013119733017957986,True
medical_insurance,RandomForest,78,SHAP-Targeted CE,343,0.025781869888305664,1.6901913875598082,2.0,0.3217685062078866,True
medical_insurance,RandomForest,79,Actionable CBFI (Proposed),250,0.05556201934814453,3.2727170511652885,4.0,0.01578775917472815,True
medical_insurance,RandomForest,79,Untargeted Causal (Karimi 2021),250,0.03172779083251953,4.731050384498621,5.0,0.3062606161209555,True
medical_insurance,RandomForest,79,Wachter's CE,500,0.05574822425842285,4.464597905296577,4.0,0.09810515785792662,True
medical_insurance,RandomForest,79,SHAP-Targeted CE,343,0.02626824378967285,1.6130280559499774,3.0,1.328030669423433,True
medical_insurance,RandomForest,80,Actionable CBFI (Proposed),250,0.03758668899536133,3.891033311995141,4.0,0.3062606161209555,True
medical_insurance,RandomForest,80,Untargeted Causal (Karimi 2021),250,0.038408517837524414,5.054614977800058,4.0,1.091811068671634,True
medical_insurance,RandomForest,80,Wachter's CE,500,0.05532264709472656,4.641088057631872,5.0,2.201556838097144,True
medical_insurance,RandomForest,80,SHAP-Targeted CE,343,0.026200532913208008,1.8364464504210036,3.0,0.4335142047503441,True
medical_insurance,RandomForest,81,Actionable CBFI (Proposed),250,0.03759479522705078,4.715953614983837,5.0,0.01578775917472815,True
medical_insurance,RandomForest,81,Untargeted Causal (Karimi 2021),250,0.03821372985839844,4.715926242165471,6.0,0.3062606161209555,True
medical_insurance,RandomForest,81,Wachter's CE,500,0.05571603775024414,4.715926242165471,6.0,0.3062606161209555,True
medical_insurance,RandomForest,81,SHAP-Targeted CE,343,0.026233196258544922,1.9615129044348258,2.0,1.328030669423433,True
medical_insurance,RandomForest,82,Actionable CBFI (Proposed),250,0.07839536666870117,3.5164195842934296,5.0,0.013119733017957986,True
medical_insurance,RandomForest,82,Untargeted Causal (Karimi 2021),250,0.03828859329223633,3.0163648386566995,5.0,1.5464754515058357,True
medical_insurance,RandomForest,82,Wachter's CE,500,0.056156158447265625,3.0163648386566995,5.0,1.5464754515058357,True
medical_insurance,RandomForest,82,SHAP-Targeted CE,343,0.02624821662902832,1.7524485769494453,3.0,0.11435463283763998,True
medical_insurance,RandomForest,83,Actionable CBFI (Proposed),250,0.04066276550292969,3.616681539895102,5.0,0.01578775917472815,True
medical_insurance,RandomForest,83,Untargeted Causal (Karimi 2021),250,0.03801751136779785,3.3564593301435424,4.0,0.013119733017957986,True
medical_insurance,RandomForest,83,Wachter's CE,500,0.05574464797973633,3.3564593301435424,4.0,0.013119733017957986,True
medical_insurance,RandomForest,83,SHAP-Targeted CE,343,0.025717496871948242,0.8744019138755991,2.0,0.2482937086167764,True
medical_insurance,RandomForest,84,Actionable CBFI (Proposed),250,0.038135528564453125,4.133751486700593,4.0,0.6475531665001245,True
medical_insurance,RandomForest,84,Untargeted Causal (Karimi 2021),250,0.038969993591308594,4.1030599538766115,5.0,0.3062606161209555,True
medical_insurance,RandomForest,84,Wachter's CE,500,0.05619454383850098,4.1030599538766115,5.0,0.3062606161209555,True
medical_insurance,RandomForest,84,SHAP-Targeted CE,343,0.026227712631225586,1.7410184865719873,3.0,0.1657460884605614,True
medical_insurance,RandomForest,85,Actionable CBFI (Proposed),250,0.034644365310668945,4.45715431234091,5.0,0.318678460126085,True
medical_insurance,RandomForest,85,Untargeted Causal (Karimi 2021),250,0.03786587715148926,5.0302427625760515,4.0,0.12583490265865804,True
medical_insurance,RandomForest,85,Wachter's CE,500,0.05618429183959961,4.237818472346525,4.0,0.318678460126085,True
medical_insurance,RandomForest,85,SHAP-Targeted CE,343,0.026179075241088867,1.7904602728558783,2.0,0.11435463283763998,True
medical_insurance,RandomForest,86,Actionable CBFI (Proposed),250,0.037953853607177734,4.76378335367961,4.0,1.006777260711997,True
medical_insurance,RandomForest,86,Untargeted Causal (Karimi 2021),250,0.03224444389343262,4.542690849692368,5.0,0.318678460126085,True
medical_insurance,RandomForest,86,Wachter's CE,500,0.05786633491516113,4.542690849692368,5.0,0.318678460126085,True
medical_insurance,RandomForest,86,SHAP-Targeted CE,343,0.026334524154663086,0.7171717171717178,2.0,1.1738563025546684,True
medical_insurance,RandomForest,87,Actionable CBFI (Proposed),250,0.037715911865234375,2.2087320574162685,4.0,0.3062606161209555,True
medical_insurance,RandomForest,87,Untargeted Causal (Karimi 2021),250,0.03154492378234863,2.7087594302346334,5.0,0.3062606161209555,True
medical_insurance,RandomForest,87,Wachter's CE,500,0.05633115768432617,2.4587868030529987,4.0,1.518971737338807,True
medical_insurance,RandomForest,87,SHAP-Targeted CE,343,0.02569746971130371,0.532296650717704,2.0,1.7227331603427884,True
medical_insurance,RandomForest,88,Actionable CBFI (Proposed),250,0.03810763359069824,4.977566659553938,4.0,1.006777260711997,True
medical_insurance,RandomForest,88,Untargeted Causal (Karimi 2021),250,0.029052734375,4.240059270744998,4.0,0.318678460126085,True
medical_insurance,RandomForest,88,Wachter's CE,500,0.051683902740478516,3.6497208931419474,3.0,1.0687211200394242,True
medical_insurance,RandomForest,88,SHAP-Targeted CE,343,0.021593809127807617,1.3690855927698018,2.0,0.03169697741293472,True
medical_insurance,RandomForest,89,Actionable CBFI (Proposed),250,0.038192033767700195,6.1602268136127325,4.0,1.006777260711997,True
medical_insurance,RandomForest,89,Untargeted Causal (Karimi 2021),250,0.03826618194580078,5.327225006940958,4.0,1.5464754515058357,True
medical_insurance,RandomForest,89,Wachter's CE,500,0.05563163757324219,5.327225006940958,4.0,1.5464754515058357,True
medical_insurance,RandomForest,89,SHAP-Targeted CE,343,0.026058435440063477,3.160742037874486,3.0,1.1738563025546684,True
medical_insurance,RandomForest,90,Actionable CBFI (Proposed),250,0.03820443153381348,2.77773869658232,4.0,2.201556838097144,True
medical_insurance,RandomForest,90,Untargeted Causal (Karimi 2021),250,0.03322291374206543,3.9860446570972883,4.0,0.6475531665001245,True
medical_insurance,RandomForest,90,Wachter's CE,500,0.06045341491699219,3.52773869658232,4.0,2.201556838097144,True
medical_insurance,RandomForest,90,SHAP-Targeted CE,343,0.024906158447265625,0.6477937267410944,2.0,1.9703760208114336,True
medical_insurance,RandomForest,91,Actionable CBFI (Proposed),250,0.03776407241821289,4.044153581404015,4.0,0.3062606161209555,True
medical_insurance,RandomForest,91,Untargeted Causal (Karimi 2021),250,0.03830981254577637,4.590139015561588,4.0,0.318678460126085,True
medical_insurance,RandomForest,91,Wachter's CE,500,0.05132293701171875,4.590139015561588,4.0,0.318678460126085,True
medical_insurance,RandomForest,91,SHAP-Targeted CE,343,0.01753401756286621,0.8363902179691646,2.0,0.1657460884605614,True
medical_insurance,RandomForest,92,Actionable CBFI (Proposed),250,0.057653188705444336,3.80091403425717,6.0,2.7643646345183264,True
medical_insurance,RandomForest,92,Untargeted Causal (Karimi 2021),250,0.03792977333068848,2.620404451484269,4.0,2.933845601691814,True
medical_insurance,RandomForest,92,Wachter's CE,500,0.05597710609436035,2.620404451484269,4.0,2.933845601691814,True
medical_insurance,RandomForest,92,SHAP-Targeted CE,343,0.025606632232666016,1.7375628778532202,3.0,2.6659824032447936,True
medical_insurance,RandomForest,93,Actionable CBFI (Proposed),250,0.027544736862182617,4.0475427361089595,4.0,0.6475531665001245,True
medical_insurance,RandomForest,93,Untargeted Causal (Karimi 2021),250,0.03211021423339844,3.12841652752331,4.0,0.318678460126085,True
medical_insurance,RandomForest,93,Wachter's CE,500,0.08484911918640137,3.12841652752331,4.0,0.318678460126085,True
medical_insurance,RandomForest,93,SHAP-Targeted CE,343,0.026228904724121094,1.7395002658160559,2.0,0.11435463283763998,True
medical_insurance,RandomForest,94,Actionable CBFI (Proposed),250,0.037363529205322266,3.072368421052632,4.0,0.01578775917472815,True
medical_insurance,RandomForest,94,Untargeted Causal (Karimi 2021),250,0.0381321907043457,4.191962972586383,6.0,0.3062606161209555,True
medical_insurance,RandomForest,94,Wachter's CE,500,0.05579733848571777,2.5723957938709963,5.0,0.3062606161209555,True
medical_insurance,RandomForest,94,SHAP-Targeted CE,343,0.025887250900268555,1.66866028708134,2.0,0.1657460884605614,True
medical_insurance,RandomForest,95,Actionable CBFI (Proposed),250,0.03842282295227051,2.333333333333333,3.0,0.9846095988585083,True
medical_insurance,RandomForest,95,Untargeted Causal (Karimi 2021),250,0.03311896324157715,3.2028457664119903,4.0,1.091811068671634,True
medical_insurance,RandomForest,95,Wachter's CE,500,0.056246042251586914,2.2028457664119903,4.0,0.09810515785792662,True
medical_insurance,RandomForest,95,SHAP-Targeted CE,343,0.026459455490112305,0.6944444444444444,2.0,0.007545514029204607,True
medical_insurance,RandomForest,96,Actionable CBFI (Proposed),250,0.03126239776611328,4.495015948963319,3.0,0.12583490265865804,True
medical_insurance,RandomForest,96,Untargeted Causal (Karimi 2021),250,0.038295745849609375,6.718102073365232,3.0,0.353933268096828,True
medical_insurance,RandomForest,96,Wachter's CE,500,0.0559391975402832,4.519764214923628,3.0,2.168717071616575,True
medical_insurance,RandomForest,96,SHAP-Targeted CE,343,0.02576589584350586,2.2539872408293475,2.0,2.6659824032447936,True
medical_insurance,RandomForest,97,Actionable CBFI (Proposed),250,0.04101085662841797,3.3746012759170654,4.0,0.3062606161209555,True
medical_insurance,RandomForest,97,Untargeted Causal (Karimi 2021),250,0.0386357307434082,5.494195827450818,6.0,0.3062606161209555,True
medical_insurance,RandomForest,97,Wachter's CE,500,0.056066274642944336,3.8746286487354307,5.0,0.3062606161209555,True
medical_insurance,RandomForest,97,SHAP-Targeted CE,343,0.02625751495361328,1.3942052099946833,2.0,0.061005091067667404,True
medical_insurance,RandomForest,98,Actionable CBFI (Proposed),250,0.038204193115234375,3.52294378602512,5.0,0.318678460126085,True
medical_insurance,RandomForest,98,Untargeted Causal (Karimi 2021),250,0.03861355781555176,4.314665198328516,5.0,1.5464754515058357,True
medical_insurance,RandomForest,98,Wachter's CE,500,0.05663919448852539,3.303607946030735,4.0,0.318678460126085,True
medical_insurance,RandomForest,98,SHAP-Targeted CE,343,0.026222705841064453,1.7173608576511994,3.0,0.11435463283763998,True
medical_insurance,RandomForest,99,Actionable CBFI (Proposed),250,0.03720521926879883,4.93758945945875,4.0,0.318678460126085,True
medical_insurance,RandomForest,99,Untargeted Causal (Karimi 2021),250,0.03875589370727539,4.1985919661198015,4.0,0.318678460126085,True
medical_insurance,RandomForest,99,Wachter's CE,500,0.05394482612609863,3.2745489039188427,4.0,2.201556838097144,True
medical_insurance,RandomForest,99,SHAP-Targeted CE,343,0.024596452713012695,1.3276182881446048,2.0,0.2482937086167764,True
medical_insurance,RandomForest,100,Actionable CBFI (Proposed),250,0.05296444892883301,4.113467487801426,5.0,1.6815920377465383,True
medical_insurance,RandomForest,100,Untargeted Causal (Karimi 2021),250,0.0382685661315918,3.5841479327555827,5.0,1.518971737338807,True
medical_insurance,RandomForest,100,Wachter's CE,500,0.05550575256347656,3.5841479327555827,5.0,1.518971737338807,True
medical_insurance,RandomForest,100,SHAP-Targeted CE,343,0.026083707809448242,1.5238467694002709,3.0,1.7227331603427884,True
medical_insurance,SVM (RBF Kernel),1,Actionable CBFI (Proposed),250,0.056159257888793945,3.6379528653968283,3.0,2.0031656431458065,True
medical_insurance,SVM (RBF Kernel),1,Untargeted Causal (Karimi 2021),250,0.035300254821777344,3.7057587780506385,5.0,2.201556838097144,True
medical_insurance,SVM (RBF Kernel),1,Wachter's CE,500,0.0575253963470459,3.7057587780506385,5.0,2.201556838097144,True
medical_insurance,SVM (RBF Kernel),1,SHAP-Targeted CE,343,0.022329092025756836,,,,False
medical_insurance,SVM (RBF Kernel),2,Actionable CBFI (Proposed),250,0.03249478340148926,2.1511164274322176,3.0,0.6475531665001245,True
medical_insurance,SVM (RBF Kernel),2,Untargeted Causal (Karimi 2021),250,0.0294649600982666,3.3636363636363633,3.0,0.13383898112896847,True
medical_insurance,SVM (RBF Kernel),2,Wachter's CE,500,0.056946754455566406,3.3636363636363633,3.0,0.13383898112896847,True
medical_insurance,SVM (RBF Kernel),2,SHAP-Targeted CE,343,0.028040647506713867,0.15935672514619806,2.0,0.061005091067667404,True
medical_insurance,SVM (RBF Kernel),3,Actionable CBFI (Proposed),250,0.03442025184631348,2.932216905901116,3.0,0.3062606161209555,True
medical_insurance,SVM (RBF Kernel),3,Untargeted Causal (Karimi 2021),250,0.035312652587890625,5.3434781241015346,6.0,0.3062606161209555,True
medical_insurance,SVM (RBF Kernel),3,Wachter's CE,500,0.07958674430847168,3.7239109453861476,5.0,0.3062606161209555,True
medical_insurance,SVM (RBF Kernel),3,SHAP-Targeted CE,343,0.025575876235961914,1.5449229133439666,2.0,0.1657460884605614,True
medical_insurance,SVM (RBF Kernel),4,Actionable CBFI (Proposed),250,0.035809993743896484,3.4872306077841078,4.0,0.6475531665001245,True
medical_insurance,SVM (RBF Kernel),4,Untargeted Causal (Karimi 2021),250,0.03566431999206543,6.695563941117442,5.0,0.3062606161209555,True
medical_insurance,SVM (RBF Kernel),4,Wachter's CE,500,0.0565791130065918,5.856797786499494,5.0,2.201556838097144,True
medical_insurance,SVM (RBF Kernel),4,SHAP-Targeted CE,343,0.021883487701416016,,,,False
medical_insurance,SVM (RBF Kernel),5,Actionable CBFI (Proposed),216,0.04564499855041504,1.2838720018176994,3.0,0.040729872535535214,True
medical_insurance,SVM (RBF Kernel),5,Untargeted Causal (Karimi 2021),250,0.035298824310302734,4.262043840943133,4.0,0.318678460126085,True
medical_insurance,SVM (RBF Kernel),5,Wachter's CE,500,0.05712628364562988,3.7202950558213717,3.0,0.318678460126085,True
medical_insurance,SVM (RBF Kernel),5,SHAP-Targeted CE,343,0.025898218154907227,0.8312068048910164,2.0,0.03169697741293472,True
medical_insurance,SVM (RBF Kernel),6,Actionable CBFI (Proposed),216,0.027065515518188477,1.191219892925851,2.0,0.0015189735839707895,True
medical_insurance,SVM (RBF Kernel),6,Untargeted Causal (Karimi 2021),250,0.035729408264160156,4.517084867839209,5.0,0.12583490265865804,True
medical_insurance,SVM (RBF Kernel),6,Wachter's CE,500,0.05759143829345703,4.517084867839209,5.0,0.12583490265865804,True
medical_insurance,SVM (RBF Kernel),6,SHAP-Targeted CE,343,0.02279376983642578,,,,False
medical_insurance,SVM (RBF Kernel),7,Actionable CBFI (Proposed),250,0.03549623489379883,3.2390350877192984,4.0,0.3062606161209555,True
medical_insurance,SVM (RBF Kernel),7,Untargeted Causal (Karimi 2021),250,0.035982370376586914,3.739035087719298,3.0,1.518971737338807,True
medical_insurance,SVM (RBF Kernel),7,Wachter's CE,500,0.05841398239135742,3.739035087719298,3.0,1.518971737338807,True
medical_insurance,SVM (RBF Kernel),7,SHAP-Targeted CE,343,0.030023813247680664,1.4980063795853265,2.0,1.7227331603427884,True
medical_insurance,SVM (RBF Kernel),8,Actionable CBFI (Proposed),216,0.04395174980163574,1.354226475279106,2.0,1.3167501916926039,True
medical_insurance,SVM (RBF Kernel),8,Untargeted Causal (Karimi 2021),250,0.03568100929260254,3.8768216311915698,4.0,0.318678460126085,True
medical_insurance,SVM (RBF Kernel),8,Wachter's CE,500,0.057474374771118164,3.8768216311915698,4.0,0.318678460126085,True
medical_insurance,SVM (RBF Kernel),8,SHAP-Targeted CE,343,0.028226137161254883,1.3552631578947385,2.0,1.1738563025546684,True
medical_insurance,SVM (RBF Kernel),9,Actionable CBFI (Proposed),225,0.04750251770019531,1.0620213138491263,1.0,1.4983193745896062,True
medical_insurance,SVM (RBF Kernel),9,Untargeted Causal (Karimi 2021),250,0.029106855392456055,1.9613409152117223,4.0,1.5464754515058357,True
medical_insurance,SVM (RBF Kernel),9,Wachter's CE,500,0.057373762130737305,1.9613409152117223,4.0,1.5464754515058357,True
medical_insurance,SVM (RBF Kernel),9,SHAP-Targeted CE,343,0.024823904037475586,,,,False
medical_insurance,SVM (RBF Kernel),10,Actionable CBFI (Proposed),250,0.02486395835876465,2.432643002802416,3.0,2.168717071616575,True
medical_insurance,SVM (RBF Kernel),10,Untargeted Causal (Karimi 2021),250,0.030385732650756836,5.682697748439146,4.0,0.318678460126085,True
medical_insurance,SVM (RBF Kernel),10,Wachter's CE,500,0.05305027961730957,3.3909763361357492,3.0,2.168717071616575,True
medical_insurance,SVM (RBF Kernel),10,SHAP-Targeted CE,343,0.02603006362915039,1.9326156299840511,2.0,2.168717071616575,True
medical_insurance,SVM (RBF Kernel),11,Actionable CBFI (Proposed),250,0.0376279354095459,3.6170152967793237,4.0,0.013119733017957986,True
medical_insurance,SVM (RBF Kernel),11,Untargeted Causal (Karimi 2021),250,0.03548312187194824,2.9920426695976885,5.0,2.168717071616575,True
medical_insurance,SVM (RBF Kernel),11,Wachter's CE,500,0.05685710906982422,2.9920426695976885,5.0,2.168717071616575,True
medical_insurance,SVM (RBF Kernel),11,SHAP-Targeted CE,343,0.0258944034576416,,,,False
medical_insurance,SVM (RBF Kernel),12,Actionable CBFI (Proposed),250,0.035108089447021484,3.840338377603053,5.0,0.01578775917472815,True
medical_insurance,SVM (RBF Kernel),12,Untargeted Causal (Karimi 2021),250,0.03548717498779297,4.132775119617227,4.0,0.013119733017957986,True
medical_insurance,SVM (RBF Kernel),12,Wachter's CE,500,0.05737495422363281,4.132775119617227,4.0,0.013119733017957986,True
medical_insurance,SVM (RBF Kernel),12,SHAP-Targeted CE,343,0.02752232551574707,1.6507177033492832,2.0,0.2482937086167764,True
medical_insurance,SVM (RBF Kernel),13,Actionable CBFI (Proposed),250,0.03542733192443848,5.32962757300055,4.0,0.9846095988585083,True
medical_insurance,SVM (RBF Kernel),13,Untargeted Causal (Karimi 2021),250,0.03554034233093262,4.851874003189793,3.0,1.518971737338807,True
medical_insurance,SVM (RBF Kernel),13,Wachter's CE,500,0.05822324752807617,4.851874003189793,3.0,1.518971737338807,True
medical_insurance,SVM (RBF Kernel),13,SHAP-Targeted CE,343,0.028064489364624023,2.055821371610845,2.0,1.328030669423433,True
medical_insurance,SVM (RBF Kernel),14,Actionable CBFI (Proposed),250,0.035894155502319336,4.298472348894921,5.0,0.013119733017957986,True
medical_insurance,SVM (RBF Kernel),14,Untargeted Causal (Karimi 2021),250,0.035726308822631836,2.5901116427432225,4.0,0.013119733017957986,True
medical_insurance,SVM (RBF Kernel),14,Wachter's CE,500,0.057769060134887695,2.5901116427432225,4.0,0.013119733017957986,True
medical_insurance,SVM (RBF Kernel),14,SHAP-Targeted CE,343,0.02788376808166504,1.5901116427432227,2.0,0.3217685062078866,True
medical_insurance,SVM (RBF Kernel),15,Actionable CBFI (Proposed),216,0.04626059532165527,0.9912198929258513,1.0,1.4357090228386884,True
medical_insurance,SVM (RBF Kernel),15,Untargeted Causal (Karimi 2021),250,0.035736083984375,4.361727091899446,5.0,0.318678460126085,True
medical_insurance,SVM (RBF Kernel),15,Wachter's CE,500,0.057724952697753906,3.242214658820789,4.0,1.5464754515058357,True
medical_insurance,SVM (RBF Kernel),15,SHAP-Targeted CE,343,0.025214433670043945,,,,False
medical_insurance,SVM (RBF Kernel),16,Actionable CBFI (Proposed),225,0.046892642974853516,1.239024866157314,1.0,1.4793959661400082,True
medical_insurance,SVM (RBF Kernel),16,Untargeted Causal (Karimi 2021),250,0.029063940048217773,2.616444583473286,4.0,1.5464754515058357,True
medical_insurance,SVM (RBF Kernel),16,Wachter's CE,500,0.05677676200866699,2.616444583473286,4.0,1.5464754515058357,True
medical_insurance,SVM (RBF Kernel),16,SHAP-Targeted CE,343,0.024403810501098633,,,,False
medical_insurance,SVM (RBF Kernel),17,Actionable CBFI (Proposed),250,0.035799503326416016,3.5648200362952385,4.0,0.01578775917472815,True
medical_insurance,SVM (RBF Kernel),17,Untargeted Causal (Karimi 2021),250,0.03564643859863281,5.074987500410073,4.0,0.318678460126085,True
medical_insurance,SVM (RBF Kernel),17,Wachter's CE,500,0.05702567100524902,5.064820036295238,4.0,2.201556838097144,True
medical_insurance,SVM (RBF Kernel),17,SHAP-Targeted CE,343,0.028389930725097656,1.204013822434876,2.0,0.1657460884605614,True
medical_insurance,SVM (RBF Kernel),18,Actionable CBFI (Proposed),216,0.04642081260681152,0.9912198929258512,1.0,1.429521479671575,True
medical_insurance,SVM (RBF Kernel),18,Untargeted Causal (Karimi 2021),250,0.03547358512878418,3.3078321432818982,5.0,1.5464754515058357,True
medical_insurance,SVM (RBF Kernel),18,Wachter's CE,500,0.056641578674316406,3.3078321432818982,5.0,1.5464754515058357,True
medical_insurance,SVM (RBF Kernel),18,SHAP-Targeted CE,343,0.022451162338256836,,,,False
medical_insurance,SVM (RBF Kernel),19,Actionable CBFI (Proposed),250,0.034639596939086914,4.878045176258739,5.0,0.318678460126085,True
medical_insurance,SVM (RBF Kernel),19,Untargeted Causal (Karimi 2021),250,0.03544282913208008,3.1279904306220097,4.0,0.013119733017957986,True
medical_insurance,SVM (RBF Kernel),19,Wachter's CE,500,0.0569760799407959,3.1279904306220097,4.0,0.013119733017957986,True
medical_insurance,SVM (RBF Kernel),19,SHAP-Targeted CE,343,0.02783370018005371,2.127990430622009,2.0,0.3217685062078866,True
medical_insurance,SVM (RBF Kernel),20,Actionable CBFI (Proposed),216,0.04445075988769531,1.4175298374447498,3.0,2.3335100021519017,True
medical_insurance,SVM (RBF Kernel),20,Untargeted Causal (Karimi 2021),250,0.03546905517578125,3.7057587780506385,6.0,0.6297992701814547,True
medical_insurance,SVM (RBF Kernel),20,Wachter's CE,500,0.05697035789489746,3.1169105049775974,4.0,2.168717071616575,True
medical_insurance,SVM (RBF Kernel),20,SHAP-Targeted CE,343,0.024700403213500977,,,,False
medical_insurance,SVM (RBF Kernel),21,Actionable CBFI (Proposed),250,0.03167414665222168,3.5723581994906475,3.0,0.18156216353587457,True
medical_insurance,SVM (RBF Kernel),21,Untargeted Causal (Karimi 2021),250,0.03568863868713379,4.603486050777911,4.0,1.5464754515058357,True
medical_insurance,SVM (RBF Kernel),21,Wachter's CE,500,0.05895185470581055,4.603486050777911,4.0,1.5464754515058357,True
medical_insurance,SVM (RBF Kernel),21,SHAP-Targeted CE,343,0.027086257934570312,,,,False
medical_insurance,SVM (RBF Kernel),22,Actionable CBFI (Proposed),250,0.03044891357421875,1.8257575757575746,2.0,1.5464754515058357,True
medical_insurance,SVM (RBF Kernel),22,Untargeted Causal (Karimi 2021),250,0.02989673614501953,3.0757849485759396,4.0,0.318678460126085,True
medical_insurance,SVM (RBF Kernel),22,Wachter's CE,500,0.07132482528686523,3.0757849485759396,4.0,0.318678460126085,True
medical_insurance,SVM (RBF Kernel),22,SHAP-Targeted CE,343,0.025194406509399414,1.1868686868686857,2.0,1.5464754515058357,True
medical_insurance,SVM (RBF Kernel),23,Actionable CBFI (Proposed),250,0.03384232521057129,3.2562349689222163,4.0,0.01578775917472815,True
medical_insurance,SVM (RBF Kernel),23,Untargeted Causal (Karimi 2021),250,0.03517484664916992,4.503085000861751,4.0,1.091811068671634,True
medical_insurance,SVM (RBF Kernel),23,Wachter's CE,500,0.057390689849853516,4.256262341740582,4.0,2.201556838097144,True
medical_insurance,SVM (RBF Kernel),23,SHAP-Targeted CE,343,0.0281219482421875,1.5126262626262625,2.0,0.4335142047503441,True
medical_insurance,SVM (RBF Kernel),24,Actionable CBFI (Proposed),250,0.036002159118652344,2.489024866157314,3.0,0.2998502249522273,True
medical_insurance,SVM (RBF Kernel),24,Untargeted Causal (Karimi 2021),250,0.03550529479980469,3.062417470235647,6.0,0.013119733017957986,True
medical_insurance,SVM (RBF Kernel),24,Wachter's CE,500,0.05323505401611328,3.062417470235647,6.0,0.013119733017957986,True
medical_insurance,SVM (RBF Kernel),24,SHAP-Targeted CE,343,0.021195411682128906,,,,False
medical_insurance,SVM (RBF Kernel),25,Actionable CBFI (Proposed),216,0.04154562950134277,2.4441191126924493,4.0,1.9958556765841144,True
medical_insurance,SVM (RBF Kernel),25,Untargeted Causal (Karimi 2021),250,0.03623199462890625,5.638175045993224,6.0,0.013119733017957986,True
medical_insurance,SVM (RBF Kernel),25,Wachter's CE,500,0.05718231201171875,4.888175045993224,5.0,1.5464754515058357,True
medical_insurance,SVM (RBF Kernel),25,SHAP-Targeted CE,343,0.024576425552368164,,,,False
medical_insurance,SVM (RBF Kernel),26,Actionable CBFI (Proposed),216,0.02800464630126953,1.191219892925851,2.0,0.025617317398856157,True
medical_insurance,SVM (RBF Kernel),26,Untargeted Causal (Karimi 2021),250,0.03567337989807129,3.6722557335221477,5.0,0.318678460126085,True
medical_insurance,SVM (RBF Kernel),26,Wachter's CE,500,0.056743621826171875,3.183230867364834,5.0,1.5464754515058357,True
medical_insurance,SVM (RBF Kernel),26,SHAP-Targeted CE,343,0.02459239959716797,,,,False
medical_insurance,SVM (RBF Kernel),27,Actionable CBFI (Proposed),250,0.03400874137878418,4.851758989826082,5.0,0.6297992701814547,True
medical_insurance,SVM (RBF Kernel),27,Untargeted Causal (Karimi 2021),250,0.02882838249206543,4.982273929565791,6.0,0.013119733017957986,True
medical_insurance,SVM (RBF Kernel),27,Wachter's CE,500,0.05778384208679199,4.982273929565791,6.0,0.013119733017957986,True
medical_insurance,SVM (RBF Kernel),27,SHAP-Targeted CE,343,0.023467302322387695,,,,False
medical_insurance,SVM (RBF Kernel),28,Actionable CBFI (Proposed),250,0.03540921211242676,4.775745076167648,5.0,0.6297992701814547,True
medical_insurance,SVM (RBF Kernel),28,Untargeted Causal (Karimi 2021),250,0.03565835952758789,4.067384370015949,4.0,0.013119733017957986,True
medical_insurance,SVM (RBF Kernel),28,Wachter's CE,500,0.05696225166320801,3.4890350877192975,3.0,1.518971737338807,True
medical_insurance,SVM (RBF Kernel),28,SHAP-Targeted CE,343,0.02768707275390625,2.06738437001595,2.0,2.168717071616575,True
medical_insurance,SVM (RBF Kernel),29,Actionable CBFI (Proposed),250,0.032317161560058594,3.793943997800565,4.0,0.013119733017957986,True
medical_insurance,SVM (RBF Kernel),29,Untargeted Causal (Karimi 2021),250,0.02946162223815918,4.026731664812999,5.0,0.6475531665001245,True
medical_insurance,SVM (RBF Kernel),29,Wachter's CE,500,0.052744388580322266,3.4244315647219077,4.0,1.5464754515058357,True
medical_insurance,SVM (RBF Kernel),29,SHAP-Targeted CE,343,0.02134084701538086,,,,False
medical_insurance,SVM (RBF Kernel),30,Actionable CBFI (Proposed),250,0.035454511642456055,5.676175776930117,6.0,0.6475531665001245,True
medical_insurance,SVM (RBF Kernel),30,Untargeted Causal (Karimi 2021),250,0.035985469818115234,5.264941931548064,5.0,0.3062606161209555,True
medical_insurance,SVM (RBF Kernel),30,Wachter's CE,500,0.05763816833496094,5.264941931548064,5.0,0.3062606161209555,True
medical_insurance,SVM (RBF Kernel),30,SHAP-Targeted CE,343,0.025109291076660156,,,,False
medical_insurance,SVM (RBF Kernel),31,Actionable CBFI (Proposed),250,0.03295087814331055,2.54884370015949,4.0,0.3062606161209555,True
medical_insurance,SVM (RBF Kernel),31,Untargeted Causal (Karimi 2021),250,0.030080795288085938,3.6683835060565118,6.0,0.3062606161209555,True
medical_insurance,SVM (RBF Kernel),31,Wachter's CE,500,0.05742955207824707,3.6683835060565118,6.0,0.3062606161209555,True
medical_insurance,SVM (RBF Kernel),31,SHAP-Targeted CE,343,0.02791571617126465,1.8866294524189255,2.0,0.061005091067667404,True
medical_insurance,SVM (RBF Kernel),32,Actionable CBFI (Proposed),250,0.0383908748626709,2.6666838179230474,4.0,0.3062606161209555,True
medical_insurance,SVM (RBF Kernel),32,Untargeted Causal (Karimi 2021),250,0.03572726249694824,4.208323111771349,5.0,0.3062606161209555,True
medical_insurance,SVM (RBF Kernel),32,Wachter's CE,500,0.057137250900268555,3.9511460782785264,4.0,0.9846095988585083,True
medical_insurance,SVM (RBF Kernel),32,SHAP-Targeted CE,343,0.024964570999145508,,,,False
medical_insurance,SVM (RBF Kernel),33,Actionable CBFI (Proposed),250,0.03212451934814453,4.4954044514842675,4.0,1.5464754515058357,True
medical_insurance,SVM (RBF Kernel),33,Untargeted Causal (Karimi 2021),250,0.03522014617919922,4.756379585326954,4.0,0.013119733017957986,True
medical_insurance,SVM (RBF Kernel),33,Wachter's CE,500,0.05670332908630371,4.714740291478652,4.0,1.5464754515058357,True
medical_insurance,SVM (RBF Kernel),33,SHAP-Targeted CE,343,0.027868986129760742,2.059011164274323,2.0,1.1738563025546684,True
medical_insurance,SVM (RBF Kernel),34,Actionable CBFI (Proposed),250,0.037635087966918945,2.793450703477888,4.0,0.01578775917472815,True
medical_insurance,SVM (RBF Kernel),34,Untargeted Causal (Karimi 2021),250,0.0356597900390625,3.3767840368112214,5.0,0.6475531665001245,True
medical_insurance,SVM (RBF Kernel),34,Wachter's CE,500,0.05703544616699219,3.3767840368112214,5.0,0.6475531665001245,True
medical_insurance,SVM (RBF Kernel),34,SHAP-Targeted CE,343,0.02470993995666504,,,,False
medical_insurance,SVM (RBF Kernel),35,Actionable CBFI (Proposed),250,0.034874916076660156,2.4787526102407558,3.0,0.01578775917472815,True
medical_insurance,SVM (RBF Kernel),35,Untargeted Causal (Karimi 2021),250,0.03540468215942383,4.067573510495432,5.0,0.3062606161209555,True
medical_insurance,SVM (RBF Kernel),35,Wachter's CE,500,0.0570218563079834,4.067573510495432,5.0,0.3062606161209555,True
medical_insurance,SVM (RBF Kernel),35,SHAP-Targeted CE,343,0.024846553802490234,,,,False
medical_insurance,SVM (RBF Kernel),36,Actionable CBFI (Proposed),216,0.04685258865356445,0.6166666666666667,1.0,1.9885590722056905,True
medical_insurance,SVM (RBF Kernel),36,Untargeted Causal (Karimi 2021),250,0.03618144989013672,3.431274841330509,4.0,2.201556838097144,True
medical_insurance,SVM (RBF Kernel),36,Wachter's CE,500,0.05916643142700195,3.431274841330509,4.0,2.201556838097144,True
medical_insurance,SVM (RBF Kernel),36,SHAP-Targeted CE,343,0.028297901153564453,1.0598086124401918,2.0,1.9703760208114336,True
medical_insurance,SVM (RBF Kernel),37,Actionable CBFI (Proposed),250,0.03812551498413086,3.2731259968102084,4.0,1.5464754515058357,True
medical_insurance,SVM (RBF Kernel),37,Untargeted Causal (Karimi 2021),250,0.05357980728149414,3.7731533696285737,5.0,0.318678460126085,True
medical_insurance,SVM (RBF Kernel),37,Wachter's CE,500,0.04644346237182617,3.7731533696285737,5.0,0.318678460126085,True
medical_insurance,SVM (RBF Kernel),37,SHAP-Targeted CE,343,0.024431228637695312,1.3842371079213196,2.0,0.11435463283763998,True
medical_insurance,SVM (RBF Kernel),38,Actionable CBFI (Proposed),250,0.03646540641784668,2.211351136773709,4.0,0.6297992701814547,True
medical_insurance,SVM (RBF Kernel),38,Untargeted Causal (Karimi 2021),250,0.030269622802734375,3.211351136773709,4.0,0.318678460126085,True
medical_insurance,SVM (RBF Kernel),38,Wachter's CE,500,0.04320526123046875,3.211351136773709,4.0,0.318678460126085,True
medical_insurance,SVM (RBF Kernel),38,SHAP-Targeted CE,343,0.020441055297851562,0.822434875066455,2.0,0.3217685062078866,True
medical_insurance,SVM (RBF Kernel),39,Actionable CBFI (Proposed),250,0.03654742240905762,2.489024866157314,3.0,0.23525809803893202,True
medical_insurance,SVM (RBF Kernel),39,Untargeted Causal (Karimi 2021),250,0.0356903076171875,4.808031505323365,6.0,0.013119733017957986,True
medical_insurance,SVM (RBF Kernel),39,Wachter's CE,500,0.05841231346130371,4.599698171990031,6.0,0.6297992701814547,True
medical_insurance,SVM (RBF Kernel),39,SHAP-Targeted CE,343,0.025236845016479492,,,,False
medical_insurance,SVM (RBF Kernel),40,Actionable CBFI (Proposed),250,0.03835630416870117,2.4571645339028976,5.0,0.12583490265865804,True
medical_insurance,SVM (RBF Kernel),40,Untargeted Causal (Karimi 2021),250,0.03569746017456055,3.7071919067212615,5.0,0.12583490265865804,True
medical_insurance,SVM (RBF Kernel),40,Wachter's CE,500,0.05735158920288086,3.7071919067212615,5.0,0.12583490265865804,True
medical_insurance,SVM (RBF Kernel),40,SHAP-Targeted CE,343,0.027577877044677734,1.0339097955950167,3.0,0.529072344309643,True
medical_insurance,SVM (RBF Kernel),41,Actionable CBFI (Proposed),216,0.04569101333618164,0.9912198929258513,1.0,1.5301256323376449,True
medical_insurance,SVM (RBF Kernel),41,Untargeted Causal (Karimi 2021),250,0.03563499450683594,4.502930162895028,6.0,0.318678460126085,True
medical_insurance,SVM (RBF Kernel),41,Wachter's CE,500,0.0570530891418457,4.164081889821986,5.0,1.5464754515058357,True
medical_insurance,SVM (RBF Kernel),41,SHAP-Targeted CE,343,0.024610042572021484,,,,False
medical_insurance,SVM (RBF Kernel),42,Actionable CBFI (Proposed),216,0.023027658462524414,1.686829839388777,2.0,0.007231368949242484,True
medical_insurance,SVM (RBF Kernel),42,Untargeted Causal (Karimi 2021),250,0.03554582595825195,4.255893220698674,6.0,0.3062606161209555,True
medical_insurance,SVM (RBF Kernel),42,Wachter's CE,500,0.05727720260620117,4.255893220698674,6.0,0.3062606161209555,True
medical_insurance,SVM (RBF Kernel),42,SHAP-Targeted CE,343,0.02477288246154785,,,,False
medical_insurance,SVM (RBF Kernel),43,Actionable CBFI (Proposed),250,0.03415322303771973,5.235635711452369,4.0,0.6475531665001245,True
medical_insurance,SVM (RBF Kernel),43,Untargeted Causal (Karimi 2021),250,0.03546619415283203,6.443969044785703,5.0,0.3062606161209555,True
medical_insurance,SVM (RBF Kernel),43,Wachter's CE,500,0.0572657585144043,6.3822763032043,5.0,2.168717071616575,True
medical_insurance,SVM (RBF Kernel),43,SHAP-Targeted CE,343,0.024302005767822266,,,,False
medical_insurance,SVM (RBF Kernel),44,Actionable CBFI (Proposed),225,0.048822879791259766,0.5714363922338188,2.0,2.0547095502091763,True
medical_insurance,SVM (RBF Kernel),44,Untargeted Causal (Karimi 2021),250,0.03560686111450195,5.257259151947919,4.0,0.318678460126085,True
medical_insurance,SVM (RBF Kernel),44,Wachter's CE,500,0.057711124420166016,3.2159912093641854,3.0,2.201556838097144,True
medical_insurance,SVM (RBF Kernel),44,SHAP-Targeted CE,343,0.02852344512939453,0.8862307283359923,2.0,1.9703760208114336,True
medical_insurance,SVM (RBF Kernel),45,Actionable CBFI (Proposed),250,0.03643465042114258,2.7882775119617222,3.0,0.3062606161209555,True
medical_insurance,SVM (RBF Kernel),45,Untargeted Causal (Karimi 2021),250,0.03205370903015137,5.19953873016214,6.0,0.3062606161209555,True
medical_insurance,SVM (RBF Kernel),45,Wachter's CE,500,0.057056427001953125,3.579971551446754,5.0,0.3062606161209555,True
medical_insurance,SVM (RBF Kernel),45,SHAP-Targeted CE,343,0.024651050567626953,0.8555289739500271,2.0,0.1657460884605614,True
medical_insurance,SVM (RBF Kernel),46,Actionable CBFI (Proposed),250,0.03839898109436035,2.8594771335839146,5.0,1.518971737338807,True
medical_insurance,SVM (RBF Kernel),46,Untargeted Causal (Karimi 2021),250,0.0366826057434082,3.729044312299302,6.0,0.3062606161209555,True
medical_insurance,SVM (RBF Kernel),46,Wachter's CE,500,0.0585024356842041,2.1094771335839146,5.0,0.3062606161209555,True
medical_insurance,SVM (RBF Kernel),46,SHAP-Targeted CE,343,0.027235746383666992,1.5449411618895428,3.0,0.1657460884605614,True
medical_insurance,SVM (RBF Kernel),47,Actionable CBFI (Proposed),250,0.05299878120422363,5.423133181296714,5.0,1.8246175612505,True
medical_insurance,SVM (RBF Kernel),47,Untargeted Causal (Karimi 2021),250,0.03572678565979004,6.084147932755583,5.0,1.518971737338807,True
medical_insurance,SVM (RBF Kernel),47,Wachter's CE,500,0.056719303131103516,6.084147932755583,5.0,1.518971737338807,True
medical_insurance,SVM (RBF Kernel),47,SHAP-Targeted CE,343,0.024605751037597656,,,,False
medical_insurance,SVM (RBF Kernel),48,Actionable CBFI (Proposed),250,0.055454254150390625,6.441312828864912,5.0,1.7621229648620702,True
medical_insurance,SVM (RBF Kernel),48,Untargeted Causal (Karimi 2021),250,0.035414934158325195,6.801574501013052,6.0,0.318678460126085,True
medical_insurance,SVM (RBF Kernel),48,Wachter's CE,500,0.057129859924316406,6.551601873831418,5.0,1.5464754515058357,True
medical_insurance,SVM (RBF Kernel),48,SHAP-Targeted CE,343,0.02588486671447754,,,,False
medical_insurance,SVM (RBF Kernel),49,Actionable CBFI (Proposed),250,0.05749630928039551,2.58617927694092,4.0,1.7966016592638676,True
medical_insurance,SVM (RBF Kernel),49,Untargeted Causal (Karimi 2021),250,0.035663604736328125,3.979266347687401,4.0,0.013119733017957986,True
medical_insurance,SVM (RBF Kernel),49,Wachter's CE,500,0.057453155517578125,3.937627053839099,4.0,1.5464754515058357,True
medical_insurance,SVM (RBF Kernel),49,SHAP-Targeted CE,343,0.01923847198486328,1.6694577352472084,2.0,1.9703760208114336,True
medical_insurance,SVM (RBF Kernel),50,Actionable CBFI (Proposed),225,0.047766923904418945,0.9082528577915953,3.0,0.05838121825640199,True
medical_insurance,SVM (RBF Kernel),50,Untargeted Causal (Karimi 2021),250,0.02984786033630371,2.8102347093414908,4.0,0.318678460126085,True
medical_insurance,SVM (RBF Kernel),50,Wachter's CE,500,0.05749106407165527,2.8102347093414908,4.0,0.318678460126085,True
medical_insurance,SVM (RBF Kernel),50,SHAP-Targeted CE,343,0.020410776138305664,1.1162945241892621,2.0,0.03169697741293472,True
medical_insurance,SVM (RBF Kernel),51,Actionable CBFI (Proposed),216,0.0394129753112793,2.3534965060554436,2.0,1.199918060072281,True
medical_insurance,SVM (RBF Kernel),51,Untargeted Causal (Karimi 2021),250,0.03599119186401367,5.31311012659979,5.0,0.09810515785792662,True
medical_insurance,SVM (RBF Kernel),51,Wachter's CE,500,0.0782625675201416,4.56311012659979,4.0,0.9846095988585083,True
medical_insurance,SVM (RBF Kernel),51,SHAP-Targeted CE,343,0.020122766494750977,,,,False
medical_insurance,SVM (RBF Kernel),52,Actionable CBFI (Proposed),216,0.02721261978149414,1.5912198929258512,2.0,1.1976620341498485,True
medical_insurance,SVM (RBF Kernel),52,Untargeted Causal (Karimi 2021),250,0.030379056930541992,3.4964012616916045,4.0,1.091811068671634,True
medical_insurance,SVM (RBF Kernel),52,Wachter's CE,500,0.053261756896972656,3.2464286345099693,4.0,2.972021420485923,True
medical_insurance,SVM (RBF Kernel),52,SHAP-Targeted CE,343,0.017361164093017578,,,,False
medical_insurance,SVM (RBF Kernel),53,Actionable CBFI (Proposed),250,0.05642867088317871,1.1862770441072383,2.0,1.8445732681183165,True
medical_insurance,SVM (RBF Kernel),53,Untargeted Causal (Karimi 2021),250,0.035642147064208984,4.62538850252095,2.0,0.9846095988585083,True
medical_insurance,SVM (RBF Kernel),53,Wachter's CE,500,0.05711674690246582,2.5181693185918905,3.0,2.168717071616575,True
medical_insurance,SVM (RBF Kernel),53,SHAP-Targeted CE,343,0.027512550354003906,0.4222488038277502,1.0,1.7227331603427884,True
medical_insurance,SVM (RBF Kernel),54,Actionable CBFI (Proposed),250,0.035198211669921875,6.600164093494344,5.0,0.01578775917472815,True
medical_insurance,SVM (RBF Kernel),54,Untargeted Causal (Karimi 2021),250,0.03605318069458008,6.251175729124835,5.0,0.013119733017957986,True
medical_insurance,SVM (RBF Kernel),54,Wachter's CE,500,0.057790279388427734,6.251175729124835,5.0,0.013119733017957986,True
medical_insurance,SVM (RBF Kernel),54,SHAP-Targeted CE,343,0.025116443634033203,,,,False
medical_insurance,SVM (RBF Kernel),55,Actionable CBFI (Proposed),250,0.03575944900512695,4.3350125783428295,5.0,0.013119733017957986,True
medical_insurance,SVM (RBF Kernel),55,Untargeted Causal (Karimi 2021),250,0.03578662872314453,3.693996417604067,6.0,0.3062606161209555,True
medical_insurance,SVM (RBF Kernel),55,Wachter's CE,500,0.057775020599365234,3.693996417604067,6.0,0.3062606161209555,True
medical_insurance,SVM (RBF Kernel),55,SHAP-Targeted CE,343,0.02493596076965332,,,,False
medical_insurance,SVM (RBF Kernel),56,Actionable CBFI (Proposed),250,0.03223228454589844,3.702740974610265,4.0,0.013119733017957986,True
medical_insurance,SVM (RBF Kernel),56,Untargeted Causal (Karimi 2021),250,0.03611564636230469,5.191793213585943,5.0,0.318678460126085,True
medical_insurance,SVM (RBF Kernel),56,Wachter's CE,500,0.0528712272644043,4.70276834742863,5.0,1.5464754515058357,True
medical_insurance,SVM (RBF Kernel),56,SHAP-Targeted CE,343,0.020807981491088867,,,,False
medical_insurance,SVM (RBF Kernel),57,Actionable CBFI (Proposed),216,0.027458906173706055,1.5703349282296657,3.0,0.08415111430301034,True
medical_insurance,SVM (RBF Kernel),57,Untargeted Causal (Karimi 2021),250,0.03539752960205078,3.791285093840113,6.0,0.013119733017957986,True
medical_insurance,SVM (RBF Kernel),57,Wachter's CE,500,0.057230234146118164,3.1717452879430903,5.0,2.168717071616575,True
medical_insurance,SVM (RBF Kernel),57,SHAP-Targeted CE,343,0.02780461311340332,0.6633439659755448,2.0,0.3217685062078866,True
medical_insurance,SVM (RBF Kernel),58,Actionable CBFI (Proposed),216,0.04572153091430664,0.7833333333333335,1.0,1.8736306590754752,True
medical_insurance,SVM (RBF Kernel),58,Untargeted Causal (Karimi 2021),250,0.035521507263183594,4.325757575757576,4.0,0.013119733017957986,True
medical_insurance,SVM (RBF Kernel),58,Wachter's CE,500,0.057073116302490234,4.284118281909275,4.0,1.5464754515058357,True
medical_insurance,SVM (RBF Kernel),58,SHAP-Targeted CE,343,0.027703523635864258,0.8507442849548106,2.0,1.9703760208114336,True
medical_insurance,SVM (RBF Kernel),59,Actionable CBFI (Proposed),250,0.036630868911743164,3.476475279106859,4.0,0.013119733017957986,True
medical_insurance,SVM (RBF Kernel),59,Untargeted Causal (Karimi 2021),250,0.035288095474243164,4.476530024743589,5.0,0.013119733017957986,True
medical_insurance,SVM (RBF Kernel),59,Wachter's CE,500,0.057301998138427734,3.845987712185516,4.0,2.168717071616575,True
medical_insurance,SVM (RBF Kernel),59,SHAP-Targeted CE,343,0.024950504302978516,1.476475279106859,2.0,2.168717071616575,True
medical_insurance,SVM (RBF Kernel),60,Actionable CBFI (Proposed),250,0.03206634521484375,3.6477272727272725,2.0,0.9846095988585083,True
medical_insurance,SVM (RBF Kernel),60,Untargeted Causal (Karimi 2021),250,0.03603315353393555,5.502514287555713,6.0,0.3062606161209555,True
medical_insurance,SVM (RBF Kernel),60,Wachter's CE,500,0.05760908126831055,4.245803175567203,3.0,2.168717071616575,True
medical_insurance,SVM (RBF Kernel),60,SHAP-Targeted CE,343,0.028166770935058594,1.64194577352472,2.0,1.7227331603427884,True
medical_insurance,SVM (RBF Kernel),61,Actionable CBFI (Proposed),250,0.03619194030761719,2.6403508771929824,3.0,0.007078634770416563,True
medical_insurance,SVM (RBF Kernel),61,Untargeted Causal (Karimi 2021),250,0.03534722328186035,5.639182077762544,4.0,0.318678460126085,True
medical_insurance,SVM (RBF Kernel),61,Wachter's CE,500,0.05663871765136719,3.916068580542264,3.0,1.0687211200394242,True
medical_insurance,SVM (RBF Kernel),61,SHAP-Targeted CE,343,0.027970075607299805,1.2861509835194036,2.0,0.00032074234266066503,True
medical_insurance,SVM (RBF Kernel),62,Actionable CBFI (Proposed),250,0.035130977630615234,2.6319674498893715,4.0,0.01578775917472815,True
medical_insurance,SVM (RBF Kernel),62,Untargeted Causal (Karimi 2021),250,0.03572201728820801,3.423634116556038,5.0,0.3062606161209555,True
medical_insurance,SVM (RBF Kernel),62,Wachter's CE,500,0.05726480484008789,3.423634116556038,5.0,0.3062606161209555,True
medical_insurance,SVM (RBF Kernel),62,SHAP-Targeted CE,343,0.02460026741027832,,,,False
medical_insurance,SVM (RBF Kernel),63,Actionable CBFI (Proposed),250,0.03386878967285156,3.8728913662216167,5.0,0.6297992701814547,True
medical_insurance,SVM (RBF Kernel),63,Untargeted Causal (Karimi 2021),250,0.03558206558227539,3.6977842963919474,5.0,1.518971737338807,True
medical_insurance,SVM (RBF Kernel),63,Wachter's CE,500,0.05657815933227539,3.1228913662216167,4.0,2.168717071616575,True
medical_insurance,SVM (RBF Kernel),63,SHAP-Targeted CE,343,0.02230238914489746,,,,False
medical_insurance,SVM (RBF Kernel),64,Actionable CBFI (Proposed),250,0.038112640380859375,1.9007177033492826,4.0,0.013119733017957986,True
medical_insurance,SVM (RBF Kernel),64,Untargeted Causal (Karimi 2021),250,0.03547263145446777,1.6507177033492835,4.0,0.013119733017957986,True
medical_insurance,SVM (RBF Kernel),64,Wachter's CE,500,0.056621551513671875,1.6507177033492835,4.0,0.013119733017957986,True
medical_insurance,SVM (RBF Kernel),64,SHAP-Targeted CE,343,0.02787184715270996,0.650717703349283,2.0,0.3217685062078866,True
medical_insurance,SVM (RBF Kernel),65,Actionable CBFI (Proposed),250,0.05703449249267578,3.5308398140101693,3.0,1.9740059499986509,True
medical_insurance,SVM (RBF Kernel),65,Untargeted Causal (Karimi 2021),250,0.03619861602783203,3.801452557954945,5.0,2.201556838097144,True
medical_insurance,SVM (RBF Kernel),65,Wachter's CE,500,0.059172868728637695,3.801452557954945,5.0,2.201556838097144,True
medical_insurance,SVM (RBF Kernel),65,SHAP-Targeted CE,343,0.025645732879638672,,,,False
medical_insurance,SVM (RBF Kernel),66,Actionable CBFI (Proposed),250,0.0375971794128418,2.349681020733651,3.0,0.318678460126085,True
medical_insurance,SVM (RBF Kernel),66,Untargeted Causal (Karimi 2021),250,0.035375118255615234,3.849763139188746,4.0,0.318678460126085,True
medical_insurance,SVM (RBF Kernel),66,Wachter's CE,500,0.07057452201843262,3.3080143540669846,3.0,0.318678460126085,True
medical_insurance,SVM (RBF Kernel),66,SHAP-Targeted CE,343,0.02884984016418457,0.9607921318447624,2.0,1.5464754515058357,True
medical_insurance,SVM (RBF Kernel),67,Actionable CBFI (Proposed),250,0.03685808181762695,2.239024866157314,3.0,0.10187894313217576,True
medical_insurance,SVM (RBF Kernel),67,Untargeted Causal (Karimi 2021),250,0.03587532043457031,3.6708704207938605,6.0,0.09810515785792662,True
medical_insurance,SVM (RBF Kernel),67,Wachter's CE,500,0.05800008773803711,3.6708704207938605,6.0,0.09810515785792662,True
medical_insurance,SVM (RBF Kernel),67,SHAP-Targeted CE,343,0.024889469146728516,,,,False
medical_insurance,SVM (RBF Kernel),68,Actionable CBFI (Proposed),250,0.03548550605773926,3.9234723488949204,3.0,2.168717071616575,True
medical_insurance,SVM (RBF Kernel),68,Untargeted Causal (Karimi 2021),250,0.035276174545288086,4.2996411483253585,3.0,1.518971737338807,True
medical_insurance,SVM (RBF Kernel),68,Wachter's CE,500,0.056748151779174805,4.2996411483253585,3.0,1.518971737338807,True
medical_insurance,SVM (RBF Kernel),68,SHAP-Targeted CE,343,0.027479887008666992,1.9413875598086134,2.0,1.7227331603427884,True
medical_insurance,SVM (RBF Kernel),69,Actionable CBFI (Proposed),250,0.0357813835144043,5.304719769601784,4.0,0.6475531665001245,True
medical_insurance,SVM (RBF Kernel),69,Untargeted Causal (Karimi 2021),250,0.035756587982177734,4.935207336523127,3.0,1.518971737338807,True
medical_insurance,SVM (RBF Kernel),69,Wachter's CE,500,0.057280778884887695,4.490724554290778,4.0,0.09810515785792662,True
medical_insurance,SVM (RBF Kernel),69,SHAP-Targeted CE,343,0.027810096740722656,1.6941786283891553,2.0,1.328030669423433,True
medical_insurance,SVM (RBF Kernel),70,Actionable CBFI (Proposed),250,0.0570068359375,2.862900207209032,5.0,1.4605928173398302,True
medical_insurance,SVM (RBF Kernel),70,Untargeted Causal (Karimi 2021),250,0.029198884963989258,3.324162679425836,4.0,0.013119733017957986,True
medical_insurance,SVM (RBF Kernel),70,Wachter's CE,500,0.057057857513427734,3.2825233855775338,4.0,1.5464754515058357,True
medical_insurance,SVM (RBF Kernel),70,SHAP-Targeted CE,343,0.02798008918762207,1.3241626794258363,2.0,1.5464754515058357,True
medical_insurance,SVM (RBF Kernel),71,Actionable CBFI (Proposed),250,0.03836631774902344,2.7161084529505595,4.0,0.013119733017957986,True
medical_insurance,SVM (RBF Kernel),71,Untargeted Causal (Karimi 2021),250,0.03548407554626465,2.7161084529505595,4.0,0.013119733017957986,True
medical_insurance,SVM (RBF Kernel),71,Wachter's CE,500,0.05675840377807617,2.7161084529505595,4.0,0.013119733017957986,True
medical_insurance,SVM (RBF Kernel),71,SHAP-Targeted CE,343,0.028149843215942383,1.716108452950559,2.0,0.11435463283763998,True
medical_insurance,SVM (RBF Kernel),72,Actionable CBFI (Proposed),250,0.03553962707519531,1.5526315789473681,3.0,1.518971737338807,True
medical_insurance,SVM (RBF Kernel),72,Untargeted Causal (Karimi 2021),250,0.029948711395263672,3.260964912280701,4.0,0.3062606161209555,True
medical_insurance,SVM (RBF Kernel),72,Wachter's CE,500,0.053240060806274414,2.052658951765733,4.0,1.518971737338807,True
medical_insurance,SVM (RBF Kernel),72,SHAP-Targeted CE,343,0.02429938316345215,0.11895268474215845,2.0,1.328030669423433,True
medical_insurance,SVM (RBF Kernel),73,Actionable CBFI (Proposed),250,0.03784894943237305,2.2503885025209502,4.0,0.6475531665001245,True
medical_insurance,SVM (RBF Kernel),73,Untargeted Causal (Karimi 2021),250,0.03717970848083496,3.833749208672648,6.0,0.6475531665001245,True
medical_insurance,SVM (RBF Kernel),73,Wachter's CE,500,0.05736279487609863,3.833749208672648,6.0,0.6475531665001245,True
medical_insurance,SVM (RBF Kernel),73,SHAP-Targeted CE,343,0.024867534637451172,,,,False
medical_insurance,SVM (RBF Kernel),74,Actionable CBFI (Proposed),250,0.03492569923400879,2.7390350877192975,4.0,0.3062606161209555,True
medical_insurance,SVM (RBF Kernel),74,Untargeted Causal (Karimi 2021),250,0.03552365303039551,2.7390350877192975,4.0,0.3062606161209555,True
medical_insurance,SVM (RBF Kernel),74,Wachter's CE,500,0.05750298500061035,2.7390350877192975,4.0,0.3062606161209555,True
medical_insurance,SVM (RBF Kernel),74,SHAP-Targeted CE,343,0.027530193328857422,0.6091174906964374,2.0,0.1657460884605614,True
medical_insurance,SVM (RBF Kernel),75,Actionable CBFI (Proposed),250,0.0386202335357666,3.430905720288603,4.0,0.3062606161209555,True
medical_insurance,SVM (RBF Kernel),75,Untargeted Causal (Karimi 2021),250,0.03570437431335449,4.603087326694977,6.0,0.3062606161209555,True
medical_insurance,SVM (RBF Kernel),75,Wachter's CE,500,0.057578325271606445,4.603087326694977,6.0,0.3062606161209555,True
medical_insurance,SVM (RBF Kernel),75,SHAP-Targeted CE,343,0.024657487869262695,,,,False
medical_insurance,SVM (RBF Kernel),76,Actionable CBFI (Proposed),250,0.034825801849365234,4.374591054355082,5.0,0.318678460126085,True
medical_insurance,SVM (RBF Kernel),76,Untargeted Causal (Karimi 2021),250,0.03543972969055176,4.994103487433739,5.0,0.318678460126085,True
medical_insurance,SVM (RBF Kernel),76,Wachter's CE,500,0.05700421333312988,4.994103487433739,5.0,0.318678460126085,True
medical_insurance,SVM (RBF Kernel),76,SHAP-Targeted CE,343,0.025246381759643555,,,,False
medical_insurance,SVM (RBF Kernel),77,Actionable CBFI (Proposed),250,0.058838844299316406,3.394581711151295,5.0,0.06545326178294261,True
medical_insurance,SVM (RBF Kernel),77,Untargeted Causal (Karimi 2021),250,0.036798715591430664,3.5952950558213703,4.0,0.013119733017957986,True
medical_insurance,SVM (RBF Kernel),77,Wachter's CE,500,0.05884671211242676,3.5952950558213703,4.0,0.013119733017957986,True
medical_insurance,SVM (RBF Kernel),77,SHAP-Targeted CE,343,0.028502225875854492,0.9564061669324817,2.0,0.11435463283763998,True
medical_insurance,SVM (RBF Kernel),78,Actionable CBFI (Proposed),250,0.038796424865722656,3.2828947368421066,4.0,0.12583490265865804,True
medical_insurance,SVM (RBF Kernel),78,Untargeted Causal (Karimi 2021),250,0.03541898727416992,3.690191387559808,4.0,0.013119733017957986,True
medical_insurance,SVM (RBF Kernel),78,Wachter's CE,500,0.0572047233581543,3.690191387559808,4.0,0.013119733017957986,True
medical_insurance,SVM (RBF Kernel),78,SHAP-Targeted CE,343,0.02816319465637207,1.6901913875598082,2.0,0.3217685062078866,True
medical_insurance,SVM (RBF Kernel),79,Actionable CBFI (Proposed),250,0.035594940185546875,5.495803175567203,4.0,0.013119733017957986,True
medical_insurance,SVM (RBF Kernel),79,Untargeted Causal (Karimi 2021),250,0.03603363037109375,4.731050384498621,5.0,0.3062606161209555,True
medical_insurance,SVM (RBF Kernel),79,Wachter's CE,500,0.058411359786987305,4.464597905296577,4.0,0.09810515785792662,True
medical_insurance,SVM (RBF Kernel),79,SHAP-Targeted CE,343,0.025249004364013672,,,,False
medical_insurance,SVM (RBF Kernel),80,Actionable CBFI (Proposed),250,0.029842376708984375,2.7715482517348495,5.0,0.6475531665001245,True
medical_insurance,SVM (RBF Kernel),80,Untargeted Causal (Karimi 2021),250,0.025149822235107422,5.054614977800058,4.0,1.091811068671634,True
medical_insurance,SVM (RBF Kernel),80,Wachter's CE,500,0.04206061363220215,4.641088057631872,5.0,2.201556838097144,True
medical_insurance,SVM (RBF Kernel),80,SHAP-Targeted CE,343,0.02440619468688965,,,,False
medical_insurance,SVM (RBF Kernel),81,Actionable CBFI (Proposed),250,0.07933568954467773,1.8792904529421361,3.0,1.5140379869658778,True
medical_insurance,SVM (RBF Kernel),81,Untargeted Causal (Karimi 2021),250,0.03703641891479492,4.715926242165471,6.0,0.3062606161209555,True
medical_insurance,SVM (RBF Kernel),81,Wachter's CE,500,0.058893680572509766,4.715926242165471,6.0,0.3062606161209555,True
medical_insurance,SVM (RBF Kernel),81,SHAP-Targeted CE,343,0.017605304718017578,,,,False
medical_insurance,SVM (RBF Kernel),82,Actionable CBFI (Proposed),216,0.027935266494750977,1.191219892925851,2.0,0.01732422432730074,True
medical_insurance,SVM (RBF Kernel),82,Untargeted Causal (Karimi 2021),250,0.02920842170715332,3.0163648386566995,5.0,1.5464754515058357,True
medical_insurance,SVM (RBF Kernel),82,Wachter's CE,500,0.05686354637145996,3.0163648386566995,5.0,1.5464754515058357,True
medical_insurance,SVM (RBF Kernel),82,SHAP-Targeted CE,343,0.022053956985473633,,,,False
medical_insurance,SVM (RBF Kernel),83,Actionable CBFI (Proposed),250,0.058120012283325195,2.8985430582061107,4.0,0.2618692787643209,True
medical_insurance,SVM (RBF Kernel),83,Untargeted Causal (Karimi 2021),250,0.035698652267456055,3.3564593301435424,4.0,0.013119733017957986,True
medical_insurance,SVM (RBF Kernel),83,Wachter's CE,500,0.05711007118225098,3.3564593301435424,4.0,0.013119733017957986,True
medical_insurance,SVM (RBF Kernel),83,SHAP-Targeted CE,343,0.027454614639282227,0.8744019138755991,2.0,0.2482937086167764,True
medical_insurance,SVM (RBF Kernel),84,Actionable CBFI (Proposed),250,0.03382587432861328,2.430905720288602,3.0,0.3062606161209555,True
medical_insurance,SVM (RBF Kernel),84,Untargeted Causal (Karimi 2021),250,0.03522491455078125,4.1030599538766115,5.0,0.3062606161209555,True
medical_insurance,SVM (RBF Kernel),84,Wachter's CE,500,0.05715680122375488,4.1030599538766115,5.0,0.3062606161209555,True
medical_insurance,SVM (RBF Kernel),84,SHAP-Targeted CE,343,0.02474188804626465,,,,False
medical_insurance,SVM (RBF Kernel),85,Actionable CBFI (Proposed),250,0.03470182418823242,2.4473581994906475,3.0,0.254961305728285,True
medical_insurance,SVM (RBF Kernel),85,Untargeted Causal (Karimi 2021),250,0.03623247146606445,5.0302427625760515,4.0,0.12583490265865804,True
medical_insurance,SVM (RBF Kernel),85,Wachter's CE,500,0.05757546424865723,4.237818472346525,4.0,0.318678460126085,True
medical_insurance,SVM (RBF Kernel),85,SHAP-Targeted CE,343,0.024850130081176758,,,,False
medical_insurance,SVM (RBF Kernel),86,Actionable CBFI (Proposed),250,0.03706669807434082,3.0970893141945783,4.0,0.10518694954951562,True
medical_insurance,SVM (RBF Kernel),86,Untargeted Causal (Karimi 2021),250,0.03552889823913574,4.542690849692368,5.0,0.318678460126085,True
medical_insurance,SVM (RBF Kernel),86,Wachter's CE,500,0.05681967735290527,4.542690849692368,5.0,0.318678460126085,True
medical_insurance,SVM (RBF Kernel),86,SHAP-Targeted CE,343,0.028634309768676758,1.3560606060606066,2.0,1.1738563025546684,True
medical_insurance,SVM (RBF Kernel),87,Actionable CBFI (Proposed),250,0.03851032257080078,3.1670653907496016,4.0,0.3062606161209555,True
medical_insurance,SVM (RBF Kernel),87,Untargeted Causal (Karimi 2021),250,0.03545570373535156,2.7087594302346334,5.0,0.3062606161209555,True
medical_insurance,SVM (RBF Kernel),87,Wachter's CE,500,0.056908369064331055,2.4587868030529987,4.0,1.518971737338807,True
medical_insurance,SVM (RBF Kernel),87,SHAP-Targeted CE,343,0.02731800079345703,0.532296650717704,2.0,1.7227331603427884,True
medical_insurance,SVM (RBF Kernel),88,Actionable CBFI (Proposed),250,0.03451728820800781,2.6497208931419474,3.0,0.10518694954951562,True
medical_insurance,SVM (RBF Kernel),88,Untargeted Causal (Karimi 2021),250,0.03548741340637207,4.240059270744998,4.0,0.318678460126085,True
medical_insurance,SVM (RBF Kernel),88,Wachter's CE,500,0.057982683181762695,3.6497208931419474,3.0,1.0687211200394242,True
medical_insurance,SVM (RBF Kernel),88,SHAP-Targeted CE,343,0.028058528900146484,1.3690855927698018,2.0,0.03169697741293472,True
medical_insurance,SVM (RBF Kernel),89,Actionable CBFI (Proposed),250,0.054523468017578125,3.6918706325693043,2.0,1.3502993771765606,True
medical_insurance,SVM (RBF Kernel),89,Untargeted Causal (Karimi 2021),250,0.03604006767272949,5.327225006940958,4.0,1.5464754515058357,True
medical_insurance,SVM (RBF Kernel),89,Wachter's CE,500,0.05399894714355469,5.327225006940958,4.0,1.5464754515058357,True
medical_insurance,SVM (RBF Kernel),89,SHAP-Targeted CE,343,0.023530960083007812,,,,False
medical_insurance,SVM (RBF Kernel),90,Actionable CBFI (Proposed),250,0.052428245544433594,0.2904953145917002,1.0,1.909178328138776,True
medical_insurance,SVM (RBF Kernel),90,Untargeted Causal (Karimi 2021),250,0.030547618865966797,3.9860446570972883,4.0,0.6475531665001245,True
medical_insurance,SVM (RBF Kernel),90,Wachter's CE,500,0.05793905258178711,3.52773869658232,4.0,2.201556838097144,True
medical_insurance,SVM (RBF Kernel),90,SHAP-Targeted CE,343,0.028392314910888672,0.6477937267410944,2.0,1.9703760208114336,True
medical_insurance,SVM (RBF Kernel),91,Actionable CBFI (Proposed),250,0.03655862808227539,3.466362560628755,4.0,0.3062606161209555,True
medical_insurance,SVM (RBF Kernel),91,Untargeted Causal (Karimi 2021),250,0.03591489791870117,4.590139015561588,4.0,0.318678460126085,True
medical_insurance,SVM (RBF Kernel),91,Wachter's CE,500,0.05763411521911621,4.590139015561588,4.0,0.318678460126085,True
medical_insurance,SVM (RBF Kernel),91,SHAP-Targeted CE,343,0.02846050262451172,0.8363902179691646,2.0,0.1657460884605614,True
medical_insurance,SVM (RBF Kernel),92,Actionable CBFI (Proposed),250,0.0350339412689209,2.823250217896259,3.0,2.933845601691814,True
medical_insurance,SVM (RBF Kernel),92,Untargeted Causal (Karimi 2021),250,0.02886176109313965,5.365026375836385,5.0,2.933845601691814,True
medical_insurance,SVM (RBF Kernel),92,Wachter's CE,500,0.05672478675842285,4.489916884562925,4.0,2.933845601691814,True
medical_insurance,SVM (RBF Kernel),92,SHAP-Targeted CE,343,0.022534608840942383,,,,False
medical_insurance,SVM (RBF Kernel),93,Actionable CBFI (Proposed),250,0.03531169891357422,3.878443900341675,4.0,0.013119733017957986,True
medical_insurance,SVM (RBF Kernel),93,Untargeted Causal (Karimi 2021),250,0.03649473190307617,3.12841652752331,4.0,0.318678460126085,True
medical_insurance,SVM (RBF Kernel),93,Wachter's CE,500,0.05840802192687988,3.12841652752331,4.0,0.318678460126085,True
medical_insurance,SVM (RBF Kernel),93,SHAP-Targeted CE,343,0.02500295639038086,1.7395002658160559,2.0,0.11435463283763998,True
medical_insurance,SVM (RBF Kernel),94,Actionable CBFI (Proposed),250,0.03830981254577637,2.0723684210526314,4.0,0.3062606161209555,True
medical_insurance,SVM (RBF Kernel),94,Untargeted Causal (Karimi 2021),250,0.0353701114654541,4.191962972586383,6.0,0.3062606161209555,True
medical_insurance,SVM (RBF Kernel),94,Wachter's CE,500,0.05753612518310547,2.5723957938709963,5.0,0.3062606161209555,True
medical_insurance,SVM (RBF Kernel),94,SHAP-Targeted CE,343,0.02786111831665039,1.3631229800713611,3.0,0.1657460884605614,True
medical_insurance,SVM (RBF Kernel),95,Actionable CBFI (Proposed),250,0.027729511260986328,3.625082118455095,5.0,0.09810515785792662,True
medical_insurance,SVM (RBF Kernel),95,Untargeted Causal (Karimi 2021),250,0.03648662567138672,3.2028457664119903,4.0,1.091811068671634,True
medical_insurance,SVM (RBF Kernel),95,Wachter's CE,500,0.05361485481262207,2.2028457664119903,4.0,0.09810515785792662,True
medical_insurance,SVM (RBF Kernel),95,SHAP-Targeted CE,343,0.024831771850585938,1.3333333333333333,2.0,0.007545514029204607,True
medical_insurance,SVM (RBF Kernel),96,Actionable CBFI (Proposed),250,0.05426597595214844,3.5614308815902938,3.0,2.168717071616575,True
medical_insurance,SVM (RBF Kernel),96,Untargeted Causal (Karimi 2021),250,0.02930593490600586,6.811485627227023,4.0,0.318678460126085,True
medical_insurance,SVM (RBF Kernel),96,Wachter's CE,500,0.057959556579589844,4.519764214923628,3.0,2.168717071616575,True
medical_insurance,SVM (RBF Kernel),96,SHAP-Targeted CE,343,0.027856826782226562,2.2539872408293475,2.0,2.6659824032447936,True
medical_insurance,SVM (RBF Kernel),97,Actionable CBFI (Proposed),250,0.03463172912597656,2.7441137089957226,4.0,0.3062606161209555,True
medical_insurance,SVM (RBF Kernel),97,Untargeted Causal (Karimi 2021),250,0.035158395767211914,5.494195827450818,6.0,0.3062606161209555,True
medical_insurance,SVM (RBF Kernel),97,Wachter's CE,500,0.056233882904052734,3.8746286487354307,5.0,0.3062606161209555,True
medical_insurance,SVM (RBF Kernel),97,SHAP-Targeted CE,343,0.027751684188842773,1.9767410951621482,2.0,0.1657460884605614,True
medical_insurance,SVM (RBF Kernel),98,Actionable CBFI (Proposed),216,0.02683401107788086,1.191219892925851,2.0,0.01378398685734452,True
medical_insurance,SVM (RBF Kernel),98,Untargeted Causal (Karimi 2021),250,0.03254389762878418,4.314665198328516,5.0,1.5464754515058357,True
medical_insurance,SVM (RBF Kernel),98,Wachter's CE,500,0.046288490295410156,3.303607946030735,4.0,0.318678460126085,True
medical_insurance,SVM (RBF Kernel),98,SHAP-Targeted CE,343,0.024523496627807617,,,,False
medical_insurance,SVM (RBF Kernel),99,Actionable CBFI (Proposed),250,0.03652501106262207,2.7745489039188427,4.0,0.01578775917472815,True
medical_insurance,SVM (RBF Kernel),99,Untargeted Causal (Karimi 2021),250,0.0304110050201416,4.1985919661198015,4.0,0.318678460126085,True
medical_insurance,SVM (RBF Kernel),99,Wachter's CE,500,0.05329561233520508,3.2745489039188427,4.0,2.201556838097144,True
medical_insurance,SVM (RBF Kernel),99,SHAP-Targeted CE,343,0.026174545288085938,1.3276182881446048,2.0,0.2482937086167764,True
medical_insurance,SVM (RBF Kernel),100,Actionable CBFI (Proposed),216,0.04467034339904785,2.1550031962418905,3.0,1.6815920377465383,True
medical_insurance,SVM (RBF Kernel),100,Untargeted Causal (Karimi 2021),250,0.03584122657775879,3.5841479327555827,5.0,1.518971737338807,True
medical_insurance,SVM (RBF Kernel),100,Wachter's CE,500,0.056989431381225586,3.5841479327555827,5.0,1.518971737338807,True
medical_insurance,SVM (RBF Kernel),100,SHAP-Targeted CE,343,0.02493596076965332,,,,False
medical_insurance,XGBoost,1,Actionable CBFI (Proposed),250,0.02666640281677246,4.042613430709008,5.0,0.318678460126085,True
medical_insurance,XGBoost,1,Untargeted Causal (Karimi 2021),250,0.03491711616516113,3.7057587780506385,5.0,2.201556838097144,True
medical_insurance,XGBoost,1,Wachter's CE,500,0.049279212951660156,3.7057587780506385,5.0,2.201556838097144,True
medical_insurance,XGBoost,1,SHAP-Targeted CE,343,0.020219802856445312,0.49634162205243815,2.0,2.0031656431458065,True
medical_insurance,XGBoost,2,Actionable CBFI (Proposed),250,0.025248289108276367,1.6511438002505825,4.0,0.3062606161209555,True
medical_insurance,XGBoost,2,Untargeted Causal (Karimi 2021),250,0.0340268611907959,3.3636363636363633,3.0,0.13383898112896847,True
medical_insurance,XGBoost,2,Wachter's CE,500,0.051672935485839844,3.3636363636363633,3.0,0.13383898112896847,True
medical_insurance,XGBoost,2,SHAP-Targeted CE,343,0.06892776489257812,0.6111111111111112,1.0,0.06822981845903854,True
medical_insurance,XGBoost,3,Actionable CBFI (Proposed),216,0.026216506958007812,1.4000000000000001,2.0,0.02597230381609612,True
medical_insurance,XGBoost,3,Untargeted Causal (Karimi 2021),250,0.03447103500366211,5.3434781241015346,6.0,0.3062606161209555,True
medical_insurance,XGBoost,3,Wachter's CE,500,0.05171799659729004,3.7239109453861476,5.0,0.3062606161209555,True
medical_insurance,XGBoost,3,SHAP-Targeted CE,343,0.020388126373291016,0.9444444444444444,1.0,0.11712907899776165,True
medical_insurance,XGBoost,4,Actionable CBFI (Proposed),250,0.032109975814819336,2.8695124330786568,3.0,0.009767813556483351,True
medical_insurance,XGBoost,4,Untargeted Causal (Karimi 2021),250,0.03635072708129883,4.3678002931605455,5.0,0.6475531665001245,True
medical_insurance,XGBoost,4,Wachter's CE,500,0.05550956726074219,4.3678002931605455,5.0,0.6475531665001245,True
medical_insurance,XGBoost,4,SHAP-Targeted CE,343,0.023856639862060547,1.524119399830216,2.0,0.3041933614036828,True
medical_insurance,XGBoost,5,Actionable CBFI (Proposed),250,0.03465390205383301,2.4611244019138767,3.0,0.10518694954951562,True
medical_insurance,XGBoost,5,Untargeted Causal (Karimi 2021),250,0.03674173355102539,4.262043840943133,4.0,0.318678460126085,True
medical_insurance,XGBoost,5,Wachter's CE,500,0.05267739295959473,3.7202950558213717,3.0,0.318678460126085,True
medical_insurance,XGBoost,5,SHAP-Targeted CE,343,0.0628499984741211,0.6111111111111112,1.0,0.040729872535535214,True
medical_insurance,XGBoost,6,Actionable CBFI (Proposed),250,0.033277273178100586,1.4863385893784982,4.0,0.10518694954951562,True
medical_insurance,XGBoost,6,Untargeted Causal (Karimi 2021),250,0.03410077095031738,4.236420707833593,6.0,0.10518694954951562,True
medical_insurance,XGBoost,6,Wachter's CE,500,0.0511317253112793,2.4863933350152285,5.0,0.10518694954951562,True
medical_insurance,XGBoost,6,SHAP-Targeted CE,343,0.019572973251342773,0.524119399830216,2.0,0.020194682799285463,True
medical_insurance,XGBoost,7,Actionable CBFI (Proposed),250,0.035353660583496094,4.067384370015949,4.0,0.6297992701814547,True
medical_insurance,XGBoost,7,Untargeted Causal (Karimi 2021),250,0.034217119216918945,3.739035087719298,3.0,1.518971737338807,True
medical_insurance,XGBoost,7,Wachter's CE,500,0.04421520233154297,3.739035087719298,3.0,1.518971737338807,True
medical_insurance,XGBoost,7,SHAP-Targeted CE,343,0.018520116806030273,1.0833333333333335,2.0,1.8915586621072238,True
medical_insurance,XGBoost,8,Actionable CBFI (Proposed),225,0.047087669372558594,0.5477346982390844,3.0,1.19862979910381,True
medical_insurance,XGBoost,8,Untargeted Causal (Karimi 2021),250,0.02836132049560547,3.8768216311915698,4.0,0.318678460126085,True
medical_insurance,XGBoost,8,Wachter's CE,500,0.05274605751037598,3.8353441050043884,4.0,1.006777260711997,True
medical_insurance,XGBoost,8,SHAP-Targeted CE,343,0.017481327056884766,0.6111111111111112,1.0,1.19862979910381,True
medical_insurance,XGBoost,9,Actionable CBFI (Proposed),250,0.03513956069946289,1.9613409152117223,4.0,1.5464754515058357,True
medical_insurance,XGBoost,9,Untargeted Causal (Karimi 2021),250,0.0343015193939209,1.9613409152117223,4.0,1.5464754515058357,True
medical_insurance,XGBoost,9,Wachter's CE,500,0.051369667053222656,1.9613409152117223,4.0,1.5464754515058357,True
medical_insurance,XGBoost,9,SHAP-Targeted CE,343,0.020676374435424805,0.6907860664968826,2.0,1.4983193745896062,True
medical_insurance,XGBoost,10,Actionable CBFI (Proposed),250,0.03431534767150879,2.932670375620781,3.0,2.168717071616575,True
medical_insurance,XGBoost,10,Untargeted Causal (Karimi 2021),250,0.03466939926147461,5.682697748439146,4.0,0.318678460126085,True
medical_insurance,XGBoost,10,Wachter's CE,500,0.04106497764587402,3.3909763361357492,3.0,2.168717071616575,True
medical_insurance,XGBoost,10,SHAP-Targeted CE,343,0.022533416748046875,1.5833333333333333,1.0,2.2812908414093576,True
medical_insurance,XGBoost,11,Actionable CBFI (Proposed),250,0.03811192512512207,2.2475028637006664,4.0,0.6297992701814547,True
medical_insurance,XGBoost,11,Untargeted Causal (Karimi 2021),250,0.036423683166503906,2.3725302365190313,5.0,2.168717071616575,True
medical_insurance,XGBoost,11,Wachter's CE,500,0.05178642272949219,2.3725302365190313,5.0,2.168717071616575,True
medical_insurance,XGBoost,11,SHAP-Targeted CE,343,0.06665325164794922,0.6352305109413272,3.0,1.9734798200281038,True
medical_insurance,XGBoost,12,Actionable CBFI (Proposed),250,0.05437016487121582,2.9107536357414454,4.0,0.2647873339528663,True
medical_insurance,XGBoost,12,Untargeted Causal (Karimi 2021),250,0.028259992599487305,4.132775119617227,4.0,0.013119733017957986,True
medical_insurance,XGBoost,12,Wachter's CE,500,0.032843589782714844,4.132775119617227,4.0,0.013119733017957986,True
medical_insurance,XGBoost,12,SHAP-Targeted CE,343,0.02017688751220703,1.3611111111111116,2.0,0.2647873339528663,True
medical_insurance,XGBoost,13,Actionable CBFI (Proposed),250,0.03490591049194336,3.537878787878788,2.0,0.9846095988585083,True
medical_insurance,XGBoost,13,Untargeted Causal (Karimi 2021),250,0.036450862884521484,4.851874003189793,3.0,1.518971737338807,True
medical_insurance,XGBoost,13,Wachter's CE,500,0.05460166931152344,4.851874003189793,3.0,1.518971737338807,True
medical_insurance,XGBoost,13,SHAP-Targeted CE,343,0.019527435302734375,1.1944444444444444,1.0,1.3840124647532082,True
medical_insurance,XGBoost,14,Actionable CBFI (Proposed),250,0.03706955909729004,3.8401116427432225,4.0,0.013119733017957986,True
medical_insurance,XGBoost,14,Untargeted Causal (Karimi 2021),250,0.028349637985229492,2.5901116427432225,4.0,0.013119733017957986,True
medical_insurance,XGBoost,14,Wachter's CE,500,0.05152606964111328,2.5901116427432225,4.0,0.013119733017957986,True
medical_insurance,XGBoost,14,SHAP-Targeted CE,343,0.06568431854248047,1.5000000000000002,2.0,0.2719578745704434,True
medical_insurance,XGBoost,15,Actionable CBFI (Proposed),250,0.061556100845336914,1.5894709460376175,4.0,1.4357090228386884,True
medical_insurance,XGBoost,15,Untargeted Causal (Karimi 2021),250,0.03754854202270508,3.3727569713788625,5.0,1.5464754515058357,True
medical_insurance,XGBoost,15,Wachter's CE,500,0.05317807197570801,3.1227295985604977,5.0,1.5464754515058357,True
medical_insurance,XGBoost,15,SHAP-Targeted CE,343,0.024492979049682617,0.9407860664968828,3.0,1.4357090228386884,True
medical_insurance,XGBoost,16,Actionable CBFI (Proposed),250,0.036768436431884766,2.205292856546328,4.0,1.5464754515058357,True
medical_insurance,XGBoost,16,Untargeted Causal (Karimi 2021),250,0.03631472587585449,2.616444583473286,4.0,1.5464754515058357,True
medical_insurance,XGBoost,16,Wachter's CE,500,0.04723072052001953,2.616444583473286,4.0,1.5464754515058357,True
medical_insurance,XGBoost,16,SHAP-Targeted CE,343,0.021376609802246094,0.7185638442746605,2.0,1.4793959661400082,True
medical_insurance,XGBoost,17,Actionable CBFI (Proposed),250,0.033263206481933594,3.8148474091136038,4.0,0.3062606161209555,True
medical_insurance,XGBoost,17,Untargeted Causal (Karimi 2021),250,0.03496742248535156,5.074987500410073,4.0,0.318678460126085,True
medical_insurance,XGBoost,17,Wachter's CE,500,0.05188322067260742,5.064820036295238,4.0,2.201556838097144,True
medical_insurance,XGBoost,17,SHAP-Targeted CE,343,0.018185853958129883,1.1944444444444444,1.0,0.1649053062160454,True
medical_insurance,XGBoost,18,Actionable CBFI (Proposed),250,0.05426621437072754,2.1162492088842826,4.0,1.429521479671575,True
medical_insurance,XGBoost,18,Untargeted Causal (Karimi 2021),250,0.03649258613586426,3.89668041635494,6.0,0.318678460126085,True
medical_insurance,XGBoost,18,Wachter's CE,500,0.042345523834228516,3.3078321432818982,5.0,1.5464754515058357,True
medical_insurance,XGBoost,18,SHAP-Targeted CE,343,0.015658140182495117,0.774119399830216,3.0,1.429521479671575,True
medical_insurance,XGBoost,19,Actionable CBFI (Proposed),250,0.0371243953704834,3.3779904306220088,4.0,0.013119733017957986,True
medical_insurance,XGBoost,19,Untargeted Causal (Karimi 2021),250,0.03926587104797363,3.1279904306220097,4.0,0.013119733017957986,True
medical_insurance,XGBoost,19,Wachter's CE,500,0.05057024955749512,3.1279904306220097,4.0,0.013119733017957986,True
medical_insurance,XGBoost,19,SHAP-Targeted CE,343,0.015210866928100586,2.083333333333333,2.0,0.27710421216066045,True
medical_insurance,XGBoost,20,Actionable CBFI (Proposed),250,0.03339958190917969,3.74739807189894,4.0,2.168717071616575,True
medical_insurance,XGBoost,20,Untargeted Causal (Karimi 2021),250,0.03458404541015625,1.8778856388202834,4.0,2.168717071616575,True
medical_insurance,XGBoost,20,Wachter's CE,500,0.05155444145202637,1.8778856388202834,4.0,2.168717071616575,True
medical_insurance,XGBoost,20,SHAP-Targeted CE,343,0.07484269142150879,1.0796749553857716,3.0,2.3335100021519017,True
medical_insurance,XGBoost,21,Actionable CBFI (Proposed),250,0.055750370025634766,2.2989065326660736,4.0,1.2213756442819448,True
medical_insurance,XGBoost,21,Untargeted Causal (Karimi 2021),250,0.03781247138977051,4.264371218242029,4.0,1.006777260711997,True
medical_insurance,XGBoost,21,Wachter's CE,500,0.053939104080200195,4.264371218242029,4.0,1.006777260711997,True
medical_insurance,XGBoost,21,SHAP-Targeted CE,343,0.02444005012512207,1.3574527331635493,2.0,1.2213756442819448,True
medical_insurance,XGBoost,22,Actionable CBFI (Proposed),250,0.05129265785217285,0.17369477911646622,1.0,1.37443488941465,True
medical_insurance,XGBoost,22,Untargeted Causal (Karimi 2021),250,0.03607296943664551,3.0757849485759396,4.0,0.318678460126085,True
medical_insurance,XGBoost,22,Wachter's CE,500,0.05414128303527832,3.0757849485759396,4.0,0.318678460126085,True
medical_insurance,XGBoost,22,SHAP-Targeted CE,343,0.024122238159179688,0.5277777777777779,1.0,1.37443488941465,True
medical_insurance,XGBoost,23,Actionable CBFI (Proposed),250,0.025292396545410156,2.7562075961038515,4.0,0.01578775917472815,True
medical_insurance,XGBoost,23,Untargeted Causal (Karimi 2021),250,0.03662419319152832,4.503085000861751,4.0,1.091811068671634,True
medical_insurance,XGBoost,23,Wachter's CE,500,0.051665306091308594,4.256262341740582,4.0,2.201556838097144,True
medical_insurance,XGBoost,23,SHAP-Targeted CE,343,0.06259298324584961,0.9444444444444444,1.0,0.35644411958421096,True
medical_insurance,XGBoost,24,Actionable CBFI (Proposed),250,0.02372145652770996,2.442877664338625,5.0,1.5464754515058357,True
medical_insurance,XGBoost,24,Untargeted Causal (Karimi 2021),250,0.027281999588012695,3.062417470235647,6.0,0.013119733017957986,True
medical_insurance,XGBoost,24,Wachter's CE,500,0.05155158042907715,3.062417470235647,6.0,0.013119733017957986,True
medical_insurance,XGBoost,24,SHAP-Targeted CE,343,0.020236968994140625,0.801897177607994,3.0,0.10319083585021623,True
medical_insurance,XGBoost,25,Actionable CBFI (Proposed),250,0.032001495361328125,2.4796548502083504,3.0,2.201556838097144,True
medical_insurance,XGBoost,25,Untargeted Causal (Karimi 2021),250,0.03537487983703613,4.110169789948058,6.0,0.6475531665001245,True
medical_insurance,XGBoost,25,Wachter's CE,500,0.05163931846618652,4.110169789948058,6.0,0.6475531665001245,True
medical_insurance,XGBoost,25,SHAP-Targeted CE,343,0.01559305191040039,0.6352305109413271,3.0,1.9958556765841144,True
medical_insurance,XGBoost,26,Actionable CBFI (Proposed),250,0.03626894950866699,3.683230867364834,6.0,0.318678460126085,True
medical_insurance,XGBoost,26,Untargeted Causal (Karimi 2021),250,0.03678536415100098,3.6722557335221477,5.0,0.318678460126085,True
medical_insurance,XGBoost,26,Wachter's CE,500,0.05387115478515625,2.3137458071045423,5.0,0.318678460126085,True
medical_insurance,XGBoost,26,SHAP-Targeted CE,343,0.024376869201660156,0.6352305109413271,2.0,0.11637384986368665,True
medical_insurance,XGBoost,27,Actionable CBFI (Proposed),250,0.023785829544067383,4.732246556747425,5.0,2.168717071616575,True
medical_insurance,XGBoost,27,Untargeted Causal (Karimi 2021),250,0.034267425537109375,4.982273929565791,6.0,0.013119733017957986,True
medical_insurance,XGBoost,27,Wachter's CE,500,0.05245471000671387,4.362734123668768,5.0,2.168717071616575,True
medical_insurance,XGBoost,27,SHAP-Targeted CE,343,0.02006697654724121,1.5241193998302163,3.0,0.3963201598048936,True
medical_insurance,XGBoost,28,Actionable CBFI (Proposed),250,0.024335861206054688,3.3173843700159495,4.0,0.6297992701814547,True
medical_insurance,XGBoost,28,Untargeted Causal (Karimi 2021),250,0.028448820114135742,4.067384370015949,4.0,0.013119733017957986,True
medical_insurance,XGBoost,28,Wachter's CE,500,0.03229379653930664,3.4890350877192975,3.0,1.518971737338807,True
medical_insurance,XGBoost,28,SHAP-Targeted CE,343,0.01662135124206543,1.7500000000000002,2.0,1.96658673033083,True
medical_insurance,XGBoost,29,Actionable CBFI (Proposed),216,0.027844667434692383,0.6956099464629255,2.0,0.05342365584566187,True
medical_insurance,XGBoost,29,Untargeted Causal (Karimi 2021),250,0.036086320877075195,3.3049738772799815,5.0,0.318678460126085,True
medical_insurance,XGBoost,29,Wachter's CE,500,0.05195331573486328,3.3049465044616158,5.0,1.5464754515058357,True
medical_insurance,XGBoost,29,SHAP-Targeted CE,343,0.021781206130981445,0.7463416220524384,2.0,0.1699233394710337,True
medical_insurance,XGBoost,30,Actionable CBFI (Proposed),250,0.03434276580810547,4.895484244106137,6.0,0.01578775917472815,True
medical_insurance,XGBoost,30,Untargeted Causal (Karimi 2021),250,0.02603769302368164,4.437123537954438,6.0,0.6475531665001245,True
medical_insurance,XGBoost,30,Wachter's CE,500,0.05068612098693848,4.437123537954438,6.0,0.6475531665001245,True
medical_insurance,XGBoost,30,SHAP-Targeted CE,343,0.02129197120666504,0.9407860664968828,3.0,0.40918832158654933,True
medical_insurance,XGBoost,31,Actionable CBFI (Proposed),250,0.03777122497558594,4.798925818614585,5.0,0.3062606161209555,True
medical_insurance,XGBoost,31,Untargeted Causal (Karimi 2021),250,0.036573171615600586,3.6683835060565118,6.0,0.3062606161209555,True
medical_insurance,XGBoost,31,Wachter's CE,500,0.05606985092163086,3.6683835060565118,6.0,0.3062606161209555,True
medical_insurance,XGBoost,31,SHAP-Targeted CE,343,0.024366140365600586,1.4444444444444444,2.0,0.09782804904054246,True
medical_insurance,XGBoost,32,Actionable CBFI (Proposed),250,0.03331637382507324,1.5471440120260254,3.0,0.3062606161209555,True
medical_insurance,XGBoost,32,Untargeted Causal (Karimi 2021),250,0.03642702102661133,2.8316336451998696,4.0,0.13383898112896847,True
medical_insurance,XGBoost,32,Wachter's CE,500,0.05191826820373535,2.8316336451998696,4.0,0.13383898112896847,True
medical_insurance,XGBoost,32,SHAP-Targeted CE,343,0.06621408462524414,0.5796749553857716,2.0,0.06443563713894111,True
medical_insurance,XGBoost,33,Actionable CBFI (Proposed),250,0.05767345428466797,3.8864439121505994,5.0,1.2675087194351162,True
medical_insurance,XGBoost,33,Untargeted Causal (Karimi 2021),250,0.036339521408081055,4.756379585326954,4.0,0.013119733017957986,True
medical_insurance,XGBoost,33,Wachter's CE,500,0.05190300941467285,4.714740291478652,4.0,1.5464754515058357,True
medical_insurance,XGBoost,33,SHAP-Targeted CE,343,0.018235206604003906,1.3611111111111114,2.0,1.2675087194351162,True
medical_insurance,XGBoost,34,Actionable CBFI (Proposed),216,0.028052806854248047,0.835801334022734,3.0,0.198301453536724,True
medical_insurance,XGBoost,34,Untargeted Causal (Karimi 2021),250,0.03640317916870117,3.3767840368112214,5.0,0.6475531665001245,True
medical_insurance,XGBoost,34,Wachter's CE,500,0.04937481880187988,3.0072989765509304,6.0,0.6475531665001245,True
medical_insurance,XGBoost,34,SHAP-Targeted CE,343,0.02080988883972168,0.9407860664968821,3.0,0.3736213142077762,True
medical_insurance,XGBoost,35,Actionable CBFI (Proposed),250,0.034323692321777344,2.448115823053505,5.0,0.01578775917472815,True
medical_insurance,XGBoost,35,Untargeted Causal (Karimi 2021),250,0.036553144454956055,3.6564765292052037,5.0,0.6475531665001245,True
medical_insurance,XGBoost,35,Wachter's CE,500,0.05242300033569336,3.6564765292052037,5.0,0.6475531665001245,True
medical_insurance,XGBoost,35,SHAP-Targeted CE,343,0.020428180694580078,0.524119399830216,2.0,0.34968641942707174,True
medical_insurance,XGBoost,36,Actionable CBFI (Proposed),250,0.03714323043823242,2.4312200956937797,3.0,2.201556838097144,True
medical_insurance,XGBoost,36,Untargeted Causal (Karimi 2021),250,0.02429056167602539,3.431274841330509,4.0,2.201556838097144,True
medical_insurance,XGBoost,36,Wachter's CE,500,0.05210757255554199,3.431274841330509,4.0,2.201556838097144,True
medical_insurance,XGBoost,36,SHAP-Targeted CE,343,0.020289182662963867,1.3333333333333328,2.0,1.9885590722056905,True
medical_insurance,XGBoost,37,Actionable CBFI (Proposed),250,0.03482246398925781,2.314792663476875,4.0,0.318678460126085,True
medical_insurance,XGBoost,37,Untargeted Causal (Karimi 2021),250,0.03692626953125,3.7731533696285737,5.0,0.318678460126085,True
medical_insurance,XGBoost,37,Wachter's CE,500,0.05747032165527344,3.7731533696285737,5.0,0.318678460126085,True
medical_insurance,XGBoost,37,SHAP-Targeted CE,343,0.02343297004699707,0.9444444444444446,2.0,0.1629638487402292,True
medical_insurance,XGBoost,38,Actionable CBFI (Proposed),250,0.03472900390625,1.7529904306220105,3.0,0.318678460126085,True
medical_insurance,XGBoost,38,Untargeted Causal (Karimi 2021),250,0.03677535057067871,3.211351136773709,4.0,0.318678460126085,True
medical_insurance,XGBoost,38,Wachter's CE,500,0.053082942962646484,3.211351136773709,4.0,0.318678460126085,True
medical_insurance,XGBoost,38,SHAP-Targeted CE,343,0.02346634864807129,0.6944444444444444,1.0,0.3062713138904592,True
medical_insurance,XGBoost,39,Actionable CBFI (Proposed),250,0.03615736961364746,4.308004132504999,5.0,0.013119733017957986,True
medical_insurance,XGBoost,39,Untargeted Causal (Karimi 2021),250,0.03065180778503418,3.188546445063073,6.0,0.318678460126085,True
medical_insurance,XGBoost,39,Wachter's CE,500,0.051781415939331055,3.188546445063073,6.0,0.318678460126085,True
medical_insurance,XGBoost,39,SHAP-Targeted CE,343,0.019051551818847656,0.8852305109413272,3.0,0.06691617521351644,True
medical_insurance,XGBoost,40,Actionable CBFI (Proposed),250,0.03666186332702637,1.9571371610845323,4.0,0.12583490265865804,True
medical_insurance,XGBoost,40,Untargeted Causal (Karimi 2021),250,0.03438591957092285,3.7071919067212615,5.0,0.12583490265865804,True
medical_insurance,XGBoost,40,Wachter's CE,500,0.0515894889831543,3.7071919067212615,5.0,0.12583490265865804,True
medical_insurance,XGBoost,40,SHAP-Targeted CE,343,0.017478466033935547,1.2500000000000009,2.0,0.5476577498390253,True
medical_insurance,XGBoost,41,Actionable CBFI (Proposed),216,0.04275703430175781,0.5456099464629257,2.0,1.5301256323376449,True
medical_insurance,XGBoost,41,Untargeted Causal (Karimi 2021),250,0.035003662109375,2.513905296737714,5.0,1.5464754515058357,True
medical_insurance,XGBoost,41,Wachter's CE,500,0.04026365280151367,2.513905296737714,5.0,1.5464754515058357,True
medical_insurance,XGBoost,41,SHAP-Targeted CE,343,0.08808040618896484,1.051897177607994,3.0,1.5301256323376449,True
medical_insurance,XGBoost,42,Actionable CBFI (Proposed),250,0.03452467918395996,3.4751743150563286,5.0,0.01578775917472815,True
medical_insurance,XGBoost,42,Untargeted Causal (Karimi 2021),250,0.03662252426147461,4.255893220698674,6.0,0.3062606161209555,True
medical_insurance,XGBoost,42,Wachter's CE,500,0.052019357681274414,3.5168409817229955,5.0,0.3062606161209555,True
medical_insurance,XGBoost,42,SHAP-Targeted CE,343,0.01962757110595703,1.051897177607994,3.0,0.07081956952443733,True
medical_insurance,XGBoost,43,Actionable CBFI (Proposed),250,0.0362093448638916,5.355175517349391,5.0,0.3062606161209555,True
medical_insurance,XGBoost,43,Untargeted Causal (Karimi 2021),250,0.03821587562561035,6.116205396828808,5.0,0.6475531665001245,True
medical_insurance,XGBoost,43,Wachter's CE,500,0.05252695083618164,4.762681751670547,6.0,0.6297992701814547,True
medical_insurance,XGBoost,43,SHAP-Targeted CE,343,0.023955821990966797,1.1074527331635493,2.0,0.2301615933732139,True
medical_insurance,XGBoost,44,Actionable CBFI (Proposed),250,0.03434610366821289,3.46596383654582,4.0,0.6475531665001245,True
medical_insurance,XGBoost,44,Untargeted Causal (Karimi 2021),250,0.03644895553588867,5.257259151947919,4.0,0.318678460126085,True
medical_insurance,XGBoost,44,Wachter's CE,500,0.054296016693115234,3.2159912093641854,3.0,2.201556838097144,True
medical_insurance,XGBoost,44,SHAP-Targeted CE,343,0.023220539093017578,0.6111111111111112,1.0,2.0547095502091763,True
medical_insurance,XGBoost,45,Actionable CBFI (Proposed),250,0.03240466117858887,2.579971551446754,4.0,0.01578775917472815,True
medical_insurance,XGBoost,45,Untargeted Causal (Karimi 2021),250,0.036108970642089844,5.19953873016214,6.0,0.3062606161209555,True
medical_insurance,XGBoost,45,Wachter's CE,500,0.053366661071777344,3.579971551446754,5.0,0.3062606161209555,True
medical_insurance,XGBoost,45,SHAP-Targeted CE,343,0.02318859100341797,0.5277777777777779,1.0,0.13816665829259311,True
medical_insurance,XGBoost,46,Actionable CBFI (Proposed),250,0.037192583084106445,1.60944976076555,4.0,0.3062606161209555,True
medical_insurance,XGBoost,46,Untargeted Causal (Karimi 2021),250,0.029166698455810547,3.729044312299302,6.0,0.3062606161209555,True
medical_insurance,XGBoost,46,Wachter's CE,500,0.052712440490722656,2.1094771335839146,5.0,0.3062606161209555,True
medical_insurance,XGBoost,46,SHAP-Targeted CE,343,0.015055179595947266,0.5277777777777779,2.0,0.09937014166644363,True
medical_insurance,XGBoost,47,Actionable CBFI (Proposed),250,0.03461432456970215,3.9975028637006673,4.0,2.168717071616575,True
medical_insurance,XGBoost,47,Untargeted Causal (Karimi 2021),250,0.03672504425048828,5.747557609337397,6.0,0.6297992701814547,True
medical_insurance,XGBoost,47,Wachter's CE,500,0.037651777267456055,4.71460812685856,5.0,0.3062606161209555,True
medical_insurance,XGBoost,47,SHAP-Targeted CE,343,0.015169858932495117,2.2463416220524377,3.0,1.8246175612505,True
medical_insurance,XGBoost,48,Actionable CBFI (Proposed),250,0.036525726318359375,6.432062067934396,6.0,0.318678460126085,True
medical_insurance,XGBoost,48,Untargeted Causal (Karimi 2021),250,0.03667020797729492,4.8125496348557375,5.0,1.5464754515058357,True
medical_insurance,XGBoost,48,Wachter's CE,500,0.05259346961975098,4.8125496348557375,5.0,1.5464754515058357,True
medical_insurance,XGBoost,48,SHAP-Targeted CE,343,0.02364802360534668,2.024119399830216,3.0,1.7621229648620702,True
medical_insurance,XGBoost,49,Actionable CBFI (Proposed),250,0.03702712059020996,3.979266347687401,4.0,0.013119733017957986,True
medical_insurance,XGBoost,49,Untargeted Causal (Karimi 2021),250,0.034163475036621094,3.979266347687401,4.0,0.013119733017957986,True
medical_insurance,XGBoost,49,Wachter's CE,500,0.0409541130065918,3.937627053839099,4.0,1.5464754515058357,True
medical_insurance,XGBoost,49,SHAP-Targeted CE,343,0.021285057067871094,1.416666666666666,2.0,1.7966016592638676,True
medical_insurance,XGBoost,50,Actionable CBFI (Proposed),250,0.03536176681518555,3.2462394940304877,4.0,0.10518694954951562,True
medical_insurance,XGBoost,50,Untargeted Causal (Karimi 2021),250,0.034383535385131836,2.8102347093414908,4.0,0.318678460126085,True
medical_insurance,XGBoost,50,Wachter's CE,500,0.032785892486572266,2.8102347093414908,4.0,0.318678460126085,True
medical_insurance,XGBoost,50,SHAP-Targeted CE,343,0.07037186622619629,0.5277777777777779,1.0,0.05838121825640199,True
medical_insurance,XGBoost,51,Actionable CBFI (Proposed),250,0.03260207176208496,4.074057887624111,4.0,0.9846095988585083,True
medical_insurance,XGBoost,51,Untargeted Causal (Karimi 2021),250,0.028781414031982422,4.074057887624111,4.0,0.9846095988585083,True
medical_insurance,XGBoost,51,Wachter's CE,500,0.05189657211303711,4.074057887624111,4.0,0.9846095988585083,True
medical_insurance,XGBoost,51,SHAP-Targeted CE,343,0.019934892654418945,1.024119399830216,2.0,1.199918060072281,True
medical_insurance,XGBoost,52,Actionable CBFI (Proposed),250,0.034441471099853516,2.3695124330786568,3.0,0.07812495991075918,True
medical_insurance,XGBoost,52,Untargeted Causal (Karimi 2021),250,0.029504060745239258,3.543582868097979,5.0,0.6475531665001245,True
medical_insurance,XGBoost,52,Wachter's CE,500,0.051752328872680664,2.918582868097979,5.0,1.091811068671634,True
medical_insurance,XGBoost,52,SHAP-Targeted CE,343,0.01945042610168457,0.6630082887191049,2.0,2.6818106950598732,True
medical_insurance,XGBoost,53,Actionable CBFI (Proposed),216,0.039685964584350586,0.0,0.0,1.8445732681183165,True
medical_insurance,XGBoost,53,Untargeted Causal (Karimi 2021),250,0.030041933059692383,4.62538850252095,2.0,0.9846095988585083,True
medical_insurance,XGBoost,53,Wachter's CE,500,0.05191326141357422,2.5181693185918905,3.0,2.168717071616575,True
medical_insurance,XGBoost,53,SHAP-Targeted CE,343,0.06470799446105957,0.0,0.0,1.8445732681183165,True
medical_insurance,XGBoost,54,Actionable CBFI (Proposed),250,0.027254104614257812,4.892638429888865,5.0,1.5464754515058357,True
medical_insurance,XGBoost,54,Untargeted Causal (Karimi 2021),250,0.03522539138793945,4.652833266822062,6.0,0.6475531665001245,True
medical_insurance,XGBoost,54,Wachter's CE,500,0.052618980407714844,4.652833266822062,6.0,0.6475531665001245,True
medical_insurance,XGBoost,54,SHAP-Targeted CE,343,0.021005868911743164,1.9407860664968832,3.0,0.2094981961154543,True
medical_insurance,XGBoost,55,Actionable CBFI (Proposed),250,0.036507368087768555,2.5689690447857023,5.0,0.3062606161209555,True
medical_insurance,XGBoost,55,Untargeted Causal (Karimi 2021),250,0.03660297393798828,3.693996417604067,6.0,0.3062606161209555,True
medical_insurance,XGBoost,55,Wachter's CE,500,0.053375244140625,3.0744839845254104,6.0,0.3062606161209555,True
medical_insurance,XGBoost,55,SHAP-Targeted CE,343,0.02367258071899414,0.7463416220524384,3.0,0.15897661633513277,True
medical_insurance,XGBoost,56,Actionable CBFI (Proposed),250,0.03402352333068848,3.8372157823609543,4.0,0.10518694954951562,True
medical_insurance,XGBoost,56,Untargeted Causal (Karimi 2021),250,0.029968738555908203,5.191793213585943,5.0,0.318678460126085,True
medical_insurance,XGBoost,56,Wachter's CE,500,0.05229067802429199,3.8332832871683378,5.0,0.318678460126085,True
medical_insurance,XGBoost,56,SHAP-Targeted CE,343,0.020627498626708984,1.6074527331635493,2.0,0.10502561884116056,True
medical_insurance,XGBoost,57,Actionable CBFI (Proposed),250,0.031331539154052734,2.5938995215311005,4.0,0.318678460126085,True
medical_insurance,XGBoost,57,Untargeted Causal (Karimi 2021),250,0.034181833267211914,3.791285093840113,6.0,0.013119733017957986,True
medical_insurance,XGBoost,57,Wachter's CE,500,0.052167415618896484,3.1717452879430903,5.0,2.168717071616575,True
medical_insurance,XGBoost,57,SHAP-Targeted CE,343,0.021568775177001953,0.6111111111111112,2.0,0.29549626389402217,True
medical_insurance,XGBoost,58,Actionable CBFI (Proposed),250,0.03952956199645996,4.230661881977671,4.0,0.01578775917472815,True
medical_insurance,XGBoost,58,Untargeted Causal (Karimi 2021),250,0.03538966178894043,4.325757575757576,4.0,0.013119733017957986,True
medical_insurance,XGBoost,58,Wachter's CE,500,0.05185341835021973,4.284118281909275,4.0,1.5464754515058357,True
medical_insurance,XGBoost,58,SHAP-Targeted CE,343,0.01791667938232422,0.8611111111111114,2.0,1.8736306590754752,True
medical_insurance,XGBoost,59,Actionable CBFI (Proposed),250,0.03321409225463867,2.2264752791068583,3.0,2.168717071616575,True
medical_insurance,XGBoost,59,Untargeted Causal (Karimi 2021),250,0.03648972511291504,4.476530024743589,5.0,0.013119733017957986,True
medical_insurance,XGBoost,59,Wachter's CE,500,0.03478264808654785,3.845987712185516,4.0,2.168717071616575,True
medical_insurance,XGBoost,59,SHAP-Targeted CE,343,0.08298373222351074,1.2499999999999996,2.0,1.9942314453423253,True
medical_insurance,XGBoost,60,Actionable CBFI (Proposed),216,0.022598981857299805,2.3342105263157897,3.0,0.6944457897894712,True
medical_insurance,XGBoost,60,Untargeted Causal (Karimi 2021),250,0.03618741035461426,5.502514287555713,6.0,0.3062606161209555,True
medical_insurance,XGBoost,60,Wachter's CE,500,0.05257272720336914,4.245803175567203,3.0,2.168717071616575,True
medical_insurance,XGBoost,60,SHAP-Targeted CE,343,0.023408889770507812,0.9444444444444444,1.0,1.7393970060115724,True
medical_insurance,XGBoost,61,Actionable CBFI (Proposed),225,0.02670741081237793,0.6666666666666671,2.0,0.010340745544352858,True
medical_insurance,XGBoost,61,Untargeted Causal (Karimi 2021),250,0.03631997108459473,3.0515299769383057,4.0,0.5824622657156289,True
medical_insurance,XGBoost,61,Wachter's CE,500,0.05554008483886719,3.0515299769383057,4.0,0.5824622657156289,True
medical_insurance,XGBoost,61,SHAP-Targeted CE,343,0.023678302764892578,0.7777777777777779,1.0,0.0013702812748994245,True
medical_insurance,XGBoost,62,Actionable CBFI (Proposed),250,0.02536606788635254,3.0541764291141105,6.0,0.01578775917472815,True
medical_insurance,XGBoost,62,Untargeted Causal (Karimi 2021),250,0.0362706184387207,3.423634116556038,5.0,0.3062606161209555,True
medical_insurance,XGBoost,62,Wachter's CE,500,0.0522916316986084,3.423634116556038,5.0,0.3062606161209555,True
medical_insurance,XGBoost,62,SHAP-Targeted CE,343,0.07139086723327637,0.8574527331635494,3.0,0.2589673918175307,True
medical_insurance,XGBoost,63,Actionable CBFI (Proposed),250,0.03268933296203613,3.00337893314296,4.0,0.6297992701814547,True
medical_insurance,XGBoost,63,Untargeted Causal (Karimi 2021),250,0.03421926498413086,1.883866500064303,4.0,2.168717071616575,True
medical_insurance,XGBoost,63,Wachter's CE,500,0.05010700225830078,1.883866500064303,4.0,2.168717071616575,True
medical_insurance,XGBoost,63,SHAP-Targeted CE,343,0.023272275924682617,0.8296749553857717,3.0,1.9323021724004625,True
medical_insurance,XGBoost,64,Actionable CBFI (Proposed),250,0.037409305572509766,1.9007177033492826,4.0,0.013119733017957986,True
medical_insurance,XGBoost,64,Untargeted Causal (Karimi 2021),250,0.03475308418273926,1.6507177033492835,4.0,0.013119733017957986,True
medical_insurance,XGBoost,64,Wachter's CE,500,0.04402041435241699,1.6507177033492835,4.0,0.013119733017957986,True
medical_insurance,XGBoost,64,SHAP-Targeted CE,343,0.020163774490356445,0.8333333333333328,2.0,0.30355946233574976,True
medical_insurance,XGBoost,65,Actionable CBFI (Proposed),250,0.034477949142456055,3.946919650804701,5.0,0.318678460126085,True
medical_insurance,XGBoost,65,Untargeted Causal (Karimi 2021),250,0.034261226654052734,3.801452557954945,5.0,2.201556838097144,True
medical_insurance,XGBoost,65,Wachter's CE,500,0.04230928421020508,3.801452557954945,5.0,2.201556838097144,True
medical_insurance,XGBoost,65,SHAP-Targeted CE,343,0.018445968627929688,0.49634162205243815,2.0,1.9740059499986509,True
medical_insurance,XGBoost,66,Actionable CBFI (Proposed),225,0.04777216911315918,0.0952380952380955,1.0,1.3683809680802246,True
medical_insurance,XGBoost,66,Untargeted Causal (Karimi 2021),250,0.03505420684814453,3.849763139188746,4.0,0.318678460126085,True
medical_insurance,XGBoost,66,Wachter's CE,500,0.05218625068664551,3.3080143540669846,3.0,0.318678460126085,True
medical_insurance,XGBoost,66,SHAP-Targeted CE,343,0.020507335662841797,0.2777777777777778,1.0,1.3683809680802246,True
medical_insurance,XGBoost,67,Actionable CBFI (Proposed),250,0.036432743072509766,3.587509714642162,5.0,0.09810515785792662,True
medical_insurance,XGBoost,67,Untargeted Causal (Karimi 2021),250,0.036557912826538086,3.009718693866902,6.0,0.09810515785792662,True
medical_insurance,XGBoost,67,Wachter's CE,500,0.05378437042236328,2.009663948230172,5.0,0.09810515785792662,True
medical_insurance,XGBoost,67,SHAP-Targeted CE,343,0.023696422576904297,0.8574527331635495,3.0,0.017827646800391183,True
medical_insurance,XGBoost,68,Actionable CBFI (Proposed),216,0.025570392608642578,1.1166666666666667,1.0,1.599820462442035,True
medical_insurance,XGBoost,68,Untargeted Causal (Karimi 2021),250,0.028821945190429688,4.2996411483253585,3.0,1.518971737338807,True
medical_insurance,XGBoost,68,Wachter's CE,500,0.052376508712768555,4.2996411483253585,3.0,1.518971737338807,True
medical_insurance,XGBoost,68,SHAP-Targeted CE,343,0.01911759376525879,0.8611111111111112,1.0,1.599820462442035,True
medical_insurance,XGBoost,69,Actionable CBFI (Proposed),250,0.02775883674621582,3.121212121212121,2.0,0.9846095988585083,True
medical_insurance,XGBoost,69,Untargeted Causal (Karimi 2021),250,0.027393341064453125,4.935207336523127,3.0,1.518971737338807,True
medical_insurance,XGBoost,69,Wachter's CE,500,0.034255266189575195,4.490724554290778,4.0,0.09810515785792662,True
medical_insurance,XGBoost,69,SHAP-Targeted CE,343,0.01998615264892578,1.027777777777778,1.0,1.3211884793744886,True
medical_insurance,XGBoost,70,Actionable CBFI (Proposed),250,0.05843830108642578,2.862900207209032,5.0,1.4605928173398302,True
medical_insurance,XGBoost,70,Untargeted Causal (Karimi 2021),250,0.037214040756225586,3.324162679425836,4.0,0.013119733017957986,True
medical_insurance,XGBoost,70,Wachter's CE,500,0.05423164367675781,3.2825233855775338,4.0,1.5464754515058357,True
medical_insurance,XGBoost,70,SHAP-Targeted CE,343,0.023809194564819336,0.6944444444444446,2.0,1.4605928173398302,True
medical_insurance,XGBoost,71,Actionable CBFI (Proposed),250,0.03639984130859375,2.7161084529505595,4.0,0.013119733017957986,True
medical_insurance,XGBoost,71,Untargeted Causal (Karimi 2021),250,0.03446793556213379,2.7161084529505595,4.0,0.013119733017957986,True
medical_insurance,XGBoost,71,Wachter's CE,500,0.04236173629760742,2.7161084529505595,4.0,0.013119733017957986,True
medical_insurance,XGBoost,71,SHAP-Targeted CE,343,0.064910888671875,1.416666666666666,2.0,0.16526751074207546,True
medical_insurance,XGBoost,72,Actionable CBFI (Proposed),250,0.03316164016723633,1.7609649122807014,3.0,1.518971737338807,True
medical_insurance,XGBoost,72,Untargeted Causal (Karimi 2021),250,0.02585601806640625,3.260964912280701,4.0,0.3062606161209555,True
medical_insurance,XGBoost,72,Wachter's CE,500,0.052865028381347656,2.052658951765733,4.0,1.518971737338807,True
medical_insurance,XGBoost,72,SHAP-Targeted CE,343,0.023454904556274414,0.9166666666666667,2.0,1.3438647337811491,True
medical_insurance,XGBoost,73,Actionable CBFI (Proposed),250,0.03597068786621094,2.2558760694422935,5.0,0.01578775917472815,True
medical_insurance,XGBoost,73,Untargeted Causal (Karimi 2021),250,0.03670048713684082,3.464291521230721,6.0,0.6475531665001245,True
medical_insurance,XGBoost,73,Wachter's CE,500,0.05710291862487793,3.2142367755939913,6.0,0.6475531665001245,True
medical_insurance,XGBoost,73,SHAP-Targeted CE,343,0.024071931838989258,0.801897177607994,3.0,0.3330751132649399,True
medical_insurance,XGBoost,74,Actionable CBFI (Proposed),250,0.034928321838378906,2.7390350877192975,4.0,0.3062606161209555,True
medical_insurance,XGBoost,74,Untargeted Causal (Karimi 2021),250,0.0359501838684082,2.7390350877192975,4.0,0.3062606161209555,True
medical_insurance,XGBoost,74,Wachter's CE,500,0.04306221008300781,2.7390350877192975,4.0,0.3062606161209555,True
medical_insurance,XGBoost,74,SHAP-Targeted CE,343,0.022427797317504883,0.6111111111111114,2.0,0.19617677062462002,True
medical_insurance,XGBoost,75,Actionable CBFI (Proposed),250,0.05482840538024902,0.009952006957087312,1.0,0.17297905724286344,True
medical_insurance,XGBoost,75,Untargeted Causal (Karimi 2021),250,0.02796459197998047,4.603087326694977,6.0,0.3062606161209555,True
medical_insurance,XGBoost,75,Wachter's CE,500,0.05199623107910156,3.3585475207979547,5.0,0.3062606161209555,True
medical_insurance,XGBoost,75,SHAP-Targeted CE,343,0.017592668533325195,1.0241193998302154,3.0,0.17297905724286344,True
medical_insurance,XGBoost,76,Actionable CBFI (Proposed),250,0.034961700439453125,4.290365702616136,5.0,0.6475531665001245,True
medical_insurance,XGBoost,76,Untargeted Causal (Karimi 2021),250,0.03454852104187012,4.005133366913154,6.0,0.6297992701814547,True
medical_insurance,XGBoost,76,Wachter's CE,500,0.04325985908508301,3.2903657026161364,5.0,0.3062606161209555,True
medical_insurance,XGBoost,76,SHAP-Targeted CE,343,0.021889448165893555,1.1352305109413274,3.0,0.21396434705266767,True
medical_insurance,XGBoost,77,Actionable CBFI (Proposed),250,0.03194427490234375,2.083360706151698,4.0,0.03875648600537347,True
medical_insurance,XGBoost,77,Untargeted Causal (Karimi 2021),250,0.035143375396728516,3.5952950558213703,4.0,0.013119733017957986,True
medical_insurance,XGBoost,77,Wachter's CE,500,0.03285789489746094,3.5952950558213703,4.0,0.013119733017957986,True
medical_insurance,XGBoost,77,SHAP-Targeted CE,343,0.069305419921875,0.3611111111111113,2.0,0.06545326178294261,True
medical_insurance,XGBoost,78,Actionable CBFI (Proposed),250,0.037105560302734375,3.898552093711506,5.0,0.013119733017957986,True
medical_insurance,XGBoost,78,Untargeted Causal (Karimi 2021),250,0.03432893753051758,3.690191387559808,4.0,0.013119733017957986,True
medical_insurance,XGBoost,78,Wachter's CE,500,0.0488584041595459,3.690191387559808,4.0,0.013119733017957986,True
medical_insurance,XGBoost,78,SHAP-Targeted CE,343,0.023121118545532227,0.5277777777777779,2.0,0.4119295105464554,True
medical_insurance,XGBoost,79,Actionable CBFI (Proposed),250,0.05269026756286621,2.165279897833783,4.0,1.4013995257258063,True
medical_insurance,XGBoost,79,Untargeted Causal (Karimi 2021),250,0.030409812927246094,4.731050384498621,5.0,0.3062606161209555,True
medical_insurance,XGBoost,79,Wachter's CE,500,0.04037880897521973,4.464597905296577,4.0,0.09810515785792662,True
medical_insurance,XGBoost,79,SHAP-Targeted CE,343,0.019652605056762695,0.49634162205243826,2.0,1.4013995257258063,True
medical_insurance,XGBoost,80,Actionable CBFI (Proposed),250,0.024526357650756836,4.099366645328475,4.0,0.01578775917472815,True
medical_insurance,XGBoost,80,Untargeted Causal (Karimi 2021),250,0.03621220588684082,2.1520358186561923,5.0,0.6475531665001245,True
medical_insurance,XGBoost,80,Wachter's CE,500,0.05208420753479004,2.1520358186561923,5.0,0.6475531665001245,True
medical_insurance,XGBoost,80,SHAP-Targeted CE,343,0.06582093238830566,0.46856384427466036,2.0,0.35984722202541347,True
medical_insurance,XGBoost,81,Actionable CBFI (Proposed),216,0.02418684959411621,0.49560994646292555,1.0,1.5140379869658778,True
medical_insurance,XGBoost,81,Untargeted Causal (Karimi 2021),250,0.03650379180908203,2.8881078485718463,4.0,1.518971737338807,True
medical_insurance,XGBoost,81,Wachter's CE,500,0.053095340728759766,2.8881078485718463,4.0,1.518971737338807,True
medical_insurance,XGBoost,81,SHAP-Targeted CE,343,0.023878097534179688,0.4130082887191049,1.0,1.5140379869658778,True
medical_insurance,XGBoost,82,Actionable CBFI (Proposed),250,0.03375601768493652,3.8859320173720864,5.0,0.318678460126085,True
medical_insurance,XGBoost,82,Untargeted Causal (Karimi 2021),250,0.03383278846740723,3.0163648386566995,5.0,1.5464754515058357,True
medical_insurance,XGBoost,82,Wachter's CE,500,0.04814791679382324,2.6469071512147724,5.0,0.318678460126085,True
medical_insurance,XGBoost,82,SHAP-Targeted CE,343,0.021280288696289062,0.6907860664968826,2.0,0.09778349632791469,True
medical_insurance,XGBoost,83,Actionable CBFI (Proposed),250,0.057119131088256836,2.1902097248727763,4.0,0.2618692787643209,True
medical_insurance,XGBoost,83,Untargeted Causal (Karimi 2021),250,0.03655266761779785,3.3564593301435424,4.0,0.013119733017957986,True
medical_insurance,XGBoost,83,Wachter's CE,500,0.053438425064086914,3.3564593301435424,4.0,0.013119733017957986,True
medical_insurance,XGBoost,83,SHAP-Targeted CE,343,0.023720264434814453,0.6111111111111116,2.0,0.2618692787643209,True
medical_insurance,XGBoost,84,Actionable CBFI (Proposed),225,0.045891761779785156,0.17700355230818793,1.0,0.1309611819345813,True
medical_insurance,XGBoost,84,Untargeted Causal (Karimi 2021),250,0.029909133911132812,3.775296305919717,5.0,0.6475531665001245,True
medical_insurance,XGBoost,84,Wachter's CE,500,0.051927804946899414,3.775296305919717,5.0,0.6475531665001245,True
medical_insurance,XGBoost,84,SHAP-Targeted CE,343,0.019144058227539062,0.49634162205243826,2.0,0.1309611819345813,True
medical_insurance,XGBoost,85,Actionable CBFI (Proposed),250,0.03747439384460449,3.2905150184926084,4.0,0.013119733017957986,True
medical_insurance,XGBoost,85,Untargeted Causal (Karimi 2021),250,0.03847646713256836,3.6710025854139507,5.0,0.318678460126085,True
medical_insurance,XGBoost,85,Wachter's CE,500,0.0547022819519043,2.87930854592892,5.0,0.318678460126085,True
medical_insurance,XGBoost,85,SHAP-Targeted CE,343,0.024466991424560547,0.4130082887191049,1.0,0.07760927999667992,True
medical_insurance,XGBoost,86,Actionable CBFI (Proposed),250,0.02843499183654785,2.138755980861245,3.0,1.006777260711997,True
medical_insurance,XGBoost,86,Untargeted Causal (Karimi 2021),250,0.034088134765625,4.542690849692368,5.0,0.318678460126085,True
medical_insurance,XGBoost,86,Wachter's CE,500,0.032625436782836914,4.542690849692368,5.0,0.318678460126085,True
medical_insurance,XGBoost,86,SHAP-Targeted CE,343,0.020283937454223633,0.6111111111111112,2.0,1.238575331089868,True
medical_insurance,XGBoost,87,Actionable CBFI (Proposed),250,0.03276681900024414,2.2087320574162685,4.0,0.3062606161209555,True
medical_insurance,XGBoost,87,Untargeted Causal (Karimi 2021),250,0.036179304122924805,2.7087594302346334,5.0,0.3062606161209555,True
medical_insurance,XGBoost,87,Wachter's CE,500,0.05214500427246094,2.4587868030529987,4.0,1.518971737338807,True
medical_insurance,XGBoost,87,SHAP-Targeted CE,343,0.019618988037109375,0.6666666666666659,2.0,1.7135853153008895,True
medical_insurance,XGBoost,88,Actionable CBFI (Proposed),216,0.02556133270263672,2.417464114832535,3.0,0.0037216476744344525,True
medical_insurance,XGBoost,88,Untargeted Causal (Karimi 2021),250,0.03964948654174805,4.240059270744998,4.0,0.318678460126085,True
medical_insurance,XGBoost,88,Wachter's CE,500,0.03285384178161621,3.6497208931419474,3.0,1.0687211200394242,True
medical_insurance,XGBoost,88,SHAP-Targeted CE,343,0.020447731018066406,1.1944444444444444,1.0,0.025334308987799644,True
medical_insurance,XGBoost,89,Actionable CBFI (Proposed),250,0.05716419219970703,5.335386514783338,4.0,1.3502993771765606,True
medical_insurance,XGBoost,89,Untargeted Causal (Karimi 2021),250,0.02656388282775879,5.327225006940958,4.0,1.5464754515058357,True
medical_insurance,XGBoost,89,Wachter's CE,500,0.04137444496154785,4.957685201043936,5.0,0.318678460126085,True
medical_insurance,XGBoost,89,SHAP-Targeted CE,343,0.06640243530273438,1.6074527331635493,2.0,1.3502993771765606,True
medical_insurance,XGBoost,90,Actionable CBFI (Proposed),250,0.037236928939819336,3.027711323763955,4.0,0.6475531665001245,True
medical_insurance,XGBoost,90,Untargeted Causal (Karimi 2021),250,0.03617215156555176,3.9860446570972883,4.0,0.6475531665001245,True
medical_insurance,XGBoost,90,Wachter's CE,500,0.03994035720825195,3.52773869658232,4.0,2.201556838097144,True
medical_insurance,XGBoost,90,SHAP-Targeted CE,343,0.01950812339782715,0.6111111111111112,2.0,1.909178328138776,True
medical_insurance,XGBoost,91,Actionable CBFI (Proposed),216,0.022810935974121094,1.7675438596491235,3.0,0.08415111430301034,True
medical_insurance,XGBoost,91,Untargeted Causal (Karimi 2021),250,0.03627586364746094,4.590139015561588,4.0,0.318678460126085,True
medical_insurance,XGBoost,91,Wachter's CE,500,0.04851174354553223,4.590139015561588,4.0,0.318678460126085,True
medical_insurance,XGBoost,91,SHAP-Targeted CE,343,0.020183801651000977,0.7777777777777779,1.0,0.17094253043055876,True
medical_insurance,XGBoost,92,Actionable CBFI (Proposed),250,0.03213024139404297,1.6258920184056114,3.0,2.933845601691814,True
medical_insurance,XGBoost,92,Untargeted Causal (Karimi 2021),250,0.03613924980163574,2.620404451484269,4.0,2.933845601691814,True
medical_insurance,XGBoost,92,Wachter's CE,500,0.055567264556884766,2.620404451484269,4.0,2.933845601691814,True
medical_insurance,XGBoost,92,SHAP-Targeted CE,343,0.02295851707458496,0.96856384427466,3.0,2.7643646345183264,True
medical_insurance,XGBoost,93,Actionable CBFI (Proposed),250,0.034766197204589844,1.6700558213716112,3.0,0.318678460126085,True
medical_insurance,XGBoost,93,Untargeted Causal (Karimi 2021),250,0.03443408012390137,3.12841652752331,4.0,0.318678460126085,True
medical_insurance,XGBoost,93,Wachter's CE,500,0.05215024948120117,3.12841652752331,4.0,0.318678460126085,True
medical_insurance,XGBoost,93,SHAP-Targeted CE,343,0.019281864166259766,1.027777777777778,1.0,0.1722755061981457,True
medical_insurance,XGBoost,94,Actionable CBFI (Proposed),250,0.03712153434753418,3.3223957938709963,5.0,1.518971737338807,True
medical_insurance,XGBoost,94,Untargeted Causal (Karimi 2021),250,0.028160810470581055,4.191962972586383,6.0,0.3062606161209555,True
medical_insurance,XGBoost,94,Wachter's CE,500,0.05126380920410156,2.5723957938709963,5.0,0.3062606161209555,True
medical_insurance,XGBoost,94,SHAP-Targeted CE,343,0.018679380416870117,0.7777777777777779,2.0,0.1309611819345813,True
medical_insurance,XGBoost,95,Actionable CBFI (Proposed),250,0.03200340270996094,2.333333333333333,3.0,0.9846095988585083,True
medical_insurance,XGBoost,95,Untargeted Causal (Karimi 2021),250,0.02710270881652832,3.2028457664119903,4.0,1.091811068671634,True
medical_insurance,XGBoost,95,Wachter's CE,500,0.040509700775146484,2.2028457664119903,4.0,0.09810515785792662,True
medical_insurance,XGBoost,95,SHAP-Targeted CE,343,0.015882492065429688,0.19444444444444456,1.0,0.019849100671676074,True
medical_insurance,XGBoost,96,Actionable CBFI (Proposed),250,0.035048484802246094,4.0614582544086595,3.0,2.168717071616575,True
medical_insurance,XGBoost,96,Untargeted Causal (Karimi 2021),250,0.035156965255737305,6.718102073365232,3.0,0.353933268096828,True
medical_insurance,XGBoost,96,Wachter's CE,500,0.05174374580383301,4.519764214923628,3.0,2.168717071616575,True
medical_insurance,XGBoost,96,SHAP-Targeted CE,343,0.020520687103271484,1.9166666666666665,1.0,2.5482957366181216,True
medical_insurance,XGBoost,97,Actionable CBFI (Proposed),250,0.03416776657104492,2.8746286487354307,4.0,0.01578775917472815,True
medical_insurance,XGBoost,97,Untargeted Causal (Karimi 2021),250,0.03128814697265625,5.494195827450818,6.0,0.3062606161209555,True
medical_insurance,XGBoost,97,Wachter's CE,500,0.05562138557434082,3.8746286487354307,5.0,0.3062606161209555,True
medical_insurance,XGBoost,97,SHAP-Targeted CE,343,0.023198366165161133,0.9444444444444444,1.0,0.08737106303043699,True
medical_insurance,XGBoost,98,Actionable CBFI (Proposed),250,0.03742051124572754,2.2367920590981614,4.0,0.318678460126085,True
medical_insurance,XGBoost,98,Untargeted Causal (Karimi 2021),250,0.02677154541015625,4.236792059098161,6.0,0.318678460126085,True
medical_insurance,XGBoost,98,Wachter's CE,500,0.05134391784667969,1.9450980196131293,5.0,0.318678460126085,True
medical_insurance,XGBoost,98,SHAP-Targeted CE,343,0.021044015884399414,0.524119399830216,2.0,0.0890946286258502,True
medical_insurance,XGBoost,99,Actionable CBFI (Proposed),250,0.051097869873046875,0.5840026773761713,1.0,0.30106511907231936,True
medical_insurance,XGBoost,99,Untargeted Causal (Karimi 2021),250,0.03656935691833496,4.1985919661198015,4.0,0.318678460126085,True
medical_insurance,XGBoost,99,Wachter's CE,500,0.05310940742492676,3.2745489039188427,4.0,2.201556838097144,True
medical_insurance,XGBoost,99,SHAP-Targeted CE,343,0.023873090744018555,0.8611111111111112,1.0,0.30106511907231936,True
medical_insurance,XGBoost,100,Actionable CBFI (Proposed),250,0.03777575492858887,2.119512433078657,3.0,0.3815589776488963,True
medical_insurance,XGBoost,100,Untargeted Causal (Karimi 2021),250,0.03693127632141113,3.5841479327555827,5.0,1.518971737338807,True
medical_insurance,XGBoost,100,Wachter's CE,500,0.054843902587890625,3.4975028637006673,4.0,2.168717071616575,True
medical_insurance,XGBoost,100,SHAP-Targeted CE,343,0.02049565315246582,0.8852305109413273,3.0,1.6815920377465383,True
