Dataset,Model_Architecture,Instance,Method,Evaluations,Time (s),Recourse Cost,Sparsity (L0),Causal Plausibility MSE,Success
german_credit,RandomForest,1,Actionable CBFI (Proposed),250,0.15157675743103027,20.89644099970109,17.0,1.5291046492008142,True
german_credit,RandomForest,1,Untargeted Causal (Karimi 2021),250,0.1526799201965332,20.62007584479064,16.0,2.450025317957447,True
german_credit,RandomForest,1,Wachter's CE,500,0.1214299201965332,18.479831333872223,19.0,0.7837480037106122,True
german_credit,RandomForest,1,SHAP-Targeted CE,343,0.030369281768798828,3.2538561666124313,3.0,0.8669174243511268,True
german_credit,RandomForest,2,Actionable CBFI (Proposed),250,0.14919304847717285,20.71626913511021,15.0,0.9021729684871961,True
german_credit,RandomForest,2,Untargeted Causal (Karimi 2021),250,0.13820385932922363,21.98644601400852,16.0,1.1635756263832093,True
german_credit,RandomForest,2,Wachter's CE,500,0.12945961952209473,21.98644601400852,16.0,1.1635756263832093,True
german_credit,RandomForest,2,SHAP-Targeted CE,343,0.030951976776123047,2.4258487905412736,3.0,0.7197915153748576,True
german_credit,RandomForest,3,Actionable CBFI (Proposed),250,0.14899206161499023,24.135779114558492,17.0,1.1639138975786143,True
german_credit,RandomForest,3,Untargeted Causal (Karimi 2021),250,0.1562666893005371,19.727888871681994,17.0,1.0839064895280075,True
german_credit,RandomForest,3,Wachter's CE,500,0.1204521656036377,19.727888871681994,17.0,1.0839064895280075,True
german_credit,RandomForest,3,SHAP-Targeted CE,343,0.03434133529663086,2.3595400802690096,2.0,0.7157406635967059,True
german_credit,RandomForest,4,Actionable CBFI (Proposed),250,0.152144193649292,25.69826176464524,17.0,1.6265825872720847,True
german_credit,RandomForest,4,Untargeted Causal (Karimi 2021),250,0.15653395652770996,23.11276657189543,17.0,1.1635756263832093,True
german_credit,RandomForest,4,Wachter's CE,500,0.1327040195465088,23.11276657189543,17.0,1.1635756263832093,True
german_credit,RandomForest,4,SHAP-Targeted CE,343,0.0326533317565918,2.9283544853020933,3.0,0.6112783550871684,True
german_credit,RandomForest,5,Actionable CBFI (Proposed),250,0.16986894607543945,24.349838649454142,15.0,2.840953445768644,True
german_credit,RandomForest,5,Untargeted Causal (Karimi 2021),250,0.15461444854736328,22.314574933869864,17.0,1.0872865770544664,True
german_credit,RandomForest,5,Wachter's CE,500,0.12958741188049316,21.353922811010147,15.0,2.40634544074438,True
german_credit,RandomForest,5,SHAP-Targeted CE,343,0.027872562408447266,3.0566330404599196,3.0,1.305799096739876,True
german_credit,RandomForest,6,Actionable CBFI (Proposed),250,0.16559743881225586,19.884509553815427,16.0,1.085455148058349,True
german_credit,RandomForest,6,Untargeted Causal (Karimi 2021),250,0.15397882461547852,20.630508126371048,15.0,2.436171000898617,True
german_credit,RandomForest,6,Wachter's CE,500,0.12916278839111328,20.630508126371048,15.0,2.436171000898617,True
german_credit,RandomForest,6,SHAP-Targeted CE,343,0.035660743713378906,1.8885020067252403,3.0,0.6082231150311153,True
german_credit,RandomForest,7,Actionable CBFI (Proposed),250,0.15245580673217773,22.691499802139628,15.0,1.3987111329699728,True
german_credit,RandomForest,7,Untargeted Causal (Karimi 2021),250,0.1532878875732422,21.01527366393056,16.0,0.7501329370074084,True
german_credit,RandomForest,7,Wachter's CE,500,0.12935161590576172,20.914084831829705,15.0,1.8509872419361852,True
german_credit,RandomForest,7,SHAP-Targeted CE,343,0.03483462333679199,2.249842716129732,3.0,0.31054299989888173,True
german_credit,RandomForest,8,Actionable CBFI (Proposed),250,0.15451359748840332,18.80752090279859,15.0,1.7453945938572075,True
german_credit,RandomForest,8,Untargeted Causal (Karimi 2021),250,0.1541764736175537,19.40600598270289,14.0,2.8455011612005108,True
german_credit,RandomForest,8,Wachter's CE,500,0.13081645965576172,19.40600598270289,14.0,2.8455011612005108,True
german_credit,RandomForest,8,SHAP-Targeted CE,343,0.03673434257507324,2.1226488773185817,3.0,2.3407602835184567,True
german_credit,RandomForest,9,Actionable CBFI (Proposed),250,0.15198898315429688,22.48604986798879,16.0,3.375315535711043,True
german_credit,RandomForest,9,Untargeted Causal (Karimi 2021),250,0.13849139213562012,20.114288371540617,15.0,1.6541987815846113,True
german_credit,RandomForest,9,Wachter's CE,500,0.129439115524292,20.114288371540617,15.0,1.6541987815846113,True
german_credit,RandomForest,9,SHAP-Targeted CE,343,0.03264737129211426,2.3620457750298303,3.0,1.7519807883430605,True
german_credit,RandomForest,10,Actionable CBFI (Proposed),250,0.17543411254882812,20.988147718151122,16.0,1.41904795547761,True
german_credit,RandomForest,10,Untargeted Causal (Karimi 2021),250,0.15320491790771484,21.850010116474035,16.0,2.450025317957447,True
german_credit,RandomForest,10,Wachter's CE,500,0.12935972213745117,21.850010116474035,16.0,2.450025317957447,True
german_credit,RandomForest,10,SHAP-Targeted CE,343,0.023428678512573242,3.3128647358715693,3.0,1.0008184764120427,True
german_credit,RandomForest,11,Actionable CBFI (Proposed),250,0.16168570518493652,19.410579900254916,17.0,0.8321459165779462,True
german_credit,RandomForest,11,Untargeted Causal (Karimi 2021),250,0.15285849571228027,22.45086757955182,18.0,0.920088107817295,True
german_credit,RandomForest,11,Wachter's CE,500,0.10287284851074219,22.302113084677007,16.0,2.809117814467768,True
german_credit,RandomForest,11,SHAP-Targeted CE,343,0.030925989151000977,1.6694977763314898,3.0,0.3375482684232855,True
german_credit,RandomForest,12,Actionable CBFI (Proposed),250,0.15194225311279297,20.565308325217792,17.0,1.267331501020491,True
german_credit,RandomForest,12,Untargeted Causal (Karimi 2021),250,0.15575337409973145,20.170151291118643,15.0,1.6541987815846113,True
german_credit,RandomForest,12,Wachter's CE,500,0.13189935684204102,20.170151291118643,15.0,1.6541987815846113,True
german_credit,RandomForest,12,SHAP-Targeted CE,343,0.03362703323364258,0.8884369237444403,3.0,1.3762203154779113,True
german_credit,RandomForest,13,Actionable CBFI (Proposed),250,0.12503886222839355,23.717582355614308,14.0,1.7965498672327143,True
german_credit,RandomForest,13,Untargeted Causal (Karimi 2021),250,0.15356087684631348,22.663232698108423,14.0,1.6487581793306938,True
german_credit,RandomForest,13,Wachter's CE,500,0.10340094566345215,22.663232698108423,14.0,1.6487581793306938,True
german_credit,RandomForest,13,SHAP-Targeted CE,343,0.03127288818359375,2.555602559930578,3.0,0.9472901095218417,True
german_credit,RandomForest,14,Actionable CBFI (Proposed),250,0.15673542022705078,20.87198022845453,15.0,1.778228286189807,True
german_credit,RandomForest,14,Untargeted Causal (Karimi 2021),250,0.14005661010742188,20.568244615605664,12.0,1.7324015574127718,True
german_credit,RandomForest,14,Wachter's CE,500,0.1295769214630127,20.568244615605664,12.0,1.7324015574127718,True
german_credit,RandomForest,14,SHAP-Targeted CE,343,0.02607440948486328,2.3600715912788806,3.0,1.4372341439754754,True
german_credit,RandomForest,15,Actionable CBFI (Proposed),250,0.13295459747314453,23.0750117946585,16.0,1.1016843634780273,True
german_credit,RandomForest,15,Untargeted Causal (Karimi 2021),250,0.15316367149353027,23.440154017562314,17.0,1.0872865770544664,True
german_credit,RandomForest,15,Wachter's CE,500,0.12926292419433594,22.68339149723007,16.0,1.640302142665271,True
german_credit,RandomForest,15,SHAP-Targeted CE,343,0.029093503952026367,2.667219872003471,3.0,1.8441585469307202,True
german_credit,RandomForest,16,Actionable CBFI (Proposed),250,0.14937353134155273,22.87691620015056,12.0,1.5947660838958726,True
german_credit,RandomForest,16,Untargeted Causal (Karimi 2021),250,0.1578996181488037,24.52394647240593,12.0,1.749889542988361,True
german_credit,RandomForest,16,Wachter's CE,500,0.12941527366638184,24.52394647240593,12.0,1.749889542988361,True
german_credit,RandomForest,16,SHAP-Targeted CE,343,0.029339313507080078,4.374867122247532,3.0,0.9465911984665049,True
german_credit,RandomForest,17,Actionable CBFI (Proposed),250,0.15451431274414062,23.846526465743562,17.0,3.4641680734871882,True
german_credit,RandomForest,17,Untargeted Causal (Karimi 2021),250,0.1533207893371582,19.146379334353284,17.0,3.0100372625017298,True
german_credit,RandomForest,17,Wachter's CE,500,0.13008451461791992,19.132866105104135,14.0,2.751860612693824,True
german_credit,RandomForest,17,SHAP-Targeted CE,343,0.03211545944213867,5.181961167154789,3.0,1.0905286661838653,True
german_credit,RandomForest,18,Actionable CBFI (Proposed),250,0.16701650619506836,19.82775312112532,11.0,1.170490542395404,True
german_credit,RandomForest,18,Untargeted Causal (Karimi 2021),250,0.15486574172973633,23.8339105579011,16.0,0.920088107817295,True
german_credit,RandomForest,18,Wachter's CE,500,0.13226723670959473,22.887059243678518,15.0,1.8134251297409385,True
german_credit,RandomForest,18,SHAP-Targeted CE,343,0.0240175724029541,4.185443106627617,2.0,0.9317017265957489,True
german_credit,RandomForest,19,Actionable CBFI (Proposed),250,0.15205836296081543,18.540502492129708,12.0,1.5045449089214693,True
german_credit,RandomForest,19,Untargeted Causal (Karimi 2021),250,0.13073134422302246,23.323077026930104,10.0,1.7324015574127718,True
german_credit,RandomForest,19,Wachter's CE,500,0.12969756126403809,23.1930256820257,13.0,1.8134251297409385,True
german_credit,RandomForest,19,SHAP-Targeted CE,343,0.03360486030578613,2.0196659073652237,3.0,0.6893004821554973,True
german_credit,RandomForest,20,Actionable CBFI (Proposed),250,0.15160584449768066,19.023305641457625,16.0,1.6548656962549066,True
german_credit,RandomForest,20,Untargeted Causal (Karimi 2021),250,0.15334105491638184,21.996735794754912,16.0,2.450025317957447,True
german_credit,RandomForest,20,Wachter's CE,500,0.1301131248474121,21.47410772513779,16.0,1.5129398895419324,True
german_credit,RandomForest,20,SHAP-Targeted CE,343,0.029369354248046875,1.6488664714177244,3.0,0.763102805515425,True
german_credit,RandomForest,21,Actionable CBFI (Proposed),250,0.1336500644683838,18.687232886524125,13.0,2.027367787393825,True
german_credit,RandomForest,21,Untargeted Causal (Karimi 2021),250,0.15336060523986816,19.792638562703917,14.0,2.7046467671213703,True
german_credit,RandomForest,21,Wachter's CE,500,0.12934064865112305,19.792638562703917,14.0,2.7046467671213703,True
german_credit,RandomForest,21,SHAP-Targeted CE,343,0.034352779388427734,2.570669269985899,2.0,0.9066000359125461,True
german_credit,RandomForest,22,Actionable CBFI (Proposed),250,0.15517711639404297,20.67598307765422,13.0,2.532961602951765,True
german_credit,RandomForest,22,Untargeted Causal (Karimi 2021),250,0.13957571983337402,22.94714418936868,16.0,1.8319967905090333,True
german_credit,RandomForest,22,Wachter's CE,500,0.11853408813476562,21.483250047471756,13.0,2.751860612693824,True
german_credit,RandomForest,22,SHAP-Targeted CE,343,0.02443838119506836,2.7241457858769937,2.0,1.6901004891545959,True
german_credit,RandomForest,23,Actionable CBFI (Proposed),250,0.14699196815490723,17.338792344443895,14.0,2.486477775032175,True
german_credit,RandomForest,23,Untargeted Causal (Karimi 2021),250,0.15265870094299316,21.49829274162572,18.0,1.0839064895280075,True
german_credit,RandomForest,23,Wachter's CE,500,0.08311820030212402,21.49829274162572,18.0,1.0839064895280075,True
german_credit,RandomForest,23,SHAP-Targeted CE,343,0.03569149971008301,1.3293958129949017,3.0,0.43743343109772714,True
german_credit,RandomForest,24,Actionable CBFI (Proposed),250,0.15259385108947754,19.282673217887716,15.0,1.8765889391729687,True
german_credit,RandomForest,24,Untargeted Causal (Karimi 2021),250,0.1390528678894043,24.61072124374897,16.0,1.0839064895280075,True
german_credit,RandomForest,24,Wachter's CE,500,0.13115572929382324,17.647546232659415,14.0,0.7109722407442244,True
german_credit,RandomForest,24,SHAP-Targeted CE,343,0.03956127166748047,2.9281700835231583,2.0,1.1044921939067636,True
german_credit,RandomForest,25,Actionable CBFI (Proposed),250,0.16123485565185547,22.542247720216523,14.0,2.1303437939716257,True
german_credit,RandomForest,25,Untargeted Causal (Karimi 2021),250,0.15416574478149414,22.379895856525994,14.0,4.395661429690163,True
german_credit,RandomForest,25,Wachter's CE,500,0.12804150581359863,22.379895856525994,14.0,4.395661429690163,True
german_credit,RandomForest,25,SHAP-Targeted CE,343,0.027014970779418945,11.425718624579673,3.0,2.0499195181518246,True
german_credit,RandomForest,26,Actionable CBFI (Proposed),250,0.2097795009613037,22.59866052529161,16.0,3.4701473692342626,True
german_credit,RandomForest,26,Untargeted Causal (Karimi 2021),250,0.140977144241333,18.392816873357333,16.0,1.8319967905090333,True
german_credit,RandomForest,26,Wachter's CE,500,0.13187479972839355,18.392816873357333,16.0,1.8319967905090333,True
german_credit,RandomForest,26,SHAP-Targeted CE,343,0.03651905059814453,3.032834363813863,3.0,1.4179799864116183,True
german_credit,RandomForest,27,Actionable CBFI (Proposed),250,0.15584897994995117,24.091446876851062,15.0,1.4421110450288552,True
german_credit,RandomForest,27,Untargeted Causal (Karimi 2021),250,0.15464162826538086,21.39516663867931,13.0,1.7324015574127718,True
german_credit,RandomForest,27,Wachter's CE,500,0.13152408599853516,18.898077170535803,13.0,1.5264732650281285,True
german_credit,RandomForest,27,SHAP-Targeted CE,343,0.02916121482849121,3.0870593339841625,2.0,0.6152671449612706,True
german_credit,RandomForest,28,Actionable CBFI (Proposed),250,0.15201306343078613,18.433616048066774,14.0,1.0640449889411856,True
german_credit,RandomForest,28,Untargeted Causal (Karimi 2021),250,0.15271377563476562,22.6547653857518,17.0,3.0828438969644285,True
german_credit,RandomForest,28,Wachter's CE,500,0.12960433959960938,21.593689310774728,16.0,2.547146308405978,True
german_credit,RandomForest,28,SHAP-Targeted CE,343,0.02815723419189453,3.1598654951730127,2.0,0.8244127285557973,True
german_credit,RandomForest,29,Actionable CBFI (Proposed),250,0.14966940879821777,20.36969565367528,16.0,1.7774711521201016,True
german_credit,RandomForest,29,Untargeted Causal (Karimi 2021),250,0.14017033576965332,22.086014749049973,18.0,1.0839064895280075,True
german_credit,RandomForest,29,Wachter's CE,500,0.13218069076538086,22.086014749049973,18.0,1.0839064895280075,True
german_credit,RandomForest,29,SHAP-Targeted CE,343,0.026227712631225586,1.5271612973207502,3.0,0.5412417673181869,True
german_credit,RandomForest,30,Actionable CBFI (Proposed),250,0.1783590316772461,21.959729014968786,16.0,1.144874078212422,True
german_credit,RandomForest,30,Untargeted Causal (Karimi 2021),250,0.13914990425109863,16.898382334549606,16.0,1.0839064895280075,True
german_credit,RandomForest,30,Wachter's CE,500,0.1225886344909668,16.898382334549606,16.0,1.0839064895280075,True
german_credit,RandomForest,30,SHAP-Targeted CE,343,0.03931784629821777,1.6748888165744655,2.0,0.8601288127289285,True
german_credit,RandomForest,31,Actionable CBFI (Proposed),250,0.15005803108215332,15.999130544331962,15.0,1.2955237818966567,True
german_credit,RandomForest,31,Untargeted Causal (Karimi 2021),250,0.13966059684753418,16.96343950444572,12.0,2.7046467671213703,True
german_credit,RandomForest,31,Wachter's CE,500,0.10330891609191895,16.96343950444572,12.0,2.7046467671213703,True
german_credit,RandomForest,31,SHAP-Targeted CE,343,0.03737306594848633,2.291908016053802,3.0,0.5433527061046735,True
german_credit,RandomForest,32,Actionable CBFI (Proposed),250,0.15537214279174805,16.909566853254553,14.0,1.132440623031187,True
german_credit,RandomForest,32,Untargeted Causal (Karimi 2021),250,0.13206148147583008,21.386084326132828,17.0,0.920088107817295,True
german_credit,RandomForest,32,Wachter's CE,500,0.10247564315795898,21.386084326132828,17.0,0.920088107817295,True
german_credit,RandomForest,32,SHAP-Targeted CE,343,0.037891387939453125,1.4251003362620676,2.0,0.8473861507519775,True
german_credit,RandomForest,33,Actionable CBFI (Proposed),250,0.15921640396118164,20.29310546994872,15.0,3.039199578345891,True
german_credit,RandomForest,33,Untargeted Causal (Karimi 2021),250,0.13930726051330566,22.455366466204893,15.0,1.1635756263832093,True
german_credit,RandomForest,33,Wachter's CE,500,0.1298964023590088,20.528271953554935,14.0,1.4795019379303591,True
german_credit,RandomForest,33,SHAP-Targeted CE,343,0.03551220893859863,2.092537151534873,3.0,0.3027542177966664,True
german_credit,RandomForest,34,Actionable CBFI (Proposed),250,0.17675185203552246,18.110216350589564,17.0,0.9595882004717557,True
german_credit,RandomForest,34,Untargeted Causal (Karimi 2021),250,0.15354442596435547,20.711483676779146,18.0,0.7501329370074084,True
german_credit,RandomForest,34,Wachter's CE,500,0.10258984565734863,19.62912227367617,18.0,0.6426489299430229,True
german_credit,RandomForest,34,SHAP-Targeted CE,343,0.03325796127319336,0.7956936761036986,3.0,0.3953918840089707,True
german_credit,RandomForest,35,Actionable CBFI (Proposed),250,0.13795971870422363,20.37546419614378,15.0,2.378012967420446,True
german_credit,RandomForest,35,Untargeted Causal (Karimi 2021),250,0.15334630012512207,22.650293408119893,16.0,1.9208608072546611,True
german_credit,RandomForest,35,Wachter's CE,500,0.12920165061950684,22.610873590370204,17.0,1.5129398895419324,True
german_credit,RandomForest,35,SHAP-Targeted CE,343,0.03363847732543945,2.1228007376071156,3.0,0.908866582371702,True
german_credit,RandomForest,36,Actionable CBFI (Proposed),250,0.1351170539855957,19.991822665719262,17.0,0.945383134687168,True
german_credit,RandomForest,36,Untargeted Causal (Karimi 2021),250,0.15361309051513672,19.396643362950382,16.0,1.8509872419361852,True
german_credit,RandomForest,36,Wachter's CE,500,0.150038480758667,19.396643362950382,16.0,1.8509872419361852,True
german_credit,RandomForest,36,SHAP-Targeted CE,343,0.03645586967468262,2.0177785009220077,3.0,0.9632318894021384,True
german_credit,RandomForest,37,Actionable CBFI (Proposed),250,0.2273716926574707,20.034522814353036,14.0,0.3822296974772233,True
german_credit,RandomForest,37,Untargeted Causal (Karimi 2021),250,0.15387964248657227,22.348874763104885,18.0,1.0839064895280075,True
german_credit,RandomForest,37,Wachter's CE,500,0.13070011138916016,21.816745643883014,17.0,0.7109722407442244,True
german_credit,RandomForest,37,SHAP-Targeted CE,343,0.03738737106323242,1.6491810391582602,2.0,0.2996087900711041,True
german_credit,RandomForest,38,Actionable CBFI (Proposed),250,0.14852547645568848,20.24920575192864,16.0,1.5535482863103582,True
german_credit,RandomForest,38,Untargeted Causal (Karimi 2021),250,0.15413999557495117,22.437501671346666,17.0,1.068767258895182,True
german_credit,RandomForest,38,Wachter's CE,500,0.12966465950012207,22.327770807206246,14.0,2.7046467671213703,True
german_credit,RandomForest,38,SHAP-Targeted CE,343,0.037962913513183594,1.5831760494630651,3.0,0.8504117692535631,True
german_credit,RandomForest,39,Actionable CBFI (Proposed),250,0.15343999862670898,19.579259390616823,16.0,1.0398567385107684,True
german_credit,RandomForest,39,Untargeted Causal (Karimi 2021),250,0.13948750495910645,20.028056010667456,17.0,1.0839064895280075,True
german_credit,RandomForest,39,Wachter's CE,500,0.12213373184204102,20.028056010667456,17.0,1.0839064895280075,True
german_credit,RandomForest,39,SHAP-Targeted CE,343,0.03200268745422363,1.969400151860288,3.0,0.8437812530794948,True
german_credit,RandomForest,40,Actionable CBFI (Proposed),250,0.1511380672454834,20.115970554700652,14.0,0.8615094139272192,True
german_credit,RandomForest,40,Untargeted Causal (Karimi 2021),250,0.15352916717529297,17.5307789855142,14.0,1.0839064895280075,True
german_credit,RandomForest,40,Wachter's CE,500,0.10531234741210938,17.5307789855142,14.0,1.0839064895280075,True
german_credit,RandomForest,40,SHAP-Targeted CE,343,0.026698589324951172,2.1769823191235496,2.0,0.7192940156472789,True
german_credit,RandomForest,41,Actionable CBFI (Proposed),250,0.15372681617736816,22.07345923930481,16.0,0.9871993739006552,True
german_credit,RandomForest,41,Untargeted Causal (Karimi 2021),250,0.14028120040893555,21.71626003813504,16.0,1.1635756263832093,True
german_credit,RandomForest,41,Wachter's CE,500,0.12978124618530273,18.264866804750433,15.0,2.40634544074438,True
german_credit,RandomForest,41,SHAP-Targeted CE,343,0.032510995864868164,1.8044798785117688,3.0,0.7831876141997054,True
german_credit,RandomForest,42,Actionable CBFI (Proposed),250,0.1464076042175293,22.04567194221506,15.0,0.5907046745247538,True
german_credit,RandomForest,42,Untargeted Causal (Karimi 2021),250,0.15506196022033691,17.70157136747574,17.0,1.0839064895280075,True
german_credit,RandomForest,42,Wachter's CE,500,0.1439056396484375,17.70157136747574,17.0,1.0839064895280075,True
german_credit,RandomForest,42,SHAP-Targeted CE,343,0.024120807647705078,3.1308710272263807,3.0,0.8514169240687959,True
german_credit,RandomForest,43,Actionable CBFI (Proposed),250,0.15520381927490234,19.249582439289956,14.0,0.5395790630092903,True
german_credit,RandomForest,43,Untargeted Causal (Karimi 2021),250,0.1377413272857666,19.37729322849223,16.0,1.0839064895280075,True
german_credit,RandomForest,43,Wachter's CE,500,0.1326897144317627,18.250940394089582,15.0,1.1182657549339583,True
german_credit,RandomForest,43,SHAP-Targeted CE,343,0.034635305404663086,0.9563401670463174,3.0,0.6045219491679681,True
german_credit,RandomForest,44,Actionable CBFI (Proposed),250,0.15895748138427734,20.494705972177375,13.0,2.362019376579989,True
german_credit,RandomForest,44,Untargeted Causal (Karimi 2021),250,0.13708019256591797,25.600453000694763,17.0,2.763631846878549,True
german_credit,RandomForest,44,Wachter's CE,500,0.10410475730895996,22.709316107239687,14.0,1.5264732650281285,True
german_credit,RandomForest,44,SHAP-Targeted CE,343,0.03179502487182617,4.308536717648335,2.0,1.4000002678813326,True
german_credit,RandomForest,45,Actionable CBFI (Proposed),250,0.155442476272583,18.53327392606732,15.0,1.9198640306693768,True
german_credit,RandomForest,45,Untargeted Causal (Karimi 2021),250,0.15351057052612305,21.95216684484532,15.0,2.2718857682185867,True
german_credit,RandomForest,45,Wachter's CE,500,0.12887954711914062,21.584521580143104,16.0,3.0100372625017298,True
german_credit,RandomForest,45,SHAP-Targeted CE,343,0.03619647026062012,2.2617420544527613,3.0,1.256192399242528,True
german_credit,RandomForest,46,Actionable CBFI (Proposed),250,0.17929553985595703,23.62971809397157,17.0,0.7020208761711886,True
german_credit,RandomForest,46,Untargeted Causal (Karimi 2021),250,0.15417933464050293,20.548009454754222,14.0,3.5068188899354453,True
german_credit,RandomForest,46,Wachter's CE,500,0.13153314590454102,20.548009454754222,14.0,3.5068188899354453,True
german_credit,RandomForest,46,SHAP-Targeted CE,343,0.0315396785736084,2.80962143399501,3.0,0.8897999314532712,True
german_credit,RandomForest,47,Actionable CBFI (Proposed),250,0.16536426544189453,21.35383432882584,16.0,1.341004579912128,True
german_credit,RandomForest,47,Untargeted Causal (Karimi 2021),250,0.13593268394470215,21.13782421624054,15.0,1.1635756263832093,True
german_credit,RandomForest,47,Wachter's CE,500,0.12989211082458496,20.301836376906678,15.0,0.7109722407442244,True
german_credit,RandomForest,47,SHAP-Targeted CE,343,0.04743766784667969,2.3203492786636293,3.0,0.47297774335214066,True
german_credit,RandomForest,48,Actionable CBFI (Proposed),250,0.15419340133666992,20.465721046564887,16.0,0.8798467417296058,True
german_credit,RandomForest,48,Untargeted Causal (Karimi 2021),250,0.1530005931854248,22.656444865489366,13.0,1.5775761981524885,True
german_credit,RandomForest,48,Wachter's CE,500,0.1300487518310547,21.300369468478323,15.0,1.5078410255865602,True
german_credit,RandomForest,48,SHAP-Targeted CE,343,0.03968024253845215,2.315771775680659,3.0,0.7013103321783822,True
german_credit,RandomForest,49,Actionable CBFI (Proposed),250,0.155958890914917,18.90486507037091,14.0,1.7495322928240384,True
german_credit,RandomForest,49,Untargeted Causal (Karimi 2021),250,0.1380751132965088,15.087612907384973,13.0,1.7324015574127718,True
german_credit,RandomForest,49,Wachter's CE,500,0.12598276138305664,15.087612907384973,13.0,1.7324015574127718,True
german_credit,RandomForest,49,SHAP-Targeted CE,343,0.030958175659179688,3.328506345590628,3.0,1.9908172466990834,True
german_credit,RandomForest,50,Actionable CBFI (Proposed),250,0.15053415298461914,22.91251983030484,16.0,2.0122465593354395,True
german_credit,RandomForest,50,Untargeted Causal (Karimi 2021),250,0.15320324897766113,20.078178468987765,13.0,2.0934721094175064,True
german_credit,RandomForest,50,Wachter's CE,500,0.10263967514038086,20.078178468987765,13.0,2.0934721094175064,True
german_credit,RandomForest,50,SHAP-Targeted CE,343,0.03864884376525879,1.0291897168890332,3.0,0.5305245451119592,True
german_credit,RandomForest,51,Actionable CBFI (Proposed),250,0.1627495288848877,16.932237384548092,11.0,1.9113878723137745,True
german_credit,RandomForest,51,Untargeted Causal (Karimi 2021),250,0.15344810485839844,21.528024321346685,15.0,2.302436779244263,True
german_credit,RandomForest,51,Wachter's CE,500,0.12945318222045898,15.675176191893247,15.0,1.5129398895419324,True
german_credit,RandomForest,51,SHAP-Targeted CE,343,0.02237844467163086,1.528777524677297,2.0,2.002741686612135,True
german_credit,RandomForest,52,Actionable CBFI (Proposed),250,0.20151925086975098,17.95041855885983,13.0,1.9751711764353028,True
german_credit,RandomForest,52,Untargeted Causal (Karimi 2021),250,0.15571260452270508,24.77271014563378,14.0,2.1802048563209597,True
german_credit,RandomForest,52,Wachter's CE,500,0.1031334400177002,24.77271014563378,14.0,2.1802048563209597,True
german_credit,RandomForest,52,SHAP-Targeted CE,343,0.029876232147216797,3.5386159019416423,3.0,1.132303802488169,True
german_credit,RandomForest,53,Actionable CBFI (Proposed),250,0.15341806411743164,16.808274874167477,13.0,1.454677604020878,True
german_credit,RandomForest,53,Untargeted Causal (Karimi 2021),250,0.15770769119262695,24.102147225901614,14.0,1.1635756263832093,True
german_credit,RandomForest,53,Wachter's CE,500,0.13733792304992676,21.055380097412442,17.0,1.5129398895419324,True
german_credit,RandomForest,53,SHAP-Targeted CE,343,0.033104658126831055,2.317594099143074,3.0,0.3122867886689935,True
german_credit,RandomForest,54,Actionable CBFI (Proposed),250,0.15900754928588867,24.137336533955207,14.0,1.5620797585224904,True
german_credit,RandomForest,54,Untargeted Causal (Karimi 2021),250,0.1537768840789795,26.38076140348319,13.0,1.2217309572075077,True
german_credit,RandomForest,54,Wachter's CE,500,0.12947678565979004,21.704340190719392,17.0,1.647783351109726,True
german_credit,RandomForest,54,SHAP-Targeted CE,343,0.035492658615112305,2.0116823950536933,3.0,1.3060634993194091,True
german_credit,RandomForest,55,Actionable CBFI (Proposed),250,0.14999747276306152,18.374737202493215,16.0,0.6853647558739897,True
german_credit,RandomForest,55,Untargeted Causal (Karimi 2021),250,0.15439057350158691,17.792978120438235,16.0,1.0839064895280075,True
german_credit,RandomForest,55,Wachter's CE,500,0.10345625877380371,17.792978120438235,16.0,1.0839064895280075,True
german_credit,RandomForest,55,SHAP-Targeted CE,343,0.039438724517822266,1.663672849549843,2.0,0.6208773028566921,True
german_credit,RandomForest,56,Actionable CBFI (Proposed),250,0.1534874439239502,18.987780844043527,13.0,3.1640790284788274,True
german_credit,RandomForest,56,Untargeted Causal (Karimi 2021),250,0.14809131622314453,24.859413305834956,15.0,2.450025317957447,True
german_credit,RandomForest,56,Wachter's CE,500,0.130340576171875,21.123663768537337,18.0,1.4771813086109287,True
german_credit,RandomForest,56,SHAP-Targeted CE,343,0.03332209587097168,2.3292005640525,3.0,3.331283601721337,True
german_credit,RandomForest,57,Actionable CBFI (Proposed),250,0.15510272979736328,23.109811265933192,15.0,1.0380664755584699,True
german_credit,RandomForest,57,Untargeted Causal (Karimi 2021),250,0.15337872505187988,17.543016856209842,16.0,1.0839064895280075,True
german_credit,RandomForest,57,Wachter's CE,500,0.13125348091125488,17.543016856209842,16.0,1.0839064895280075,True
german_credit,RandomForest,57,SHAP-Targeted CE,343,0.03354597091674805,2.7608959757023532,3.0,1.012601318719695,True
german_credit,RandomForest,58,Actionable CBFI (Proposed),250,0.17188024520874023,17.12378858513216,14.0,1.0031777306014895,True
german_credit,RandomForest,58,Untargeted Causal (Karimi 2021),250,0.15409183502197266,22.753044133722156,16.0,1.068767258895182,True
german_credit,RandomForest,58,Wachter's CE,500,0.13022613525390625,22.464398171870442,13.0,2.6297848116164104,True
german_credit,RandomForest,58,SHAP-Targeted CE,343,0.03851938247680664,1.3797917344614379,3.0,0.6445792212892678,True
german_credit,RandomForest,59,Actionable CBFI (Proposed),250,0.17168450355529785,22.182023417386798,15.0,1.0029532337329243,True
german_credit,RandomForest,59,Untargeted Causal (Karimi 2021),250,0.13900136947631836,21.95189761930589,17.0,1.0839064895280075,True
german_credit,RandomForest,59,Wachter's CE,500,0.12980413436889648,21.95189761930589,17.0,1.0839064895280075,True
german_credit,RandomForest,59,SHAP-Targeted CE,343,0.03214764595031738,1.8534005857468268,3.0,0.8513923887859429,True
german_credit,RandomForest,60,Actionable CBFI (Proposed),250,0.15149903297424316,21.257210784864263,10.0,1.0989567314640944,True
german_credit,RandomForest,60,Untargeted Causal (Karimi 2021),250,0.15557408332824707,22.36060716637282,14.0,2.7046467671213703,True
german_credit,RandomForest,60,Wachter's CE,500,0.13251042366027832,22.36060716637282,14.0,2.7046467671213703,True
german_credit,RandomForest,60,SHAP-Targeted CE,343,0.032587289810180664,1.7968217811042404,3.0,1.0489058781177865,True
german_credit,RandomForest,61,Actionable CBFI (Proposed),250,0.16060614585876465,24.550091022156625,16.0,1.7481193198282483,True
german_credit,RandomForest,61,Untargeted Causal (Karimi 2021),250,0.15295743942260742,24.221925107457633,15.0,1.5167625905559199,True
german_credit,RandomForest,61,Wachter's CE,500,0.12583470344543457,21.588055215781015,15.0,1.0858986600365046,True
german_credit,RandomForest,61,SHAP-Targeted CE,343,0.030417680740356445,3.9706584228224324,3.0,1.863762573503519,True
german_credit,RandomForest,62,Actionable CBFI (Proposed),250,0.15154790878295898,19.937099056780177,14.0,1.824187619577686,True
german_credit,RandomForest,62,Untargeted Causal (Karimi 2021),250,0.15559172630310059,17.781093880987818,11.0,1.7324015574127718,True
german_credit,RandomForest,62,Wachter's CE,500,0.1326460838317871,17.781093880987818,11.0,1.7324015574127718,True
german_credit,RandomForest,62,SHAP-Targeted CE,343,0.06965947151184082,2.317420544527607,3.0,1.7405341631590354,True
german_credit,RandomForest,63,Actionable CBFI (Proposed),250,0.13376641273498535,21.718614150429886,15.0,0.7414807092739986,True
german_credit,RandomForest,63,Untargeted Causal (Karimi 2021),250,0.154449462890625,21.40208427293505,14.0,1.0931454166836205,True
german_credit,RandomForest,63,Wachter's CE,500,0.13082599639892578,21.40208427293505,14.0,1.0931454166836205,True
german_credit,RandomForest,63,SHAP-Targeted CE,343,0.03836250305175781,1.5474780344939796,2.0,0.4819155077323528,True
german_credit,RandomForest,64,Actionable CBFI (Proposed),250,0.1541585922241211,18.54403988623418,18.0,0.6922673565104943,True
german_credit,RandomForest,64,Untargeted Causal (Karimi 2021),250,0.14020800590515137,20.297310694418655,16.0,2.450025317957447,True
german_credit,RandomForest,64,Wachter's CE,500,0.10455203056335449,20.15706618350024,19.0,0.7837480037106122,True
german_credit,RandomForest,64,SHAP-Targeted CE,343,0.036605119705200195,1.1816249050873198,2.0,0.4423597954080116,True
german_credit,RandomForest,65,Actionable CBFI (Proposed),250,0.1531386375427246,18.41643044391748,17.0,0.3622567941894469,True
german_credit,RandomForest,65,Untargeted Causal (Karimi 2021),250,0.15369462966918945,23.232848218153176,17.0,0.920088107817295,True
german_credit,RandomForest,65,Wachter's CE,500,0.12999653816223145,23.191301422126145,19.0,1.2664138584366011,True
german_credit,RandomForest,65,SHAP-Targeted CE,343,0.03501486778259277,2.0647467187330513,3.0,0.6910154086577515,True
german_credit,RandomForest,66,Actionable CBFI (Proposed),250,0.1567246913909912,26.30790536027597,16.0,2.083631139521527,True
german_credit,RandomForest,66,Untargeted Causal (Karimi 2021),250,0.1553356647491455,27.220855958716015,17.0,3.0100372625017298,True
german_credit,RandomForest,66,Wachter's CE,500,0.13155698776245117,22.908597424129123,15.0,3.4776415055155696,True
german_credit,RandomForest,66,SHAP-Targeted CE,343,0.037480831146240234,4.360613949452217,3.0,4.244069468466618,True
german_credit,RandomForest,67,Actionable CBFI (Proposed),250,0.13463401794433594,21.813539771827426,16.0,2.550326019020416,True
german_credit,RandomForest,67,Untargeted Causal (Karimi 2021),250,0.15432000160217285,22.23068758932749,15.0,4.169231810254531,True
german_credit,RandomForest,67,Wachter's CE,500,0.13047361373901367,22.23068758932749,15.0,4.169231810254531,True
german_credit,RandomForest,67,SHAP-Targeted CE,343,0.03492116928100586,3.6331814730447984,3.0,1.9021881414901345,True
german_credit,RandomForest,68,Actionable CBFI (Proposed),250,0.17299461364746094,21.270756680436904,14.0,0.4075176003187872,True
german_credit,RandomForest,68,Untargeted Causal (Karimi 2021),250,0.15424275398254395,22.192923601800516,16.0,2.9188009131363026,True
german_credit,RandomForest,68,Wachter's CE,500,0.12983965873718262,22.192923601800516,16.0,2.9188009131363026,True
german_credit,RandomForest,68,SHAP-Targeted CE,343,0.034722328186035156,2.2011606464909423,3.0,0.6648999131834035,True
german_credit,RandomForest,69,Actionable CBFI (Proposed),250,0.13117218017578125,21.778319524688907,17.0,1.8519798173437192,True
german_credit,RandomForest,69,Untargeted Causal (Karimi 2021),250,0.15284442901611328,21.02264504462206,14.0,1.6541987815846113,True
german_credit,RandomForest,69,Wachter's CE,500,0.10412240028381348,21.02264504462206,14.0,1.6541987815846113,True
german_credit,RandomForest,69,SHAP-Targeted CE,343,0.03142046928405762,3.3272480746284843,3.0,1.317580837460819,True
german_credit,RandomForest,70,Actionable CBFI (Proposed),250,0.1559295654296875,21.30463967216455,18.0,1.7992597377790163,True
german_credit,RandomForest,70,Untargeted Causal (Karimi 2021),250,0.15282392501831055,22.962575795257216,16.0,2.30142343621977,True
german_credit,RandomForest,70,Wachter's CE,500,0.13164949417114258,22.962575795257216,16.0,2.30142343621977,True
german_credit,RandomForest,70,SHAP-Targeted CE,343,0.03775382041931152,2.404837834906172,2.0,0.9820239004667528,True
german_credit,RandomForest,71,Actionable CBFI (Proposed),250,0.15088272094726562,25.065245235851553,14.0,0.9016231374850939,True
german_credit,RandomForest,71,Untargeted Causal (Karimi 2021),250,0.15343952178955078,21.81368607575925,14.0,1.601500290802899,True
german_credit,RandomForest,71,Wachter's CE,500,0.13076329231262207,19.53911540599293,18.0,0.7837480037106122,True
german_credit,RandomForest,71,SHAP-Targeted CE,343,0.025957345962524414,4.147749213580649,3.0,0.6326099749879555,True
german_credit,RandomForest,72,Actionable CBFI (Proposed),250,0.18239855766296387,19.79143746931171,14.0,0.7237241066591678,True
german_credit,RandomForest,72,Untargeted Causal (Karimi 2021),250,0.15441584587097168,19.54521901371629,16.0,1.601500290802899,True
german_credit,RandomForest,72,Wachter's CE,500,0.15585947036743164,19.54521901371629,16.0,1.601500290802899,True
german_credit,RandomForest,72,SHAP-Targeted CE,343,0.03347373008728027,1.624850851502332,3.0,1.4517486456273994,True
german_credit,RandomForest,73,Actionable CBFI (Proposed),250,0.12281012535095215,21.841428767331877,15.0,1.3010779785522408,True
german_credit,RandomForest,73,Untargeted Causal (Karimi 2021),250,0.15283417701721191,23.64733588039258,18.0,0.920088107817295,True
german_credit,RandomForest,73,Wachter's CE,500,0.12922334671020508,22.141030487865486,15.0,1.4795019379303591,True
german_credit,RandomForest,73,SHAP-Targeted CE,343,0.03656196594238281,2.098199370864519,3.0,0.3416412173450624,True
german_credit,RandomForest,74,Actionable CBFI (Proposed),250,0.14854168891906738,21.23024268635162,14.0,1.6105603825069543,True
german_credit,RandomForest,74,Untargeted Causal (Karimi 2021),250,0.13759708404541016,23.376283317342292,15.0,2.2718857682185867,True
german_credit,RandomForest,74,Wachter's CE,500,0.1318650245666504,22.56125534464778,17.0,0.986324404885233,True
german_credit,RandomForest,74,SHAP-Targeted CE,343,0.03729963302612305,1.1128213472177029,3.0,1.546502954864569,True
german_credit,RandomForest,75,Actionable CBFI (Proposed),250,0.157806396484375,21.979677653133432,14.0,1.101110999899124,True
german_credit,RandomForest,75,Untargeted Causal (Karimi 2021),250,0.1495835781097412,21.73218939430776,15.0,2.450025317957447,True
german_credit,RandomForest,75,Wachter's CE,500,0.08994483947753906,21.73218939430776,15.0,2.450025317957447,True
german_credit,RandomForest,75,SHAP-Targeted CE,343,0.033249855041503906,2.7471634667534444,3.0,1.0794113680542965,True
german_credit,RandomForest,76,Actionable CBFI (Proposed),250,0.15300345420837402,25.470480582265218,15.0,3.302869188614894,True
german_credit,RandomForest,76,Untargeted Causal (Karimi 2021),250,0.15481996536254883,23.487744838904284,16.0,2.8455011612005108,True
german_credit,RandomForest,76,Wachter's CE,500,0.13214874267578125,20.29814231247282,12.0,2.751860612693824,True
german_credit,RandomForest,76,SHAP-Targeted CE,343,0.03334641456604004,2.3591170408938065,3.0,2.623778215357249,True
german_credit,RandomForest,77,Actionable CBFI (Proposed),250,0.1569991111755371,20.45253150614698,14.0,0.8681465201034431,True
german_credit,RandomForest,77,Untargeted Causal (Karimi 2021),250,0.1529998779296875,18.812732050791777,12.0,1.7324015574127718,True
german_credit,RandomForest,77,Wachter's CE,500,0.13019943237304688,18.812732050791777,12.0,1.7324015574127718,True
german_credit,RandomForest,77,SHAP-Targeted CE,343,0.03495073318481445,1.7374769497776326,2.0,1.2009558852545632,True
german_credit,RandomForest,78,Actionable CBFI (Proposed),250,0.1412818431854248,18.51162780030767,15.0,1.7665206014916,True
german_credit,RandomForest,78,Untargeted Causal (Karimi 2021),250,0.138258695602417,16.265078469450817,16.0,0.920088107817295,True
german_credit,RandomForest,78,Wachter's CE,500,0.12978744506835938,16.265078469450817,16.0,0.920088107817295,True
german_credit,RandomForest,78,SHAP-Targeted CE,343,0.03566575050354004,1.3480963228115839,3.0,0.8030995396899883,True
german_credit,RandomForest,79,Actionable CBFI (Proposed),250,0.1984422206878662,18.206877863624378,15.0,0.7692119481405941,True
german_credit,RandomForest,79,Untargeted Causal (Karimi 2021),250,0.15591168403625488,22.383319565980024,15.0,4.296861404437815,True
german_credit,RandomForest,79,Wachter's CE,500,0.1219642162322998,22.383319565980024,15.0,4.296861404437815,True
german_credit,RandomForest,79,SHAP-Targeted CE,343,0.03400611877441406,1.603199913222692,3.0,1.0968748570840756,True
german_credit,RandomForest,80,Actionable CBFI (Proposed),250,0.17740488052368164,20.896482323546497,17.0,1.361972615396107,True
german_credit,RandomForest,80,Untargeted Causal (Karimi 2021),250,0.15354275703430176,22.766666262591038,15.0,3.5558845103361114,True
german_credit,RandomForest,80,Wachter's CE,500,0.13013553619384766,22.766666262591038,15.0,3.5558845103361114,True
german_credit,RandomForest,80,SHAP-Targeted CE,343,0.028866052627563477,3.734320425208807,3.0,1.0287231211077599,True
german_credit,RandomForest,81,Actionable CBFI (Proposed),250,0.15544772148132324,20.55724668983921,15.0,0.6926985026787719,True
german_credit,RandomForest,81,Untargeted Causal (Karimi 2021),250,0.15497565269470215,22.536043080901624,18.0,1.0839064895280075,True
german_credit,RandomForest,81,Wachter's CE,500,0.129777193069458,21.30703843711584,13.0,1.6630220582856183,True
german_credit,RandomForest,81,SHAP-Targeted CE,343,0.034517765045166016,2.5974075279314457,3.0,0.6095904493645257,True
german_credit,RandomForest,82,Actionable CBFI (Proposed),250,0.15352988243103027,19.424970731444425,16.0,1.205052237162434,True
german_credit,RandomForest,82,Untargeted Causal (Karimi 2021),250,0.14022421836853027,23.8119235299143,17.0,2.7631006402687266,True
german_credit,RandomForest,82,Wachter's CE,500,0.10289168357849121,18.930458403728146,16.0,0.7109722407442244,True
german_credit,RandomForest,82,SHAP-Targeted CE,343,0.0402369499206543,1.5920490291788696,3.0,0.28584794439258754,True
german_credit,RandomForest,83,Actionable CBFI (Proposed),250,0.16576480865478516,21.977633167228255,16.0,1.3042707855693612,True
german_credit,RandomForest,83,Untargeted Causal (Karimi 2021),250,0.14985108375549316,20.556493402210712,15.0,2.8455011612005108,True
german_credit,RandomForest,83,Wachter's CE,500,0.12910842895507812,20.556493402210712,15.0,2.8455011612005108,True
german_credit,RandomForest,83,SHAP-Targeted CE,343,0.027591943740844727,2.148389196225186,3.0,1.366467463263293,True
german_credit,RandomForest,84,Actionable CBFI (Proposed),250,0.15616345405578613,17.324295711724627,16.0,1.136911411229448,True
german_credit,RandomForest,84,Untargeted Causal (Karimi 2021),250,0.14108824729919434,21.246575142748018,16.0,1.8509872419361852,True
german_credit,RandomForest,84,Wachter's CE,500,0.12996888160705566,21.246575142748018,16.0,1.8509872419361852,True
german_credit,RandomForest,84,SHAP-Targeted CE,343,0.032920122146606445,1.6012908124525436,3.0,0.8243019786518386,True
german_credit,RandomForest,85,Actionable CBFI (Proposed),250,0.18897461891174316,16.7562837599274,13.0,1.0800846623105214,True
german_credit,RandomForest,85,Untargeted Causal (Karimi 2021),250,0.15519070625305176,22.0993159361355,16.0,1.601500290802899,True
german_credit,RandomForest,85,Wachter's CE,500,0.13050508499145508,22.0993159361355,16.0,1.601500290802899,True
german_credit,RandomForest,85,SHAP-Targeted CE,343,0.03630542755126953,1.5183642477492134,2.0,0.4841528306466669,True
german_credit,RandomForest,86,Actionable CBFI (Proposed),250,0.15357661247253418,22.010739464152493,17.0,0.5043563718316484,True
german_credit,RandomForest,86,Untargeted Causal (Karimi 2021),250,0.15494298934936523,22.790915032206613,15.0,1.601500290802899,True
german_credit,RandomForest,86,Wachter's CE,500,0.11769294738769531,22.047717938557202,17.0,1.1182657549339583,True
german_credit,RandomForest,86,SHAP-Targeted CE,343,0.03113579750061035,2.20587916259898,2.0,0.26696821965162987,True
german_credit,RandomForest,87,Actionable CBFI (Proposed),250,0.15174102783203125,23.11200240284084,12.0,1.5919671181998256,True
german_credit,RandomForest,87,Untargeted Causal (Karimi 2021),250,0.15329575538635254,19.91663968289169,14.0,2.450025317957447,True
german_credit,RandomForest,87,Wachter's CE,500,0.1305103302001953,19.91663968289169,14.0,2.450025317957447,True
german_credit,RandomForest,87,SHAP-Targeted CE,343,0.06654047966003418,1.366601583685866,3.0,0.5806363657209708,True
german_credit,RandomForest,88,Actionable CBFI (Proposed),250,0.15618276596069336,22.44584217684017,18.0,1.255110509934839,True
german_credit,RandomForest,88,Untargeted Causal (Karimi 2021),250,0.1428086757659912,19.822649691727552,17.0,1.0839064895280075,True
german_credit,RandomForest,88,Wachter's CE,500,0.13143467903137207,19.822649691727552,17.0,1.0839064895280075,True
german_credit,RandomForest,88,SHAP-Targeted CE,343,0.03482389450073242,2.2647792602234516,2.0,0.6311710869623687,True
german_credit,RandomForest,89,Actionable CBFI (Proposed),250,0.15052437782287598,25.273940297166348,16.0,1.435959174353611,True
german_credit,RandomForest,89,Untargeted Causal (Karimi 2021),250,0.15372395515441895,17.704532413817436,16.0,1.0839064895280075,True
german_credit,RandomForest,89,Wachter's CE,500,0.10281205177307129,17.704532413817436,16.0,1.0839064895280075,True
german_credit,RandomForest,89,SHAP-Targeted CE,343,0.023183822631835938,2.2456774053584985,3.0,1.0057904615654958,True
german_credit,RandomForest,90,Actionable CBFI (Proposed),250,0.15340876579284668,21.921114773730395,14.0,1.5447509900969778,True
german_credit,RandomForest,90,Untargeted Causal (Karimi 2021),250,0.13742947578430176,21.31124222120227,16.0,0.7501329370074084,True
german_credit,RandomForest,90,Wachter's CE,500,0.12926888465881348,21.28183576221408,19.0,1.4771813086109287,True
german_credit,RandomForest,90,SHAP-Targeted CE,343,0.03627610206604004,1.5273890877535523,2.0,0.4191373075538092,True
german_credit,RandomForest,91,Actionable CBFI (Proposed),250,0.1490006446838379,26.668573358166885,12.0,5.207975579135985,True
german_credit,RandomForest,91,Untargeted Causal (Karimi 2021),250,0.13503193855285645,26.033874190746012,15.0,1.652015866869375,True
german_credit,RandomForest,91,Wachter's CE,500,0.13122034072875977,22.70442130534283,15.0,2.547146308405978,True
german_credit,RandomForest,91,SHAP-Targeted CE,343,0.02959156036376953,4.454658856708971,3.0,1.5118721867336897,True
german_credit,RandomForest,92,Actionable CBFI (Proposed),250,0.15160584449768066,25.50973443553296,16.0,2.7614721286073687,True
german_credit,RandomForest,92,Untargeted Causal (Karimi 2021),250,0.13705086708068848,23.531881320118895,15.0,2.6315714908149634,True
german_credit,RandomForest,92,Wachter's CE,500,0.13005971908569336,23.531881320118895,15.0,2.6315714908149634,True
german_credit,RandomForest,92,SHAP-Targeted CE,343,0.02935934066772461,6.7651372166178545,2.0,1.0220182469512114,True
german_credit,RandomForest,93,Actionable CBFI (Proposed),250,0.14862608909606934,23.299625174339628,17.0,1.3315333671844094,True
german_credit,RandomForest,93,Untargeted Causal (Karimi 2021),250,0.15565252304077148,21.873615743403043,14.0,1.9201589768236036,True
german_credit,RandomForest,93,Wachter's CE,500,0.1309497356414795,21.169148178897522,18.0,1.57884313236914,True
german_credit,RandomForest,93,SHAP-Targeted CE,343,0.033386945724487305,2.019080160538019,3.0,1.1109874474420125,True
german_credit,RandomForest,94,Actionable CBFI (Proposed),250,0.15244197845458984,25.10639953573408,17.0,1.6728059044875714,True
german_credit,RandomForest,94,Untargeted Causal (Karimi 2021),250,0.15464520454406738,17.30314692223633,13.0,1.7324015574127718,True
german_credit,RandomForest,94,Wachter's CE,500,0.13109755516052246,17.30314692223633,13.0,1.7324015574127718,True
german_credit,RandomForest,94,SHAP-Targeted CE,343,0.03574824333190918,1.0242434103481939,3.0,1.7563184509652559,True
german_credit,RandomForest,95,Actionable CBFI (Proposed),250,0.15778827667236328,20.604513550008914,14.0,1.4614932069383353,True
german_credit,RandomForest,95,Untargeted Causal (Karimi 2021),250,0.1544506549835205,22.495442014258046,17.0,0.7501329370074084,True
german_credit,RandomForest,95,Wachter's CE,500,0.12309002876281738,22.468409160602796,17.0,0.7109722407442244,True
german_credit,RandomForest,95,SHAP-Targeted CE,343,0.037789106369018555,2.0529883935350903,3.0,0.5565664974460782,True
german_credit,RandomForest,96,Actionable CBFI (Proposed),250,0.15399575233459473,22.987312853442962,18.0,1.3673842125424869,True
german_credit,RandomForest,96,Untargeted Causal (Karimi 2021),250,0.1555805206298828,22.739526765992082,16.0,1.1635756263832093,True
german_credit,RandomForest,96,Wachter's CE,500,0.13000774383544922,19.087484316644034,16.0,0.6426489299430229,True
german_credit,RandomForest,96,SHAP-Targeted CE,343,0.03939199447631836,2.1168131033734676,3.0,0.7973760094642993,True
german_credit,RandomForest,97,Actionable CBFI (Proposed),250,0.15201020240783691,16.07765068475896,15.0,0.6443882560553367,True
german_credit,RandomForest,97,Untargeted Causal (Karimi 2021),250,0.15576815605163574,21.14250062547325,14.0,2.0934721094175064,True
german_credit,RandomForest,97,Wachter's CE,500,0.13346123695373535,21.14250062547325,14.0,2.0934721094175064,True
german_credit,RandomForest,97,SHAP-Targeted CE,343,0.06242680549621582,2.209133311639006,2.0,0.6606676716977705,True
german_credit,RandomForest,98,Actionable CBFI (Proposed),250,0.14890360832214355,21.056551997672713,14.0,1.577586276435774,True
german_credit,RandomForest,98,Untargeted Causal (Karimi 2021),250,0.15423154830932617,21.823047630364687,17.0,1.0839064895280075,True
german_credit,RandomForest,98,Wachter's CE,500,0.13107562065124512,21.109508844797105,16.0,1.4795019379303591,True
german_credit,RandomForest,98,SHAP-Targeted CE,343,0.03469252586364746,0.6469356763206426,3.0,1.110261405592076,True
german_credit,RandomForest,99,Actionable CBFI (Proposed),250,0.15496301651000977,26.77335069809949,13.0,1.766224344534956,True
german_credit,RandomForest,99,Untargeted Causal (Karimi 2021),250,0.13591241836547852,20.58601372826656,16.0,0.7501329370074084,True
german_credit,RandomForest,99,Wachter's CE,500,0.1293647289276123,20.58601372826656,16.0,0.7501329370074084,True
german_credit,RandomForest,99,SHAP-Targeted CE,343,0.03153395652770996,2.923820370972991,3.0,0.4674857849685868,True
german_credit,RandomForest,100,Actionable CBFI (Proposed),250,0.1693718433380127,20.989062430545417,15.0,0.9574997324234784,True
german_credit,RandomForest,100,Untargeted Causal (Karimi 2021),250,0.1536424160003662,23.218981221674618,18.0,1.0839064895280075,True
german_credit,RandomForest,100,Wachter's CE,500,0.12298822402954102,20.227676753023058,18.0,3.614198598492613,True
german_credit,RandomForest,100,SHAP-Targeted CE,343,0.0343022346496582,1.4121488230827637,2.0,0.5151580711789336,True
german_credit,SVM (RBF Kernel),1,Actionable CBFI (Proposed),250,0.24322271347045898,13.922133381423901,13.0,0.5604086901175633,True
german_credit,SVM (RBF Kernel),1,Untargeted Causal (Karimi 2021),250,0.17093706130981445,20.62007584479064,16.0,2.450025317957447,True
german_credit,SVM (RBF Kernel),1,Wachter's CE,500,0.14410638809204102,20.62007584479064,16.0,2.450025317957447,True
german_credit,SVM (RBF Kernel),1,SHAP-Targeted CE,343,0.04521679878234863,2.222222222222223,2.0,0.8345087647660492,True
german_credit,SVM (RBF Kernel),2,Actionable CBFI (Proposed),250,0.1886293888092041,11.465370463886403,10.0,0.6821821315315704,True
german_credit,SVM (RBF Kernel),2,Untargeted Causal (Karimi 2021),250,0.15479660034179688,21.98644601400852,16.0,1.1635756263832093,True
german_credit,SVM (RBF Kernel),2,Wachter's CE,500,0.13271164894104004,21.98644601400852,16.0,1.1635756263832093,True
german_credit,SVM (RBF Kernel),2,SHAP-Targeted CE,343,0.03520822525024414,2.0000192911282086,2.0,0.7726674485760283,True
german_credit,SVM (RBF Kernel),3,Actionable CBFI (Proposed),250,0.20713257789611816,15.469311007695358,13.0,2.002376587717641,True
german_credit,SVM (RBF Kernel),3,Untargeted Causal (Karimi 2021),250,0.17229938507080078,19.727888871681994,17.0,1.0839064895280075,True
german_credit,SVM (RBF Kernel),3,Wachter's CE,500,0.11570572853088379,19.727888871681994,17.0,1.0839064895280075,True
german_credit,SVM (RBF Kernel),3,SHAP-Targeted CE,343,0.03807401657104492,2.0555555555555554,2.0,0.6910224597795424,True
german_credit,SVM (RBF Kernel),4,Actionable CBFI (Proposed),250,0.22585582733154297,12.136215061184872,14.0,0.6365493280784352,True
german_credit,SVM (RBF Kernel),4,Untargeted Causal (Karimi 2021),250,0.1729114055633545,23.11276657189543,17.0,1.1635756263832093,True
german_credit,SVM (RBF Kernel),4,Wachter's CE,500,0.14253449440002441,23.11276657189543,17.0,1.1635756263832093,True
german_credit,SVM (RBF Kernel),4,SHAP-Targeted CE,343,0.036034584045410156,1.8333333333333335,2.0,0.6034087177257453,True
german_credit,SVM (RBF Kernel),5,Actionable CBFI (Proposed),250,0.20978379249572754,21.114456907827076,17.0,0.5854089960016381,True
german_credit,SVM (RBF Kernel),5,Untargeted Causal (Karimi 2021),250,0.17295432090759277,22.314574933869864,17.0,1.0872865770544664,True
german_credit,SVM (RBF Kernel),5,Wachter's CE,500,0.11434507369995117,21.353922811010147,15.0,2.40634544074438,True
german_credit,SVM (RBF Kernel),5,SHAP-Targeted CE,343,0.03338789939880371,5.555555555555555,2.0,0.8200913621646077,True
german_credit,SVM (RBF Kernel),6,Actionable CBFI (Proposed),250,0.19776177406311035,12.91362368843832,10.0,2.1011302023186764,True
german_credit,SVM (RBF Kernel),6,Untargeted Causal (Karimi 2021),250,0.17315125465393066,20.630508126371048,15.0,2.436171000898617,True
german_credit,SVM (RBF Kernel),6,Wachter's CE,500,0.1392045021057129,20.630508126371048,15.0,2.436171000898617,True
german_credit,SVM (RBF Kernel),6,SHAP-Targeted CE,343,0.041210174560546875,0.44444444444444486,1.0,0.6931173979006465,True
german_credit,SVM (RBF Kernel),7,Actionable CBFI (Proposed),250,0.20906329154968262,18.016614716498662,14.0,0.9286376990570876,True
german_credit,SVM (RBF Kernel),7,Untargeted Causal (Karimi 2021),250,0.15259218215942383,21.01527366393056,16.0,0.7501329370074084,True
german_credit,SVM (RBF Kernel),7,Wachter's CE,500,0.14196467399597168,20.914084831829705,15.0,1.8509872419361852,True
german_credit,SVM (RBF Kernel),7,SHAP-Targeted CE,343,0.03764915466308594,1.4444444444444442,1.0,0.18718027534150944,True
german_credit,SVM (RBF Kernel),8,Actionable CBFI (Proposed),250,0.1769123077392578,17.551361194956733,14.0,2.2069250496979964,True
german_credit,SVM (RBF Kernel),8,Untargeted Causal (Karimi 2021),250,0.1596839427947998,19.40600598270289,14.0,2.8455011612005108,True
german_credit,SVM (RBF Kernel),8,Wachter's CE,500,0.140852689743042,19.40600598270289,14.0,2.8455011612005108,True
german_credit,SVM (RBF Kernel),8,SHAP-Targeted CE,343,0.02978658676147461,5.2963606000569925,3.0,2.3549701386765665,True
german_credit,SVM (RBF Kernel),9,Actionable CBFI (Proposed),250,0.20290708541870117,20.006736162441992,15.0,2.5908362000463225,True
german_credit,SVM (RBF Kernel),9,Untargeted Causal (Karimi 2021),250,0.1728208065032959,20.114288371540617,15.0,1.6541987815846113,True
german_credit,SVM (RBF Kernel),9,Wachter's CE,500,0.11572790145874023,20.114288371540617,15.0,1.6541987815846113,True
german_credit,SVM (RBF Kernel),9,SHAP-Targeted CE,343,0.03562664985656738,3.962969393339032,3.0,1.2287149759858724,True
german_credit,SVM (RBF Kernel),10,Actionable CBFI (Proposed),250,0.2675962448120117,17.274735649485123,12.0,0.8851159667310389,True
german_credit,SVM (RBF Kernel),10,Untargeted Causal (Karimi 2021),250,0.17303466796875,21.850010116474035,16.0,2.450025317957447,True
german_credit,SVM (RBF Kernel),10,Wachter's CE,500,0.14203143119812012,21.850010116474035,16.0,2.450025317957447,True
german_credit,SVM (RBF Kernel),10,SHAP-Targeted CE,343,0.03930020332336426,2.166666666666666,2.0,0.8859243655337071,True
german_credit,SVM (RBF Kernel),11,Actionable CBFI (Proposed),250,0.1687016487121582,8.031600110868085,7.0,0.8487497703986003,True
german_credit,SVM (RBF Kernel),11,Untargeted Causal (Karimi 2021),250,0.17369985580444336,22.45086757955182,18.0,0.920088107817295,True
german_credit,SVM (RBF Kernel),11,Wachter's CE,500,0.14439105987548828,22.302113084677007,16.0,2.809117814467768,True
german_credit,SVM (RBF Kernel),11,SHAP-Targeted CE,343,0.03963112831115723,0.4444444444444442,1.0,0.30459038016272766,True
german_credit,SVM (RBF Kernel),12,Actionable CBFI (Proposed),250,0.1985330581665039,23.763648357739847,15.0,1.221784131329796,True
german_credit,SVM (RBF Kernel),12,Untargeted Causal (Karimi 2021),250,0.17345714569091797,20.170151291118643,15.0,1.6541987815846113,True
german_credit,SVM (RBF Kernel),12,Wachter's CE,500,0.1417396068572998,20.170151291118643,15.0,1.6541987815846113,True
german_credit,SVM (RBF Kernel),12,SHAP-Targeted CE,343,0.034442901611328125,5.555555555555555,2.0,1.1513774049695176,True
german_credit,SVM (RBF Kernel),13,Actionable CBFI (Proposed),250,0.13215065002441406,11.660007440779227,9.0,2.075740402608175,True
german_credit,SVM (RBF Kernel),13,Untargeted Causal (Karimi 2021),250,0.1719810962677002,22.663232698108423,14.0,1.6487581793306938,True
german_credit,SVM (RBF Kernel),13,Wachter's CE,500,0.0965416431427002,22.663232698108423,14.0,1.6487581793306938,True
german_credit,SVM (RBF Kernel),13,SHAP-Targeted CE,343,0.04130411148071289,0.5185249488945889,2.0,1.1206837295461731,True
german_credit,SVM (RBF Kernel),14,Actionable CBFI (Proposed),250,0.2637815475463867,0.5000000000000002,1.0,1.5789319636979684,True
german_credit,SVM (RBF Kernel),14,Untargeted Causal (Karimi 2021),250,0.1567225456237793,20.568244615605664,12.0,1.7324015574127718,True
german_credit,SVM (RBF Kernel),14,Wachter's CE,500,0.14125418663024902,20.568244615605664,12.0,1.7324015574127718,True
german_credit,SVM (RBF Kernel),14,SHAP-Targeted CE,343,0.04466867446899414,0.5555555555555558,1.0,1.535182421926993,True
german_credit,SVM (RBF Kernel),15,Actionable CBFI (Proposed),250,0.1749415397644043,18.19870679504986,15.0,1.3761734116451758,True
german_credit,SVM (RBF Kernel),15,Untargeted Causal (Karimi 2021),250,0.15731358528137207,23.440154017562314,17.0,1.0872865770544664,True
german_credit,SVM (RBF Kernel),15,Wachter's CE,500,0.1414797306060791,22.68339149723007,16.0,1.640302142665271,True
german_credit,SVM (RBF Kernel),15,SHAP-Targeted CE,343,0.034184932708740234,5.333333333333333,1.0,2.2169634950077395,True
german_credit,SVM (RBF Kernel),16,Actionable CBFI (Proposed),250,0.23210811614990234,17.81164501066563,12.0,0.9838595620438918,True
german_credit,SVM (RBF Kernel),16,Untargeted Causal (Karimi 2021),250,0.17078495025634766,24.52394647240593,12.0,1.749889542988361,True
german_credit,SVM (RBF Kernel),16,Wachter's CE,500,0.12220978736877441,24.52394647240593,12.0,1.749889542988361,True
german_credit,SVM (RBF Kernel),16,SHAP-Targeted CE,343,0.05636429786682129,1.5555555555555551,1.0,1.0380314961012167,True
german_credit,SVM (RBF Kernel),17,Actionable CBFI (Proposed),250,0.21192264556884766,14.08059580468235,12.0,2.2181692950217498,True
german_credit,SVM (RBF Kernel),17,Untargeted Causal (Karimi 2021),250,0.17438340187072754,19.146379334353284,17.0,3.0100372625017298,True
german_credit,SVM (RBF Kernel),17,Wachter's CE,500,0.1437079906463623,19.132866105104135,14.0,2.751860612693824,True
german_credit,SVM (RBF Kernel),17,SHAP-Targeted CE,343,0.03554654121398926,3.092605453344733,3.0,1.6642973015489904,True
german_credit,SVM (RBF Kernel),18,Actionable CBFI (Proposed),250,0.184431791305542,17.971409090453506,15.0,2.2237731086831305,True
german_credit,SVM (RBF Kernel),18,Untargeted Causal (Karimi 2021),250,0.17290043830871582,23.8339105579011,16.0,0.920088107817295,True
german_credit,SVM (RBF Kernel),18,Wachter's CE,500,0.11478972434997559,22.887059243678518,15.0,1.8134251297409385,True
german_credit,SVM (RBF Kernel),18,SHAP-Targeted CE,343,0.035974740982055664,1.5555555555555551,1.0,0.8745803032561371,True
german_credit,SVM (RBF Kernel),19,Actionable CBFI (Proposed),250,0.14385366439819336,8.984490666666206,9.0,1.3897643979826086,True
german_credit,SVM (RBF Kernel),19,Untargeted Causal (Karimi 2021),250,0.15894818305969238,23.323077026930104,10.0,1.7324015574127718,True
german_credit,SVM (RBF Kernel),19,Wachter's CE,500,0.10567498207092285,23.1930256820257,13.0,1.8134251297409385,True
german_credit,SVM (RBF Kernel),19,SHAP-Targeted CE,343,0.04399514198303223,0.3333333333333342,1.0,0.8645020945794132,True
german_credit,SVM (RBF Kernel),20,Actionable CBFI (Proposed),250,0.27434802055358887,7.261913077914592,10.0,1.067660210022538,True
german_credit,SVM (RBF Kernel),20,Untargeted Causal (Karimi 2021),250,0.17278695106506348,21.996735794754912,16.0,2.450025317957447,True
german_credit,SVM (RBF Kernel),20,Wachter's CE,500,0.14257025718688965,21.47410772513779,16.0,1.5129398895419324,True
german_credit,SVM (RBF Kernel),20,SHAP-Targeted CE,343,0.04183149337768555,1.1666666666666656,2.0,0.6500027407352718,True
german_credit,SVM (RBF Kernel),21,Actionable CBFI (Proposed),250,0.22666072845458984,5.7232148794420965,10.0,1.1425089617205224,True
german_credit,SVM (RBF Kernel),21,Untargeted Causal (Karimi 2021),250,0.17447185516357422,19.792638562703917,14.0,2.7046467671213703,True
german_credit,SVM (RBF Kernel),21,Wachter's CE,500,0.14350080490112305,19.792638562703917,14.0,2.7046467671213703,True
german_credit,SVM (RBF Kernel),21,SHAP-Targeted CE,343,0.04789924621582031,0.44444444444444486,1.0,1.0442856649847458,True
german_credit,SVM (RBF Kernel),22,Actionable CBFI (Proposed),250,0.19568705558776855,23.149167578681684,15.0,2.6381222449118655,True
german_credit,SVM (RBF Kernel),22,Untargeted Causal (Karimi 2021),250,0.17555451393127441,23.25297098525316,10.0,1.7324015574127718,True
german_credit,SVM (RBF Kernel),22,Wachter's CE,500,0.14354968070983887,21.483250047471756,13.0,2.751860612693824,True
german_credit,SVM (RBF Kernel),22,SHAP-Targeted CE,343,0.03864789009094238,3.3333333333333344,2.0,1.7227580832905864,True
german_credit,SVM (RBF Kernel),23,Actionable CBFI (Proposed),250,0.17555475234985352,6.768977251578977,8.0,0.9763200983707161,True
german_credit,SVM (RBF Kernel),23,Untargeted Causal (Karimi 2021),250,0.15735125541687012,21.49829274162572,18.0,1.0839064895280075,True
german_credit,SVM (RBF Kernel),23,Wachter's CE,500,0.14234256744384766,21.49829274162572,18.0,1.0839064895280075,True
german_credit,SVM (RBF Kernel),23,SHAP-Targeted CE,343,0.03090357780456543,0.5555555555555559,1.0,0.4151440874775731,True
german_credit,SVM (RBF Kernel),24,Actionable CBFI (Proposed),250,0.20140814781188965,16.22379833312021,11.0,1.126566737258338,True
german_credit,SVM (RBF Kernel),24,Untargeted Causal (Karimi 2021),250,0.17330121994018555,24.61072124374897,16.0,1.0839064895280075,True
german_credit,SVM (RBF Kernel),24,Wachter's CE,500,0.14124798774719238,17.647546232659415,14.0,0.7109722407442244,True
german_credit,SVM (RBF Kernel),24,SHAP-Targeted CE,343,0.03299665451049805,2.7778549422906136,2.0,0.7603315278914144,True
german_credit,SVM (RBF Kernel),25,Actionable CBFI (Proposed),250,0.22680902481079102,18.852026260711853,14.0,4.189608211599074,True
german_credit,SVM (RBF Kernel),25,Untargeted Causal (Karimi 2021),250,0.17334914207458496,22.379895856525994,14.0,4.395661429690163,True
german_credit,SVM (RBF Kernel),25,Wachter's CE,500,0.11442184448242188,22.379895856525994,14.0,4.395661429690163,True
german_credit,SVM (RBF Kernel),25,SHAP-Targeted CE,343,0.03242206573486328,12.444483026700862,3.0,5.482338132067038,True
german_credit,SVM (RBF Kernel),26,Actionable CBFI (Proposed),250,0.17512035369873047,17.986784573065723,14.0,4.994168059379939,True
german_credit,SVM (RBF Kernel),26,Untargeted Causal (Karimi 2021),250,0.1733534336090088,23.400783707503454,16.0,3.319656780205918,True
german_credit,SVM (RBF Kernel),26,Wachter's CE,500,0.11539864540100098,21.774573415159722,12.0,1.6058913199942388,True
german_credit,SVM (RBF Kernel),26,SHAP-Targeted CE,343,0.036925315856933594,2.9444444444444446,2.0,1.1639543265595502,True
german_credit,SVM (RBF Kernel),27,Actionable CBFI (Proposed),250,0.1623389720916748,12.93295653193718,9.0,1.0108077433110711,True
german_credit,SVM (RBF Kernel),27,Untargeted Causal (Karimi 2021),250,0.1578657627105713,21.39516663867931,13.0,1.7324015574127718,True
german_credit,SVM (RBF Kernel),27,Wachter's CE,500,0.1429150104522705,18.898077170535803,13.0,1.5264732650281285,True
german_credit,SVM (RBF Kernel),27,SHAP-Targeted CE,343,0.04803752899169922,0.6296360600056989,2.0,0.6573346916824069,True
german_credit,SVM (RBF Kernel),28,Actionable CBFI (Proposed),250,0.17645621299743652,17.156340575484826,14.0,2.013795773571874,True
german_credit,SVM (RBF Kernel),28,Untargeted Causal (Karimi 2021),250,0.17568707466125488,22.6547653857518,17.0,3.0828438969644285,True
german_credit,SVM (RBF Kernel),28,Wachter's CE,500,0.1420154571533203,22.6547653857518,17.0,3.0828438969644285,True
german_credit,SVM (RBF Kernel),28,SHAP-Targeted CE,343,0.032064199447631836,1.5555555555555551,1.0,0.7604499728501346,True
german_credit,SVM (RBF Kernel),29,Actionable CBFI (Proposed),250,0.20116066932678223,18.70916162839372,13.0,2.152009377709665,True
german_credit,SVM (RBF Kernel),29,Untargeted Causal (Karimi 2021),250,0.17744994163513184,22.086014749049973,18.0,1.0839064895280075,True
german_credit,SVM (RBF Kernel),29,Wachter's CE,500,0.1440143585205078,22.086014749049973,18.0,1.0839064895280075,True
german_credit,SVM (RBF Kernel),29,SHAP-Targeted CE,343,0.04301571846008301,1.1666666666666656,2.0,0.5237765755782586,True
german_credit,SVM (RBF Kernel),30,Actionable CBFI (Proposed),250,0.2289900779724121,10.970097959379125,9.0,1.766404837269387,True
german_credit,SVM (RBF Kernel),30,Untargeted Causal (Karimi 2021),250,0.17295622825622559,16.898382334549606,16.0,1.0839064895280075,True
german_credit,SVM (RBF Kernel),30,Wachter's CE,500,0.14206314086914062,16.898382334549606,16.0,1.0839064895280075,True
german_credit,SVM (RBF Kernel),30,SHAP-Targeted CE,343,0.03299856185913086,0.8333333333333343,1.0,1.0282731050531784,True
german_credit,SVM (RBF Kernel),31,Actionable CBFI (Proposed),250,0.17996835708618164,4.2878417194266465,6.0,0.7712994278614564,True
german_credit,SVM (RBF Kernel),31,Untargeted Causal (Karimi 2021),250,0.17372870445251465,16.96343950444572,12.0,2.7046467671213703,True
german_credit,SVM (RBF Kernel),31,Wachter's CE,500,0.13224172592163086,16.96343950444572,12.0,2.7046467671213703,True
german_credit,SVM (RBF Kernel),31,SHAP-Targeted CE,343,0.03674578666687012,0.9444444444444442,1.0,0.6195925852287122,True
german_credit,SVM (RBF Kernel),32,Actionable CBFI (Proposed),250,0.21329450607299805,14.973204629263718,11.0,0.9651887919041652,True
german_credit,SVM (RBF Kernel),32,Untargeted Causal (Karimi 2021),250,0.16257047653198242,21.386084326132828,17.0,0.920088107817295,True
german_credit,SVM (RBF Kernel),32,Wachter's CE,500,0.14195775985717773,21.386084326132828,17.0,0.920088107817295,True
german_credit,SVM (RBF Kernel),32,SHAP-Targeted CE,343,0.03924250602722168,0.8148276755669537,2.0,0.8691844539596503,True
german_credit,SVM (RBF Kernel),33,Actionable CBFI (Proposed),250,0.20252275466918945,10.249827395509627,11.0,0.5885124759889441,True
german_credit,SVM (RBF Kernel),33,Untargeted Causal (Karimi 2021),250,0.17490720748901367,22.455366466204893,15.0,1.1635756263832093,True
german_credit,SVM (RBF Kernel),33,Wachter's CE,500,0.1229238510131836,20.528271953554935,14.0,1.4795019379303591,True
german_credit,SVM (RBF Kernel),33,SHAP-Targeted CE,343,0.04429435729980469,0.5555555555555558,1.0,0.2777795727238777,True
german_credit,SVM (RBF Kernel),34,Actionable CBFI (Proposed),250,0.18174290657043457,3.796088479576423,7.0,0.6355372504849387,True
german_credit,SVM (RBF Kernel),34,Untargeted Causal (Karimi 2021),250,0.17245984077453613,20.711483676779146,18.0,0.7501329370074084,True
german_credit,SVM (RBF Kernel),34,Wachter's CE,500,0.13049006462097168,19.62912227367617,18.0,0.6426489299430229,True
german_credit,SVM (RBF Kernel),34,SHAP-Targeted CE,343,0.032880544662475586,0.5555555555555558,1.0,0.3548359953630186,True
german_credit,SVM (RBF Kernel),35,Actionable CBFI (Proposed),250,0.2042691707611084,6.7390745713542195,7.0,1.0589595576199955,True
german_credit,SVM (RBF Kernel),35,Untargeted Causal (Karimi 2021),250,0.17484140396118164,22.650293408119893,16.0,1.9208608072546611,True
german_credit,SVM (RBF Kernel),35,Wachter's CE,500,0.1438274383544922,22.610873590370204,17.0,1.5129398895419324,True
german_credit,SVM (RBF Kernel),35,SHAP-Targeted CE,343,0.03340005874633789,0.5185249488945889,2.0,0.925646161924622,True
german_credit,SVM (RBF Kernel),36,Actionable CBFI (Proposed),250,0.19000458717346191,3.854468261515538,7.0,1.000091869565206,True
german_credit,SVM (RBF Kernel),36,Untargeted Causal (Karimi 2021),250,0.1723489761352539,19.396643362950382,16.0,1.8509872419361852,True
german_credit,SVM (RBF Kernel),36,Wachter's CE,500,0.11481785774230957,19.396643362950382,16.0,1.8509872419361852,True
german_credit,SVM (RBF Kernel),36,SHAP-Targeted CE,343,0.037122249603271484,0.5555555555555558,1.0,0.9777342834577329,True
german_credit,SVM (RBF Kernel),37,Actionable CBFI (Proposed),250,0.14034819602966309,18.7063024069252,13.0,0.7939203681090511,True
german_credit,SVM (RBF Kernel),37,Untargeted Causal (Karimi 2021),250,0.1729602813720703,22.348874763104885,18.0,1.0839064895280075,True
german_credit,SVM (RBF Kernel),37,Wachter's CE,500,0.11606359481811523,21.816745643883014,17.0,0.7109722407442244,True
german_credit,SVM (RBF Kernel),37,SHAP-Targeted CE,343,0.04331350326538086,0.44444444444444414,1.0,0.39219355295814534,True
german_credit,SVM (RBF Kernel),38,Actionable CBFI (Proposed),250,0.20082736015319824,8.417590744198005,10.0,0.7093227503948349,True
german_credit,SVM (RBF Kernel),38,Untargeted Causal (Karimi 2021),250,0.1586771011352539,22.437501671346666,17.0,1.068767258895182,True
german_credit,SVM (RBF Kernel),38,Wachter's CE,500,0.13046884536743164,22.327770807206246,14.0,2.7046467671213703,True
german_credit,SVM (RBF Kernel),38,SHAP-Targeted CE,343,0.03601884841918945,0.5555555555555558,1.0,0.7531533602743049,True
german_credit,SVM (RBF Kernel),39,Actionable CBFI (Proposed),250,0.18816304206848145,11.07668663535193,13.0,0.4606815415540929,True
german_credit,SVM (RBF Kernel),39,Untargeted Causal (Karimi 2021),250,0.1744856834411621,20.028056010667456,17.0,1.0839064895280075,True
german_credit,SVM (RBF Kernel),39,Wachter's CE,500,0.14128851890563965,20.028056010667456,17.0,1.0839064895280075,True
german_credit,SVM (RBF Kernel),39,SHAP-Targeted CE,343,0.03908205032348633,0.9444444444444441,2.0,0.7814858704344778,True
german_credit,SVM (RBF Kernel),40,Actionable CBFI (Proposed),250,0.22920799255371094,15.01997673266065,13.0,1.26299322326528,True
german_credit,SVM (RBF Kernel),40,Untargeted Causal (Karimi 2021),250,0.17468738555908203,17.5307789855142,14.0,1.0839064895280075,True
german_credit,SVM (RBF Kernel),40,Wachter's CE,500,0.11479568481445312,17.5307789855142,14.0,1.0839064895280075,True
german_credit,SVM (RBF Kernel),40,SHAP-Targeted CE,343,0.0353083610534668,1.4444444444444442,1.0,0.8430222862466868,True
german_credit,SVM (RBF Kernel),41,Actionable CBFI (Proposed),250,0.2478179931640625,15.131818251251111,13.0,0.4860360461120414,True
german_credit,SVM (RBF Kernel),41,Untargeted Causal (Karimi 2021),250,0.1725022792816162,21.71626003813504,16.0,1.1635756263832093,True
german_credit,SVM (RBF Kernel),41,Wachter's CE,500,0.14174771308898926,18.264866804750433,15.0,2.40634544074438,True
german_credit,SVM (RBF Kernel),41,SHAP-Targeted CE,343,0.03394508361816406,1.1667052489230847,2.0,0.6478588001472622,True
german_credit,SVM (RBF Kernel),42,Actionable CBFI (Proposed),250,0.22579097747802734,11.20469247622143,12.0,1.0512660472161657,True
german_credit,SVM (RBF Kernel),42,Untargeted Causal (Karimi 2021),250,0.1735975742340088,17.70157136747574,17.0,1.0839064895280075,True
german_credit,SVM (RBF Kernel),42,Wachter's CE,500,0.14129972457885742,17.70157136747574,17.0,1.0839064895280075,True
german_credit,SVM (RBF Kernel),42,SHAP-Targeted CE,343,0.04437565803527832,0.6296360600056996,2.0,0.9258250970288433,True
german_credit,SVM (RBF Kernel),43,Actionable CBFI (Proposed),250,0.17591309547424316,14.962586694299524,14.0,0.5241797218518275,True
german_credit,SVM (RBF Kernel),43,Untargeted Causal (Karimi 2021),250,0.17192625999450684,19.37729322849223,16.0,1.0839064895280075,True
german_credit,SVM (RBF Kernel),43,Wachter's CE,500,0.14086127281188965,18.250940394089582,15.0,1.1182657549339583,True
german_credit,SVM (RBF Kernel),43,SHAP-Targeted CE,343,0.03571152687072754,1.129636060005699,2.0,0.657930481301846,True
german_credit,SVM (RBF Kernel),44,Actionable CBFI (Proposed),250,0.24022698402404785,1.1428571428571432,1.0,1.7091543354579084,True
german_credit,SVM (RBF Kernel),44,Untargeted Causal (Karimi 2021),250,0.17000436782836914,25.604138654591953,17.0,2.8455011612005108,True
german_credit,SVM (RBF Kernel),44,Wachter's CE,500,0.11730265617370605,22.709316107239687,14.0,1.5264732650281285,True
german_credit,SVM (RBF Kernel),44,SHAP-Targeted CE,343,0.03733491897583008,0.7407471711168099,2.0,1.373491938252273,True
german_credit,SVM (RBF Kernel),45,Actionable CBFI (Proposed),250,0.20531225204467773,7.73208690119918,11.0,1.3447484845677722,True
german_credit,SVM (RBF Kernel),45,Untargeted Causal (Karimi 2021),250,0.17601561546325684,21.95216684484532,15.0,2.2718857682185867,True
german_credit,SVM (RBF Kernel),45,Wachter's CE,500,0.1452031135559082,19.747702740006847,13.0,2.909387617434569,True
german_credit,SVM (RBF Kernel),45,SHAP-Targeted CE,343,0.04812479019165039,0.5185249488945889,2.0,1.2940171259451243,True
german_credit,SVM (RBF Kernel),46,Actionable CBFI (Proposed),250,0.19835448265075684,18.635227754654455,14.0,1.3230258265787558,True
german_credit,SVM (RBF Kernel),46,Untargeted Causal (Karimi 2021),250,0.17233681678771973,20.548009454754222,14.0,3.5068188899354453,True
german_credit,SVM (RBF Kernel),46,Wachter's CE,500,0.1412198543548584,20.548009454754222,14.0,3.5068188899354453,True
german_credit,SVM (RBF Kernel),46,SHAP-Targeted CE,343,0.038752079010009766,3.018524948894589,3.0,0.7979851339728553,True
german_credit,SVM (RBF Kernel),47,Actionable CBFI (Proposed),250,0.17676210403442383,4.918666236855087,4.0,0.3292973512753882,True
german_credit,SVM (RBF Kernel),47,Untargeted Causal (Karimi 2021),250,0.17354106903076172,21.13782421624054,15.0,1.1635756263832093,True
german_credit,SVM (RBF Kernel),47,Wachter's CE,500,0.11397266387939453,20.301836376906678,15.0,0.7109722407442244,True
german_credit,SVM (RBF Kernel),47,SHAP-Targeted CE,343,0.04428434371948242,1.129636060005699,2.0,0.43759087744064884,True
german_credit,SVM (RBF Kernel),48,Actionable CBFI (Proposed),250,0.14265155792236328,3.7356491562000995,5.0,0.6955567455822912,True
german_credit,SVM (RBF Kernel),48,Untargeted Causal (Karimi 2021),250,0.15746593475341797,22.656444865489366,13.0,1.5775761981524885,True
german_credit,SVM (RBF Kernel),48,Wachter's CE,500,0.1411287784576416,21.300369468478323,15.0,1.5078410255865602,True
german_credit,SVM (RBF Kernel),48,SHAP-Targeted CE,343,0.04027676582336426,0.44444444444444414,1.0,0.6358302043527501,True
german_credit,SVM (RBF Kernel),49,Actionable CBFI (Proposed),250,0.19080424308776855,5.2046232239831465,6.0,1.7918856732805188,True
german_credit,SVM (RBF Kernel),49,Untargeted Causal (Karimi 2021),250,0.17270898818969727,15.087612907384973,13.0,1.7324015574127718,True
german_credit,SVM (RBF Kernel),49,Wachter's CE,500,0.1133575439453125,15.087612907384973,13.0,1.7324015574127718,True
german_credit,SVM (RBF Kernel),49,SHAP-Targeted CE,343,0.04837441444396973,1.0185249488945882,2.0,2.126828632864946,True
german_credit,SVM (RBF Kernel),50,Actionable CBFI (Proposed),250,0.1988840103149414,8.380237318789789,12.0,0.4315436992035485,True
german_credit,SVM (RBF Kernel),50,Untargeted Causal (Karimi 2021),250,0.16910362243652344,20.078178468987765,13.0,2.0934721094175064,True
german_credit,SVM (RBF Kernel),50,Wachter's CE,500,0.13995695114135742,20.078178468987765,13.0,2.0934721094175064,True
german_credit,SVM (RBF Kernel),50,SHAP-Targeted CE,343,0.03854799270629883,0.5555555555555558,1.0,0.4950104404189422,True
german_credit,SVM (RBF Kernel),51,Actionable CBFI (Proposed),250,0.23409414291381836,4.434167026929764,5.0,1.6657022317589472,True
german_credit,SVM (RBF Kernel),51,Untargeted Causal (Karimi 2021),250,0.161407470703125,21.528024321346685,15.0,2.302436779244263,True
german_credit,SVM (RBF Kernel),51,Wachter's CE,500,0.14155983924865723,15.675176191893247,15.0,1.5129398895419324,True
german_credit,SVM (RBF Kernel),51,SHAP-Targeted CE,343,0.0482637882232666,0.44444444444444486,1.0,1.8513397863852892,True
german_credit,SVM (RBF Kernel),52,Actionable CBFI (Proposed),250,0.20832371711730957,16.669084921780858,7.0,0.9919760639216613,True
german_credit,SVM (RBF Kernel),52,Untargeted Causal (Karimi 2021),250,0.1557784080505371,24.77271014563378,14.0,2.1802048563209597,True
german_credit,SVM (RBF Kernel),52,Wachter's CE,500,0.13402509689331055,24.77271014563378,14.0,2.1802048563209597,True
german_credit,SVM (RBF Kernel),52,SHAP-Targeted CE,343,0.030661821365356445,8.444483026700862,2.0,1.1560884292743343,True
german_credit,SVM (RBF Kernel),53,Actionable CBFI (Proposed),250,0.15134739875793457,12.693001691588627,10.0,0.7082767553780591,True
german_credit,SVM (RBF Kernel),53,Untargeted Causal (Karimi 2021),250,0.16964387893676758,24.102147225901614,14.0,1.1635756263832093,True
german_credit,SVM (RBF Kernel),53,Wachter's CE,500,0.14306902885437012,21.055380097412442,17.0,1.5129398895419324,True
german_credit,SVM (RBF Kernel),53,SHAP-Targeted CE,343,0.04815936088562012,0.05555555555555511,1.0,0.2781892624258381,True
german_credit,SVM (RBF Kernel),54,Actionable CBFI (Proposed),250,0.22894668579101562,18.388608659901383,13.0,2.7800283095314446,True
german_credit,SVM (RBF Kernel),54,Untargeted Causal (Karimi 2021),250,0.17372632026672363,25.296943116022646,15.0,2.242698209051401,True
german_credit,SVM (RBF Kernel),54,Wachter's CE,500,0.1417841911315918,21.525680331978165,12.0,1.5313087540007493,True
german_credit,SVM (RBF Kernel),54,SHAP-Targeted CE,343,0.02990555763244629,3.666666666666666,2.0,1.0696572765298002,True
german_credit,SVM (RBF Kernel),55,Actionable CBFI (Proposed),250,0.17248845100402832,16.58574291965035,14.0,1.5684459428015314,True
german_credit,SVM (RBF Kernel),55,Untargeted Causal (Karimi 2021),250,0.173814058303833,17.792978120438235,16.0,1.0839064895280075,True
german_credit,SVM (RBF Kernel),55,Wachter's CE,500,0.1430673599243164,17.792978120438235,16.0,1.0839064895280075,True
german_credit,SVM (RBF Kernel),55,SHAP-Targeted CE,343,0.04513692855834961,0.8333333333333334,1.0,0.5863292997792832,True
german_credit,SVM (RBF Kernel),56,Actionable CBFI (Proposed),250,0.21992731094360352,21.234552237577986,16.0,3.5764376134676112,True
german_credit,SVM (RBF Kernel),56,Untargeted Causal (Karimi 2021),250,0.1753978729248047,18.34220705533956,13.0,3.494840012873662,True
german_credit,SVM (RBF Kernel),56,Wachter's CE,500,0.1424403190612793,18.34220705533956,13.0,3.494840012873662,True
german_credit,SVM (RBF Kernel),56,SHAP-Targeted CE,343,0.03268933296203613,,,,False
german_credit,SVM (RBF Kernel),57,Actionable CBFI (Proposed),250,0.23728346824645996,15.685370098496454,15.0,1.0647941536838263,True
german_credit,SVM (RBF Kernel),57,Untargeted Causal (Karimi 2021),250,0.1553957462310791,17.543016856209842,16.0,1.0839064895280075,True
german_credit,SVM (RBF Kernel),57,Wachter's CE,500,0.11492657661437988,17.543016856209842,16.0,1.0839064895280075,True
german_credit,SVM (RBF Kernel),57,SHAP-Targeted CE,343,0.035974979400634766,1.5000192911282086,3.0,1.1343740963100564,True
german_credit,SVM (RBF Kernel),58,Actionable CBFI (Proposed),250,0.1644744873046875,6.760665580279722,9.0,0.7881335836170618,True
german_credit,SVM (RBF Kernel),58,Untargeted Causal (Karimi 2021),250,0.1573646068572998,22.753044133722156,16.0,1.068767258895182,True
german_credit,SVM (RBF Kernel),58,Wachter's CE,500,0.14450573921203613,22.464398171870442,13.0,2.6297848116164104,True
german_credit,SVM (RBF Kernel),58,SHAP-Targeted CE,343,0.03847026824951172,0.5555555555555558,1.0,0.5904487827379583,True
german_credit,SVM (RBF Kernel),59,Actionable CBFI (Proposed),250,0.20369219779968262,0.9416229252435444,1.0,0.9998255096728945,True
german_credit,SVM (RBF Kernel),59,Untargeted Causal (Karimi 2021),250,0.17270565032958984,21.95189761930589,17.0,1.0839064895280075,True
german_credit,SVM (RBF Kernel),59,Wachter's CE,500,0.14140701293945312,21.95189761930589,17.0,1.0839064895280075,True
german_credit,SVM (RBF Kernel),59,SHAP-Targeted CE,343,0.036008358001708984,0.05555555555555519,1.0,0.8859006658812472,True
german_credit,SVM (RBF Kernel),60,Actionable CBFI (Proposed),250,0.23531222343444824,11.716311083865511,11.0,1.1608637614664663,True
german_credit,SVM (RBF Kernel),60,Untargeted Causal (Karimi 2021),250,0.1611027717590332,22.36060716637282,14.0,2.7046467671213703,True
german_credit,SVM (RBF Kernel),60,Wachter's CE,500,0.17267775535583496,22.36060716637282,14.0,2.7046467671213703,True
german_credit,SVM (RBF Kernel),60,SHAP-Targeted CE,343,0.043914794921875,0.74074717111681,2.0,1.1295558321215515,True
german_credit,SVM (RBF Kernel),61,Actionable CBFI (Proposed),250,0.1709730625152588,21.86352748952744,15.0,1.9812317745642176,True
german_credit,SVM (RBF Kernel),61,Untargeted Causal (Karimi 2021),250,0.17289400100708008,24.221925107457633,15.0,1.5167625905559199,True
german_credit,SVM (RBF Kernel),61,Wachter's CE,500,0.11388587951660156,21.588055215781015,15.0,1.0858986600365046,True
german_credit,SVM (RBF Kernel),61,SHAP-Targeted CE,343,0.02673935890197754,5.444521608957281,3.0,1.435447601266701,True
german_credit,SVM (RBF Kernel),62,Actionable CBFI (Proposed),250,0.2307877540588379,14.310472788322707,10.0,1.8796108320877956,True
german_credit,SVM (RBF Kernel),62,Untargeted Causal (Karimi 2021),250,0.1750946044921875,17.781093880987818,11.0,1.7324015574127718,True
german_credit,SVM (RBF Kernel),62,Wachter's CE,500,0.1341235637664795,17.781093880987818,11.0,1.7324015574127718,True
german_credit,SVM (RBF Kernel),62,SHAP-Targeted CE,343,0.03884530067443848,1.0555555555555558,2.0,1.2497224879363178,True
german_credit,SVM (RBF Kernel),63,Actionable CBFI (Proposed),250,0.23361539840698242,11.036965052270395,14.0,0.7033250185548745,True
german_credit,SVM (RBF Kernel),63,Untargeted Causal (Karimi 2021),250,0.15824055671691895,21.40208427293505,14.0,1.0931454166836205,True
german_credit,SVM (RBF Kernel),63,Wachter's CE,500,0.14272022247314453,21.40208427293505,14.0,1.0931454166836205,True
german_credit,SVM (RBF Kernel),63,SHAP-Targeted CE,343,0.04561495780944824,0.8333333333333334,1.0,0.486699484923052,True
german_credit,SVM (RBF Kernel),64,Actionable CBFI (Proposed),250,0.20553374290466309,19.028396619731595,15.0,0.9067845551240783,True
german_credit,SVM (RBF Kernel),64,Untargeted Causal (Karimi 2021),250,0.17460322380065918,20.297310694418655,16.0,2.450025317957447,True
german_credit,SVM (RBF Kernel),64,Wachter's CE,500,0.1053779125213623,20.297310694418655,16.0,2.450025317957447,True
german_credit,SVM (RBF Kernel),64,SHAP-Targeted CE,343,0.04245781898498535,0.33333333333333426,1.0,0.5025095385804568,True
german_credit,SVM (RBF Kernel),65,Actionable CBFI (Proposed),250,0.23033499717712402,17.448346604155997,13.0,0.7866259259989452,True
german_credit,SVM (RBF Kernel),65,Untargeted Causal (Karimi 2021),250,0.17288732528686523,23.232848218153176,17.0,0.920088107817295,True
german_credit,SVM (RBF Kernel),65,Wachter's CE,500,0.1426372528076172,23.191301422126145,19.0,1.2664138584366011,True
german_credit,SVM (RBF Kernel),65,SHAP-Targeted CE,343,0.04260826110839844,1.9444444444444449,2.0,0.7190093232832695,True
german_credit,SVM (RBF Kernel),66,Actionable CBFI (Proposed),250,0.17131328582763672,21.731066262748406,16.0,3.3610080816853753,True
german_credit,SVM (RBF Kernel),66,Untargeted Causal (Karimi 2021),250,0.17300772666931152,21.87652899507496,14.0,3.2712934726148966,True
german_credit,SVM (RBF Kernel),66,Wachter's CE,500,0.13372516632080078,21.87652899507496,14.0,3.2712934726148966,True
german_credit,SVM (RBF Kernel),66,SHAP-Targeted CE,343,0.043396711349487305,5.555632720068392,3.0,4.19327667258593,True
german_credit,SVM (RBF Kernel),67,Actionable CBFI (Proposed),250,0.20572137832641602,19.158871023152695,14.0,2.8034759142071226,True
german_credit,SVM (RBF Kernel),67,Untargeted Causal (Karimi 2021),250,0.17414045333862305,22.274285350496328,15.0,2.7786634205781935,True
german_credit,SVM (RBF Kernel),67,Wachter's CE,500,0.11268877983093262,20.564910129771594,15.0,1.521491824483922,True
german_credit,SVM (RBF Kernel),67,SHAP-Targeted CE,343,0.03563737869262695,3.166743831179502,2.0,1.657846766917698,True
german_credit,SVM (RBF Kernel),68,Actionable CBFI (Proposed),250,0.17736053466796875,20.137019718693782,15.0,1.4056897048656944,True
german_credit,SVM (RBF Kernel),68,Untargeted Causal (Karimi 2021),250,0.17606616020202637,22.192923601800516,16.0,2.9188009131363026,True
german_credit,SVM (RBF Kernel),68,Wachter's CE,500,0.11597609519958496,22.192923601800516,16.0,2.9188009131363026,True
german_credit,SVM (RBF Kernel),68,SHAP-Targeted CE,343,0.030398845672607422,3.4444444444444446,2.0,0.5471502827514689,True
german_credit,SVM (RBF Kernel),69,Actionable CBFI (Proposed),250,0.21358489990234375,15.233270852605116,16.0,1.3471676214308752,True
german_credit,SVM (RBF Kernel),69,Untargeted Causal (Karimi 2021),250,0.17463445663452148,21.02264504462206,14.0,1.6541987815846113,True
german_credit,SVM (RBF Kernel),69,Wachter's CE,500,0.11681461334228516,21.02264504462206,14.0,1.6541987815846113,True
german_credit,SVM (RBF Kernel),69,SHAP-Targeted CE,343,0.031212568283081055,3.3333719155897525,3.0,1.3710725393003431,True
german_credit,SVM (RBF Kernel),70,Actionable CBFI (Proposed),250,0.22487926483154297,4.347484552446473,7.0,1.1800401325223142,True
german_credit,SVM (RBF Kernel),70,Untargeted Causal (Karimi 2021),250,0.17271709442138672,22.962575795257216,16.0,2.30142343621977,True
german_credit,SVM (RBF Kernel),70,Wachter's CE,500,0.1410984992980957,22.962575795257216,16.0,2.30142343621977,True
german_credit,SVM (RBF Kernel),70,SHAP-Targeted CE,343,0.028430700302124023,0.44444444444444414,1.0,1.0186709906422335,True
german_credit,SVM (RBF Kernel),71,Actionable CBFI (Proposed),250,0.20539021492004395,18.45218300259276,11.0,0.9067092312508912,True
german_credit,SVM (RBF Kernel),71,Untargeted Causal (Karimi 2021),250,0.17331266403198242,21.81368607575925,14.0,1.601500290802899,True
german_credit,SVM (RBF Kernel),71,Wachter's CE,500,0.10365128517150879,21.81368607575925,14.0,1.601500290802899,True
german_credit,SVM (RBF Kernel),71,SHAP-Targeted CE,343,0.03294253349304199,4.333333333333333,1.0,0.7924579461209577,True
german_credit,SVM (RBF Kernel),72,Actionable CBFI (Proposed),250,0.19900751113891602,11.862671093706663,8.0,1.6279547773265868,True
german_credit,SVM (RBF Kernel),72,Untargeted Causal (Karimi 2021),250,0.1727890968322754,19.54521901371629,16.0,1.601500290802899,True
german_credit,SVM (RBF Kernel),72,Wachter's CE,500,0.14011716842651367,19.54521901371629,16.0,1.601500290802899,True
german_credit,SVM (RBF Kernel),72,SHAP-Targeted CE,343,0.04235029220581055,0.7407471711168105,2.0,1.3595035629776544,True
german_credit,SVM (RBF Kernel),73,Actionable CBFI (Proposed),250,0.252579927444458,12.614725790298449,10.0,0.49524829326387076,True
german_credit,SVM (RBF Kernel),73,Untargeted Causal (Karimi 2021),250,0.17060613632202148,22.250318295879964,14.0,2.7786634205781935,True
german_credit,SVM (RBF Kernel),73,Wachter's CE,500,0.14319705963134766,22.141030487865486,15.0,1.4795019379303591,True
german_credit,SVM (RBF Kernel),73,SHAP-Targeted CE,343,0.04140305519104004,1.0555555555555558,2.0,0.3165263520142794,True
german_credit,SVM (RBF Kernel),74,Actionable CBFI (Proposed),250,0.17464661598205566,19.60637170113119,14.0,2.9362513617987935,True
german_credit,SVM (RBF Kernel),74,Untargeted Causal (Karimi 2021),250,0.1579439640045166,23.376283317342292,15.0,2.2718857682185867,True
german_credit,SVM (RBF Kernel),74,Wachter's CE,500,0.09643435478210449,22.56125534464778,17.0,0.986324404885233,True
german_credit,SVM (RBF Kernel),74,SHAP-Targeted CE,343,0.03140664100646973,2.2222222222222228,2.0,1.4150369009933688,True
german_credit,SVM (RBF Kernel),75,Actionable CBFI (Proposed),250,0.19037866592407227,17.438722990425255,13.0,1.50679132634996,True
german_credit,SVM (RBF Kernel),75,Untargeted Causal (Karimi 2021),250,0.19608688354492188,21.73218939430776,15.0,2.450025317957447,True
german_credit,SVM (RBF Kernel),75,Wachter's CE,500,0.14460086822509766,21.73218939430776,15.0,2.450025317957447,True
german_credit,SVM (RBF Kernel),75,SHAP-Targeted CE,343,0.03917098045349121,2.722222222222223,2.0,1.1487186025077407,True
german_credit,SVM (RBF Kernel),76,Actionable CBFI (Proposed),250,0.21538281440734863,17.90268731943833,13.0,2.1041632710109113,True
german_credit,SVM (RBF Kernel),76,Untargeted Causal (Karimi 2021),250,0.17476820945739746,23.487744838904284,16.0,2.8455011612005108,True
german_credit,SVM (RBF Kernel),76,Wachter's CE,500,0.1429593563079834,20.29814231247282,12.0,2.751860612693824,True
german_credit,SVM (RBF Kernel),76,SHAP-Targeted CE,343,0.035947561264038086,3.6667052489230842,3.0,2.625964226494717,True
german_credit,SVM (RBF Kernel),77,Actionable CBFI (Proposed),250,0.2171783447265625,17.596861338787242,13.0,2.1262628164193744,True
german_credit,SVM (RBF Kernel),77,Untargeted Causal (Karimi 2021),250,0.1751573085784912,18.812732050791777,12.0,1.7324015574127718,True
german_credit,SVM (RBF Kernel),77,Wachter's CE,500,0.14353322982788086,18.812732050791777,12.0,1.7324015574127718,True
german_credit,SVM (RBF Kernel),77,SHAP-Targeted CE,343,0.04455423355102539,0.3333333333333333,1.0,1.2970600642825834,True
german_credit,SVM (RBF Kernel),78,Actionable CBFI (Proposed),250,0.1944575309753418,17.380421545602317,16.0,1.132711127147251,True
german_credit,SVM (RBF Kernel),78,Untargeted Causal (Karimi 2021),250,0.17256951332092285,16.265078469450817,16.0,0.920088107817295,True
german_credit,SVM (RBF Kernel),78,Wachter's CE,500,0.10892701148986816,16.265078469450817,16.0,0.920088107817295,True
german_credit,SVM (RBF Kernel),78,SHAP-Targeted CE,343,0.03492403030395508,2.0000192911282086,2.0,0.8181631997790376,True
german_credit,SVM (RBF Kernel),79,Actionable CBFI (Proposed),250,0.2010490894317627,16.932577927465847,15.0,1.0907138342223148,True
german_credit,SVM (RBF Kernel),79,Untargeted Causal (Karimi 2021),250,0.1742701530456543,22.383319565980024,15.0,4.296861404437815,True
german_credit,SVM (RBF Kernel),79,Wachter's CE,500,0.11476540565490723,22.383319565980024,15.0,4.296861404437815,True
german_credit,SVM (RBF Kernel),79,SHAP-Targeted CE,343,0.038681745529174805,3.3333333333333344,2.0,1.1076766522411514,True
german_credit,SVM (RBF Kernel),80,Actionable CBFI (Proposed),250,0.1797020435333252,19.08177178218391,16.0,1.2954991280041743,True
german_credit,SVM (RBF Kernel),80,Untargeted Causal (Karimi 2021),250,0.17113423347473145,22.766666262591038,15.0,3.5558845103361114,True
german_credit,SVM (RBF Kernel),80,Wachter's CE,500,0.1417531967163086,22.766666262591038,15.0,3.5558845103361114,True
german_credit,SVM (RBF Kernel),80,SHAP-Targeted CE,343,0.0380711555480957,3.222222222222223,2.0,1.1137923632761142,True
german_credit,SVM (RBF Kernel),81,Actionable CBFI (Proposed),250,0.1974339485168457,14.824052741958512,13.0,0.8016484642965371,True
german_credit,SVM (RBF Kernel),81,Untargeted Causal (Karimi 2021),250,0.17334842681884766,22.536043080901624,18.0,1.0839064895280075,True
german_credit,SVM (RBF Kernel),81,Wachter's CE,500,0.11277318000793457,21.30703843711584,13.0,1.6630220582856183,True
german_credit,SVM (RBF Kernel),81,SHAP-Targeted CE,343,0.04125571250915527,1.5555555555555551,1.0,0.5315724340428258,True
german_credit,SVM (RBF Kernel),82,Actionable CBFI (Proposed),250,0.2046506404876709,14.761132401717164,10.0,0.5315403187951329,True
german_credit,SVM (RBF Kernel),82,Untargeted Causal (Karimi 2021),250,0.17426252365112305,23.8119235299143,17.0,2.7631006402687266,True
german_credit,SVM (RBF Kernel),82,Wachter's CE,500,0.11455512046813965,18.930458403728146,16.0,0.7109722407442244,True
german_credit,SVM (RBF Kernel),82,SHAP-Targeted CE,343,0.028812170028686523,4.833333333333334,2.0,0.24156376257606743,True
german_credit,SVM (RBF Kernel),83,Actionable CBFI (Proposed),250,0.19579339027404785,6.94180427016537,7.0,1.548324732066415,True
german_credit,SVM (RBF Kernel),83,Untargeted Causal (Karimi 2021),250,0.1728987693786621,20.556493402210712,15.0,2.8455011612005108,True
german_credit,SVM (RBF Kernel),83,Wachter's CE,500,0.14072608947753906,20.556493402210712,15.0,2.8455011612005108,True
german_credit,SVM (RBF Kernel),83,SHAP-Targeted CE,343,0.03289151191711426,0.22222222222222313,1.0,1.468500883546848,True
german_credit,SVM (RBF Kernel),84,Actionable CBFI (Proposed),250,0.22864842414855957,15.984148875268213,14.0,0.6985034401645367,True
german_credit,SVM (RBF Kernel),84,Untargeted Causal (Karimi 2021),250,0.17291593551635742,21.246575142748018,16.0,1.8509872419361852,True
german_credit,SVM (RBF Kernel),84,Wachter's CE,500,0.11361145973205566,21.246575142748018,16.0,1.8509872419361852,True
german_credit,SVM (RBF Kernel),84,SHAP-Targeted CE,343,0.03553628921508789,1.3333333333333333,1.0,0.8598906023791661,True
german_credit,SVM (RBF Kernel),85,Actionable CBFI (Proposed),250,0.16864967346191406,5.4546054449199755,8.0,1.0322064569208507,True
german_credit,SVM (RBF Kernel),85,Untargeted Causal (Karimi 2021),250,0.17252159118652344,22.0993159361355,16.0,1.601500290802899,True
german_credit,SVM (RBF Kernel),85,Wachter's CE,500,0.13332891464233398,22.0993159361355,16.0,1.601500290802899,True
german_credit,SVM (RBF Kernel),85,SHAP-Targeted CE,343,0.0351715087890625,0.6666666666666666,1.0,0.5943833554118295,True
german_credit,SVM (RBF Kernel),86,Actionable CBFI (Proposed),250,0.2478318214416504,17.301274104600022,14.0,1.2678956293364188,True
german_credit,SVM (RBF Kernel),86,Untargeted Causal (Karimi 2021),250,0.15774130821228027,22.790915032206613,15.0,1.601500290802899,True
german_credit,SVM (RBF Kernel),86,Wachter's CE,500,0.14147138595581055,22.047717938557202,17.0,1.1182657549339583,True
german_credit,SVM (RBF Kernel),86,SHAP-Targeted CE,343,0.03678417205810547,1.3333333333333333,1.0,0.3681342987851153,True
german_credit,SVM (RBF Kernel),87,Actionable CBFI (Proposed),250,0.24828624725341797,13.921111145022177,10.0,0.7790373056554649,True
german_credit,SVM (RBF Kernel),87,Untargeted Causal (Karimi 2021),250,0.17421746253967285,19.91663968289169,14.0,2.450025317957447,True
german_credit,SVM (RBF Kernel),87,Wachter's CE,500,0.14205503463745117,19.91663968289169,14.0,2.450025317957447,True
german_credit,SVM (RBF Kernel),87,SHAP-Targeted CE,343,0.03782248497009277,1.5185249488945889,3.0,0.6183787963595349,True
german_credit,SVM (RBF Kernel),88,Actionable CBFI (Proposed),250,0.20790767669677734,15.662644556991062,11.0,0.38764660192764516,True
german_credit,SVM (RBF Kernel),88,Untargeted Causal (Karimi 2021),250,0.17499470710754395,19.822649691727552,17.0,1.0839064895280075,True
german_credit,SVM (RBF Kernel),88,Wachter's CE,500,0.14320945739746094,19.822649691727552,17.0,1.0839064895280075,True
german_credit,SVM (RBF Kernel),88,SHAP-Targeted CE,343,0.039740800857543945,2.0555555555555554,2.0,0.6536280162461774,True
german_credit,SVM (RBF Kernel),89,Actionable CBFI (Proposed),250,0.21721506118774414,10.751120013607737,11.0,1.358640686124237,True
german_credit,SVM (RBF Kernel),89,Untargeted Causal (Karimi 2021),250,0.1738433837890625,17.704532413817436,16.0,1.0839064895280075,True
german_credit,SVM (RBF Kernel),89,Wachter's CE,500,0.14376616477966309,17.704532413817436,16.0,1.0839064895280075,True
german_credit,SVM (RBF Kernel),89,SHAP-Targeted CE,343,0.06370067596435547,1.4444444444444442,1.0,0.956849730705202,True
german_credit,SVM (RBF Kernel),90,Actionable CBFI (Proposed),250,0.226334810256958,11.151393717038117,13.0,0.4490658051127986,True
german_credit,SVM (RBF Kernel),90,Untargeted Causal (Karimi 2021),250,0.17577815055847168,21.31124222120227,16.0,0.7501329370074084,True
german_credit,SVM (RBF Kernel),90,Wachter's CE,500,0.14502501487731934,21.28183576221408,19.0,1.4771813086109287,True
german_credit,SVM (RBF Kernel),90,SHAP-Targeted CE,343,0.03782153129577637,0.44444444444444414,1.0,0.38557169368666877,True
german_credit,SVM (RBF Kernel),91,Actionable CBFI (Proposed),250,0.19008708000183105,17.63731692632506,11.0,2.7176817464729246,True
german_credit,SVM (RBF Kernel),91,Untargeted Causal (Karimi 2021),250,0.173187255859375,22.505780045408947,12.0,2.2940637679205205,True
german_credit,SVM (RBF Kernel),91,Wachter's CE,500,0.14049410820007324,22.505780045408947,12.0,2.2940637679205205,True
german_credit,SVM (RBF Kernel),91,SHAP-Targeted CE,343,0.03672218322753906,3.111111111111112,2.0,1.5523324450308162,True
german_credit,SVM (RBF Kernel),92,Actionable CBFI (Proposed),250,0.19809722900390625,23.51081149518464,16.0,1.1273397066913367,True
german_credit,SVM (RBF Kernel),92,Untargeted Causal (Karimi 2021),250,0.17349767684936523,23.531881320118895,15.0,2.6315714908149634,True
german_credit,SVM (RBF Kernel),92,Wachter's CE,500,0.14125299453735352,23.531881320118895,15.0,2.6315714908149634,True
german_credit,SVM (RBF Kernel),92,SHAP-Targeted CE,343,0.031816959381103516,7.333333333333333,1.0,2.5969520189251534,True
german_credit,SVM (RBF Kernel),93,Actionable CBFI (Proposed),250,0.21384644508361816,17.647172132859392,17.0,1.2887960645442953,True
german_credit,SVM (RBF Kernel),93,Untargeted Causal (Karimi 2021),250,0.17217731475830078,21.873615743403043,14.0,1.9201589768236036,True
german_credit,SVM (RBF Kernel),93,Wachter's CE,500,0.11559844017028809,21.05923401984917,14.0,1.2785254398266155,True
german_credit,SVM (RBF Kernel),93,SHAP-Targeted CE,343,0.03167414665222168,,,,False
german_credit,SVM (RBF Kernel),94,Actionable CBFI (Proposed),250,0.20872998237609863,12.83688096605706,11.0,1.0756784415007394,True
german_credit,SVM (RBF Kernel),94,Untargeted Causal (Karimi 2021),250,0.16063928604125977,17.30314692223633,13.0,1.7324015574127718,True
german_credit,SVM (RBF Kernel),94,Wachter's CE,500,0.14210081100463867,17.30314692223633,13.0,1.7324015574127718,True
german_credit,SVM (RBF Kernel),94,SHAP-Targeted CE,343,0.0424044132232666,0.3333333333333333,1.0,1.7473237118217848,True
german_credit,SVM (RBF Kernel),95,Actionable CBFI (Proposed),250,0.21279430389404297,15.262888129837144,11.0,0.6695941233315585,True
german_credit,SVM (RBF Kernel),95,Untargeted Causal (Karimi 2021),250,0.1751861572265625,22.495442014258046,17.0,0.7501329370074084,True
german_credit,SVM (RBF Kernel),95,Wachter's CE,500,0.14101481437683105,22.468409160602796,17.0,0.7109722407442244,True
german_credit,SVM (RBF Kernel),95,SHAP-Targeted CE,343,0.03509688377380371,0.4259387866780654,2.0,0.5306910350477378,True
german_credit,SVM (RBF Kernel),96,Actionable CBFI (Proposed),250,0.21549725532531738,14.145609888946789,9.0,1.3288467093103546,True
german_credit,SVM (RBF Kernel),96,Untargeted Causal (Karimi 2021),250,0.17389464378356934,22.739526765992082,16.0,1.1635756263832093,True
german_credit,SVM (RBF Kernel),96,Wachter's CE,500,0.14263153076171875,19.087484316644034,16.0,0.6426489299430229,True
german_credit,SVM (RBF Kernel),96,SHAP-Targeted CE,343,0.031996726989746094,3.8333333333333335,2.0,0.9545001056336979,True
german_credit,SVM (RBF Kernel),97,Actionable CBFI (Proposed),250,0.23996806144714355,5.397406528059307,7.0,0.9802887665590594,True
german_credit,SVM (RBF Kernel),97,Untargeted Causal (Karimi 2021),250,0.17335772514343262,21.14250062547325,14.0,2.0934721094175064,True
german_credit,SVM (RBF Kernel),97,Wachter's CE,500,0.11419677734375,21.14250062547325,14.0,2.0934721094175064,True
german_credit,SVM (RBF Kernel),97,SHAP-Targeted CE,343,0.04775261878967285,0.8333333333333334,1.0,0.7640641040964702,True
german_credit,SVM (RBF Kernel),98,Actionable CBFI (Proposed),250,0.1968984603881836,5.4769881579288064,8.0,1.4520013132380825,True
german_credit,SVM (RBF Kernel),98,Untargeted Causal (Karimi 2021),250,0.15866470336914062,21.823047630364687,17.0,1.0839064895280075,True
german_credit,SVM (RBF Kernel),98,Wachter's CE,500,0.11343908309936523,21.109508844797105,16.0,1.4795019379303591,True
german_credit,SVM (RBF Kernel),98,SHAP-Targeted CE,343,0.038787126541137695,0.5555555555555559,1.0,1.034242148872527,True
german_credit,SVM (RBF Kernel),99,Actionable CBFI (Proposed),250,0.20583009719848633,7.0144222602197015,4.0,0.3432559637712351,True
german_credit,SVM (RBF Kernel),99,Untargeted Causal (Karimi 2021),250,0.1589198112487793,20.58601372826656,16.0,0.7501329370074084,True
german_credit,SVM (RBF Kernel),99,Wachter's CE,500,0.11379647254943848,20.58601372826656,16.0,0.7501329370074084,True
german_credit,SVM (RBF Kernel),99,SHAP-Targeted CE,343,0.03815650939941406,0.944444444444445,2.0,0.4455182552712875,True
german_credit,SVM (RBF Kernel),100,Actionable CBFI (Proposed),250,0.21973776817321777,4.860968263379655,7.0,0.668387004097015,True
german_credit,SVM (RBF Kernel),100,Untargeted Causal (Karimi 2021),250,0.17379355430603027,23.218981221674618,18.0,1.0839064895280075,True
german_credit,SVM (RBF Kernel),100,Wachter's CE,500,0.11402344703674316,20.227676753023058,18.0,3.614198598492613,True
german_credit,SVM (RBF Kernel),100,SHAP-Targeted CE,343,0.04274177551269531,0.5185249488945889,2.0,0.5455552699086086,True
german_credit,XGBoost,1,Actionable CBFI (Proposed),250,0.18166208267211914,18.75993136177496,16.0,0.9533554263948508,True
german_credit,XGBoost,1,Untargeted Causal (Karimi 2021),250,0.1405029296875,23.115819895350164,16.0,1.601500290802899,True
german_credit,XGBoost,1,Wachter's CE,500,0.08489394187927246,23.115819895350164,16.0,1.601500290802899,True
german_credit,XGBoost,1,SHAP-Targeted CE,343,0.019486188888549805,3.0000000000000004,1.0,0.7976647853760864,True
german_credit,XGBoost,2,Actionable CBFI (Proposed),250,0.1469898223876953,20.11985202342785,16.0,1.7287424859799754,True
german_credit,XGBoost,2,Untargeted Causal (Karimi 2021),250,0.1422255039215088,21.98644601400852,16.0,1.1635756263832093,True
german_credit,XGBoost,2,Wachter's CE,500,0.08987808227539062,21.98644601400852,16.0,1.1635756263832093,True
german_credit,XGBoost,2,SHAP-Targeted CE,343,0.019543886184692383,2.7490277376114274,2.0,0.7098698598747222,True
german_credit,XGBoost,3,Actionable CBFI (Proposed),250,0.1350243091583252,21.673328226681527,15.0,1.2376453537273184,True
german_credit,XGBoost,3,Untargeted Causal (Karimi 2021),250,0.12756562232971191,19.727888871681994,17.0,1.0839064895280075,True
german_credit,XGBoost,3,Wachter's CE,500,0.10593676567077637,19.727888871681994,17.0,1.0839064895280075,True
german_credit,XGBoost,3,SHAP-Targeted CE,343,0.023970365524291992,,,,False
german_credit,XGBoost,4,Actionable CBFI (Proposed),250,0.11689424514770508,22.422399472888063,15.0,2.015991072753265,True
german_credit,XGBoost,4,Untargeted Causal (Karimi 2021),250,0.1408219337463379,23.11276657189543,17.0,1.1635756263832093,True
german_credit,XGBoost,4,Wachter's CE,500,0.08225393295288086,23.11276657189543,17.0,1.1635756263832093,True
german_credit,XGBoost,4,SHAP-Targeted CE,343,0.016170501708984375,3.0000000000000004,1.0,0.527218759226084,True
german_credit,XGBoost,5,Actionable CBFI (Proposed),250,0.16169524192810059,18.04798980682827,12.0,2.7141474805196597,True
german_credit,XGBoost,5,Untargeted Causal (Karimi 2021),250,0.12941956520080566,22.314574933869864,17.0,1.0872865770544664,True
german_credit,XGBoost,5,Wachter's CE,500,0.07966756820678711,21.353922811010147,15.0,2.40634544074438,True
german_credit,XGBoost,5,SHAP-Targeted CE,343,0.01520085334777832,,,,False
german_credit,XGBoost,6,Actionable CBFI (Proposed),250,0.19652032852172852,15.724022880426665,12.0,0.9389672576463284,True
german_credit,XGBoost,6,Untargeted Causal (Karimi 2021),250,0.12424802780151367,20.630508126371048,15.0,2.436171000898617,True
german_credit,XGBoost,6,Wachter's CE,500,0.09901094436645508,20.630508126371048,15.0,2.436171000898617,True
german_credit,XGBoost,6,SHAP-Targeted CE,343,0.02892446517944336,1.0000000000000004,1.0,0.6537221150991508,True
german_credit,XGBoost,7,Actionable CBFI (Proposed),250,0.17673492431640625,17.475321032273712,17.0,0.5561901460388022,True
german_credit,XGBoost,7,Untargeted Causal (Karimi 2021),250,0.13160061836242676,21.01527366393056,16.0,0.7501329370074084,True
german_credit,XGBoost,7,Wachter's CE,500,0.11801457405090332,20.914084831829705,15.0,1.8509872419361852,True
german_credit,XGBoost,7,SHAP-Targeted CE,343,0.023598909378051758,1.0000000000000004,1.0,0.24490172014795641,True
german_credit,XGBoost,8,Actionable CBFI (Proposed),250,0.1445903778076172,20.96128640921517,15.0,2.0712787009140636,True
german_credit,XGBoost,8,Untargeted Causal (Karimi 2021),250,0.14229416847229004,19.40600598270289,14.0,2.8455011612005108,True
german_credit,XGBoost,8,Wachter's CE,500,0.12425708770751953,19.40600598270289,14.0,2.8455011612005108,True
german_credit,XGBoost,8,SHAP-Targeted CE,343,0.02768421173095703,2.749027737611427,2.0,2.375413332358936,True
german_credit,XGBoost,9,Actionable CBFI (Proposed),250,0.12000656127929688,24.350318274738317,15.0,1.7717146977866218,True
german_credit,XGBoost,9,Untargeted Causal (Karimi 2021),250,0.13337087631225586,20.114288371540617,15.0,1.6541987815846113,True
german_credit,XGBoost,9,Wachter's CE,500,0.12523174285888672,20.114288371540617,15.0,1.6541987815846113,True
german_credit,XGBoost,9,SHAP-Targeted CE,343,0.025238752365112305,2.000000000000001,1.0,1.617622967412494,True
german_credit,XGBoost,10,Actionable CBFI (Proposed),250,0.15900444984436035,11.394152684562718,11.0,0.6464152673758542,True
german_credit,XGBoost,10,Untargeted Causal (Karimi 2021),250,0.11982560157775879,23.11506355395484,16.0,1.0839064895280075,True
german_credit,XGBoost,10,Wachter's CE,500,0.11401128768920898,22.462172050646142,15.0,1.4795019379303591,True
german_credit,XGBoost,10,SHAP-Targeted CE,343,0.015365839004516602,3.749027737611427,2.0,1.0561375941857316,True
german_credit,XGBoost,11,Actionable CBFI (Proposed),250,0.17445731163024902,19.94984238239064,14.0,0.5043941042534441,True
german_credit,XGBoost,11,Untargeted Causal (Karimi 2021),250,0.14281964302062988,22.45086757955182,18.0,0.920088107817295,True
german_credit,XGBoost,11,Wachter's CE,500,0.12432122230529785,22.302113084677007,16.0,2.809117814467768,True
german_credit,XGBoost,11,SHAP-Targeted CE,343,0.03256726264953613,2.7470832128342795,2.0,0.2975179663691689,True
german_credit,XGBoost,12,Actionable CBFI (Proposed),250,0.13677573204040527,21.66280683459748,16.0,1.7193022983499504,True
german_credit,XGBoost,12,Untargeted Causal (Karimi 2021),250,0.14040040969848633,20.170151291118643,15.0,1.6541987815846113,True
german_credit,XGBoost,12,Wachter's CE,500,0.1180734634399414,20.170151291118643,15.0,1.6541987815846113,True
german_credit,XGBoost,12,SHAP-Targeted CE,343,0.01915454864501953,1.0,1.0,1.3937567329721507,True
german_credit,XGBoost,13,Actionable CBFI (Proposed),250,0.18999791145324707,17.20080372819698,10.0,0.8294864950621393,True
german_credit,XGBoost,13,Untargeted Causal (Karimi 2021),250,0.11914443969726562,22.663232698108423,14.0,1.6487581793306938,True
german_credit,XGBoost,13,Wachter's CE,500,0.07756805419921875,22.663232698108423,14.0,1.6487581793306938,True
german_credit,XGBoost,13,SHAP-Targeted CE,343,0.023394346237182617,3.0,1.0,1.0476317264585742,True
german_credit,XGBoost,14,Actionable CBFI (Proposed),250,0.1972503662109375,20.16338683322575,17.0,2.9814340237762247,True
german_credit,XGBoost,14,Untargeted Causal (Karimi 2021),250,0.14258837699890137,23.549404206860277,17.0,1.601500290802899,True
german_credit,XGBoost,14,Wachter's CE,500,0.12367749214172363,23.549404206860277,17.0,1.601500290802899,True
german_credit,XGBoost,14,SHAP-Targeted CE,343,0.02358388900756836,,,,False
german_credit,XGBoost,15,Actionable CBFI (Proposed),250,0.1477797031402588,22.24173270316855,16.0,1.4438906063389352,True
german_credit,XGBoost,15,Untargeted Causal (Karimi 2021),250,0.14104318618774414,23.440154017562314,17.0,1.0872865770544664,True
german_credit,XGBoost,15,Wachter's CE,500,0.09958529472351074,22.68339149723007,16.0,1.640302142665271,True
german_credit,XGBoost,15,SHAP-Targeted CE,343,0.023493051528930664,,,,False
german_credit,XGBoost,16,Actionable CBFI (Proposed),250,0.1741476058959961,20.24926299555989,12.0,1.4637170140218352,True
german_credit,XGBoost,16,Untargeted Causal (Karimi 2021),250,0.13808536529541016,24.52394647240593,12.0,1.749889542988361,True
german_credit,XGBoost,16,Wachter's CE,500,0.08968281745910645,24.52394647240593,12.0,1.749889542988361,True
german_credit,XGBoost,16,SHAP-Targeted CE,343,0.021244525909423828,3.0000000000000004,1.0,1.1890821566644563,True
german_credit,XGBoost,17,Actionable CBFI (Proposed),250,0.19382381439208984,15.498378937279895,13.0,0.8678993591919394,True
german_credit,XGBoost,17,Untargeted Causal (Karimi 2021),250,0.1428208351135254,19.146379334353284,17.0,3.0100372625017298,True
german_credit,XGBoost,17,Wachter's CE,500,0.12367820739746094,19.132866105104135,14.0,2.751860612693824,True
german_credit,XGBoost,17,SHAP-Targeted CE,343,0.02388477325439453,,,,False
german_credit,XGBoost,18,Actionable CBFI (Proposed),250,0.18149328231811523,21.68546642991813,14.0,1.9533447966400748,True
german_credit,XGBoost,18,Untargeted Causal (Karimi 2021),250,0.1182394027709961,23.8339105579011,16.0,0.920088107817295,True
german_credit,XGBoost,18,Wachter's CE,500,0.07886958122253418,22.887059243678518,15.0,1.8134251297409385,True
german_credit,XGBoost,18,SHAP-Targeted CE,343,0.016848087310791016,1.540135288816887,2.0,1.0405541878953126,True
german_credit,XGBoost,19,Actionable CBFI (Proposed),250,0.18612074851989746,19.7153338993278,13.0,1.5959568954009646,True
german_credit,XGBoost,19,Untargeted Causal (Karimi 2021),250,0.12011933326721191,24.761918503721777,13.0,1.2217309572075077,True
german_credit,XGBoost,19,Wachter's CE,500,0.11998105049133301,23.1930256820257,13.0,1.8134251297409385,True
german_credit,XGBoost,19,SHAP-Targeted CE,343,0.026314496994018555,0.5000000000000004,1.0,0.8123049271409146,True
german_credit,XGBoost,20,Actionable CBFI (Proposed),250,0.19796347618103027,20.639253802787167,14.0,1.3607022474786674,True
german_credit,XGBoost,20,Untargeted Causal (Karimi 2021),250,0.1439986228942871,22.800827252528894,18.0,1.0839064895280075,True
german_credit,XGBoost,20,Wachter's CE,500,0.12564849853515625,21.47410772513779,16.0,1.5129398895419324,True
german_credit,XGBoost,20,SHAP-Targeted CE,343,0.027955055236816406,1.749027737611427,2.0,0.7412868268633656,True
german_credit,XGBoost,21,Actionable CBFI (Proposed),250,0.17981624603271484,16.388283954444024,14.0,2.1151953510922623,True
german_credit,XGBoost,21,Untargeted Causal (Karimi 2021),250,0.14205527305603027,19.792638562703917,14.0,2.7046467671213703,True
german_credit,XGBoost,21,Wachter's CE,500,0.07808637619018555,19.792638562703917,14.0,2.7046467671213703,True
german_credit,XGBoost,21,SHAP-Targeted CE,343,0.02330923080444336,1.540135288816887,2.0,1.0526362567451342,True
german_credit,XGBoost,22,Actionable CBFI (Proposed),250,0.21443796157836914,19.12043388303705,15.0,3.111093062066728,True
german_credit,XGBoost,22,Untargeted Causal (Karimi 2021),250,0.14264845848083496,23.37039174276552,16.0,3.1028439832995085,True
german_credit,XGBoost,22,Wachter's CE,500,0.12508463859558105,21.483250047471756,13.0,2.751860612693824,True
german_credit,XGBoost,22,SHAP-Targeted CE,343,0.029044628143310547,2.0000000000000004,1.0,1.7491669249387136,True
german_credit,XGBoost,23,Actionable CBFI (Proposed),250,0.1773223876953125,17.149479433524917,14.0,0.920214942550318,True
german_credit,XGBoost,23,Untargeted Causal (Karimi 2021),250,0.12369108200073242,21.49829274162572,18.0,1.0839064895280075,True
german_credit,XGBoost,23,Wachter's CE,500,0.0990450382232666,21.49829274162572,18.0,1.0839064895280075,True
german_credit,XGBoost,23,SHAP-Targeted CE,343,0.029979705810546875,0.7490277376114268,1.0,0.425887373568451,True
german_credit,XGBoost,24,Actionable CBFI (Proposed),250,0.14404606819152832,23.17108850452831,14.0,1.2162697680681647,True
german_credit,XGBoost,24,Untargeted Causal (Karimi 2021),250,0.13883090019226074,24.61072124374897,16.0,1.0839064895280075,True
german_credit,XGBoost,24,Wachter's CE,500,0.0921175479888916,18.44110319524313,16.0,1.57884313236914,True
german_credit,XGBoost,24,SHAP-Targeted CE,343,0.022832155227661133,2.373322653616383,1.0,0.925842185106144,True
german_credit,XGBoost,25,Actionable CBFI (Proposed),250,0.18263006210327148,19.332310319308053,15.0,2.0225897422838606,True
german_credit,XGBoost,25,Untargeted Causal (Karimi 2021),250,0.1418147087097168,22.733044002399865,16.0,3.5508774663679583,True
german_credit,XGBoost,25,Wachter's CE,500,0.17960691452026367,22.379895856525994,14.0,4.395661429690163,True
german_credit,XGBoost,25,SHAP-Targeted CE,343,0.024291276931762695,,,,False
german_credit,XGBoost,26,Actionable CBFI (Proposed),250,0.17938613891601562,19.657542245005516,13.0,3.1750162256391565,True
german_credit,XGBoost,26,Untargeted Causal (Karimi 2021),250,0.14009332656860352,22.49665614338118,17.0,3.1028439832995085,True
german_credit,XGBoost,26,Wachter's CE,500,0.11924934387207031,21.774573415159722,12.0,1.6058913199942388,True
german_credit,XGBoost,26,SHAP-Targeted CE,343,0.020641803741455078,2.0000000000000004,1.0,1.2327578476568193,True
german_credit,XGBoost,27,Actionable CBFI (Proposed),250,0.16301822662353516,19.983998377440408,15.0,1.7067809905157727,True
german_credit,XGBoost,27,Untargeted Causal (Karimi 2021),250,0.14315199851989746,22.14909677348945,15.0,1.9201589768236036,True
german_credit,XGBoost,27,Wachter's CE,500,0.12700319290161133,18.898077170535803,13.0,1.5264732650281285,True
german_credit,XGBoost,27,SHAP-Targeted CE,343,0.045233964920043945,,,,False
german_credit,XGBoost,28,Actionable CBFI (Proposed),250,0.1832435131072998,20.466200115142904,15.0,1.1712261338219143,True
german_credit,XGBoost,28,Untargeted Causal (Karimi 2021),250,0.14258599281311035,22.6547653857518,17.0,3.0828438969644285,True
german_credit,XGBoost,28,Wachter's CE,500,0.10579991340637207,21.593689310774728,16.0,2.547146308405978,True
german_credit,XGBoost,28,SHAP-Targeted CE,343,0.023319482803344727,,,,False
german_credit,XGBoost,29,Actionable CBFI (Proposed),250,0.1734905242919922,20.232844856028834,15.0,0.5795273626460081,True
german_credit,XGBoost,29,Untargeted Causal (Karimi 2021),250,0.12190508842468262,22.086014749049973,18.0,1.0839064895280075,True
german_credit,XGBoost,29,Wachter's CE,500,0.08440876007080078,22.086014749049973,18.0,1.0839064895280075,True
german_credit,XGBoost,29,SHAP-Targeted CE,343,0.0227353572845459,0.5000000000000004,1.0,0.5699845060447292,True
german_credit,XGBoost,30,Actionable CBFI (Proposed),250,0.16010093688964844,10.576065118081292,14.0,1.2365620772306858,True
german_credit,XGBoost,30,Untargeted Causal (Karimi 2021),250,0.13859057426452637,16.898382334549606,16.0,1.0839064895280075,True
german_credit,XGBoost,30,Wachter's CE,500,0.124237060546875,16.898382334549606,16.0,1.0839064895280075,True
german_credit,XGBoost,30,SHAP-Targeted CE,343,0.024209260940551758,2.7490277376114274,2.0,0.9508771070774538,True
german_credit,XGBoost,31,Actionable CBFI (Proposed),250,0.17282581329345703,20.362727364761,17.0,1.3911202356847994,True
german_credit,XGBoost,31,Untargeted Causal (Karimi 2021),250,0.143294095993042,16.96343950444572,12.0,2.7046467671213703,True
german_credit,XGBoost,31,Wachter's CE,500,0.12552690505981445,16.96343950444572,12.0,2.7046467671213703,True
german_credit,XGBoost,31,SHAP-Targeted CE,343,0.024277925491333008,1.2490277376114267,2.0,0.6295317756501982,True
german_credit,XGBoost,32,Actionable CBFI (Proposed),250,0.13962531089782715,21.93813747125942,16.0,1.1266890242739718,True
german_credit,XGBoost,32,Untargeted Causal (Karimi 2021),250,0.14136266708374023,21.386084326132828,17.0,0.920088107817295,True
german_credit,XGBoost,32,Wachter's CE,500,0.08327221870422363,21.386084326132828,17.0,0.920088107817295,True
german_credit,XGBoost,32,SHAP-Targeted CE,343,0.02132868766784668,3.7911075512054606,2.0,0.8357573915589704,True
german_credit,XGBoost,33,Actionable CBFI (Proposed),250,0.14926958084106445,17.54414396407896,12.0,1.7734277389970607,True
german_credit,XGBoost,33,Untargeted Causal (Karimi 2021),250,0.1310279369354248,22.455366466204893,15.0,1.1635756263832093,True
german_credit,XGBoost,33,Wachter's CE,500,0.1242823600769043,20.528271953554935,14.0,1.4795019379303591,True
german_credit,XGBoost,33,SHAP-Targeted CE,343,0.0322420597076416,0.7490277376114268,1.0,0.28290250566835956,True
german_credit,XGBoost,34,Actionable CBFI (Proposed),250,0.1770026683807373,13.544511534617449,16.0,0.8914008093089636,True
german_credit,XGBoost,34,Untargeted Causal (Karimi 2021),250,0.13833355903625488,20.711483676779146,18.0,0.7501329370074084,True
german_credit,XGBoost,34,Wachter's CE,500,0.08997917175292969,19.62912227367617,18.0,0.6426489299430229,True
german_credit,XGBoost,34,SHAP-Targeted CE,343,0.02171158790588379,3.24708321283428,2.0,0.3942322971746488,True
german_credit,XGBoost,35,Actionable CBFI (Proposed),250,0.19400572776794434,19.79777446954322,15.0,1.0550983888448051,True
german_credit,XGBoost,35,Untargeted Causal (Karimi 2021),250,0.12235498428344727,22.650293408119893,16.0,1.9208608072546611,True
german_credit,XGBoost,35,Wachter's CE,500,0.11721348762512207,22.610873590370204,17.0,1.5129398895419324,True
german_credit,XGBoost,35,SHAP-Targeted CE,343,0.024266719818115234,1.7490277376114265,2.0,0.9382904419724063,True
german_credit,XGBoost,36,Actionable CBFI (Proposed),250,0.19659423828125,20.479419492811083,10.0,1.8473286270013856,True
german_credit,XGBoost,36,Untargeted Causal (Karimi 2021),250,0.14071989059448242,19.396643362950382,16.0,1.8509872419361852,True
german_credit,XGBoost,36,Wachter's CE,500,0.1168825626373291,19.396643362950382,16.0,1.8509872419361852,True
german_credit,XGBoost,36,SHAP-Targeted CE,343,0.02835702896118164,0.7490277376114268,1.0,0.9769313303198863,True
german_credit,XGBoost,37,Actionable CBFI (Proposed),250,0.17086219787597656,16.66710499860085,15.0,0.4359541162255643,True
german_credit,XGBoost,37,Untargeted Causal (Karimi 2021),250,0.14275527000427246,22.348874763104885,18.0,1.0839064895280075,True
german_credit,XGBoost,37,Wachter's CE,500,0.12494468688964844,22.348874763104885,18.0,1.0839064895280075,True
german_credit,XGBoost,37,SHAP-Targeted CE,343,0.028587818145751953,0.7490277376114268,1.0,0.38165066097440264,True
german_credit,XGBoost,38,Actionable CBFI (Proposed),250,0.1793534755706787,12.496863930860016,11.0,1.418763619977266,True
german_credit,XGBoost,38,Untargeted Causal (Karimi 2021),250,0.14237523078918457,22.437501671346666,17.0,1.068767258895182,True
german_credit,XGBoost,38,Wachter's CE,500,0.12362384796142578,22.327770807206246,14.0,2.7046467671213703,True
german_credit,XGBoost,38,SHAP-Targeted CE,343,0.025334835052490234,2.000000000000001,1.0,0.7586944871873147,True
german_credit,XGBoost,39,Actionable CBFI (Proposed),250,0.12083196640014648,17.288414709665158,13.0,1.4973927266933935,True
german_credit,XGBoost,39,Untargeted Causal (Karimi 2021),250,0.11679220199584961,20.028056010667456,17.0,1.0839064895280075,True
german_credit,XGBoost,39,Wachter's CE,500,0.11866497993469238,20.028056010667456,17.0,1.0839064895280075,True
german_credit,XGBoost,39,SHAP-Targeted CE,343,0.02018570899963379,2.000000000000001,1.0,0.7837032173212736,True
german_credit,XGBoost,40,Actionable CBFI (Proposed),250,0.18631887435913086,16.45490782648805,11.0,1.582611447434281,True
german_credit,XGBoost,40,Untargeted Causal (Karimi 2021),250,0.1419544219970703,17.5307789855142,14.0,1.0839064895280075,True
german_credit,XGBoost,40,Wachter's CE,500,0.12255334854125977,17.5307789855142,14.0,1.0839064895280075,True
german_credit,XGBoost,40,SHAP-Targeted CE,343,0.025940895080566406,2.0000000000000004,1.0,0.8730354133047415,True
german_credit,XGBoost,41,Actionable CBFI (Proposed),250,0.1228172779083252,20.05151496989615,13.0,0.7843502345876352,True
german_credit,XGBoost,41,Untargeted Causal (Karimi 2021),250,0.12438201904296875,21.71626003813504,16.0,1.1635756263832093,True
german_credit,XGBoost,41,Wachter's CE,500,0.12438654899597168,18.264866804750433,15.0,2.40634544074438,True
german_credit,XGBoost,41,SHAP-Targeted CE,343,0.025183677673339844,2.000000000000001,1.0,0.7327850352629436,True
german_credit,XGBoost,42,Actionable CBFI (Proposed),250,0.16486310958862305,21.51475142644581,15.0,1.06014414518501,True
german_credit,XGBoost,42,Untargeted Causal (Karimi 2021),250,0.12706375122070312,17.70157136747574,17.0,1.0839064895280075,True
german_credit,XGBoost,42,Wachter's CE,500,0.11878848075866699,17.70157136747574,17.0,1.0839064895280075,True
german_credit,XGBoost,42,SHAP-Targeted CE,343,0.023793458938598633,2.0000000000000004,1.0,0.9161641134158278,True
german_credit,XGBoost,43,Actionable CBFI (Proposed),250,0.14558076858520508,21.749296010648706,15.0,2.0619842974844826,True
german_credit,XGBoost,43,Untargeted Causal (Karimi 2021),250,0.14327549934387207,19.37729322849223,16.0,1.0839064895280075,True
german_credit,XGBoost,43,Wachter's CE,500,0.12434768676757812,18.250940394089582,15.0,1.1182657549339583,True
german_credit,XGBoost,43,SHAP-Targeted CE,343,0.026711702346801758,1.2490277376114267,2.0,0.6224568593070483,True
german_credit,XGBoost,44,Actionable CBFI (Proposed),250,0.14209270477294922,23.94049261469055,14.0,1.65004854755628,True
german_credit,XGBoost,44,Untargeted Causal (Karimi 2021),250,0.1375560760498047,25.604138654591953,17.0,2.8455011612005108,True
german_credit,XGBoost,44,Wachter's CE,500,0.12322735786437988,22.709316107239687,14.0,1.5264732650281285,True
german_credit,XGBoost,44,SHAP-Targeted CE,343,0.02842879295349121,2.5,1.0,1.3631859445195755,True
german_credit,XGBoost,45,Actionable CBFI (Proposed),250,0.1907336711883545,19.853177427166607,13.0,1.0880052789737482,True
german_credit,XGBoost,45,Untargeted Causal (Karimi 2021),250,0.1375584602355957,21.584521580143104,16.0,3.0100372625017298,True
german_credit,XGBoost,45,Wachter's CE,500,0.08422732353210449,21.584521580143104,16.0,3.0100372625017298,True
german_credit,XGBoost,45,SHAP-Targeted CE,343,0.020292282104492188,,,,False
german_credit,XGBoost,46,Actionable CBFI (Proposed),250,0.2989974021911621,20.16470535323362,16.0,0.5982351951768956,True
german_credit,XGBoost,46,Untargeted Causal (Karimi 2021),250,0.1411454677581787,20.548009454754222,14.0,3.5068188899354453,True
german_credit,XGBoost,46,Wachter's CE,500,0.12308263778686523,20.548009454754222,14.0,3.5068188899354453,True
german_credit,XGBoost,46,SHAP-Targeted CE,343,0.025369882583618164,3.540135288816887,3.0,0.7556780327361026,True
german_credit,XGBoost,47,Actionable CBFI (Proposed),250,0.14725780487060547,20.246023034674568,16.0,0.6647713987467602,True
german_credit,XGBoost,47,Untargeted Causal (Karimi 2021),250,0.11981463432312012,21.13782421624054,15.0,1.1635756263832093,True
german_credit,XGBoost,47,Wachter's CE,500,0.12417364120483398,21.13782421624054,15.0,1.1635756263832093,True
german_credit,XGBoost,47,SHAP-Targeted CE,343,0.022338151931762695,1.2490277376114267,2.0,0.48464022346702434,True
german_credit,XGBoost,48,Actionable CBFI (Proposed),250,0.1879124641418457,17.87505460735991,15.0,1.1018889563904095,True
german_credit,XGBoost,48,Untargeted Causal (Karimi 2021),250,0.14365863800048828,22.656444865489366,13.0,1.5775761981524885,True
german_credit,XGBoost,48,Wachter's CE,500,0.10321402549743652,21.300369468478323,15.0,1.5078410255865602,True
german_credit,XGBoost,48,SHAP-Targeted CE,343,0.021404266357421875,5.12235039122781,3.0,0.6441084280224239,True
german_credit,XGBoost,49,Actionable CBFI (Proposed),250,0.16875481605529785,24.077897687732918,14.0,0.9493733456168464,True
german_credit,XGBoost,49,Untargeted Causal (Karimi 2021),250,0.14309906959533691,22.546405434080395,14.0,1.4651834097031702,True
german_credit,XGBoost,49,Wachter's CE,500,0.1243600845336914,22.546405434080395,14.0,1.4651834097031702,True
german_credit,XGBoost,49,SHAP-Targeted CE,343,0.024921178817749023,5.373322653616383,2.0,1.9870408296170932,True
german_credit,XGBoost,50,Actionable CBFI (Proposed),250,0.18454360961914062,20.200618045968106,16.0,0.4057366496332076,True
german_credit,XGBoost,50,Untargeted Causal (Karimi 2021),250,0.1393282413482666,20.078178468987765,13.0,2.0934721094175064,True
german_credit,XGBoost,50,Wachter's CE,500,0.07892894744873047,20.078178468987765,13.0,2.0934721094175064,True
german_credit,XGBoost,50,SHAP-Targeted CE,343,0.023450851440429688,0.7490277376114268,1.0,0.5005528027027074,True
german_credit,XGBoost,51,Actionable CBFI (Proposed),250,0.20702600479125977,20.517343738900323,18.0,2.406869682983207,True
german_credit,XGBoost,51,Untargeted Causal (Karimi 2021),250,0.12204575538635254,21.528024321346685,15.0,2.302436779244263,True
german_credit,XGBoost,51,Wachter's CE,500,0.11572408676147461,15.675176191893247,15.0,1.5129398895419324,True
german_credit,XGBoost,51,SHAP-Targeted CE,343,0.02245354652404785,4.040135288816887,3.0,1.849707939351946,True
german_credit,XGBoost,52,Actionable CBFI (Proposed),250,0.22995400428771973,17.311370633182662,17.0,1.1039815050743162,True
german_credit,XGBoost,52,Untargeted Causal (Karimi 2021),250,0.11804723739624023,25.210185048905036,15.0,2.6280656570458945,True
german_credit,XGBoost,52,Wachter's CE,500,0.11819696426391602,25.210185048905036,15.0,2.6280656570458945,True
german_credit,XGBoost,52,SHAP-Targeted CE,343,0.024585485458374023,3.0000000000000004,1.0,1.167020731289596,True
german_credit,XGBoost,53,Actionable CBFI (Proposed),250,0.17286133766174316,17.518387200028954,13.0,0.8608212032419725,True
german_credit,XGBoost,53,Untargeted Causal (Karimi 2021),250,0.14290308952331543,24.102147225901614,14.0,1.1635756263832093,True
german_credit,XGBoost,53,Wachter's CE,500,0.11066794395446777,21.055380097412442,17.0,1.5129398895419324,True
german_credit,XGBoost,53,SHAP-Targeted CE,343,0.01664280891418457,3.749027737611427,2.0,0.280265261619239,True
german_credit,XGBoost,54,Actionable CBFI (Proposed),250,0.19345378875732422,21.27610997902413,12.0,1.7388358691197017,True
german_credit,XGBoost,54,Untargeted Causal (Karimi 2021),250,0.13277649879455566,25.296943116022646,15.0,2.242698209051401,True
german_credit,XGBoost,54,Wachter's CE,500,0.09301280975341797,21.525680331978165,12.0,1.5313087540007493,True
german_credit,XGBoost,54,SHAP-Targeted CE,343,0.021579980850219727,,,,False
german_credit,XGBoost,55,Actionable CBFI (Proposed),250,0.1936478614807129,15.2839373231482,16.0,1.485002162156237,True
german_credit,XGBoost,55,Untargeted Causal (Karimi 2021),250,0.1423349380493164,17.792978120438235,16.0,1.0839064895280075,True
german_credit,XGBoost,55,Wachter's CE,500,0.12470078468322754,17.792978120438235,16.0,1.0839064895280075,True
german_credit,XGBoost,55,SHAP-Targeted CE,343,0.03232288360595703,0.7490277376114268,1.0,0.515072007817091,True
german_credit,XGBoost,56,Actionable CBFI (Proposed),250,0.14072322845458984,20.651977846544803,15.0,3.7087187786213924,True
german_credit,XGBoost,56,Untargeted Causal (Karimi 2021),250,0.14016032218933105,18.34220705533956,13.0,3.494840012873662,True
german_credit,XGBoost,56,Wachter's CE,500,0.09424281120300293,18.34220705533956,13.0,3.494840012873662,True
german_credit,XGBoost,56,SHAP-Targeted CE,343,0.027276992797851562,3.0,1.0,3.3117274316873577,True
german_credit,XGBoost,57,Actionable CBFI (Proposed),250,0.14412951469421387,18.943405969274338,16.0,0.9659582145084631,True
german_credit,XGBoost,57,Untargeted Causal (Karimi 2021),250,0.14298629760742188,17.543016856209842,16.0,1.0839064895280075,True
german_credit,XGBoost,57,Wachter's CE,500,0.12402582168579102,17.543016856209842,16.0,1.0839064895280075,True
german_credit,XGBoost,57,SHAP-Targeted CE,343,0.023825883865356445,3.749027737611427,2.0,1.032512870732098,True
german_credit,XGBoost,58,Actionable CBFI (Proposed),250,0.1472024917602539,21.875617559406,13.0,2.4923312995283315,True
german_credit,XGBoost,58,Untargeted Causal (Karimi 2021),250,0.1473991870880127,22.753044133722156,16.0,1.068767258895182,True
german_credit,XGBoost,58,Wachter's CE,500,0.1286625862121582,22.464398171870442,13.0,2.6297848116164104,True
german_credit,XGBoost,58,SHAP-Targeted CE,343,0.038038015365600586,0.7490277376114268,1.0,0.5914361053958924,True
german_credit,XGBoost,59,Actionable CBFI (Proposed),250,0.18333005905151367,21.665583039659545,16.0,2.1897427163973378,True
german_credit,XGBoost,59,Untargeted Causal (Karimi 2021),250,0.13923192024230957,21.95189761930589,17.0,1.0839064895280075,True
german_credit,XGBoost,59,Wachter's CE,500,0.09085941314697266,21.95189761930589,17.0,1.0839064895280075,True
german_credit,XGBoost,59,SHAP-Targeted CE,343,0.019618511199951172,,,,False
german_credit,XGBoost,60,Actionable CBFI (Proposed),250,0.1468207836151123,21.61524274390007,13.0,1.8687290635024496,True
german_credit,XGBoost,60,Untargeted Causal (Karimi 2021),250,0.12447643280029297,22.36060716637282,14.0,2.7046467671213703,True
german_credit,XGBoost,60,Wachter's CE,500,0.08498525619506836,22.36060716637282,14.0,2.7046467671213703,True
german_credit,XGBoost,60,SHAP-Targeted CE,343,0.019237995147705078,1.749027737611427,2.0,1.186915233742813,True
german_credit,XGBoost,61,Actionable CBFI (Proposed),250,0.19098567962646484,14.223234805723619,11.0,1.716783434783233,True
german_credit,XGBoost,61,Untargeted Causal (Karimi 2021),250,0.14022016525268555,24.221925107457633,15.0,1.5167625905559199,True
german_credit,XGBoost,61,Wachter's CE,500,0.07912397384643555,21.588055215781015,15.0,1.0858986600365046,True
german_credit,XGBoost,61,SHAP-Targeted CE,343,0.022499799728393555,3.0,1.0,1.6338081837779885,True
german_credit,XGBoost,62,Actionable CBFI (Proposed),250,0.19407129287719727,19.391163878346045,13.0,1.6582131297270717,True
german_credit,XGBoost,62,Untargeted Causal (Karimi 2021),250,0.13766908645629883,21.37728197517196,13.0,1.749889542988361,True
german_credit,XGBoost,62,Wachter's CE,500,0.07927680015563965,21.37728197517196,13.0,1.749889542988361,True
german_credit,XGBoost,62,SHAP-Targeted CE,343,0.02439284324645996,2.000000000000001,1.0,1.3478347105653412,True
german_credit,XGBoost,63,Actionable CBFI (Proposed),250,0.14139270782470703,15.197227381060236,13.0,0.8271116119223368,True
german_credit,XGBoost,63,Untargeted Causal (Karimi 2021),250,0.14574074745178223,21.40208427293505,14.0,1.0931454166836205,True
german_credit,XGBoost,63,Wachter's CE,500,0.1289973258972168,21.40208427293505,14.0,1.0931454166836205,True
german_credit,XGBoost,63,SHAP-Targeted CE,343,0.03159070014953613,1.249027737611427,2.0,0.41451730718260854,True
german_credit,XGBoost,64,Actionable CBFI (Proposed),250,0.20928406715393066,14.78980671392923,15.0,0.841005364181138,True
german_credit,XGBoost,64,Untargeted Causal (Karimi 2021),250,0.11823153495788574,23.43473548552597,18.0,1.0839064895280075,True
german_credit,XGBoost,64,Wachter's CE,500,0.07746577262878418,21.096510792157463,18.0,3.614198598492613,True
german_credit,XGBoost,64,SHAP-Targeted CE,343,0.016352176666259766,1.0000000000000007,1.0,0.4669034555576547,True
german_credit,XGBoost,65,Actionable CBFI (Proposed),250,0.18602800369262695,17.88008029417744,12.0,0.7684518383545205,True
german_credit,XGBoost,65,Untargeted Causal (Karimi 2021),250,0.1173851490020752,23.232848218153176,17.0,0.920088107817295,True
german_credit,XGBoost,65,Wachter's CE,500,0.11953043937683105,23.191301422126145,19.0,1.2664138584366011,True
german_credit,XGBoost,65,SHAP-Targeted CE,343,0.03479146957397461,1.0,1.0,0.6945336797084819,True
german_credit,XGBoost,66,Actionable CBFI (Proposed),250,0.12216925621032715,16.703113386536792,14.0,4.158770472067981,True
german_credit,XGBoost,66,Untargeted Causal (Karimi 2021),250,0.1307234764099121,21.87652899507496,14.0,3.2712934726148966,True
german_credit,XGBoost,66,Wachter's CE,500,0.12511587142944336,21.87652899507496,14.0,3.2712934726148966,True
german_credit,XGBoost,66,SHAP-Targeted CE,343,0.022792816162109375,,,,False
german_credit,XGBoost,67,Actionable CBFI (Proposed),250,0.1380631923675537,20.783240904462293,14.0,2.0993646702637188,True
german_credit,XGBoost,67,Untargeted Causal (Karimi 2021),250,0.1416776180267334,22.23068758932749,15.0,4.169231810254531,True
german_credit,XGBoost,67,Wachter's CE,500,0.09757256507873535,20.564910129771594,15.0,1.521491824483922,True
german_credit,XGBoost,67,SHAP-Targeted CE,343,0.019597291946411133,,,,False
german_credit,XGBoost,68,Actionable CBFI (Proposed),250,0.11995983123779297,19.2257696835113,14.0,1.4099279948855588,True
german_credit,XGBoost,68,Untargeted Causal (Karimi 2021),250,0.11758065223693848,22.192923601800516,16.0,2.9188009131363026,True
german_credit,XGBoost,68,Wachter's CE,500,0.11593270301818848,22.192923601800516,16.0,2.9188009131363026,True
german_credit,XGBoost,68,SHAP-Targeted CE,343,0.016583681106567383,2.0000000000000004,1.0,0.5969422496785122,True
german_credit,XGBoost,69,Actionable CBFI (Proposed),250,0.17481064796447754,18.682322416274,14.0,2.317863723180869,True
german_credit,XGBoost,69,Untargeted Causal (Karimi 2021),250,0.14406633377075195,21.02264504462206,14.0,1.6541987815846113,True
german_credit,XGBoost,69,Wachter's CE,500,0.1248629093170166,21.02264504462206,14.0,1.6541987815846113,True
german_credit,XGBoost,69,SHAP-Targeted CE,343,0.024779558181762695,2.000000000000001,1.0,1.3754752295498336,True
german_credit,XGBoost,70,Actionable CBFI (Proposed),250,0.14127421379089355,22.20875564756907,15.0,1.9825017145154784,True
german_credit,XGBoost,70,Untargeted Causal (Karimi 2021),250,0.1385788917541504,22.962575795257216,16.0,2.30142343621977,True
german_credit,XGBoost,70,Wachter's CE,500,0.08997893333435059,22.962575795257216,16.0,2.30142343621977,True
german_credit,XGBoost,70,SHAP-Targeted CE,343,0.02366924285888672,1.2911075512054606,2.0,1.0334098907880098,True
german_credit,XGBoost,71,Actionable CBFI (Proposed),250,0.1821880340576172,18.73953896397068,14.0,1.6518379349202115,True
german_credit,XGBoost,71,Untargeted Causal (Karimi 2021),250,0.11916041374206543,21.81368607575925,14.0,1.601500290802899,True
german_credit,XGBoost,71,Wachter's CE,500,0.1176767349243164,21.81368607575925,14.0,1.601500290802899,True
german_credit,XGBoost,71,SHAP-Targeted CE,343,0.015765666961669922,,,,False
german_credit,XGBoost,72,Actionable CBFI (Proposed),250,0.22821474075317383,18.26748392578666,15.0,0.7906182396940429,True
german_credit,XGBoost,72,Untargeted Causal (Karimi 2021),250,0.1413726806640625,19.54521901371629,16.0,1.601500290802899,True
german_credit,XGBoost,72,Wachter's CE,500,0.12347841262817383,19.54521901371629,16.0,1.601500290802899,True
german_credit,XGBoost,72,SHAP-Targeted CE,343,0.03529214859008789,0.7490277376114268,1.0,1.3761817928498252,True
german_credit,XGBoost,73,Actionable CBFI (Proposed),250,0.16619515419006348,14.20554743372095,15.0,1.2736116528167147,True
german_credit,XGBoost,73,Untargeted Causal (Karimi 2021),250,0.1206064224243164,23.64733588039258,18.0,0.920088107817295,True
german_credit,XGBoost,73,Wachter's CE,500,0.09600019454956055,22.141030487865486,15.0,1.4795019379303591,True
german_credit,XGBoost,73,SHAP-Targeted CE,343,0.0247499942779541,2.749027737611427,2.0,0.3165444498091916,True
german_credit,XGBoost,74,Actionable CBFI (Proposed),250,0.13945674896240234,19.40119787382962,12.0,2.084698655184618,True
german_credit,XGBoost,74,Untargeted Causal (Karimi 2021),250,0.13973784446716309,24.099899905076725,14.0,1.0839064895280075,True
german_credit,XGBoost,74,Wachter's CE,500,0.09755730628967285,22.56125534464778,17.0,0.986324404885233,True
german_credit,XGBoost,74,SHAP-Targeted CE,343,0.022857189178466797,2.000000000000001,1.0,1.4548632564099433,True
german_credit,XGBoost,75,Actionable CBFI (Proposed),250,0.20122647285461426,18.619398528894145,16.0,1.7222910547527408,True
german_credit,XGBoost,75,Untargeted Causal (Karimi 2021),250,0.14055991172790527,22.830854735676617,17.0,1.0839064895280075,True
german_credit,XGBoost,75,Wachter's CE,500,0.12542009353637695,22.830854735676617,17.0,1.0839064895280075,True
german_credit,XGBoost,75,SHAP-Targeted CE,343,0.02608323097229004,3.0000000000000004,1.0,1.0980166777478586,True
german_credit,XGBoost,76,Actionable CBFI (Proposed),250,0.19994378089904785,21.747822106798452,15.0,1.4825136498177343,True
german_credit,XGBoost,76,Untargeted Causal (Karimi 2021),250,0.14276576042175293,22.59516045213949,16.0,3.1028439832995085,True
german_credit,XGBoost,76,Wachter's CE,500,0.11639285087585449,20.29814231247282,12.0,2.751860612693824,True
german_credit,XGBoost,76,SHAP-Targeted CE,343,0.021797657012939453,1.749027737611427,2.0,2.490772332186488,True
german_credit,XGBoost,77,Actionable CBFI (Proposed),250,0.20804119110107422,14.806285950394827,14.0,1.2706491875497459,True
german_credit,XGBoost,77,Untargeted Causal (Karimi 2021),250,0.11917304992675781,20.000070328923233,16.0,1.0839064895280075,True
german_credit,XGBoost,77,Wachter's CE,500,0.08092498779296875,20.000070328923233,16.0,1.0839064895280075,True
german_credit,XGBoost,77,SHAP-Targeted CE,343,0.020562410354614258,0.7490277376114268,1.0,1.241523064150144,True
german_credit,XGBoost,78,Actionable CBFI (Proposed),250,0.18561482429504395,14.37814655285,13.0,1.2321016255785744,True
german_credit,XGBoost,78,Untargeted Causal (Karimi 2021),250,0.14304447174072266,16.265078469450817,16.0,0.920088107817295,True
german_credit,XGBoost,78,Wachter's CE,500,0.11975908279418945,16.265078469450817,16.0,0.920088107817295,True
german_credit,XGBoost,78,SHAP-Targeted CE,343,0.02580714225769043,1.2490277376114263,2.0,0.7623047488374004,True
german_credit,XGBoost,79,Actionable CBFI (Proposed),250,0.21465086936950684,15.805825877806896,15.0,1.3494153126381065,True
german_credit,XGBoost,79,Untargeted Causal (Karimi 2021),250,0.13930177688598633,22.383319565980024,15.0,4.296861404437815,True
german_credit,XGBoost,79,Wachter's CE,500,0.12634968757629395,22.383319565980024,15.0,4.296861404437815,True
german_credit,XGBoost,79,SHAP-Targeted CE,343,0.025588274002075195,3.0000000000000004,1.0,1.104465693669406,True
german_credit,XGBoost,80,Actionable CBFI (Proposed),250,0.23740267753601074,17.232669319043456,14.0,2.100766675165336,True
german_credit,XGBoost,80,Untargeted Causal (Karimi 2021),250,0.12473869323730469,24.29539528822254,17.0,3.0100372625017298,True
german_credit,XGBoost,80,Wachter's CE,500,0.11856532096862793,23.80214490569986,16.0,2.346229719508081,True
german_credit,XGBoost,80,SHAP-Targeted CE,343,0.018527984619140625,2.0000000000000004,1.0,1.0943189885574511,True
german_credit,XGBoost,81,Actionable CBFI (Proposed),250,0.1642611026763916,18.55925922167437,16.0,0.4952141105900084,True
german_credit,XGBoost,81,Untargeted Causal (Karimi 2021),250,0.13165831565856934,22.536043080901624,18.0,1.0839064895280075,True
german_credit,XGBoost,81,Wachter's CE,500,0.12446451187133789,21.30703843711584,13.0,1.6630220582856183,True
german_credit,XGBoost,81,SHAP-Targeted CE,343,0.02768850326538086,2.0000000000000004,1.0,0.6513454417046696,True
german_credit,XGBoost,82,Actionable CBFI (Proposed),250,0.21671843528747559,18.848897448490696,16.0,1.3013458572329286,True
german_credit,XGBoost,82,Untargeted Causal (Karimi 2021),250,0.14210772514343262,23.8119235299143,17.0,2.7631006402687266,True
german_credit,XGBoost,82,Wachter's CE,500,0.12398958206176758,23.8119235299143,17.0,2.7631006402687266,True
german_credit,XGBoost,82,SHAP-Targeted CE,343,0.02826857566833496,2.373322653616383,1.0,0.21401575552371738,True
german_credit,XGBoost,83,Actionable CBFI (Proposed),250,0.16898727416992188,13.968895951720425,14.0,1.4293190178702477,True
german_credit,XGBoost,83,Untargeted Causal (Karimi 2021),250,0.13177037239074707,20.556493402210712,15.0,2.8455011612005108,True
german_credit,XGBoost,83,Wachter's CE,500,0.07867193222045898,20.556493402210712,15.0,2.8455011612005108,True
german_credit,XGBoost,83,SHAP-Targeted CE,343,0.017033100128173828,2.373322653616383,1.0,1.4545893978381157,True
german_credit,XGBoost,84,Actionable CBFI (Proposed),250,0.20188307762145996,18.025169738418626,13.0,0.9224440864828102,True
german_credit,XGBoost,84,Untargeted Causal (Karimi 2021),250,0.12224555015563965,21.246575142748018,16.0,1.8509872419361852,True
german_credit,XGBoost,84,Wachter's CE,500,0.08888125419616699,21.246575142748018,16.0,1.8509872419361852,True
german_credit,XGBoost,84,SHAP-Targeted CE,343,0.021214723587036133,2.000000000000001,1.0,0.811500696899207,True
german_credit,XGBoost,85,Actionable CBFI (Proposed),250,0.23816871643066406,13.309188336334056,12.0,0.9366024797359381,True
german_credit,XGBoost,85,Untargeted Causal (Karimi 2021),250,0.12192916870117188,22.0993159361355,16.0,1.601500290802899,True
german_credit,XGBoost,85,Wachter's CE,500,0.08951902389526367,22.0993159361355,16.0,1.601500290802899,True
german_credit,XGBoost,85,SHAP-Targeted CE,343,0.027190208435058594,0.7490277376114268,1.0,0.5373451789927438,True
german_credit,XGBoost,86,Actionable CBFI (Proposed),250,0.17498993873596191,15.569616023521627,13.0,1.2627673447991363,True
german_credit,XGBoost,86,Untargeted Causal (Karimi 2021),250,0.13846135139465332,22.790915032206613,15.0,1.601500290802899,True
german_credit,XGBoost,86,Wachter's CE,500,0.07901334762573242,22.047717938557202,17.0,1.1182657549339583,True
german_credit,XGBoost,86,SHAP-Targeted CE,343,0.020842552185058594,5.373322653616383,2.0,0.30987365409157563,True
german_credit,XGBoost,87,Actionable CBFI (Proposed),250,0.15858960151672363,19.576540731734525,15.0,1.846530104081801,True
german_credit,XGBoost,87,Untargeted Causal (Karimi 2021),250,0.1350996494293213,21.622138352660343,17.0,1.0839064895280075,True
german_credit,XGBoost,87,Wachter's CE,500,0.12422490119934082,21.622138352660343,17.0,1.0839064895280075,True
german_credit,XGBoost,87,SHAP-Targeted CE,343,0.03180241584777832,1.0,1.0,0.5598714438761828,True
german_credit,XGBoost,88,Actionable CBFI (Proposed),250,0.14199256896972656,20.50705718838471,16.0,0.5609747099845495,True
german_credit,XGBoost,88,Untargeted Causal (Karimi 2021),250,0.1322789192199707,19.822649691727552,17.0,1.0839064895280075,True
german_credit,XGBoost,88,Wachter's CE,500,0.07936716079711914,19.822649691727552,17.0,1.0839064895280075,True
german_credit,XGBoost,88,SHAP-Targeted CE,343,0.019308090209960938,,,,False
german_credit,XGBoost,89,Actionable CBFI (Proposed),250,0.16880512237548828,18.674948006298926,15.0,1.2782319180638355,True
german_credit,XGBoost,89,Untargeted Causal (Karimi 2021),250,0.12415003776550293,17.704532413817436,16.0,1.0839064895280075,True
german_credit,XGBoost,89,Wachter's CE,500,0.12489175796508789,17.704532413817436,16.0,1.0839064895280075,True
german_credit,XGBoost,89,SHAP-Targeted CE,343,0.03194260597229004,1.0000000000000004,1.0,0.9747674645857975,True
german_credit,XGBoost,90,Actionable CBFI (Proposed),250,0.14479279518127441,16.27410076476079,14.0,0.6525070450369762,True
german_credit,XGBoost,90,Untargeted Causal (Karimi 2021),250,0.13745403289794922,21.31124222120227,16.0,0.7501329370074084,True
german_credit,XGBoost,90,Wachter's CE,500,0.08982086181640625,21.28183576221408,19.0,1.4771813086109287,True
german_credit,XGBoost,90,SHAP-Targeted CE,343,0.014822721481323242,,,,False
german_credit,XGBoost,91,Actionable CBFI (Proposed),250,0.16516804695129395,20.696241243345924,15.0,2.2719344635508216,True
german_credit,XGBoost,91,Untargeted Causal (Karimi 2021),250,0.14290666580200195,23.02710959365168,15.0,2.7691002757331677,True
german_credit,XGBoost,91,Wachter's CE,500,0.12432169914245605,22.70442130534283,15.0,2.547146308405978,True
german_credit,XGBoost,91,SHAP-Targeted CE,343,0.023906469345092773,,,,False
german_credit,XGBoost,92,Actionable CBFI (Proposed),250,0.1594533920288086,23.777782516091477,17.0,1.6076145908559965,True
german_credit,XGBoost,92,Untargeted Causal (Karimi 2021),250,0.11858701705932617,23.531881320118895,15.0,2.6315714908149634,True
german_credit,XGBoost,92,Wachter's CE,500,0.11863470077514648,23.531881320118895,15.0,2.6315714908149634,True
german_credit,XGBoost,92,SHAP-Targeted CE,343,0.01682424545288086,,,,False
german_credit,XGBoost,93,Actionable CBFI (Proposed),250,0.15062165260314941,20.12929723351857,15.0,1.0643141748072955,True
german_credit,XGBoost,93,Untargeted Causal (Karimi 2021),250,0.12052559852600098,21.873615743403043,14.0,1.9201589768236036,True
german_credit,XGBoost,93,Wachter's CE,500,0.11687612533569336,21.169148178897522,18.0,1.57884313236914,True
german_credit,XGBoost,93,SHAP-Targeted CE,343,0.019496917724609375,3.373322653616383,2.0,1.204776080176226,True
german_credit,XGBoost,94,Actionable CBFI (Proposed),250,0.15021538734436035,20.966673582179137,13.0,0.6532640798716265,True
german_credit,XGBoost,94,Untargeted Causal (Karimi 2021),250,0.14194869995117188,20.432304037241366,12.0,2.7046467671213703,True
german_credit,XGBoost,94,Wachter's CE,500,0.0816953182220459,20.432304037241366,12.0,2.7046467671213703,True
german_credit,XGBoost,94,SHAP-Targeted CE,343,0.021805524826049805,1.749027737611427,2.0,1.7055168308640418,True
german_credit,XGBoost,95,Actionable CBFI (Proposed),250,0.15562772750854492,11.34634798032359,14.0,1.0564267118239914,True
german_credit,XGBoost,95,Untargeted Causal (Karimi 2021),250,0.14359378814697266,22.495442014258046,17.0,0.7501329370074084,True
german_credit,XGBoost,95,Wachter's CE,500,0.1254582405090332,22.495442014258046,17.0,0.7501329370074084,True
german_credit,XGBoost,95,SHAP-Targeted CE,343,0.02936553955078125,1.0000000000000004,1.0,0.5063263217084912,True
german_credit,XGBoost,96,Actionable CBFI (Proposed),250,0.15469956398010254,20.35009366743957,16.0,0.5680149258301193,True
german_credit,XGBoost,96,Untargeted Causal (Karimi 2021),250,0.1387007236480713,22.739526765992082,16.0,1.1635756263832093,True
german_credit,XGBoost,96,Wachter's CE,500,0.08713912963867188,19.087484316644034,16.0,0.6426489299430229,True
german_credit,XGBoost,96,SHAP-Targeted CE,343,0.01628255844116211,3.0000000000000004,1.0,0.8775345803692922,True
german_credit,XGBoost,97,Actionable CBFI (Proposed),250,0.18596673011779785,12.532635322808796,14.0,1.476853920954913,True
german_credit,XGBoost,97,Untargeted Causal (Karimi 2021),250,0.14002084732055664,21.14250062547325,14.0,2.0934721094175064,True
german_credit,XGBoost,97,Wachter's CE,500,0.11816167831420898,21.14250062547325,14.0,2.0934721094175064,True
german_credit,XGBoost,97,SHAP-Targeted CE,343,0.02790665626525879,0.7490277376114268,1.0,0.7012112332312277,True
german_credit,XGBoost,98,Actionable CBFI (Proposed),250,0.15071821212768555,18.993642625963,12.0,1.367065436385848,True
german_credit,XGBoost,98,Untargeted Causal (Karimi 2021),250,0.13889026641845703,21.823047630364687,17.0,1.0839064895280075,True
german_credit,XGBoost,98,Wachter's CE,500,0.11744046211242676,21.109508844797105,16.0,1.4795019379303591,True
german_credit,XGBoost,98,SHAP-Targeted CE,343,0.022530317306518555,1.749027737611427,2.0,1.0940909828943357,True
german_credit,XGBoost,99,Actionable CBFI (Proposed),250,0.19270944595336914,18.759381082043294,14.0,1.4533770013676437,True
german_credit,XGBoost,99,Untargeted Causal (Karimi 2021),250,0.14405226707458496,20.58601372826656,16.0,0.7501329370074084,True
german_credit,XGBoost,99,Wachter's CE,500,0.12307286262512207,20.58601372826656,16.0,0.7501329370074084,True
german_credit,XGBoost,99,SHAP-Targeted CE,343,0.024610042572021484,3.0,1.0,0.40657355941713613,True
german_credit,XGBoost,100,Actionable CBFI (Proposed),250,0.1833343505859375,21.34664150407088,15.0,2.1656017859529735,True
german_credit,XGBoost,100,Untargeted Causal (Karimi 2021),250,0.13825082778930664,23.218981221674618,18.0,1.0839064895280075,True
german_credit,XGBoost,100,Wachter's CE,500,0.1175680160522461,20.227676753023058,18.0,3.614198598492613,True
german_credit,XGBoost,100,SHAP-Targeted CE,343,0.020391225814819336,,,,False
