Dataset,Model_Architecture,Instance,Method,Evaluations,Time (s),Recourse Cost,Sparsity (L0),Causal Plausibility MSE,Success
breast_cancer,RandomForest,1,Actionable CBFI (Proposed),250,0.08248114585876465,25.78802316217145,9,4.74530889679384,True
breast_cancer,RandomForest,1,Untargeted Causal (Karimi 2021),250,0.05448484420776367,28.666123937808422,10,8.100836980819224,True
breast_cancer,RandomForest,1,Wachter's CE,500,0.06960725784301758,22.517569900110207,10,510.8695936994019,True
breast_cancer,RandomForest,1,SHAP-Targeted CE,343,0.02600693702697754,8.527544900969804,3,89.29217368970964,True
breast_cancer,RandomForest,2,Actionable CBFI (Proposed),250,0.06031060218811035,27.21288137336807,10,3.4230004735145947,True
breast_cancer,RandomForest,2,Untargeted Causal (Karimi 2021),250,0.06172752380371094,20.790671099335462,10,4.444591284428344,True
breast_cancer,RandomForest,2,Wachter's CE,500,0.07154250144958496,20.790671099335462,10,4.444591284428344,True
breast_cancer,RandomForest,2,SHAP-Targeted CE,343,0.026770353317260742,5.059402020914722,3,161.44342389465154,True
breast_cancer,RandomForest,3,Actionable CBFI (Proposed),250,0.06255197525024414,28.8792992277563,10,2.5148385011715857,True
breast_cancer,RandomForest,3,Untargeted Causal (Karimi 2021),250,0.054913997650146484,29.9140719223643,10,4.444591284428344,True
breast_cancer,RandomForest,3,Wachter's CE,500,0.07249855995178223,22.717811696305557,10,495.9404400150099,True
breast_cancer,RandomForest,3,SHAP-Targeted CE,343,0.025383949279785156,12.021436214525327,3,139.7083485109648,True
breast_cancer,RandomForest,4,Actionable CBFI (Proposed),250,0.06208944320678711,22.207261759077205,10,6.943268504767454,True
breast_cancer,RandomForest,4,Untargeted Causal (Karimi 2021),250,0.05908989906311035,28.88998771732863,10,5.082590643232991,True
breast_cancer,RandomForest,4,Wachter's CE,500,0.0730292797088623,24.15910755970026,9,2072.3402140071494,True
breast_cancer,RandomForest,4,SHAP-Targeted CE,343,0.024866819381713867,5.299912994143699,3,16.534562270245416,True
breast_cancer,RandomForest,5,Actionable CBFI (Proposed),250,0.0641787052154541,25.266508802109808,10,6.963013400421664,True
breast_cancer,RandomForest,5,Untargeted Causal (Karimi 2021),250,0.0622258186340332,25.53998667019174,10,4.444591284428344,True
breast_cancer,RandomForest,5,Wachter's CE,500,0.06396174430847168,22.21732772331217,10,1096.9542151396013,True
breast_cancer,RandomForest,5,SHAP-Targeted CE,343,0.024056196212768555,7.067379491629135,3,161.70007113397565,True
breast_cancer,RandomForest,6,Actionable CBFI (Proposed),250,0.06855058670043945,16.513542120422287,9,3.7753863325858004,True
breast_cancer,RandomForest,6,Untargeted Causal (Karimi 2021),250,0.06119847297668457,29.354531848847444,10,3.9300938506445684,True
breast_cancer,RandomForest,6,Wachter's CE,500,0.07170772552490234,15.045027177242769,10,1.2763841927274784,True
breast_cancer,RandomForest,6,SHAP-Targeted CE,343,0.017984390258789062,3.4823392284065635,3,6.5724559353588825,True
breast_cancer,RandomForest,7,Actionable CBFI (Proposed),250,0.05870318412780762,28.348685787050417,10,2.4286640636660066,True
breast_cancer,RandomForest,7,Untargeted Causal (Karimi 2021),250,0.06298542022705078,26.316787910543535,10,4.444591284428344,True
breast_cancer,RandomForest,7,Wachter's CE,500,0.06898093223571777,21.05478739605359,10,103.35929086065075,True
breast_cancer,RandomForest,7,SHAP-Targeted CE,343,0.02554035186767578,5.5660549070639185,3,1.5177929777298484,True
breast_cancer,RandomForest,8,Actionable CBFI (Proposed),250,0.06316709518432617,18.64256586970126,10,1.5695630009931891,True
breast_cancer,RandomForest,8,Untargeted Causal (Karimi 2021),250,0.06163978576660156,31.15753048031594,10,3.3832485224209665,True
breast_cancer,RandomForest,8,Wachter's CE,500,0.0735170841217041,13.07095641887874,10,1.2763841927274784,True
breast_cancer,RandomForest,8,SHAP-Targeted CE,343,0.025685548782348633,1.7210076890321386,3,0.34427029121752406,True
breast_cancer,RandomForest,9,Actionable CBFI (Proposed),250,0.06160473823547363,18.17737951346629,10,1.428561403633492,True
breast_cancer,RandomForest,9,Untargeted Causal (Karimi 2021),250,0.060675859451293945,31.833599927521472,10,3.9300938506445684,True
breast_cancer,RandomForest,9,Wachter's CE,500,0.07024860382080078,17.872295088949326,10,1.2763841927274784,True
breast_cancer,RandomForest,9,SHAP-Targeted CE,343,0.024993181228637695,3.443523612097142,3,2.0568762605099677,True
breast_cancer,RandomForest,10,Actionable CBFI (Proposed),250,0.061595916748046875,21.451237710081983,10,2.654516151626611,True
breast_cancer,RandomForest,10,Untargeted Causal (Karimi 2021),250,0.06211590766906738,29.57079350715315,10,5.789464071754024,True
breast_cancer,RandomForest,10,Wachter's CE,500,0.07224369049072266,13.700087655633435,10,1.2763841927274784,True
breast_cancer,RandomForest,10,SHAP-Targeted CE,343,0.025328874588012695,3.6054395741448486,3,4.559895563203063,True
breast_cancer,RandomForest,11,Actionable CBFI (Proposed),250,0.061354875564575195,31.051503223334237,10,3.872234284148338,True
breast_cancer,RandomForest,11,Untargeted Causal (Karimi 2021),250,0.054625511169433594,27.785476415410855,10,4.444591284428344,True
breast_cancer,RandomForest,11,Wachter's CE,500,0.07195329666137695,20.71672749095529,10,103.35929086065075,True
breast_cancer,RandomForest,11,SHAP-Targeted CE,343,0.025322675704956055,2.5598645330760976,3,11.281756292353343,True
breast_cancer,RandomForest,12,Actionable CBFI (Proposed),250,0.06158256530761719,18.783181545033713,10,1.5695630009931891,True
breast_cancer,RandomForest,12,Untargeted Causal (Karimi 2021),250,0.06272053718566895,27.637578963557665,10,3.9300938506445684,True
breast_cancer,RandomForest,12,Wachter's CE,500,0.07595038414001465,19.394115655904763,10,103.35929086065075,True
breast_cancer,RandomForest,12,SHAP-Targeted CE,343,0.025873661041259766,4.121052775881438,3,11.761689604432888,True
breast_cancer,RandomForest,13,Actionable CBFI (Proposed),250,0.0616912841796875,25.71999880252317,10,5.049483045084894,True
breast_cancer,RandomForest,13,Untargeted Causal (Karimi 2021),250,0.061052560806274414,32.60674152422298,10,4.444591284428344,True
breast_cancer,RandomForest,13,Wachter's CE,500,0.07224774360656738,27.800501558140105,10,510.8695936994019,True
breast_cancer,RandomForest,13,SHAP-Targeted CE,343,0.025234699249267578,8.331178680291796,3,13.248182876131201,True
breast_cancer,RandomForest,14,Actionable CBFI (Proposed),250,0.1428670883178711,26.279040445894623,10,3.0833006462208195,True
breast_cancer,RandomForest,14,Untargeted Causal (Karimi 2021),250,0.06200575828552246,29.99622515005867,10,3.9300938506445684,True
breast_cancer,RandomForest,14,Wachter's CE,500,0.0727543830871582,18.128608605577153,10,103.35929086065075,True
breast_cancer,RandomForest,14,SHAP-Targeted CE,343,0.024913787841796875,3.5233267462712234,3,10.046095916631424,True
breast_cancer,RandomForest,15,Actionable CBFI (Proposed),250,0.06462502479553223,21.65893511431194,10,1.428561403633492,True
breast_cancer,RandomForest,15,Untargeted Causal (Karimi 2021),250,0.054753780364990234,29.574389582667127,10,5.789464071754024,True
breast_cancer,RandomForest,15,Wachter's CE,500,0.07249140739440918,16.116397809704406,10,1.2763841927274784,True
breast_cancer,RandomForest,15,SHAP-Targeted CE,343,0.02593374252319336,2.7165947722660215,3,0.37277593902655665,True
breast_cancer,RandomForest,16,Actionable CBFI (Proposed),250,0.06405901908874512,21.19005950652468,10,3.0309672984377807,True
breast_cancer,RandomForest,16,Untargeted Causal (Karimi 2021),250,0.06202840805053711,34.386457409641594,10,3.9300938506445684,True
breast_cancer,RandomForest,16,Wachter's CE,500,0.07189178466796875,16.93724336153087,10,1.2763841927274784,True
breast_cancer,RandomForest,16,SHAP-Targeted CE,343,0.025545597076416016,3.1597691307991473,3,2.512248238369268,True
breast_cancer,RandomForest,17,Actionable CBFI (Proposed),250,0.06360697746276855,19.069909434120188,10,1.5695630009931891,True
breast_cancer,RandomForest,17,Untargeted Causal (Karimi 2021),250,0.0542752742767334,25.124851841334685,10,3.9300938506445684,True
breast_cancer,RandomForest,17,Wachter's CE,500,0.07302260398864746,19.2662404617969,10,1.2763841927274784,True
breast_cancer,RandomForest,17,SHAP-Targeted CE,343,0.026506662368774414,2.125660926832609,3,0.9794541476864383,True
breast_cancer,RandomForest,18,Actionable CBFI (Proposed),250,0.08535003662109375,22.418202496240706,10,1.5695630009931891,True
breast_cancer,RandomForest,18,Untargeted Causal (Karimi 2021),250,0.062131404876708984,30.671002788641196,10,3.3832485224209665,True
breast_cancer,RandomForest,18,Wachter's CE,500,0.07069587707519531,21.669850415937308,10,1.2763841927274784,True
breast_cancer,RandomForest,18,SHAP-Targeted CE,343,0.024834394454956055,6.415447289090444,3,25.463933397028995,True
breast_cancer,RandomForest,19,Actionable CBFI (Proposed),250,0.05400586128234863,27.34940671912464,10,4.142955339410509,True
breast_cancer,RandomForest,19,Untargeted Causal (Karimi 2021),250,0.05468487739562988,26.089283521894654,10,4.444591284428344,True
breast_cancer,RandomForest,19,Wachter's CE,500,0.07233476638793945,23.359666322547742,10,1096.9542151396013,True
breast_cancer,RandomForest,19,SHAP-Targeted CE,343,0.02449655532836914,10.758698082039809,3,132.87608404548666,True
breast_cancer,RandomForest,20,Actionable CBFI (Proposed),250,0.07568597793579102,22.64194077706038,9,3.7915159480765346,True
breast_cancer,RandomForest,20,Untargeted Causal (Karimi 2021),250,0.06114554405212402,26.119628260262374,10,8.100836980819224,True
breast_cancer,RandomForest,20,Wachter's CE,500,0.05847573280334473,21.021659479969742,10,510.8695936994019,True
breast_cancer,RandomForest,20,SHAP-Targeted CE,343,0.025627851486206055,5.098884545521541,3,11.816395355238699,True
breast_cancer,RandomForest,21,Actionable CBFI (Proposed),250,0.0560305118560791,31.641992889600683,10,2.4286640636660066,True
breast_cancer,RandomForest,21,Untargeted Causal (Karimi 2021),250,0.06228494644165039,24.844000465860578,10,4.444591284428344,True
breast_cancer,RandomForest,21,Wachter's CE,500,0.11056065559387207,24.844000465860578,10,4.444591284428344,True
breast_cancer,RandomForest,21,SHAP-Targeted CE,343,0.02540898323059082,10.186398059819687,3,2.373430268744394,True
breast_cancer,RandomForest,22,Actionable CBFI (Proposed),250,0.06197023391723633,26.720621758689546,10,2.5148385011715857,True
breast_cancer,RandomForest,22,Untargeted Causal (Karimi 2021),250,0.06232404708862305,31.153592422610632,10,3.9300938506445684,True
breast_cancer,RandomForest,22,Wachter's CE,500,0.05766558647155762,21.33494579241529,10,1.2763841927274784,True
breast_cancer,RandomForest,22,SHAP-Targeted CE,343,0.025461196899414062,8.368955492975743,3,30.27671379011396,True
breast_cancer,RandomForest,23,Actionable CBFI (Proposed),250,0.05362057685852051,32.514557223462795,10,6.279887493665972,True
breast_cancer,RandomForest,23,Untargeted Causal (Karimi 2021),250,0.061635732650756836,31.06702916129281,10,8.100836980819224,True
breast_cancer,RandomForest,23,Wachter's CE,500,0.058345794677734375,24.45450870425325,9,508.1416911530315,True
breast_cancer,RandomForest,23,SHAP-Targeted CE,343,0.025128841400146484,9.422269536993923,3,2.2609177576671966,True
breast_cancer,RandomForest,24,Actionable CBFI (Proposed),250,0.06434464454650879,19.39813689675647,10,2.941516952653909,True
breast_cancer,RandomForest,24,Untargeted Causal (Karimi 2021),250,0.062265872955322266,30.90119074636295,10,3.3832485224209665,True
breast_cancer,RandomForest,24,Wachter's CE,500,0.07231330871582031,17.62441028378995,10,1.2763841927274784,True
breast_cancer,RandomForest,24,SHAP-Targeted CE,343,0.025428056716918945,3.826514133892165,3,2.584998605233947,True
breast_cancer,RandomForest,25,Actionable CBFI (Proposed),250,0.061812639236450195,25.169549978465326,10,4.142955339410509,True
breast_cancer,RandomForest,25,Untargeted Causal (Karimi 2021),250,0.06159234046936035,26.319971278862422,10,4.444591284428344,True
breast_cancer,RandomForest,25,Wachter's CE,500,0.07247757911682129,22.989718598353896,10,103.35929086065075,True
breast_cancer,RandomForest,25,SHAP-Targeted CE,343,0.024953126907348633,6.279350464771063,3,3.7584028196094263,True
breast_cancer,RandomForest,26,Actionable CBFI (Proposed),250,0.0635225772857666,22.49536530653205,10,1.5695630009931891,True
breast_cancer,RandomForest,26,Untargeted Causal (Karimi 2021),250,0.07168889045715332,30.342814959918446,10,3.9300938506445684,True
breast_cancer,RandomForest,26,Wachter's CE,500,0.07310199737548828,18.483774260928616,10,1.2763841927274784,True
breast_cancer,RandomForest,26,SHAP-Targeted CE,343,0.025717973709106445,6.4396697609614115,3,8.352618235480143,True
breast_cancer,RandomForest,27,Actionable CBFI (Proposed),250,0.06135749816894531,28.471527256897282,10,1.4926316484010678,True
breast_cancer,RandomForest,27,Untargeted Causal (Karimi 2021),250,0.06180620193481445,26.139402725061796,10,4.444591284428344,True
breast_cancer,RandomForest,27,Wachter's CE,500,0.07322120666503906,20.763835076441957,10,103.35929086065075,True
breast_cancer,RandomForest,27,SHAP-Targeted CE,343,0.026716232299804688,4.259427081520821,3,49.14814687768731,True
breast_cancer,RandomForest,28,Actionable CBFI (Proposed),250,0.059114694595336914,27.42569820777976,10,2.5148385011715857,True
breast_cancer,RandomForest,28,Untargeted Causal (Karimi 2021),250,0.06147170066833496,32.72819000063217,10,4.444591284428344,True
breast_cancer,RandomForest,28,Wachter's CE,500,0.07241678237915039,24.672214637558813,10,495.9404400150099,True
breast_cancer,RandomForest,28,SHAP-Targeted CE,343,0.024785757064819336,12.58595014996946,3,295.01784838942234,True
breast_cancer,RandomForest,29,Actionable CBFI (Proposed),250,0.061866044998168945,30.378432880667983,10,6.281124297324581,True
breast_cancer,RandomForest,29,Untargeted Causal (Karimi 2021),250,0.05372190475463867,28.690775309779852,10,5.082590643232991,True
breast_cancer,RandomForest,29,Wachter's CE,500,0.07383370399475098,9.954030953240931,10,1.2763841927274784,True
breast_cancer,RandomForest,29,SHAP-Targeted CE,343,0.025852441787719727,2.321491426554056,3,11.786495849625721,True
breast_cancer,RandomForest,30,Actionable CBFI (Proposed),250,0.06463360786437988,32.36853809323995,10,1.5695630009931891,True
breast_cancer,RandomForest,30,Untargeted Causal (Karimi 2021),250,0.05464291572570801,32.75580559627062,10,3.9300938506445684,True
breast_cancer,RandomForest,30,Wachter's CE,500,0.07000923156738281,26.047404595491084,10,1.2763841927274784,True
breast_cancer,RandomForest,30,SHAP-Targeted CE,343,0.02474665641784668,10.207316935986533,3,194.08977065648307,True
breast_cancer,RandomForest,31,Actionable CBFI (Proposed),250,0.05942678451538086,29.580339641680695,10,2.4286640636660066,True
breast_cancer,RandomForest,31,Untargeted Causal (Karimi 2021),250,0.06238079071044922,25.538367579220456,10,4.444591284428344,True
breast_cancer,RandomForest,31,Wachter's CE,500,0.07470130920410156,25.538367579220456,10,4.444591284428344,True
breast_cancer,RandomForest,31,SHAP-Targeted CE,343,0.025646448135375977,7.1107383930176,3,12.928560491211504,True
breast_cancer,RandomForest,32,Actionable CBFI (Proposed),250,0.06276082992553711,20.29790525155648,10,1.5695630009931891,True
breast_cancer,RandomForest,32,Untargeted Causal (Karimi 2021),250,0.06173849105834961,29.805574300835964,10,3.9300938506445684,True
breast_cancer,RandomForest,32,Wachter's CE,500,0.06936097145080566,20.158006773706447,10,1.2763841927274784,True
breast_cancer,RandomForest,32,SHAP-Targeted CE,343,0.026168107986450195,4.669919465991468,3,8.855278576966146,True
breast_cancer,RandomForest,33,Actionable CBFI (Proposed),250,0.06187319755554199,23.004630078600165,10,1.5695630009931891,True
breast_cancer,RandomForest,33,Untargeted Causal (Karimi 2021),250,0.061701059341430664,29.605253707578893,10,4.444591284428344,True
breast_cancer,RandomForest,33,Wachter's CE,500,0.07368111610412598,21.162034468170393,10,103.35929086065075,True
breast_cancer,RandomForest,33,SHAP-Targeted CE,343,0.02524590492248535,4.9178042228281535,3,28.685794690800947,True
breast_cancer,RandomForest,34,Actionable CBFI (Proposed),250,0.06459307670593262,16.786156493425135,10,2.191894440448257,True
breast_cancer,RandomForest,34,Untargeted Causal (Karimi 2021),250,0.06129574775695801,25.82011912279754,10,3.9300938506445684,True
breast_cancer,RandomForest,34,Wachter's CE,500,0.06897568702697754,15.23725230196778,10,1.2763841927274784,True
breast_cancer,RandomForest,34,SHAP-Targeted CE,343,0.02669978141784668,1.870707269569722,3,0.14604585678766446,True
breast_cancer,RandomForest,35,Actionable CBFI (Proposed),250,0.06061124801635742,28.7900943677867,10,3.637491353492353,True
breast_cancer,RandomForest,35,Untargeted Causal (Karimi 2021),250,0.06206226348876953,26.726276546615118,10,6.7471250934866696,True
breast_cancer,RandomForest,35,Wachter's CE,500,0.07268285751342773,22.22038657710688,10,103.35929086065075,True
breast_cancer,RandomForest,35,SHAP-Targeted CE,343,0.025234699249267578,1.5612623293245842,3,1.6492108723568712,True
breast_cancer,RandomForest,36,Actionable CBFI (Proposed),250,0.08391165733337402,21.985920075724632,10,2.5361771215622486,True
breast_cancer,RandomForest,36,Untargeted Causal (Karimi 2021),250,0.06059145927429199,25.20612411656085,10,3.9300938506445684,True
breast_cancer,RandomForest,36,Wachter's CE,500,0.0726175308227539,13.962124678293055,10,1.2763841927274784,True
breast_cancer,RandomForest,36,SHAP-Targeted CE,343,0.025497913360595703,1.4695431362753837,3,1.4899694459761637,True
breast_cancer,RandomForest,37,Actionable CBFI (Proposed),250,0.059122562408447266,22.78516674572022,10,4.849148884699498,True
breast_cancer,RandomForest,37,Untargeted Causal (Karimi 2021),250,0.06218981742858887,25.982774161978977,10,3.9300938506445684,True
breast_cancer,RandomForest,37,Wachter's CE,500,0.07277369499206543,19.85498318161136,10,103.35929086065075,True
breast_cancer,RandomForest,37,SHAP-Targeted CE,343,0.025551557540893555,1.2899831796250263,3,4.088102322598961,True
breast_cancer,RandomForest,38,Actionable CBFI (Proposed),250,0.06203293800354004,19.62168051022198,10,3.0883018957539456,True
breast_cancer,RandomForest,38,Untargeted Causal (Karimi 2021),250,0.06133747100830078,28.322333878512563,10,3.9300938506445684,True
breast_cancer,RandomForest,38,Wachter's CE,500,0.06990647315979004,11.394760732800599,10,1.2763841927274784,True
breast_cancer,RandomForest,38,SHAP-Targeted CE,343,0.025305747985839844,2.542228618070793,3,2.102280091667633,True
breast_cancer,RandomForest,39,Actionable CBFI (Proposed),250,0.06330132484436035,25.453383974945357,10,5.8137917667156005,True
breast_cancer,RandomForest,39,Untargeted Causal (Karimi 2021),250,0.06163644790649414,28.774262813561485,10,4.444591284428344,True
breast_cancer,RandomForest,39,Wachter's CE,500,0.07239174842834473,28.63953667269879,10,510.8695936994019,True
breast_cancer,RandomForest,39,SHAP-Targeted CE,343,0.025279521942138672,7.9245561806046645,3,17.815785990770248,True
breast_cancer,RandomForest,40,Actionable CBFI (Proposed),250,0.061563968658447266,17.160046725364555,10,1.5695630009931891,True
breast_cancer,RandomForest,40,Untargeted Causal (Karimi 2021),250,0.06162095069885254,27.732348797221157,10,3.9300938506445684,True
breast_cancer,RandomForest,40,Wachter's CE,500,0.06923723220825195,12.369237811750114,10,1.2763841927274784,True
breast_cancer,RandomForest,40,SHAP-Targeted CE,343,0.02534317970275879,1.8201923910386544,3,2.1049316539531318,True
breast_cancer,RandomForest,41,Actionable CBFI (Proposed),250,0.06420636177062988,17.769646163838008,10,2.042955303116454,True
breast_cancer,RandomForest,41,Untargeted Causal (Karimi 2021),250,0.10335230827331543,24.159087008251966,10,3.9300938506445684,True
breast_cancer,RandomForest,41,Wachter's CE,500,0.07325196266174316,13.7780983496516,10,1.2763841927274784,True
breast_cancer,RandomForest,41,SHAP-Targeted CE,343,0.025441408157348633,1.494607065459728,3,4.170933423714492,True
breast_cancer,RandomForest,42,Actionable CBFI (Proposed),250,0.06407856941223145,31.265655320519635,10,3.529212441524921,True
breast_cancer,RandomForest,42,Untargeted Causal (Karimi 2021),250,0.061190128326416016,27.84510724251532,10,4.444591284428344,True
breast_cancer,RandomForest,42,Wachter's CE,500,0.07154583930969238,22.91651077724704,10,495.9404400150099,True
breast_cancer,RandomForest,42,SHAP-Targeted CE,343,0.02517557144165039,9.35670686026677,3,94.82215391782431,True
breast_cancer,RandomForest,43,Actionable CBFI (Proposed),250,0.06441020965576172,13.854817372825945,10,1.428561403633492,True
breast_cancer,RandomForest,43,Untargeted Causal (Karimi 2021),250,0.05668830871582031,27.232143282274524,10,3.9300938506445684,True
breast_cancer,RandomForest,43,Wachter's CE,500,0.07170677185058594,13.292399433888432,10,1.2763841927274784,True
breast_cancer,RandomForest,43,SHAP-Targeted CE,343,0.025348901748657227,2.4670682830752084,3,2.628174505859779,True
breast_cancer,RandomForest,44,Actionable CBFI (Proposed),250,0.06211376190185547,26.506106541100642,10,2.5148385011715857,True
breast_cancer,RandomForest,44,Untargeted Causal (Karimi 2021),250,0.0554201602935791,30.96192333799498,10,4.444591284428344,True
breast_cancer,RandomForest,44,Wachter's CE,500,0.07236933708190918,22.86671405587938,10,495.9404400150099,True
breast_cancer,RandomForest,44,SHAP-Targeted CE,343,0.024890899658203125,9.061932607596493,3,78.5250145810856,True
breast_cancer,RandomForest,45,Actionable CBFI (Proposed),250,0.06078457832336426,18.22197084980781,10,1.36316577570089,True
breast_cancer,RandomForest,45,Untargeted Causal (Karimi 2021),250,0.05562567710876465,27.73586378752941,10,3.9300938506445684,True
breast_cancer,RandomForest,45,Wachter's CE,500,0.08786630630493164,20.746732723821257,10,103.35929086065075,True
breast_cancer,RandomForest,45,SHAP-Targeted CE,343,0.024502038955688477,3.2177376061968035,3,2.3886608628361707,True
breast_cancer,RandomForest,46,Actionable CBFI (Proposed),250,0.06840658187866211,32.6738737273163,10,4.391641456213439,True
breast_cancer,RandomForest,46,Untargeted Causal (Karimi 2021),250,0.06160879135131836,26.171892409150534,10,4.444591284428344,True
breast_cancer,RandomForest,46,Wachter's CE,500,0.07181882858276367,23.310652760634593,10,1096.9542151396013,True
breast_cancer,RandomForest,46,SHAP-Targeted CE,343,0.025507688522338867,7.552309712106862,3,10.944656715117187,True
breast_cancer,RandomForest,47,Actionable CBFI (Proposed),250,0.06632423400878906,18.63843444653929,10,1.428561403633492,True
breast_cancer,RandomForest,47,Untargeted Causal (Karimi 2021),250,0.061493873596191406,29.635678012567997,10,3.9300938506445684,True
breast_cancer,RandomForest,47,Wachter's CE,500,0.0717153549194336,15.078326553178353,10,1.2763841927274784,True
breast_cancer,RandomForest,47,SHAP-Targeted CE,343,0.02524280548095703,3.431396815098582,3,2.7787181285502522,True
breast_cancer,RandomForest,48,Actionable CBFI (Proposed),250,0.06342649459838867,20.96081608815699,10,2.191894440448257,True
breast_cancer,RandomForest,48,Untargeted Causal (Karimi 2021),250,0.06003832817077637,29.102495146861727,10,3.9300938506445684,True
breast_cancer,RandomForest,48,Wachter's CE,500,0.059478044509887695,17.867339741405242,10,1.2763841927274784,True
breast_cancer,RandomForest,48,SHAP-Targeted CE,343,0.02315378189086914,3.6899453884439337,3,1.4457049892205032,True
breast_cancer,RandomForest,49,Actionable CBFI (Proposed),250,0.06137990951538086,15.938450674366376,10,1.428561403633492,True
breast_cancer,RandomForest,49,Untargeted Causal (Karimi 2021),250,0.061074018478393555,26.769516314817842,10,3.9300938506445684,True
breast_cancer,RandomForest,49,Wachter's CE,500,0.07107281684875488,10.776919293460956,10,1.2763841927274784,True
breast_cancer,RandomForest,49,SHAP-Targeted CE,343,0.025552988052368164,2.726267115907332,3,7.2643378079519225,True
breast_cancer,RandomForest,50,Actionable CBFI (Proposed),250,0.06450295448303223,21.009805742777857,10,2.191894440448257,True
breast_cancer,RandomForest,50,Untargeted Causal (Karimi 2021),250,0.06102252006530762,30.38174644034053,10,3.9300938506445684,True
breast_cancer,RandomForest,50,Wachter's CE,500,0.07341861724853516,16.281365275834343,10,1.2763841927274784,True
breast_cancer,RandomForest,50,SHAP-Targeted CE,343,0.02559685707092285,4.101166531325151,3,3.4727820255423976,True
breast_cancer,RandomForest,51,Actionable CBFI (Proposed),250,0.060868024826049805,24.46777282566451,10,4.142955339410509,True
breast_cancer,RandomForest,51,Untargeted Causal (Karimi 2021),250,0.06173825263977051,24.81772393214025,10,4.444591284428344,True
breast_cancer,RandomForest,51,Wachter's CE,500,0.047150611877441406,22.31235289244671,10,103.35929086065075,True
breast_cancer,RandomForest,51,SHAP-Targeted CE,343,0.026009321212768555,6.741436785999882,3,5.769647122097554,True
breast_cancer,RandomForest,52,Actionable CBFI (Proposed),250,0.062209367752075195,23.338275795203025,10,5.049483045084894,True
breast_cancer,RandomForest,52,Untargeted Causal (Karimi 2021),250,0.06138491630554199,30.79586465421954,10,4.444591284428344,True
breast_cancer,RandomForest,52,Wachter's CE,500,0.0648810863494873,21.65607114334769,10,1.2763841927274784,True
breast_cancer,RandomForest,52,SHAP-Targeted CE,343,0.02370429039001465,4.995898863935121,3,0.8474536164701425,True
breast_cancer,RandomForest,53,Actionable CBFI (Proposed),250,0.06082296371459961,19.982548070153136,10,2.032461736012115,True
breast_cancer,RandomForest,53,Untargeted Causal (Karimi 2021),250,0.06178736686706543,25.71774535969263,10,3.9300938506445684,True
breast_cancer,RandomForest,53,Wachter's CE,500,0.0719304084777832,16.923379183617214,10,1.2763841927274784,True
breast_cancer,RandomForest,53,SHAP-Targeted CE,343,0.04249405860900879,1.2498100925967992,3,0.3270925282212084,True
breast_cancer,RandomForest,54,Actionable CBFI (Proposed),250,0.0629274845123291,18.542586615907535,10,1.6398711675980029,True
breast_cancer,RandomForest,54,Untargeted Causal (Karimi 2021),250,0.06227445602416992,28.156850806245743,10,3.9300938506445684,True
breast_cancer,RandomForest,54,Wachter's CE,500,0.07297635078430176,17.77664114827489,10,103.35929086065075,True
breast_cancer,RandomForest,54,SHAP-Targeted CE,343,0.025714635848999023,4.413451311196349,3,14.20642994914207,True
breast_cancer,RandomForest,55,Actionable CBFI (Proposed),250,0.06473827362060547,25.79833649520463,10,6.963013400421664,True
breast_cancer,RandomForest,55,Untargeted Causal (Karimi 2021),250,0.06133270263671875,29.199298197410602,10,4.444591284428344,True
breast_cancer,RandomForest,55,Wachter's CE,500,0.07284951210021973,22.32606441800859,10,495.9404400150099,True
breast_cancer,RandomForest,55,SHAP-Targeted CE,343,0.02590012550354004,6.414187221957982,3,75.38423616082602,True
breast_cancer,RandomForest,56,Actionable CBFI (Proposed),250,0.06383109092712402,39.88623392294619,9,5.734640462853442,True
breast_cancer,RandomForest,56,Untargeted Causal (Karimi 2021),250,0.053243160247802734,41.48097659138085,10,8.100836980819224,True
breast_cancer,RandomForest,56,Wachter's CE,500,0.07338643074035645,35.26004434054221,10,510.8695936994019,True
breast_cancer,RandomForest,56,SHAP-Targeted CE,343,0.02564239501953125,14.987004312840087,3,211.30000067178923,True
breast_cancer,RandomForest,57,Actionable CBFI (Proposed),250,0.062020301818847656,40.46147892677749,10,2.5148385011715857,True
breast_cancer,RandomForest,57,Untargeted Causal (Karimi 2021),250,0.06132388114929199,35.73341177036642,10,4.444591284428344,True
breast_cancer,RandomForest,57,Wachter's CE,500,0.07283306121826172,34.490020809625626,10,1079.6358551849462,True
breast_cancer,RandomForest,57,SHAP-Targeted CE,343,0.0251772403717041,16.807278985688754,3,7.942794966533073,True
breast_cancer,RandomForest,58,Actionable CBFI (Proposed),250,0.060402870178222656,32.74228159951378,10,4.540037383447564,True
breast_cancer,RandomForest,58,Untargeted Causal (Karimi 2021),250,0.06167483329772949,33.555257022405804,10,4.444591284428344,True
breast_cancer,RandomForest,58,Wachter's CE,500,0.07278752326965332,28.374063304190173,10,530.6865889935248,True
breast_cancer,RandomForest,58,SHAP-Targeted CE,343,0.025287389755249023,12.430877893642911,3,123.3949168447404,True
breast_cancer,RandomForest,59,Actionable CBFI (Proposed),250,0.06468367576599121,32.82650248065664,10,4.540037383447564,True
breast_cancer,RandomForest,59,Untargeted Causal (Karimi 2021),250,0.06189537048339844,28.406225498175175,10,4.444591284428344,True
breast_cancer,RandomForest,59,Wachter's CE,500,0.07277226448059082,20.77870736260162,10,103.35929086065075,True
breast_cancer,RandomForest,59,SHAP-Targeted CE,343,0.025904178619384766,6.605034158472931,3,2.9861914073795606,True
breast_cancer,RandomForest,60,Actionable CBFI (Proposed),250,0.06269431114196777,29.759194189274684,10,3.3097063676857195,True
breast_cancer,RandomForest,60,Untargeted Causal (Karimi 2021),250,0.06174159049987793,28.162866619238123,10,3.9300938506445684,True
breast_cancer,RandomForest,60,Wachter's CE,500,0.0725705623626709,15.587339039974934,10,1.2763841927274784,True
breast_cancer,RandomForest,60,SHAP-Targeted CE,343,0.026333332061767578,1.690933689340727,3,0.46332637869291715,True
breast_cancer,RandomForest,61,Actionable CBFI (Proposed),250,0.11022663116455078,32.00904667303815,10,2.4286640636660066,True
breast_cancer,RandomForest,61,Untargeted Causal (Karimi 2021),250,0.061426639556884766,28.78896709128467,10,4.444591284428344,True
breast_cancer,RandomForest,61,Wachter's CE,500,0.06980514526367188,22.635678217461372,10,103.35929086065075,True
breast_cancer,RandomForest,61,SHAP-Targeted CE,343,0.025466442108154297,6.422188952445541,3,7.168207296476357,True
breast_cancer,RandomForest,62,Actionable CBFI (Proposed),250,0.06257748603820801,26.75788840234816,10,4.391641456213439,True
breast_cancer,RandomForest,62,Untargeted Causal (Karimi 2021),250,0.06181144714355469,25.70666813311578,10,3.9300938506445684,True
breast_cancer,RandomForest,62,Wachter's CE,500,0.07244300842285156,18.55817445494398,10,1.2763841927274784,True
breast_cancer,RandomForest,62,SHAP-Targeted CE,343,0.02541375160217285,3.944576011568914,3,6.14743637568864,True
breast_cancer,RandomForest,63,Actionable CBFI (Proposed),250,0.06009244918823242,20.696607690823956,10,1.5695630009931891,True
breast_cancer,RandomForest,63,Untargeted Causal (Karimi 2021),250,0.06150221824645996,25.950933895287857,10,3.9300938506445684,True
breast_cancer,RandomForest,63,Wachter's CE,500,0.06886625289916992,20.469761909831828,10,1.2763841927274784,True
breast_cancer,RandomForest,63,SHAP-Targeted CE,343,0.025443315505981445,4.46639088642975,3,5.279847507411275,True
breast_cancer,RandomForest,64,Actionable CBFI (Proposed),250,0.05891561508178711,32.402247037880215,10,2.4286640636660066,True
breast_cancer,RandomForest,64,Untargeted Causal (Karimi 2021),250,0.06153154373168945,26.240397610584473,10,4.444591284428344,True
breast_cancer,RandomForest,64,Wachter's CE,500,0.07239532470703125,24.68857163647834,10,103.35929086065075,True
breast_cancer,RandomForest,64,SHAP-Targeted CE,343,0.02525782585144043,9.676134180958687,3,6.84908071447335,True
breast_cancer,RandomForest,65,Actionable CBFI (Proposed),250,0.08877921104431152,15.46443699079174,10,2.191894440448257,True
breast_cancer,RandomForest,65,Untargeted Causal (Karimi 2021),250,0.055440425872802734,26.539556836122586,10,3.9300938506445684,True
breast_cancer,RandomForest,65,Wachter's CE,500,0.07212138175964355,15.576846826370485,10,1.2763841927274784,True
breast_cancer,RandomForest,65,SHAP-Targeted CE,343,0.02623772621154785,2.1192161017187394,3,0.46343858866703297,True
breast_cancer,RandomForest,66,Actionable CBFI (Proposed),250,0.06455206871032715,18.474374694458003,10,2.191894440448257,True
breast_cancer,RandomForest,66,Untargeted Causal (Karimi 2021),250,0.06198549270629883,25.4337639122728,10,3.9300938506445684,True
breast_cancer,RandomForest,66,Wachter's CE,500,0.056491851806640625,15.966316702062269,10,1.2763841927274784,True
breast_cancer,RandomForest,66,SHAP-Targeted CE,343,0.02527761459350586,1.1786765896058369,3,1.7921597075262627,True
breast_cancer,RandomForest,67,Actionable CBFI (Proposed),250,0.07128310203552246,24.02325848077265,9,1.2074028875708558,True
breast_cancer,RandomForest,67,Untargeted Causal (Karimi 2021),250,0.06225895881652832,29.196133129133624,10,3.9300938506445684,True
breast_cancer,RandomForest,67,Wachter's CE,500,0.05627775192260742,19.91267354158917,10,1.2763841927274784,True
breast_cancer,RandomForest,67,SHAP-Targeted CE,343,0.026015520095825195,3.5216374906763743,3,1.616948677898614,True
breast_cancer,RandomForest,68,Actionable CBFI (Proposed),250,0.06365561485290527,33.79279709109872,10,2.614776464608974,True
breast_cancer,RandomForest,68,Untargeted Causal (Karimi 2021),250,0.06171011924743652,39.14631077076788,10,4.444591284428344,True
breast_cancer,RandomForest,68,Wachter's CE,500,0.11090469360351562,32.6746440319395,10,13.964881554476886,True
breast_cancer,RandomForest,68,SHAP-Targeted CE,343,0.024213552474975586,16.307177268997133,3,18.594600349496787,True
breast_cancer,RandomForest,69,Actionable CBFI (Proposed),250,0.05646014213562012,18.553296470758422,10,1.8453206273504885,True
breast_cancer,RandomForest,69,Untargeted Causal (Karimi 2021),250,0.0540311336517334,29.22595423297726,10,3.9300938506445684,True
breast_cancer,RandomForest,69,Wachter's CE,500,0.07132434844970703,20.303024697785066,10,1.2763841927274784,True
breast_cancer,RandomForest,69,SHAP-Targeted CE,343,0.02602839469909668,4.238724760342398,3,4.802831439228478,True
breast_cancer,RandomForest,70,Actionable CBFI (Proposed),250,0.0626668930053711,23.68233108213641,10,1.5695630009931891,True
breast_cancer,RandomForest,70,Untargeted Causal (Karimi 2021),250,0.06166219711303711,32.72344293918126,10,3.3832485224209665,True
breast_cancer,RandomForest,70,Wachter's CE,500,0.0593111515045166,19.69187160334048,10,1.2763841927274784,True
breast_cancer,RandomForest,70,SHAP-Targeted CE,343,0.025160551071166992,9.285827246753595,3,133.2490315317684,True
breast_cancer,RandomForest,71,Actionable CBFI (Proposed),250,0.060014963150024414,32.709885061968635,10,2.7440277206258714,True
breast_cancer,RandomForest,71,Untargeted Causal (Karimi 2021),250,0.06165432929992676,29.231579374073362,10,4.444591284428344,True
breast_cancer,RandomForest,71,Wachter's CE,500,0.06961488723754883,16.949186957581592,10,103.35929086065075,True
breast_cancer,RandomForest,71,SHAP-Targeted CE,343,0.024956226348876953,5.764706786769335,3,52.46397185489539,True
breast_cancer,RandomForest,72,Actionable CBFI (Proposed),250,0.05661416053771973,31.237760768607473,10,4.540037383447564,True
breast_cancer,RandomForest,72,Untargeted Causal (Karimi 2021),250,0.04988551139831543,27.27890276792265,10,4.444591284428344,True
breast_cancer,RandomForest,72,Wachter's CE,500,0.07339668273925781,22.097874597488484,10,103.35929086065075,True
breast_cancer,RandomForest,72,SHAP-Targeted CE,343,0.0461277961730957,8.24214735743789,3,5.136033780929708,True
breast_cancer,RandomForest,73,Actionable CBFI (Proposed),250,0.061308860778808594,54.277645549042376,10,1.5695630009931891,True
breast_cancer,RandomForest,73,Untargeted Causal (Karimi 2021),250,0.07027935981750488,45.208510840195736,10,4.444591284428344,True
breast_cancer,RandomForest,73,Wachter's CE,500,0.05677533149719238,36.26942004651846,8,13.964881554476886,True
breast_cancer,RandomForest,73,SHAP-Targeted CE,343,0.02453327178955078,22.149032335438108,3,509.87231910872885,True
breast_cancer,RandomForest,74,Actionable CBFI (Proposed),250,0.062158823013305664,17.017280219771237,10,3.1133397155469527,True
breast_cancer,RandomForest,74,Untargeted Causal (Karimi 2021),250,0.0617678165435791,26.59863015895418,10,3.9300938506445684,True
breast_cancer,RandomForest,74,Wachter's CE,500,0.07195425033569336,16.235409138899797,10,1.2763841927274784,True
breast_cancer,RandomForest,74,SHAP-Targeted CE,343,0.02604961395263672,0.7049572796308451,3,1.8026732721489604,True
breast_cancer,RandomForest,75,Actionable CBFI (Proposed),250,0.05413389205932617,22.93487673406727,10,3.2479610093859783,True
breast_cancer,RandomForest,75,Untargeted Causal (Karimi 2021),250,0.06101417541503906,25.340125707257094,10,4.444591284428344,True
breast_cancer,RandomForest,75,Wachter's CE,500,0.058286190032958984,18.921537644432565,10,103.35929086065075,True
breast_cancer,RandomForest,75,SHAP-Targeted CE,343,0.024073123931884766,5.623963860232644,3,4.897685269357784,True
breast_cancer,RandomForest,76,Actionable CBFI (Proposed),250,0.06230282783508301,28.438054563166418,10,2.5148385011715857,True
breast_cancer,RandomForest,76,Untargeted Causal (Karimi 2021),250,0.05722928047180176,31.73038741437683,10,4.444591284428344,True
breast_cancer,RandomForest,76,Wachter's CE,500,0.07061600685119629,27.364875115690364,10,495.9404400150099,True
breast_cancer,RandomForest,76,SHAP-Targeted CE,343,0.023873567581176758,13.233258340769778,3,377.43482655890756,True
breast_cancer,RandomForest,77,Actionable CBFI (Proposed),250,0.05933737754821777,23.049600661705533,10,1.5695630009931891,True
breast_cancer,RandomForest,77,Untargeted Causal (Karimi 2021),250,0.060749053955078125,28.03805098672501,10,3.9300938506445684,True
breast_cancer,RandomForest,77,Wachter's CE,500,0.06772828102111816,19.64982023163435,10,1.2763841927274784,True
breast_cancer,RandomForest,77,SHAP-Targeted CE,343,0.024671316146850586,4.497523370115762,3,8.354374890065971,True
breast_cancer,RandomForest,78,Actionable CBFI (Proposed),250,0.06159090995788574,27.991540891055756,10,4.417852725595184,True
breast_cancer,RandomForest,78,Untargeted Causal (Karimi 2021),250,0.0464634895324707,31.275164465870873,10,4.444591284428344,True
breast_cancer,RandomForest,78,Wachter's CE,500,0.07088685035705566,18.42514619334132,10,1.2763841927274784,True
breast_cancer,RandomForest,78,SHAP-Targeted CE,343,0.025641202926635742,4.020434380046024,3,17.698093534524094,True
breast_cancer,RandomForest,79,Actionable CBFI (Proposed),250,0.059725284576416016,28.518679636608454,10,2.4286640636660066,True
breast_cancer,RandomForest,79,Untargeted Causal (Karimi 2021),250,0.06042361259460449,26.181841596947816,10,4.444591284428344,True
breast_cancer,RandomForest,79,Wachter's CE,500,0.0723881721496582,22.85505553232071,10,103.35929086065075,True
breast_cancer,RandomForest,79,SHAP-Targeted CE,343,0.018070697784423828,7.464581580387874,3,75.7358101724286,True
breast_cancer,RandomForest,80,Actionable CBFI (Proposed),250,0.0640251636505127,17.717399841836833,10,1.9769371617663762,True
breast_cancer,RandomForest,80,Untargeted Causal (Karimi 2021),250,0.053494930267333984,23.05705036729512,10,3.9300938506445684,True
breast_cancer,RandomForest,80,Wachter's CE,500,0.07173418998718262,17.207536560310206,10,112.83692412988431,True
breast_cancer,RandomForest,80,SHAP-Targeted CE,343,0.024789094924926758,1.329775593914695,3,10.109228911414856,True
breast_cancer,RandomForest,81,Actionable CBFI (Proposed),250,0.04422712326049805,22.652588105825203,10,2.5599918876452707,True
breast_cancer,RandomForest,81,Untargeted Causal (Karimi 2021),250,0.06110405921936035,26.153387516212764,10,3.9300938506445684,True
breast_cancer,RandomForest,81,Wachter's CE,500,0.05583524703979492,19.558213047118738,10,1.2763841927274784,True
breast_cancer,RandomForest,81,SHAP-Targeted CE,343,0.025740623474121094,3.920728105063802,3,4.3675884856391765,True
breast_cancer,RandomForest,82,Actionable CBFI (Proposed),250,0.058980703353881836,25.606317032897532,10,4.417852725595184,True
breast_cancer,RandomForest,82,Untargeted Causal (Karimi 2021),250,0.05302023887634277,27.832214548481648,10,4.444591284428344,True
breast_cancer,RandomForest,82,Wachter's CE,500,0.07011795043945312,19.525366204800857,10,1.2763841927274784,True
breast_cancer,RandomForest,82,SHAP-Targeted CE,343,0.025241613388061523,3.959029857045384,3,11.228788609610227,True
breast_cancer,RandomForest,83,Actionable CBFI (Proposed),250,0.06131315231323242,25.745219671086907,10,1.244904127425221,True
breast_cancer,RandomForest,83,Untargeted Causal (Karimi 2021),250,0.05452275276184082,27.399566506823696,10,5.082590643232991,True
breast_cancer,RandomForest,83,Wachter's CE,500,0.0736689567565918,16.3820591000107,10,1.2763841927274784,True
breast_cancer,RandomForest,83,SHAP-Targeted CE,343,0.02627849578857422,3.569728305251314,3,12.110470506783226,True
breast_cancer,RandomForest,84,Actionable CBFI (Proposed),250,0.05389881134033203,25.008854755492,10,2.5148385011715857,True
breast_cancer,RandomForest,84,Untargeted Causal (Karimi 2021),250,0.05372500419616699,31.065702852826018,10,3.9300938506445684,True
breast_cancer,RandomForest,84,Wachter's CE,500,0.07230401039123535,22.82400525901677,10,495.9404400150099,True
breast_cancer,RandomForest,84,SHAP-Targeted CE,343,0.024734020233154297,8.351919555497407,3,60.22964785739056,True
breast_cancer,RandomForest,85,Actionable CBFI (Proposed),250,0.060860395431518555,27.190258595798294,10,2.875268933915088,True
breast_cancer,RandomForest,85,Untargeted Causal (Karimi 2021),250,0.05175161361694336,25.140796040829347,10,4.444591284428344,True
breast_cancer,RandomForest,85,Wachter's CE,500,0.07088756561279297,19.717439474269057,10,103.35929086065075,True
breast_cancer,RandomForest,85,SHAP-Targeted CE,343,0.017335891723632812,6.90940522320172,3,99.53876101290793,True
breast_cancer,RandomForest,86,Actionable CBFI (Proposed),250,0.06503915786743164,26.832602272209805,10,2.5148385011715857,True
breast_cancer,RandomForest,86,Untargeted Causal (Karimi 2021),250,0.05388140678405762,29.696252493611052,10,4.444591284428344,True
breast_cancer,RandomForest,86,Wachter's CE,500,0.07185506820678711,22.704371040045544,10,495.9404400150099,True
breast_cancer,RandomForest,86,SHAP-Targeted CE,343,0.025510787963867188,12.183022391188581,3,138.8226651037607,True
breast_cancer,RandomForest,87,Actionable CBFI (Proposed),250,0.05805253982543945,30.93922061939501,10,2.4286640636660066,True
breast_cancer,RandomForest,87,Untargeted Causal (Karimi 2021),250,0.05302715301513672,23.72015200234785,10,4.444591284428344,True
breast_cancer,RandomForest,87,Wachter's CE,500,0.07102751731872559,23.72015200234785,10,4.444591284428344,True
breast_cancer,RandomForest,87,SHAP-Targeted CE,343,0.025002241134643555,11.582467968211356,3,16.71274744332212,True
breast_cancer,RandomForest,88,Actionable CBFI (Proposed),250,0.11434316635131836,25.939396888868337,10,4.62572417970453,True
breast_cancer,RandomForest,88,Untargeted Causal (Karimi 2021),250,0.0613095760345459,28.339370969123365,10,4.444591284428344,True
breast_cancer,RandomForest,88,Wachter's CE,500,0.07288742065429688,16.887002267803993,10,103.35929086065075,True
breast_cancer,RandomForest,88,SHAP-Targeted CE,343,0.0268857479095459,5.241511274982746,3,26.070161266923897,True
breast_cancer,RandomForest,89,Actionable CBFI (Proposed),250,0.06132626533508301,30.9459139195556,10,2.820299953571073,True
breast_cancer,RandomForest,89,Untargeted Causal (Karimi 2021),250,0.045792341232299805,28.99111712954784,10,3.9300938506445684,True
breast_cancer,RandomForest,89,Wachter's CE,500,0.07181882858276367,23.547758647884518,10,112.83692412988431,True
breast_cancer,RandomForest,89,SHAP-Targeted CE,343,0.02506852149963379,6.440848033776206,3,1.0087049328918303,True
breast_cancer,RandomForest,90,Actionable CBFI (Proposed),250,0.05532526969909668,19.449749069095038,10,1.5695630009931891,True
breast_cancer,RandomForest,90,Untargeted Causal (Karimi 2021),250,0.060395002365112305,23.619288782271326,10,3.9300938506445684,True
breast_cancer,RandomForest,90,Wachter's CE,500,0.07093167304992676,19.46811165866514,10,112.83692412988431,True
breast_cancer,RandomForest,90,SHAP-Targeted CE,343,0.02528548240661621,0.7178577349619957,3,3.574805635392767,True
breast_cancer,RandomForest,91,Actionable CBFI (Proposed),250,0.07523322105407715,21.19368031536333,9,3.751054765689851,True
breast_cancer,RandomForest,91,Untargeted Causal (Karimi 2021),250,0.06080985069274902,30.131421230824362,10,3.3832485224209665,True
breast_cancer,RandomForest,91,Wachter's CE,500,0.05493879318237305,22.172763371218874,10,114.65010788224699,True
breast_cancer,RandomForest,91,SHAP-Targeted CE,343,0.02589869499206543,4.248656105463008,3,13.527100251146582,True
breast_cancer,RandomForest,92,Actionable CBFI (Proposed),250,0.07995748519897461,24.54657303335879,10,2.5148385011715857,True
breast_cancer,RandomForest,92,Untargeted Causal (Karimi 2021),250,0.06141161918640137,27.227207363169324,10,3.9300938506445684,True
breast_cancer,RandomForest,92,Wachter's CE,500,0.06968450546264648,23.25069049309399,10,103.35929086065075,True
breast_cancer,RandomForest,92,SHAP-Targeted CE,343,0.025532960891723633,5.209732835401538,3,5.581797648519542,True
breast_cancer,RandomForest,93,Actionable CBFI (Proposed),250,0.06116604804992676,44.57095535541216,10,2.5148385011715857,True
breast_cancer,RandomForest,93,Untargeted Causal (Karimi 2021),250,0.05306363105773926,39.829812152428616,10,4.444591284428344,True
breast_cancer,RandomForest,93,Wachter's CE,500,0.05726313591003418,36.50640724870511,10,1079.6358551849462,True
breast_cancer,RandomForest,93,SHAP-Targeted CE,343,0.01944255828857422,25.92449708598272,3,755.0389016606426,True
breast_cancer,RandomForest,94,Actionable CBFI (Proposed),250,0.06210470199584961,36.122451365930615,10,2.5148385011715857,True
breast_cancer,RandomForest,94,Untargeted Causal (Karimi 2021),250,0.052794694900512695,33.93991140705352,10,4.444591284428344,True
breast_cancer,RandomForest,94,Wachter's CE,500,0.07064151763916016,29.587241268116916,10,510.8695936994019,True
breast_cancer,RandomForest,94,SHAP-Targeted CE,343,0.024858713150024414,16.700195408047986,3,526.8824930281581,True
breast_cancer,RandomForest,95,Actionable CBFI (Proposed),250,0.05694580078125,19.237778946650362,10,2.526752473459795,True
breast_cancer,RandomForest,95,Untargeted Causal (Karimi 2021),250,0.053862571716308594,28.279390545432797,10,3.9300938506445684,True
breast_cancer,RandomForest,95,Wachter's CE,500,0.11465311050415039,19.34293743869158,10,103.35929086065075,True
breast_cancer,RandomForest,95,SHAP-Targeted CE,343,0.02506232261657715,2.9768219053405116,3,9.120479606547539,True
breast_cancer,RandomForest,96,Actionable CBFI (Proposed),250,0.06019091606140137,17.077039779161183,10,1.2141684211518273,True
breast_cancer,RandomForest,96,Untargeted Causal (Karimi 2021),250,0.06131792068481445,28.92993015361639,10,3.9300938506445684,True
breast_cancer,RandomForest,96,Wachter's CE,500,0.05789804458618164,18.871747456199177,10,1.2763841927274784,True
breast_cancer,RandomForest,96,SHAP-Targeted CE,343,0.025101184844970703,1.7234330651148089,3,5.0612957254512345,True
breast_cancer,RandomForest,97,Actionable CBFI (Proposed),250,0.06047701835632324,26.01818104870852,10,4.62572417970453,True
breast_cancer,RandomForest,97,Untargeted Causal (Karimi 2021),250,0.05127692222595215,23.86898248135578,10,4.444591284428344,True
breast_cancer,RandomForest,97,Wachter's CE,500,0.055785179138183594,20.124432046903983,10,103.35929086065075,True
breast_cancer,RandomForest,97,SHAP-Targeted CE,343,0.025229215621948242,6.371423856811042,3,1.3735005319241986,True
breast_cancer,RandomForest,98,Actionable CBFI (Proposed),250,0.06379556655883789,19.20317932661296,10,1.560848058132053,True
breast_cancer,RandomForest,98,Untargeted Causal (Karimi 2021),250,0.06125521659851074,29.723070470103895,10,5.789464071754024,True
breast_cancer,RandomForest,98,Wachter's CE,500,0.07206344604492188,17.458146256331847,10,1.2763841927274784,True
breast_cancer,RandomForest,98,SHAP-Targeted CE,343,0.026266098022460938,2.2846990268901775,3,2.1110520197778535,True
breast_cancer,RandomForest,99,Actionable CBFI (Proposed),250,0.06137490272521973,14.091244579257635,10,1.428561403633492,True
breast_cancer,RandomForest,99,Untargeted Causal (Karimi 2021),250,0.060100555419921875,29.05404871691148,10,3.9300938506445684,True
breast_cancer,RandomForest,99,Wachter's CE,500,0.05897045135498047,9.43509997490213,10,1.2763841927274784,True
breast_cancer,RandomForest,99,SHAP-Targeted CE,343,0.055527687072753906,1.8408640231343039,3,11.245956995162198,True
breast_cancer,RandomForest,100,Actionable CBFI (Proposed),250,0.06239962577819824,26.570481066710272,10,3.90869123136355,True
breast_cancer,RandomForest,100,Untargeted Causal (Karimi 2021),250,0.06088972091674805,28.400043340460797,10,3.9300938506445684,True
breast_cancer,RandomForest,100,Wachter's CE,500,0.084442138671875,19.996901251099686,10,1.2763841927274784,True
breast_cancer,RandomForest,100,SHAP-Targeted CE,343,0.026648998260498047,4.2824477632974105,3,4.6825356666970315,True
breast_cancer,SVM (RBF Kernel),1,Actionable CBFI (Proposed),250,0.12790322303771973,20.931716245549175,9,5.567917262597479,True
breast_cancer,SVM (RBF Kernel),1,Untargeted Causal (Karimi 2021),250,0.1275923252105713,21.53405252875996,10,5.568320960197336,True
breast_cancer,SVM (RBF Kernel),1,Wachter's CE,500,0.07837867736816406,21.53405252875996,10,5.568320960197336,True
breast_cancer,SVM (RBF Kernel),1,SHAP-Targeted CE,343,0.022716522216796875,19.35047897672846,3,1224.5660218229993,True
breast_cancer,SVM (RBF Kernel),2,Actionable CBFI (Proposed),250,0.12479472160339355,22.150173455982806,10,3.6284696001093275,True
breast_cancer,SVM (RBF Kernel),2,Untargeted Causal (Karimi 2021),250,0.11669468879699707,20.790671099335462,10,4.444591284428344,True
breast_cancer,SVM (RBF Kernel),2,Wachter's CE,500,0.06371140480041504,20.783250263239008,10,120.8607364353893,True
breast_cancer,SVM (RBF Kernel),2,SHAP-Targeted CE,343,0.024243593215942383,4.448159693327415,3,42.3149357860476,True
breast_cancer,SVM (RBF Kernel),3,Actionable CBFI (Proposed),250,0.1268162727355957,26.40683071023055,10,4.26280304168672,True
breast_cancer,SVM (RBF Kernel),3,Untargeted Causal (Karimi 2021),250,0.12038493156433105,26.920379671587707,10,2.8355710573650756,True
breast_cancer,SVM (RBF Kernel),3,Wachter's CE,500,0.08645057678222656,22.717811696305557,10,495.9404400150099,True
breast_cancer,SVM (RBF Kernel),3,SHAP-Targeted CE,343,0.018763303756713867,13.783382681962575,3,202.28377921536614,True
breast_cancer,SVM (RBF Kernel),4,Actionable CBFI (Proposed),250,0.12535429000854492,27.979584853914037,9,6.2215401155410195,True
breast_cancer,SVM (RBF Kernel),4,Untargeted Causal (Karimi 2021),250,0.12969350814819336,20.32672912949283,9,3.9058707027639454,True
breast_cancer,SVM (RBF Kernel),4,Wachter's CE,500,0.057073116302490234,19.189892868758697,9,564.3916459099888,True
breast_cancer,SVM (RBF Kernel),4,SHAP-Targeted CE,343,0.02131509780883789,5.0409971454405245,3,5.555673769352146,True
breast_cancer,SVM (RBF Kernel),5,Actionable CBFI (Proposed),250,0.1222531795501709,22.362525870165328,9,4.067821889957802,True
breast_cancer,SVM (RBF Kernel),5,Untargeted Causal (Karimi 2021),250,0.12648415565490723,23.209352557520766,10,3.8375998649491745,True
breast_cancer,SVM (RBF Kernel),5,Wachter's CE,500,0.07694602012634277,22.21732772331217,10,1096.9542151396013,True
breast_cancer,SVM (RBF Kernel),5,SHAP-Targeted CE,343,0.02192854881286621,9.058665479199004,3,849.3250200603215,True
breast_cancer,SVM (RBF Kernel),6,Actionable CBFI (Proposed),250,0.12568259239196777,22.76584663020973,10,1.449662480621251,True
breast_cancer,SVM (RBF Kernel),6,Untargeted Causal (Karimi 2021),250,0.12653732299804688,20.907214700472508,10,1.531097444448382,True
breast_cancer,SVM (RBF Kernel),6,Wachter's CE,500,0.04855680465698242,15.045027177242769,10,1.2763841927274784,True
breast_cancer,SVM (RBF Kernel),6,SHAP-Targeted CE,343,0.018802404403686523,3.704127219864301,3,1.0041640902384659,True
breast_cancer,SVM (RBF Kernel),7,Actionable CBFI (Proposed),250,0.11954760551452637,23.041935361775707,10,1.6398711675980029,True
breast_cancer,SVM (RBF Kernel),7,Untargeted Causal (Karimi 2021),250,0.12878990173339844,23.16811548972754,10,1.531097444448382,True
breast_cancer,SVM (RBF Kernel),7,Wachter's CE,500,0.07688474655151367,21.05478739605359,10,103.35929086065075,True
breast_cancer,SVM (RBF Kernel),7,SHAP-Targeted CE,343,0.015537261962890625,4.297426946349835,3,0.537862709325789,True
breast_cancer,SVM (RBF Kernel),8,Actionable CBFI (Proposed),250,0.12758541107177734,19.783862526967194,10,1.7934611853856377,True
breast_cancer,SVM (RBF Kernel),8,Untargeted Causal (Karimi 2021),250,0.12848758697509766,21.592702227486072,10,1.531097444448382,True
breast_cancer,SVM (RBF Kernel),8,Wachter's CE,500,0.07772088050842285,13.07095641887874,10,1.2763841927274784,True
breast_cancer,SVM (RBF Kernel),8,SHAP-Targeted CE,343,0.016382455825805664,2.5124221093373102,3,0.5064761633214427,True
breast_cancer,SVM (RBF Kernel),9,Actionable CBFI (Proposed),250,0.12627959251403809,25.861791241603235,10,6.998097528464703,True
breast_cancer,SVM (RBF Kernel),9,Untargeted Causal (Karimi 2021),250,0.11963033676147461,20.927631506534787,10,3.9058707027639454,True
breast_cancer,SVM (RBF Kernel),9,Wachter's CE,500,0.07078981399536133,17.872295088949326,10,1.2763841927274784,True
breast_cancer,SVM (RBF Kernel),9,SHAP-Targeted CE,343,0.019922256469726562,10.916527668011279,3,3.2559547137854583,True
breast_cancer,SVM (RBF Kernel),10,Actionable CBFI (Proposed),250,0.14360284805297852,22.750836597673675,10,3.29527271917547,True
breast_cancer,SVM (RBF Kernel),10,Untargeted Causal (Karimi 2021),250,0.1273810863494873,18.370820232581536,10,3.9058707027639454,True
breast_cancer,SVM (RBF Kernel),10,Wachter's CE,500,0.07085514068603516,13.700087655633435,10,1.2763841927274784,True
breast_cancer,SVM (RBF Kernel),10,SHAP-Targeted CE,343,0.02271127700805664,6.76379136678491,3,34.99458416533237,True
breast_cancer,SVM (RBF Kernel),11,Actionable CBFI (Proposed),250,0.2046797275543213,28.886149531526698,8,6.976737861965374,True
breast_cancer,SVM (RBF Kernel),11,Untargeted Causal (Karimi 2021),250,0.1292579174041748,21.970023757930964,10,1.531097444448382,True
breast_cancer,SVM (RBF Kernel),11,Wachter's CE,500,0.07816004753112793,20.71672749095529,10,103.35929086065075,True
breast_cancer,SVM (RBF Kernel),11,SHAP-Targeted CE,343,0.026998043060302734,2.3369042530391724,3,0.7094748641575479,True
breast_cancer,SVM (RBF Kernel),12,Actionable CBFI (Proposed),250,0.12471270561218262,19.09812301865799,10,1.4205656464441263,True
breast_cancer,SVM (RBF Kernel),12,Untargeted Causal (Karimi 2021),250,0.12815570831298828,18.952981605353123,10,1.531097444448382,True
breast_cancer,SVM (RBF Kernel),12,Wachter's CE,500,0.0772089958190918,18.952981605353123,10,1.531097444448382,True
breast_cancer,SVM (RBF Kernel),12,SHAP-Targeted CE,343,0.023988962173461914,2.991956381710286,3,0.12009722689183529,True
breast_cancer,SVM (RBF Kernel),13,Actionable CBFI (Proposed),250,0.1523904800415039,29.873841401419327,10,5.310294672873869,True
breast_cancer,SVM (RBF Kernel),13,Untargeted Causal (Karimi 2021),250,0.12044596672058105,25.368695635057993,10,2.8355710573650756,True
breast_cancer,SVM (RBF Kernel),13,Wachter's CE,500,0.07755351066589355,22.393586283929896,10,1076.7714069719018,True
breast_cancer,SVM (RBF Kernel),13,SHAP-Targeted CE,343,0.022468090057373047,14.084548231528398,3,1267.0099778337349,True
breast_cancer,SVM (RBF Kernel),14,Actionable CBFI (Proposed),250,0.11786198616027832,17.951546188030143,10,1.38433861061784,True
breast_cancer,SVM (RBF Kernel),14,Untargeted Causal (Karimi 2021),250,0.12830352783203125,21.353613694397804,10,1.531097444448382,True
breast_cancer,SVM (RBF Kernel),14,Wachter's CE,500,0.07072210311889648,18.128608605577153,10,103.35929086065075,True
breast_cancer,SVM (RBF Kernel),14,SHAP-Targeted CE,343,0.02353048324584961,5.124565726954059,3,44.288640568890024,True
breast_cancer,SVM (RBF Kernel),15,Actionable CBFI (Proposed),250,0.12333559989929199,21.47557208188927,10,1.7492593837037764,True
breast_cancer,SVM (RBF Kernel),15,Untargeted Causal (Karimi 2021),250,0.11847805976867676,21.387058783886573,10,3.9058707027639454,True
breast_cancer,SVM (RBF Kernel),15,Wachter's CE,500,0.07665657997131348,16.116397809704406,10,1.2763841927274784,True
breast_cancer,SVM (RBF Kernel),15,SHAP-Targeted CE,343,0.0187532901763916,4.869271217388174,3,1.1414911134268386,True
breast_cancer,SVM (RBF Kernel),16,Actionable CBFI (Proposed),250,0.12584161758422852,24.840575553417338,10,5.10666355779003,True
breast_cancer,SVM (RBF Kernel),16,Untargeted Causal (Karimi 2021),250,0.12897181510925293,21.89560252494298,10,3.9058707027639454,True
breast_cancer,SVM (RBF Kernel),16,Wachter's CE,500,0.07733392715454102,16.93724336153087,10,1.2763841927274784,True
breast_cancer,SVM (RBF Kernel),16,SHAP-Targeted CE,343,0.023820161819458008,6.986824506436343,3,0.48986335774217604,True
breast_cancer,SVM (RBF Kernel),17,Actionable CBFI (Proposed),250,0.12284088134765625,17.470369510060436,10,2.3838979886051725,True
breast_cancer,SVM (RBF Kernel),17,Untargeted Causal (Karimi 2021),250,0.12804460525512695,18.841826578011204,10,1.531097444448382,True
breast_cancer,SVM (RBF Kernel),17,Wachter's CE,500,0.05504298210144043,18.841826578011204,10,1.531097444448382,True
breast_cancer,SVM (RBF Kernel),17,SHAP-Targeted CE,343,0.048287391662597656,2.5130731318273303,3,0.3236035987547003,True
breast_cancer,SVM (RBF Kernel),18,Actionable CBFI (Proposed),250,0.12489700317382812,25.69563822155917,10,4.451215455042597,True
breast_cancer,SVM (RBF Kernel),18,Untargeted Causal (Karimi 2021),250,0.12703943252563477,23.413951834081455,10,1.531097444448382,True
breast_cancer,SVM (RBF Kernel),18,Wachter's CE,500,0.07073211669921875,20.129779398651614,10,98.35044430377371,True
breast_cancer,SVM (RBF Kernel),18,SHAP-Targeted CE,343,0.020758390426635742,11.881385983627645,3,40.51149685427031,True
breast_cancer,SVM (RBF Kernel),19,Actionable CBFI (Proposed),250,0.12598872184753418,26.895830593967954,10,2.3838979886051725,True
breast_cancer,SVM (RBF Kernel),19,Untargeted Causal (Karimi 2021),250,0.12690329551696777,24.580784530792876,10,3.8375998649491745,True
breast_cancer,SVM (RBF Kernel),19,Wachter's CE,500,0.0634617805480957,22.75278875492677,10,128.18744048749596,True
breast_cancer,SVM (RBF Kernel),19,SHAP-Targeted CE,343,0.022508859634399414,8.562395967266683,3,59.62069369782656,True
breast_cancer,SVM (RBF Kernel),20,Actionable CBFI (Proposed),250,0.12141728401184082,22.525336888190527,9,3.3105767524970253,True
breast_cancer,SVM (RBF Kernel),20,Untargeted Causal (Karimi 2021),250,0.1272869110107422,25.370041126381647,10,1.531097444448382,True
breast_cancer,SVM (RBF Kernel),20,Wachter's CE,500,0.0709526538848877,20.92623030577461,10,127.68853499903788,True
breast_cancer,SVM (RBF Kernel),20,SHAP-Targeted CE,343,0.018396854400634766,10.637888248358466,3,4.441847960096686,True
breast_cancer,SVM (RBF Kernel),21,Actionable CBFI (Proposed),250,0.12519264221191406,22.586538296557517,10,5.071357737906527,True
breast_cancer,SVM (RBF Kernel),21,Untargeted Causal (Karimi 2021),250,0.12714314460754395,24.844000465860578,10,4.444591284428344,True
breast_cancer,SVM (RBF Kernel),21,Wachter's CE,500,0.07680463790893555,23.23280604485846,10,120.8607364353893,True
breast_cancer,SVM (RBF Kernel),21,SHAP-Targeted CE,343,0.022348880767822266,8.302710293257947,3,1.040343523623408,True
breast_cancer,SVM (RBF Kernel),22,Actionable CBFI (Proposed),250,0.1262056827545166,23.39885644899465,10,2.191894440448257,True
breast_cancer,SVM (RBF Kernel),22,Untargeted Causal (Karimi 2021),250,0.126906156539917,24.03627700924425,10,1.531097444448382,True
breast_cancer,SVM (RBF Kernel),22,Wachter's CE,500,0.07653641700744629,21.33494579241529,10,1.2763841927274784,True
breast_cancer,SVM (RBF Kernel),22,SHAP-Targeted CE,343,0.022586345672607422,5.107818277216967,3,0.38605740594884014,True
breast_cancer,SVM (RBF Kernel),23,Actionable CBFI (Proposed),250,0.12935137748718262,28.436569259296434,10,3.1969817295250285,True
breast_cancer,SVM (RBF Kernel),23,Untargeted Causal (Karimi 2021),250,0.12799620628356934,26.62195214641727,10,5.568320960197336,True
breast_cancer,SVM (RBF Kernel),23,Wachter's CE,500,0.07891607284545898,18.764562366255593,9,127.68853499903788,True
breast_cancer,SVM (RBF Kernel),23,SHAP-Targeted CE,343,0.02371358871459961,13.500599199601414,3,431.0910776384326,True
breast_cancer,SVM (RBF Kernel),24,Actionable CBFI (Proposed),250,0.11973404884338379,24.98188631668644,10,3.0914835847173294,True
breast_cancer,SVM (RBF Kernel),24,Untargeted Causal (Karimi 2021),250,0.11912131309509277,22.05861557785346,10,1.531097444448382,True
breast_cancer,SVM (RBF Kernel),24,Wachter's CE,500,0.07235527038574219,17.62441028378995,10,1.2763841927274784,True
breast_cancer,SVM (RBF Kernel),24,SHAP-Targeted CE,343,0.015094280242919922,4.922588282601194,3,0.5167871829371635,True
breast_cancer,SVM (RBF Kernel),25,Actionable CBFI (Proposed),250,0.1294691562652588,22.066203101999015,10,3.2288818392222933,True
breast_cancer,SVM (RBF Kernel),25,Untargeted Causal (Karimi 2021),250,0.11862492561340332,24.172335237245544,10,1.531097444448382,True
breast_cancer,SVM (RBF Kernel),25,Wachter's CE,500,0.06211543083190918,22.989718598353896,10,103.35929086065075,True
breast_cancer,SVM (RBF Kernel),25,SHAP-Targeted CE,343,0.02263331413269043,4.779681555155279,3,0.545672759559538,True
breast_cancer,SVM (RBF Kernel),26,Actionable CBFI (Proposed),250,0.12021183967590332,23.442223656171297,10,5.7584677601925485,True
breast_cancer,SVM (RBF Kernel),26,Untargeted Causal (Karimi 2021),250,0.12887239456176758,23.01745417206145,10,1.531097444448382,True
breast_cancer,SVM (RBF Kernel),26,Wachter's CE,500,0.06390762329101562,18.483774260928616,10,1.2763841927274784,True
breast_cancer,SVM (RBF Kernel),26,SHAP-Targeted CE,343,0.021112918853759766,7.025100753737906,3,0.3118423042081021,True
breast_cancer,SVM (RBF Kernel),27,Actionable CBFI (Proposed),250,0.12601161003112793,22.511241672094904,10,1.710615913280839,True
breast_cancer,SVM (RBF Kernel),27,Untargeted Causal (Karimi 2021),250,0.12777042388916016,20.69795908540854,10,1.531097444448382,True
breast_cancer,SVM (RBF Kernel),27,Wachter's CE,500,0.07779097557067871,20.69795908540854,10,1.531097444448382,True
breast_cancer,SVM (RBF Kernel),27,SHAP-Targeted CE,343,0.023945093154907227,2.0033371547549783,3,0.46491101549601754,True
breast_cancer,SVM (RBF Kernel),28,Actionable CBFI (Proposed),250,0.1242377758026123,25.21666099178371,10,4.573432469857234,True
breast_cancer,SVM (RBF Kernel),28,Untargeted Causal (Karimi 2021),250,0.12486600875854492,25.536613069061488,10,2.8355710573650756,True
breast_cancer,SVM (RBF Kernel),28,Wachter's CE,500,0.07634258270263672,23.23388663431093,10,124.93501217739761,True
breast_cancer,SVM (RBF Kernel),28,SHAP-Targeted CE,343,0.022193431854248047,16.087613955314104,3,46.98094835758431,True
breast_cancer,SVM (RBF Kernel),29,Actionable CBFI (Proposed),250,0.1251363754272461,23.949114106618826,10,6.797532881903764,True
breast_cancer,SVM (RBF Kernel),29,Untargeted Causal (Karimi 2021),250,0.12794160842895508,21.19772866932564,10,1.531097444448382,True
breast_cancer,SVM (RBF Kernel),29,Wachter's CE,500,0.07706594467163086,9.954030953240931,10,1.2763841927274784,True
breast_cancer,SVM (RBF Kernel),29,SHAP-Targeted CE,343,0.024185657501220703,1.8008564255612178,3,0.888985552743186,True
breast_cancer,SVM (RBF Kernel),30,Actionable CBFI (Proposed),250,0.12595415115356445,27.64605958621541,10,2.191894440448257,True
breast_cancer,SVM (RBF Kernel),30,Untargeted Causal (Karimi 2021),250,0.12893009185791016,25.861444890342547,10,3.9058707027639454,True
breast_cancer,SVM (RBF Kernel),30,Wachter's CE,500,0.0775911808013916,24.147566873451712,10,126.91254975649674,True
breast_cancer,SVM (RBF Kernel),30,SHAP-Targeted CE,343,0.021986722946166992,15.791559030980412,3,4.766699398950519,True
breast_cancer,SVM (RBF Kernel),31,Actionable CBFI (Proposed),250,0.12622785568237305,23.490872054741246,10,4.653363139740895,True
breast_cancer,SVM (RBF Kernel),31,Untargeted Causal (Karimi 2021),250,0.12814974784851074,26.204773623041937,10,2.8355710573650756,True
breast_cancer,SVM (RBF Kernel),31,Wachter's CE,500,0.07835865020751953,22.979824446878943,10,1081.3480973124595,True
breast_cancer,SVM (RBF Kernel),31,SHAP-Targeted CE,343,0.0237123966217041,7.796906703474532,3,0.43596683472909337,True
breast_cancer,SVM (RBF Kernel),32,Actionable CBFI (Proposed),250,0.1256577968597412,17.086960524687424,10,2.7869239069063636,True
breast_cancer,SVM (RBF Kernel),32,Untargeted Causal (Karimi 2021),250,0.1264350414276123,20.966202348098886,10,1.531097444448382,True
breast_cancer,SVM (RBF Kernel),32,Wachter's CE,500,0.09920310974121094,20.158006773706447,10,1.2763841927274784,True
breast_cancer,SVM (RBF Kernel),32,SHAP-Targeted CE,343,0.01887035369873047,3.4401140900303258,3,0.1773783708674798,True
breast_cancer,SVM (RBF Kernel),33,Actionable CBFI (Proposed),250,0.12646198272705078,23.319571552224442,10,1.4205656464441263,True
breast_cancer,SVM (RBF Kernel),33,Untargeted Causal (Karimi 2021),250,0.12165951728820801,24.028033219531206,10,1.531097444448382,True
breast_cancer,SVM (RBF Kernel),33,Wachter's CE,500,0.07732796669006348,21.162034468170393,10,103.35929086065075,True
breast_cancer,SVM (RBF Kernel),33,SHAP-Targeted CE,343,0.021935224533081055,5.127315131636055,3,0.4983090871188735,True
breast_cancer,SVM (RBF Kernel),34,Actionable CBFI (Proposed),250,0.10915565490722656,22.081014458679082,10,2.791846465528246,True
breast_cancer,SVM (RBF Kernel),34,Untargeted Causal (Karimi 2021),250,0.12735486030578613,19.684197157393154,10,1.531097444448382,True
breast_cancer,SVM (RBF Kernel),34,Wachter's CE,500,0.07662057876586914,15.23725230196778,10,1.2763841927274784,True
breast_cancer,SVM (RBF Kernel),34,SHAP-Targeted CE,343,0.024031400680541992,2.7652608324740724,3,0.07143842541099363,True
breast_cancer,SVM (RBF Kernel),35,Actionable CBFI (Proposed),250,0.15315651893615723,18.11589834217953,10,2.1340179034197284,True
breast_cancer,SVM (RBF Kernel),35,Untargeted Causal (Karimi 2021),250,0.11984395980834961,24.182290950166927,10,1.531097444448382,True
breast_cancer,SVM (RBF Kernel),35,Wachter's CE,500,0.07767248153686523,21.770064390243345,10,518.2299859643098,True
breast_cancer,SVM (RBF Kernel),35,SHAP-Targeted CE,343,0.01866936683654785,1.0357334965745237,3,0.7652866657419468,True
breast_cancer,SVM (RBF Kernel),36,Actionable CBFI (Proposed),250,0.1880202293395996,17.60256361518229,8,4.406493897283761,True
breast_cancer,SVM (RBF Kernel),36,Untargeted Causal (Karimi 2021),250,0.12763166427612305,17.668862002263648,10,1.531097444448382,True
breast_cancer,SVM (RBF Kernel),36,Wachter's CE,500,0.07709455490112305,13.962124678293055,10,1.2763841927274784,True
breast_cancer,SVM (RBF Kernel),36,SHAP-Targeted CE,343,0.025014877319335938,1.0176815143351567,3,0.061536358871254825,True
breast_cancer,SVM (RBF Kernel),37,Actionable CBFI (Proposed),250,0.1490485668182373,24.348832073132687,10,1.7597269870150707,True
breast_cancer,SVM (RBF Kernel),37,Untargeted Causal (Karimi 2021),250,0.12665009498596191,22.00139464144079,10,1.531097444448382,True
breast_cancer,SVM (RBF Kernel),37,Wachter's CE,500,0.07693767547607422,19.85498318161136,10,103.35929086065075,True
breast_cancer,SVM (RBF Kernel),37,SHAP-Targeted CE,343,0.018313169479370117,1.4838623969899796,3,0.7641264028112951,True
breast_cancer,SVM (RBF Kernel),38,Actionable CBFI (Proposed),250,0.19857215881347656,9.295380979535306,9,0.5862486521051821,True
breast_cancer,SVM (RBF Kernel),38,Untargeted Causal (Karimi 2021),250,0.12987208366394043,21.101642747604508,10,1.531097444448382,True
breast_cancer,SVM (RBF Kernel),38,Wachter's CE,500,0.07765626907348633,11.394760732800599,10,1.2763841927274784,True
breast_cancer,SVM (RBF Kernel),38,SHAP-Targeted CE,343,0.02500438690185547,1.1842216855350438,3,0.6217004615769903,True
breast_cancer,SVM (RBF Kernel),39,Actionable CBFI (Proposed),250,0.1544487476348877,23.283875796046875,10,5.836790530568148,True
breast_cancer,SVM (RBF Kernel),39,Untargeted Causal (Karimi 2021),250,0.12872719764709473,23.72639931062843,10,2.8355710573650756,True
breast_cancer,SVM (RBF Kernel),39,Wachter's CE,500,0.0779261589050293,19.35697019783201,10,1076.7714069719018,True
breast_cancer,SVM (RBF Kernel),39,SHAP-Targeted CE,343,0.020370960235595703,10.839209602336858,3,202.42265046767469,True
breast_cancer,SVM (RBF Kernel),40,Actionable CBFI (Proposed),250,0.11185193061828613,17.55314635841355,10,1.388883165435673,True
breast_cancer,SVM (RBF Kernel),40,Untargeted Causal (Karimi 2021),250,0.12769770622253418,18.65735593783101,10,1.531097444448382,True
breast_cancer,SVM (RBF Kernel),40,Wachter's CE,500,0.07784485816955566,12.369237811750114,10,1.2763841927274784,True
breast_cancer,SVM (RBF Kernel),40,SHAP-Targeted CE,343,0.02368640899658203,2.0860094742471453,3,49.779733318871905,True
breast_cancer,SVM (RBF Kernel),41,Actionable CBFI (Proposed),250,0.10947442054748535,19.80631618480549,9,3.8934779347269943,True
breast_cancer,SVM (RBF Kernel),41,Untargeted Causal (Karimi 2021),250,0.12097001075744629,18.10169121560516,10,1.531097444448382,True
breast_cancer,SVM (RBF Kernel),41,Wachter's CE,500,0.07646393775939941,13.7780983496516,10,1.2763841927274784,True
breast_cancer,SVM (RBF Kernel),41,SHAP-Targeted CE,343,0.025470733642578125,1.7676136306197479,3,0.08999157492528741,True
breast_cancer,SVM (RBF Kernel),42,Actionable CBFI (Proposed),250,0.1235203742980957,23.73397301601425,10,2.7869239069063636,True
breast_cancer,SVM (RBF Kernel),42,Untargeted Causal (Karimi 2021),250,0.12703180313110352,24.776875191480233,10,3.8375998649491745,True
breast_cancer,SVM (RBF Kernel),42,Wachter's CE,500,0.0767364501953125,21.566875304764046,10,1108.0376735126154,True
breast_cancer,SVM (RBF Kernel),42,SHAP-Targeted CE,343,0.02267289161682129,7.690400923595784,3,204.19880990562035,True
breast_cancer,SVM (RBF Kernel),43,Actionable CBFI (Proposed),250,0.11527657508850098,22.664507008885238,10,1.5918462636270811,True
breast_cancer,SVM (RBF Kernel),43,Untargeted Causal (Karimi 2021),250,0.11988019943237305,19.105099481561208,10,1.531097444448382,True
breast_cancer,SVM (RBF Kernel),43,Wachter's CE,500,0.07694411277770996,13.292399433888432,10,1.2763841927274784,True
breast_cancer,SVM (RBF Kernel),43,SHAP-Targeted CE,343,0.023519277572631836,2.3564126726682564,3,0.20531989866097525,True
breast_cancer,SVM (RBF Kernel),44,Actionable CBFI (Proposed),250,0.1256725788116455,26.090066802759807,10,2.191894440448257,True
breast_cancer,SVM (RBF Kernel),44,Untargeted Causal (Karimi 2021),250,0.12915968894958496,26.441930704066444,10,1.531097444448382,True
breast_cancer,SVM (RBF Kernel),44,Wachter's CE,500,0.06313204765319824,22.672759397633705,10,98.35044430377371,True
breast_cancer,SVM (RBF Kernel),44,SHAP-Targeted CE,343,0.022441387176513672,7.676370606083517,3,223.3827374257911,True
breast_cancer,SVM (RBF Kernel),45,Actionable CBFI (Proposed),250,0.18374300003051758,37.73542877949104,8,11.46918132899026,True
breast_cancer,SVM (RBF Kernel),45,Untargeted Causal (Karimi 2021),250,0.1278996467590332,21.15656683940616,10,1.531097444448382,True
breast_cancer,SVM (RBF Kernel),45,Wachter's CE,500,0.05879855155944824,20.746732723821257,10,103.35929086065075,True
breast_cancer,SVM (RBF Kernel),45,SHAP-Targeted CE,343,0.025338411331176758,1.851137428873639,3,0.46985164184003886,True
breast_cancer,SVM (RBF Kernel),46,Actionable CBFI (Proposed),250,0.1305065155029297,23.40383443926245,10,6.659441216327767,True
breast_cancer,SVM (RBF Kernel),46,Untargeted Causal (Karimi 2021),250,0.1288754940032959,25.92530799250584,10,1.531097444448382,True
breast_cancer,SVM (RBF Kernel),46,Wachter's CE,500,0.07847404479980469,23.04064761393728,10,1891.1535162194955,True
breast_cancer,SVM (RBF Kernel),46,SHAP-Targeted CE,343,0.04842233657836914,4.765112161021678,3,0.4292433845193426,True
breast_cancer,SVM (RBF Kernel),47,Actionable CBFI (Proposed),250,0.12871003150939941,21.182177602570135,10,1.560848058132053,True
breast_cancer,SVM (RBF Kernel),47,Untargeted Causal (Karimi 2021),250,0.129119873046875,20.334308652170535,10,1.531097444448382,True
breast_cancer,SVM (RBF Kernel),47,Wachter's CE,500,0.07389163970947266,15.078326553178353,10,1.2763841927274784,True
breast_cancer,SVM (RBF Kernel),47,SHAP-Targeted CE,343,0.02359914779663086,3.1121649062190864,3,0.18219511538368233,True
breast_cancer,SVM (RBF Kernel),48,Actionable CBFI (Proposed),250,0.1248321533203125,27.46870109748396,10,2.794715285757433,True
breast_cancer,SVM (RBF Kernel),48,Untargeted Causal (Karimi 2021),250,0.12707257270812988,21.573631109401845,10,1.531097444448382,True
breast_cancer,SVM (RBF Kernel),48,Wachter's CE,500,0.0765085220336914,17.867339741405242,10,1.2763841927274784,True
breast_cancer,SVM (RBF Kernel),48,SHAP-Targeted CE,343,0.022629737854003906,4.891653217394364,3,0.6849905551490725,True
breast_cancer,SVM (RBF Kernel),49,Actionable CBFI (Proposed),250,0.1247868537902832,17.6866141159666,10,1.560848058132053,True
breast_cancer,SVM (RBF Kernel),49,Untargeted Causal (Karimi 2021),250,0.12789034843444824,19.508748165747104,10,1.531097444448382,True
breast_cancer,SVM (RBF Kernel),49,Wachter's CE,500,0.05145096778869629,10.776919293460956,10,1.2763841927274784,True
breast_cancer,SVM (RBF Kernel),49,SHAP-Targeted CE,343,0.021112442016601562,3.8298068419829505,3,0.5214501857612279,True
breast_cancer,SVM (RBF Kernel),50,Actionable CBFI (Proposed),250,0.12747931480407715,23.795521159589153,10,2.1920266341232106,True
breast_cancer,SVM (RBF Kernel),50,Untargeted Causal (Karimi 2021),250,0.1279585361480713,21.29601809382521,10,1.531097444448382,True
breast_cancer,SVM (RBF Kernel),50,Wachter's CE,500,0.07682442665100098,16.281365275834343,10,1.2763841927274784,True
breast_cancer,SVM (RBF Kernel),50,SHAP-Targeted CE,343,0.020111799240112305,5.884715903986163,3,0.33167268818760204,True
breast_cancer,SVM (RBF Kernel),51,Actionable CBFI (Proposed),250,0.12576985359191895,26.178424223991943,10,1.6398711675980029,True
breast_cancer,SVM (RBF Kernel),51,Untargeted Causal (Karimi 2021),250,0.12692666053771973,23.277902376880334,10,1.531097444448382,True
breast_cancer,SVM (RBF Kernel),51,Wachter's CE,500,0.06379938125610352,22.31235289244671,10,103.35929086065075,True
breast_cancer,SVM (RBF Kernel),51,SHAP-Targeted CE,343,0.023685216903686523,5.4486072741752025,3,0.7587530530340734,True
breast_cancer,SVM (RBF Kernel),52,Actionable CBFI (Proposed),250,0.11046457290649414,22.293890993944924,10,5.7584677601925485,True
breast_cancer,SVM (RBF Kernel),52,Untargeted Causal (Karimi 2021),250,0.12852764129638672,26.804008650741356,10,1.531097444448382,True
breast_cancer,SVM (RBF Kernel),52,Wachter's CE,500,0.07653689384460449,21.65607114334769,10,1.2763841927274784,True
breast_cancer,SVM (RBF Kernel),52,SHAP-Targeted CE,343,0.022481918334960938,5.605333849651388,3,0.41103439651074386,True
breast_cancer,SVM (RBF Kernel),53,Actionable CBFI (Proposed),250,0.12032294273376465,13.376906567288652,10,0.5127817374383513,True
breast_cancer,SVM (RBF Kernel),53,Untargeted Causal (Karimi 2021),250,0.1301274299621582,17.158947551977636,10,1.531097444448382,True
breast_cancer,SVM (RBF Kernel),53,Wachter's CE,500,0.07773399353027344,16.923379183617214,10,1.2763841927274784,True
breast_cancer,SVM (RBF Kernel),53,SHAP-Targeted CE,343,0.02604079246520996,0.6533633948233686,3,0.11264025317066945,True
breast_cancer,SVM (RBF Kernel),54,Actionable CBFI (Proposed),250,0.12694811820983887,16.35594156726698,10,1.3333948532968471,True
breast_cancer,SVM (RBF Kernel),54,Untargeted Causal (Karimi 2021),250,0.12808942794799805,20.49248023320823,10,1.531097444448382,True
breast_cancer,SVM (RBF Kernel),54,Wachter's CE,500,0.06058335304260254,17.77664114827489,10,103.35929086065075,True
breast_cancer,SVM (RBF Kernel),54,SHAP-Targeted CE,343,0.016516923904418945,3.509998425404322,3,44.923805404972775,True
breast_cancer,SVM (RBF Kernel),55,Actionable CBFI (Proposed),250,0.12503266334533691,24.004444058053537,10,6.884857993053054,True
breast_cancer,SVM (RBF Kernel),55,Untargeted Causal (Karimi 2021),250,0.12715578079223633,26.26486954804389,10,1.531097444448382,True
breast_cancer,SVM (RBF Kernel),55,Wachter's CE,500,0.07657432556152344,21.161301338670985,10,127.68853499903788,True
breast_cancer,SVM (RBF Kernel),55,SHAP-Targeted CE,343,0.022126197814941406,8.436644546188557,3,451.31251490972073,True
breast_cancer,SVM (RBF Kernel),56,Actionable CBFI (Proposed),250,0.12321186065673828,20.672405269925452,10,4.540240176072002,True
breast_cancer,SVM (RBF Kernel),56,Untargeted Causal (Karimi 2021),250,0.12667369842529297,24.074131610849932,9,5.8502649302664524,True
breast_cancer,SVM (RBF Kernel),56,Wachter's CE,500,0.07662391662597656,23.25587072976299,9,535.1481103525612,True
breast_cancer,SVM (RBF Kernel),56,SHAP-Targeted CE,343,0.021539926528930664,11.878393055234838,3,570.9337515353355,True
breast_cancer,SVM (RBF Kernel),57,Actionable CBFI (Proposed),250,0.12490630149841309,23.532019739363193,10,4.703755934228738,True
breast_cancer,SVM (RBF Kernel),57,Untargeted Causal (Karimi 2021),250,0.12773394584655762,25.98768237842772,10,7.835773717385994,True
breast_cancer,SVM (RBF Kernel),57,Wachter's CE,500,0.07689762115478516,23.566563281642804,10,454.8240426692428,True
breast_cancer,SVM (RBF Kernel),57,SHAP-Targeted CE,343,0.023837566375732422,11.084690021278039,3,1830.1356082616392,True
breast_cancer,SVM (RBF Kernel),58,Actionable CBFI (Proposed),250,0.16952776908874512,23.15953341365867,10,2.0977942479944502,True
breast_cancer,SVM (RBF Kernel),58,Untargeted Causal (Karimi 2021),250,0.12881898880004883,22.034335060859956,10,7.835773717385994,True
breast_cancer,SVM (RBF Kernel),58,Wachter's CE,500,0.049761295318603516,18.35400905289708,10,99.16396406015767,True
breast_cancer,SVM (RBF Kernel),58,SHAP-Targeted CE,343,0.019454479217529297,15.674682297875194,3,1852.6504809235723,True
breast_cancer,SVM (RBF Kernel),59,Actionable CBFI (Proposed),250,0.12386584281921387,19.687413244508477,10,2.9845821349230257,True
breast_cancer,SVM (RBF Kernel),59,Untargeted Causal (Karimi 2021),250,0.1275637149810791,24.559173285049717,10,1.531097444448382,True
breast_cancer,SVM (RBF Kernel),59,Wachter's CE,500,0.07637524604797363,20.77870736260162,10,103.35929086065075,True
breast_cancer,SVM (RBF Kernel),59,SHAP-Targeted CE,343,0.022696256637573242,4.006397617608004,3,0.577333921643803,True
breast_cancer,SVM (RBF Kernel),60,Actionable CBFI (Proposed),250,0.12594866752624512,21.662524185317434,10,1.4205656464441263,True
breast_cancer,SVM (RBF Kernel),60,Untargeted Causal (Karimi 2021),250,0.12576556205749512,21.34690799858318,10,1.531097444448382,True
breast_cancer,SVM (RBF Kernel),60,Wachter's CE,500,0.06557750701904297,15.587339039974934,10,1.2763841927274784,True
breast_cancer,SVM (RBF Kernel),60,SHAP-Targeted CE,343,0.023689985275268555,2.84256726146644,3,0.3614983352035017,True
breast_cancer,SVM (RBF Kernel),61,Actionable CBFI (Proposed),250,0.12106657028198242,22.271267625208015,10,2.7869239069063636,True
breast_cancer,SVM (RBF Kernel),61,Untargeted Causal (Karimi 2021),250,0.1282660961151123,27.144200457639016,10,1.531097444448382,True
breast_cancer,SVM (RBF Kernel),61,Wachter's CE,500,0.10202455520629883,22.635678217461372,10,103.35929086065075,True
breast_cancer,SVM (RBF Kernel),61,SHAP-Targeted CE,343,0.02297377586364746,6.532087193990927,3,0.6190998359380535,True
breast_cancer,SVM (RBF Kernel),62,Actionable CBFI (Proposed),250,0.12572741508483887,23.687728847573922,10,4.204190545486792,True
breast_cancer,SVM (RBF Kernel),62,Untargeted Causal (Karimi 2021),250,0.12798023223876953,17.354935750071334,10,1.531097444448382,True
breast_cancer,SVM (RBF Kernel),62,Wachter's CE,500,0.07728958129882812,17.354935750071334,10,1.531097444448382,True
breast_cancer,SVM (RBF Kernel),62,SHAP-Targeted CE,343,0.016315221786499023,4.24175709256987,3,0.1499914663568929,True
breast_cancer,SVM (RBF Kernel),63,Actionable CBFI (Proposed),250,0.12360501289367676,20.70840069057123,10,2.4898355899323477,True
breast_cancer,SVM (RBF Kernel),63,Untargeted Causal (Karimi 2021),250,0.12005329132080078,20.27251808940989,10,1.531097444448382,True
breast_cancer,SVM (RBF Kernel),63,Wachter's CE,500,0.07148337364196777,20.27251808940989,10,1.531097444448382,True
breast_cancer,SVM (RBF Kernel),63,SHAP-Targeted CE,343,0.019758224487304688,4.797617670878508,3,0.2597023718723357,True
breast_cancer,SVM (RBF Kernel),64,Actionable CBFI (Proposed),250,0.12443375587463379,23.551143116698967,10,2.7869239069063636,True
breast_cancer,SVM (RBF Kernel),64,Untargeted Causal (Karimi 2021),250,0.12245631217956543,26.240397610584473,10,4.444591284428344,True
breast_cancer,SVM (RBF Kernel),64,Wachter's CE,500,0.051807403564453125,23.76907556691945,10,1076.7714069719018,True
breast_cancer,SVM (RBF Kernel),64,SHAP-Targeted CE,343,0.016729116439819336,9.301233027044882,3,58.708301808170546,True
breast_cancer,SVM (RBF Kernel),65,Actionable CBFI (Proposed),250,0.1263895034790039,15.635488838813433,10,2.7869239069063636,True
breast_cancer,SVM (RBF Kernel),65,Untargeted Causal (Karimi 2021),250,0.12121438980102539,18.05297748925165,10,1.531097444448382,True
breast_cancer,SVM (RBF Kernel),65,Wachter's CE,500,0.06216025352478027,15.576846826370485,10,1.2763841927274784,True
breast_cancer,SVM (RBF Kernel),65,SHAP-Targeted CE,343,0.02189493179321289,2.2276608139650214,3,0.03232537119350715,True
breast_cancer,SVM (RBF Kernel),66,Actionable CBFI (Proposed),250,0.11534881591796875,18.116953515068445,10,1.3930524519493852,True
breast_cancer,SVM (RBF Kernel),66,Untargeted Causal (Karimi 2021),250,0.12090229988098145,19.675298445789856,10,1.531097444448382,True
breast_cancer,SVM (RBF Kernel),66,Wachter's CE,500,0.06429123878479004,15.966316702062269,10,1.2763841927274784,True
breast_cancer,SVM (RBF Kernel),66,SHAP-Targeted CE,343,0.026004314422607422,1.9752028035515186,3,48.318396078853795,True
breast_cancer,SVM (RBF Kernel),67,Actionable CBFI (Proposed),250,0.12554454803466797,20.982142754737325,10,3.788620843109269,True
breast_cancer,SVM (RBF Kernel),67,Untargeted Causal (Karimi 2021),250,0.12802410125732422,18.306115326424326,10,3.9058707027639454,True
breast_cancer,SVM (RBF Kernel),67,Wachter's CE,500,0.07704687118530273,17.177199919148737,10,98.35044430377371,True
breast_cancer,SVM (RBF Kernel),67,SHAP-Targeted CE,343,0.022188425064086914,6.826260516277773,3,36.512732976718084,True
breast_cancer,SVM (RBF Kernel),68,Actionable CBFI (Proposed),250,0.12414836883544922,23.695693456519283,10,4.4030116282557445,True
breast_cancer,SVM (RBF Kernel),68,Untargeted Causal (Karimi 2021),250,0.1291055679321289,26.07691235785447,10,2.8355710573650756,True
breast_cancer,SVM (RBF Kernel),68,Wachter's CE,500,0.06634283065795898,22.81707316200829,10,1015.3867048411703,True
breast_cancer,SVM (RBF Kernel),68,SHAP-Targeted CE,343,0.023017406463623047,14.083293496873187,3,764.4605177222548,True
breast_cancer,SVM (RBF Kernel),69,Actionable CBFI (Proposed),250,0.12404108047485352,25.170921964118516,10,3.0914835847173294,True
breast_cancer,SVM (RBF Kernel),69,Untargeted Causal (Karimi 2021),250,0.12622380256652832,21.505637890232933,10,1.531097444448382,True
breast_cancer,SVM (RBF Kernel),69,Wachter's CE,500,0.07646346092224121,19.352178280985612,10,98.35044430377371,True
breast_cancer,SVM (RBF Kernel),69,SHAP-Targeted CE,343,0.022436857223510742,3.442456688548906,3,0.4483900404894896,True
breast_cancer,SVM (RBF Kernel),70,Actionable CBFI (Proposed),250,0.12534189224243164,26.662209427753858,10,3.551928853215963,True
breast_cancer,SVM (RBF Kernel),70,Untargeted Causal (Karimi 2021),250,0.11759829521179199,20.972026849342093,10,3.9058707027639454,True
breast_cancer,SVM (RBF Kernel),70,Wachter's CE,500,0.07665824890136719,19.69187160334048,10,1.2763841927274784,True
breast_cancer,SVM (RBF Kernel),70,SHAP-Targeted CE,343,0.022388458251953125,10.40435486695465,3,187.49224619062437,True
breast_cancer,SVM (RBF Kernel),71,Actionable CBFI (Proposed),250,0.12458634376525879,21.560084360740685,10,4.518643854354526,True
breast_cancer,SVM (RBF Kernel),71,Untargeted Causal (Karimi 2021),250,0.11996269226074219,25.53734040464749,10,3.8375998649491745,True
breast_cancer,SVM (RBF Kernel),71,Wachter's CE,500,0.07748937606811523,16.949186957581592,10,103.35929086065075,True
breast_cancer,SVM (RBF Kernel),71,SHAP-Targeted CE,343,0.024644136428833008,3.869077975864257,3,41.281163774470336,True
breast_cancer,SVM (RBF Kernel),72,Actionable CBFI (Proposed),250,0.12421393394470215,21.192453621922418,10,3.5593730286966885,True
breast_cancer,SVM (RBF Kernel),72,Untargeted Causal (Karimi 2021),250,0.12683653831481934,23.99067110944352,10,1.531097444448382,True
breast_cancer,SVM (RBF Kernel),72,Wachter's CE,500,0.0769803524017334,22.097874597488484,10,103.35929086065075,True
breast_cancer,SVM (RBF Kernel),72,SHAP-Targeted CE,343,0.022519588470458984,3.6370435967744164,3,0.40637766259848845,True
breast_cancer,SVM (RBF Kernel),73,Actionable CBFI (Proposed),250,0.12497425079345703,27.831187839164194,9,10.582986842246365,True
breast_cancer,SVM (RBF Kernel),73,Untargeted Causal (Karimi 2021),250,0.1199338436126709,29.21451980694143,10,2.8355710573650756,True
breast_cancer,SVM (RBF Kernel),73,Wachter's CE,500,0.07654666900634766,24.290460004758337,9,1809.2356338268119,True
breast_cancer,SVM (RBF Kernel),73,SHAP-Targeted CE,343,0.018527984619140625,11.788397914597727,3,1461.120989431258,True
breast_cancer,SVM (RBF Kernel),74,Actionable CBFI (Proposed),250,0.11331391334533691,23.20791976273397,9,3.294887949568507,True
breast_cancer,SVM (RBF Kernel),74,Untargeted Causal (Karimi 2021),250,0.12073230743408203,21.369725909692765,10,1.531097444448382,True
breast_cancer,SVM (RBF Kernel),74,Wachter's CE,500,0.05931901931762695,16.235409138899797,10,1.2763841927274784,True
breast_cancer,SVM (RBF Kernel),74,SHAP-Targeted CE,343,0.023916959762573242,0.6229834341531401,3,0.2809381950696811,True
breast_cancer,SVM (RBF Kernel),75,Actionable CBFI (Proposed),250,0.12229037284851074,21.884666209051034,10,1.6398711675980029,True
breast_cancer,SVM (RBF Kernel),75,Untargeted Causal (Karimi 2021),250,0.12714147567749023,23.005062251931676,10,3.8375998649491745,True
breast_cancer,SVM (RBF Kernel),75,Wachter's CE,500,0.06515765190124512,18.921537644432565,10,103.35929086065075,True
breast_cancer,SVM (RBF Kernel),75,SHAP-Targeted CE,343,0.02144169807434082,4.610358053625853,3,1.446149635403745,True
breast_cancer,SVM (RBF Kernel),76,Actionable CBFI (Proposed),250,0.12754201889038086,27.83592676353186,10,3.8410916095375196,True
breast_cancer,SVM (RBF Kernel),76,Untargeted Causal (Karimi 2021),250,0.13213801383972168,25.34104977022993,10,2.8355710573650756,True
breast_cancer,SVM (RBF Kernel),76,Wachter's CE,500,0.10239219665527344,23.549976338283674,10,1076.7714069719018,True
breast_cancer,SVM (RBF Kernel),76,SHAP-Targeted CE,343,0.02225780487060547,15.24470974265296,3,201.99460924214424,True
breast_cancer,SVM (RBF Kernel),77,Actionable CBFI (Proposed),250,0.12348628044128418,20.279477087379462,10,1.6398711675980029,True
breast_cancer,SVM (RBF Kernel),77,Untargeted Causal (Karimi 2021),250,0.12834811210632324,21.325771967620824,10,1.531097444448382,True
breast_cancer,SVM (RBF Kernel),77,Wachter's CE,500,0.04874610900878906,19.64982023163435,10,1.2763841927274784,True
breast_cancer,SVM (RBF Kernel),77,SHAP-Targeted CE,343,0.022539377212524414,4.9937383151172945,3,0.3326601518194857,True
breast_cancer,SVM (RBF Kernel),78,Actionable CBFI (Proposed),250,0.1242375373840332,23.105036705783288,10,1.4205656464441263,True
breast_cancer,SVM (RBF Kernel),78,Untargeted Causal (Karimi 2021),250,0.12684011459350586,23.8969579805391,10,1.531097444448382,True
breast_cancer,SVM (RBF Kernel),78,Wachter's CE,500,0.06436038017272949,18.42514619334132,10,1.2763841927274784,True
breast_cancer,SVM (RBF Kernel),78,SHAP-Targeted CE,343,0.023449420928955078,4.300452102007864,3,49.86300823395263,True
breast_cancer,SVM (RBF Kernel),79,Actionable CBFI (Proposed),250,0.12679672241210938,24.13152960737589,10,1.6398711675980029,True
breast_cancer,SVM (RBF Kernel),79,Untargeted Causal (Karimi 2021),250,0.1283431053161621,23.84649121724767,10,1.531097444448382,True
breast_cancer,SVM (RBF Kernel),79,Wachter's CE,500,0.07820653915405273,22.85505553232071,10,103.35929086065075,True
breast_cancer,SVM (RBF Kernel),79,SHAP-Targeted CE,343,0.02376270294189453,5.136729768140235,3,0.6201079440966616,True
breast_cancer,SVM (RBF Kernel),80,Actionable CBFI (Proposed),250,0.1479661464691162,18.85547072319831,9,2.6513372784263454,True
breast_cancer,SVM (RBF Kernel),80,Untargeted Causal (Karimi 2021),250,0.1268293857574463,19.980888752793472,10,1.531097444448382,True
breast_cancer,SVM (RBF Kernel),80,Wachter's CE,500,0.07684659957885742,17.207536560310206,10,112.83692412988431,True
breast_cancer,SVM (RBF Kernel),80,SHAP-Targeted CE,343,0.027329444885253906,2.1915506139793366,3,0.5151487225909892,True
breast_cancer,SVM (RBF Kernel),81,Actionable CBFI (Proposed),250,0.12561655044555664,22.114663346848936,10,1.5695630009931891,True
breast_cancer,SVM (RBF Kernel),81,Untargeted Causal (Karimi 2021),250,0.1274251937866211,20.36017248743121,10,1.531097444448382,True
breast_cancer,SVM (RBF Kernel),81,Wachter's CE,500,0.07677984237670898,19.558213047118738,10,1.2763841927274784,True
breast_cancer,SVM (RBF Kernel),81,SHAP-Targeted CE,343,0.022941112518310547,3.664012660230645,3,0.3403249190342699,True
breast_cancer,SVM (RBF Kernel),82,Actionable CBFI (Proposed),250,0.12426114082336426,19.65596650190293,10,1.4205656464441263,True
breast_cancer,SVM (RBF Kernel),82,Untargeted Causal (Karimi 2021),250,0.12032675743103027,19.219170379803575,10,1.531097444448382,True
breast_cancer,SVM (RBF Kernel),82,Wachter's CE,500,0.07718300819396973,19.219170379803575,10,1.531097444448382,True
breast_cancer,SVM (RBF Kernel),82,SHAP-Targeted CE,343,0.021816253662109375,2.8386433540543363,3,0.4303562088849167,True
breast_cancer,SVM (RBF Kernel),83,Actionable CBFI (Proposed),250,0.11298584938049316,19.328420560262064,10,2.647066652507088,True
breast_cancer,SVM (RBF Kernel),83,Untargeted Causal (Karimi 2021),250,0.12788891792297363,22.35503076855544,10,1.531097444448382,True
breast_cancer,SVM (RBF Kernel),83,Wachter's CE,500,0.07259726524353027,16.3820591000107,10,1.2763841927274784,True
breast_cancer,SVM (RBF Kernel),83,SHAP-Targeted CE,343,0.01775527000427246,5.853041301465344,3,43.07987564285591,True
breast_cancer,SVM (RBF Kernel),84,Actionable CBFI (Proposed),250,0.10745596885681152,24.07836671108598,10,2.8642747022298853,True
breast_cancer,SVM (RBF Kernel),84,Untargeted Causal (Karimi 2021),250,0.12766098976135254,26.27631063550136,10,1.531097444448382,True
breast_cancer,SVM (RBF Kernel),84,Wachter's CE,500,0.07628703117370605,22.82400525901677,10,495.9404400150099,True
breast_cancer,SVM (RBF Kernel),84,SHAP-Targeted CE,343,0.022263050079345703,7.801639631563769,3,202.65232864974988,True
breast_cancer,SVM (RBF Kernel),85,Actionable CBFI (Proposed),250,0.11903548240661621,25.255819988185582,10,3.5116329082563755,True
breast_cancer,SVM (RBF Kernel),85,Untargeted Causal (Karimi 2021),250,0.12700963020324707,21.945871885567882,10,3.8375998649491745,True
breast_cancer,SVM (RBF Kernel),85,Wachter's CE,500,0.07783627510070801,19.717439474269057,10,103.35929086065075,True
breast_cancer,SVM (RBF Kernel),85,SHAP-Targeted CE,343,0.016155481338500977,3.8815853496435024,3,0.8753134384718274,True
breast_cancer,SVM (RBF Kernel),86,Actionable CBFI (Proposed),250,0.12511634826660156,25.27619157680465,10,5.208819755953426,True
breast_cancer,SVM (RBF Kernel),86,Untargeted Causal (Karimi 2021),250,0.1277761459350586,26.23574302403721,10,3.8375998649491745,True
breast_cancer,SVM (RBF Kernel),86,Wachter's CE,500,0.07695841789245605,22.704371040045544,10,495.9404400150099,True
breast_cancer,SVM (RBF Kernel),86,SHAP-Targeted CE,343,0.02155756950378418,14.580210202014413,3,47.73055405862426,True
breast_cancer,SVM (RBF Kernel),87,Actionable CBFI (Proposed),250,0.12414193153381348,22.942407566773987,10,3.260454126079269,True
breast_cancer,SVM (RBF Kernel),87,Untargeted Causal (Karimi 2021),250,0.12860655784606934,23.72015200234785,10,4.444591284428344,True
breast_cancer,SVM (RBF Kernel),87,Wachter's CE,500,0.07753849029541016,20.580869200015048,10,120.8607364353893,True
breast_cancer,SVM (RBF Kernel),87,SHAP-Targeted CE,343,0.022760629653930664,12.038924897950924,3,502.97067404711277,True
breast_cancer,SVM (RBF Kernel),88,Actionable CBFI (Proposed),250,0.12893199920654297,17.24271764299461,10,1.3333948532968471,True
breast_cancer,SVM (RBF Kernel),88,Untargeted Causal (Karimi 2021),250,0.11899542808532715,21.449438574128983,10,1.531097444448382,True
breast_cancer,SVM (RBF Kernel),88,Wachter's CE,500,0.07678842544555664,16.887002267803993,10,103.35929086065075,True
breast_cancer,SVM (RBF Kernel),88,SHAP-Targeted CE,343,0.022118330001831055,3.2429497835870396,3,44.95257353464865,True
breast_cancer,SVM (RBF Kernel),89,Actionable CBFI (Proposed),250,0.12411260604858398,26.296700492214867,10,3.7959607998258083,True
breast_cancer,SVM (RBF Kernel),89,Untargeted Causal (Karimi 2021),250,0.1271975040435791,23.20601612209884,10,3.9058707027639454,True
breast_cancer,SVM (RBF Kernel),89,Wachter's CE,500,0.06453227996826172,21.8425565491229,10,2.230823909084091,True
breast_cancer,SVM (RBF Kernel),89,SHAP-Targeted CE,343,0.015520095825195312,8.998047917665373,3,202.41484290879768,True
breast_cancer,SVM (RBF Kernel),90,Actionable CBFI (Proposed),250,0.17053699493408203,22.00406210379234,10,2.627410449442969,True
breast_cancer,SVM (RBF Kernel),90,Untargeted Causal (Karimi 2021),250,0.12848758697509766,19.44907435598506,10,1.531097444448382,True
breast_cancer,SVM (RBF Kernel),90,Wachter's CE,500,0.07968282699584961,19.44907435598506,10,1.531097444448382,True
breast_cancer,SVM (RBF Kernel),90,SHAP-Targeted CE,343,0.03093433380126953,0.8219259670353194,3,0.49547776986386693,True
breast_cancer,SVM (RBF Kernel),91,Actionable CBFI (Proposed),250,0.1508958339691162,23.482733113872907,9,4.165147978340532,True
breast_cancer,SVM (RBF Kernel),91,Untargeted Causal (Karimi 2021),250,0.12807512283325195,22.2291676841636,10,1.531097444448382,True
breast_cancer,SVM (RBF Kernel),91,Wachter's CE,500,0.07849931716918945,15.952307512613283,10,98.35044430377371,True
breast_cancer,SVM (RBF Kernel),91,SHAP-Targeted CE,343,0.02227926254272461,7.960042571310078,3,41.45024853812942,True
breast_cancer,SVM (RBF Kernel),92,Actionable CBFI (Proposed),250,0.11084294319152832,22.239121075602373,10,1.4205656464441263,True
breast_cancer,SVM (RBF Kernel),92,Untargeted Causal (Karimi 2021),250,0.12776732444763184,21.467832505450904,10,1.531097444448382,True
breast_cancer,SVM (RBF Kernel),92,Wachter's CE,500,0.04870319366455078,21.467832505450904,10,1.531097444448382,True
breast_cancer,SVM (RBF Kernel),92,SHAP-Targeted CE,343,0.01989150047302246,4.810935726139129,3,0.3948333634967709,True
breast_cancer,SVM (RBF Kernel),93,Actionable CBFI (Proposed),250,0.10753297805786133,30.908155783318392,10,3.288365033711171,True
breast_cancer,SVM (RBF Kernel),93,Untargeted Causal (Karimi 2021),250,0.12810730934143066,25.887899188015044,10,7.019781073978541,True
breast_cancer,SVM (RBF Kernel),93,Wachter's CE,500,0.07812809944152832,23.25012874228078,10,118.38935749602322,True
breast_cancer,SVM (RBF Kernel),93,SHAP-Targeted CE,343,0.023738861083984375,11.975337360132748,3,1885.0134697189108,True
breast_cancer,SVM (RBF Kernel),94,Actionable CBFI (Proposed),250,0.12398004531860352,25.989237480209688,10,3.1241647776134247,True
breast_cancer,SVM (RBF Kernel),94,Untargeted Causal (Karimi 2021),250,0.11890268325805664,21.608603772687896,10,2.8355710573650756,True
breast_cancer,SVM (RBF Kernel),94,Wachter's CE,500,0.07579874992370605,21.214933205885213,10,142.75950403676782,True
breast_cancer,SVM (RBF Kernel),94,SHAP-Targeted CE,343,0.021840572357177734,13.654795785673635,3,1244.6207977107126,True
breast_cancer,SVM (RBF Kernel),95,Actionable CBFI (Proposed),250,0.12540030479431152,23.522964122241493,10,3.154416484657052,True
breast_cancer,SVM (RBF Kernel),95,Untargeted Causal (Karimi 2021),250,0.12712740898132324,20.385170140951825,10,1.531097444448382,True
breast_cancer,SVM (RBF Kernel),95,Wachter's CE,500,0.07651114463806152,19.34293743869158,10,103.35929086065075,True
breast_cancer,SVM (RBF Kernel),95,SHAP-Targeted CE,343,0.025119781494140625,3.622233388236643,3,0.4144802671619717,True
breast_cancer,SVM (RBF Kernel),96,Actionable CBFI (Proposed),250,0.12816953659057617,15.34977842325401,8,35.54123752913466,True
breast_cancer,SVM (RBF Kernel),96,Untargeted Causal (Karimi 2021),250,0.11836767196655273,19.90086835898481,10,1.531097444448382,True
breast_cancer,SVM (RBF Kernel),96,Wachter's CE,500,0.06390666961669922,18.871747456199177,10,1.2763841927274784,True
breast_cancer,SVM (RBF Kernel),96,SHAP-Targeted CE,343,0.02676081657409668,1.9454006151115901,3,0.20470348019778073,True
breast_cancer,SVM (RBF Kernel),97,Actionable CBFI (Proposed),250,0.11210417747497559,23.06251957332742,10,3.2479610093859783,True
breast_cancer,SVM (RBF Kernel),97,Untargeted Causal (Karimi 2021),250,0.12690973281860352,22.95302074435235,10,1.531097444448382,True
breast_cancer,SVM (RBF Kernel),97,Wachter's CE,500,0.07643938064575195,20.124432046903983,10,103.35929086065075,True
breast_cancer,SVM (RBF Kernel),97,SHAP-Targeted CE,343,0.024766921997070312,3.7521070470119593,3,0.9866552506656466,True
breast_cancer,SVM (RBF Kernel),98,Actionable CBFI (Proposed),250,0.12752008438110352,21.666334524450697,10,4.983762995004552,True
breast_cancer,SVM (RBF Kernel),98,Untargeted Causal (Karimi 2021),250,0.12999987602233887,25.510933073121922,10,3.9058707027639454,True
breast_cancer,SVM (RBF Kernel),98,Wachter's CE,500,0.0774087905883789,17.458146256331847,10,1.2763841927274784,True
breast_cancer,SVM (RBF Kernel),98,SHAP-Targeted CE,343,0.02289605140686035,6.913190203298456,3,40.308299716559276,True
breast_cancer,SVM (RBF Kernel),99,Actionable CBFI (Proposed),250,0.15147638320922852,12.506333348839378,10,1.432428152105153,True
breast_cancer,SVM (RBF Kernel),99,Untargeted Causal (Karimi 2021),250,0.12701678276062012,20.217975585717525,10,1.531097444448382,True
breast_cancer,SVM (RBF Kernel),99,Wachter's CE,500,0.07706975936889648,9.43509997490213,10,1.2763841927274784,True
breast_cancer,SVM (RBF Kernel),99,SHAP-Targeted CE,343,0.017006635665893555,2.664498895916401,3,49.95681261046153,True
breast_cancer,SVM (RBF Kernel),100,Actionable CBFI (Proposed),250,0.15584230422973633,24.99179605289588,10,2.8276723428169963,True
breast_cancer,SVM (RBF Kernel),100,Untargeted Causal (Karimi 2021),250,0.11911320686340332,21.31411946717815,10,1.531097444448382,True
breast_cancer,SVM (RBF Kernel),100,Wachter's CE,500,0.04875063896179199,19.996901251099686,10,1.2763841927274784,True
breast_cancer,SVM (RBF Kernel),100,SHAP-Targeted CE,343,0.02164483070373535,4.1492140299201195,3,0.41339841827303103,True
breast_cancer,XGBoost,1,Actionable CBFI (Proposed),250,0.08842635154724121,24.88307851808012,9,5.100695300821163,True
breast_cancer,XGBoost,1,Untargeted Causal (Karimi 2021),250,0.060114145278930664,32.735845323534335,10,3.8375998649491745,True
breast_cancer,XGBoost,1,Wachter's CE,500,0.06764483451843262,22.517569900110207,10,510.8695936994019,True
breast_cancer,XGBoost,1,SHAP-Targeted CE,343,0.023555278778076172,6.629957699291335,3,5.395807046157762,True
breast_cancer,XGBoost,2,Actionable CBFI (Proposed),250,0.08160018920898438,26.140947211374968,10,1.6266114228914093,True
breast_cancer,XGBoost,2,Untargeted Causal (Karimi 2021),250,0.06100964546203613,20.790671099335462,10,4.444591284428344,True
breast_cancer,XGBoost,2,Wachter's CE,500,0.05284595489501953,20.790671099335462,10,4.444591284428344,True
breast_cancer,XGBoost,2,SHAP-Targeted CE,343,0.023761987686157227,4.087906918834892,3,5.566659079058454,True
breast_cancer,XGBoost,3,Actionable CBFI (Proposed),250,0.06380867958068848,28.788347833430905,10,6.267458204110104,True
breast_cancer,XGBoost,3,Untargeted Causal (Karimi 2021),250,0.060593605041503906,28.694955286114872,10,3.8375998649491745,True
breast_cancer,XGBoost,3,Wachter's CE,500,0.06927704811096191,22.717811696305557,10,495.9404400150099,True
breast_cancer,XGBoost,3,SHAP-Targeted CE,343,0.021890878677368164,11.506274708039516,3,10.830084147217086,True
breast_cancer,XGBoost,4,Actionable CBFI (Proposed),250,0.10684514045715332,25.389796974383138,10,2.9872361734895114,True
breast_cancer,XGBoost,4,Untargeted Causal (Karimi 2021),250,0.060219526290893555,28.88998771732863,10,5.082590643232991,True
breast_cancer,XGBoost,4,Wachter's CE,500,0.060014963150024414,24.15910755970026,9,2072.3402140071494,True
breast_cancer,XGBoost,4,SHAP-Targeted CE,343,0.01998591423034668,5.299912994143699,3,16.534562270245416,True
breast_cancer,XGBoost,5,Actionable CBFI (Proposed),250,0.1042625904083252,22.362525870165328,9,4.067821889957802,True
breast_cancer,XGBoost,5,Untargeted Causal (Karimi 2021),250,0.05992770195007324,23.209352557520766,10,3.8375998649491745,True
breast_cancer,XGBoost,5,Wachter's CE,500,0.06471705436706543,23.209352557520766,10,3.8375998649491745,True
breast_cancer,XGBoost,5,SHAP-Targeted CE,343,0.02303481101989746,4.084688696979252,3,5.044200187755693,True
breast_cancer,XGBoost,6,Actionable CBFI (Proposed),250,0.0831449031829834,19.8615202549614,10,1.9476240627987562,True
breast_cancer,XGBoost,6,Untargeted Causal (Karimi 2021),250,0.060347557067871094,29.354531848847444,10,3.9300938506445684,True
breast_cancer,XGBoost,6,Wachter's CE,500,0.06813263893127441,19.164183159078537,10,114.65010788224699,True
breast_cancer,XGBoost,6,SHAP-Targeted CE,343,0.023912668228149414,3.4823392284065635,3,6.5724559353588825,True
breast_cancer,XGBoost,7,Actionable CBFI (Proposed),250,0.057656288146972656,23.45908062686918,10,2.8509547145011918,True
breast_cancer,XGBoost,7,Untargeted Causal (Karimi 2021),250,0.06019425392150879,24.91421684536205,10,3.8375998649491745,True
breast_cancer,XGBoost,7,Wachter's CE,500,0.06758236885070801,21.05478739605359,10,103.35929086065075,True
breast_cancer,XGBoost,7,SHAP-Targeted CE,343,0.021936416625976562,5.5660549070639185,3,1.5177929777298484,True
breast_cancer,XGBoost,8,Actionable CBFI (Proposed),250,0.06108808517456055,28.65691144692944,10,5.2355048159645,True
breast_cancer,XGBoost,8,Untargeted Causal (Karimi 2021),250,0.06067013740539551,31.15753048031594,10,3.3832485224209665,True
breast_cancer,XGBoost,8,Wachter's CE,500,0.06729531288146973,21.869087403389997,10,112.83692412988431,True
breast_cancer,XGBoost,8,SHAP-Targeted CE,343,0.021471023559570312,1.7210076890321386,3,0.34427029121752406,True
breast_cancer,XGBoost,9,Actionable CBFI (Proposed),250,0.05840921401977539,20.25555010163787,10,4.068882825288792,True
breast_cancer,XGBoost,9,Untargeted Causal (Karimi 2021),250,0.060678720474243164,31.833599927521472,10,3.9300938506445684,True
breast_cancer,XGBoost,9,Wachter's CE,500,0.06868553161621094,22.46160945509312,10,112.83692412988431,True
breast_cancer,XGBoost,9,SHAP-Targeted CE,343,0.02211904525756836,4.628810787549542,3,37.0530836489092,True
breast_cancer,XGBoost,10,Actionable CBFI (Proposed),250,0.07615995407104492,22.938538602583765,10,4.240259079595333,True
breast_cancer,XGBoost,10,Untargeted Causal (Karimi 2021),250,0.05930590629577637,32.4229624883829,10,3.3832485224209665,True
breast_cancer,XGBoost,10,Wachter's CE,500,0.06794953346252441,20.74350998172888,10,112.83692412988431,True
breast_cancer,XGBoost,10,SHAP-Targeted CE,343,0.02045750617980957,4.235258614270734,3,28.490627899411713,True
breast_cancer,XGBoost,11,Actionable CBFI (Proposed),250,0.12996625900268555,17.271709691154406,10,0.7600602863471573,True
breast_cancer,XGBoost,11,Untargeted Causal (Karimi 2021),250,0.05906867980957031,27.785476415410855,10,4.444591284428344,True
breast_cancer,XGBoost,11,Wachter's CE,500,0.06778240203857422,20.71672749095529,10,103.35929086065075,True
breast_cancer,XGBoost,11,SHAP-Targeted CE,343,0.021306276321411133,2.5598645330760976,3,11.281756292353343,True
breast_cancer,XGBoost,12,Actionable CBFI (Proposed),250,0.07770705223083496,22.750961031049265,10,2.156890517743511,True
breast_cancer,XGBoost,12,Untargeted Causal (Karimi 2021),250,0.05885958671569824,27.637578963557665,10,3.9300938506445684,True
breast_cancer,XGBoost,12,Wachter's CE,500,0.1368558406829834,19.394115655904763,10,103.35929086065075,True
breast_cancer,XGBoost,12,SHAP-Targeted CE,343,0.015682220458984375,2.5560080886917653,3,12.326799493060488,True
breast_cancer,XGBoost,13,Actionable CBFI (Proposed),250,0.059118032455444336,28.872861389760573,10,3.81133256008879,True
breast_cancer,XGBoost,13,Untargeted Causal (Karimi 2021),250,0.06016349792480469,32.60674152422298,10,4.444591284428344,True
breast_cancer,XGBoost,13,Wachter's CE,500,0.06784415245056152,27.800501558140105,10,510.8695936994019,True
breast_cancer,XGBoost,13,SHAP-Targeted CE,343,0.020152807235717773,8.331178680291796,3,13.248182876131201,True
breast_cancer,XGBoost,14,Actionable CBFI (Proposed),250,0.0827951431274414,28.479737209536644,10,2.655641565088875,True
breast_cancer,XGBoost,14,Untargeted Causal (Karimi 2021),250,0.045005083084106445,27.05701438770156,10,3.8375998649491745,True
breast_cancer,XGBoost,14,Wachter's CE,500,0.06807398796081543,18.128608605577153,10,103.35929086065075,True
breast_cancer,XGBoost,14,SHAP-Targeted CE,343,0.020740032196044922,3.5233267462712234,3,10.046095916631424,True
breast_cancer,XGBoost,15,Actionable CBFI (Proposed),250,0.05934333801269531,20.785700829778406,10,4.613436981333453,True
breast_cancer,XGBoost,15,Untargeted Causal (Karimi 2021),250,0.06057000160217285,31.20640688400015,10,3.3832485224209665,True
breast_cancer,XGBoost,15,Wachter's CE,500,0.0692148208618164,20.76462941433546,10,112.83692412988431,True
breast_cancer,XGBoost,15,SHAP-Targeted CE,343,0.026262998580932617,4.381606357833714,3,0.6676354185884411,True
breast_cancer,XGBoost,16,Actionable CBFI (Proposed),250,0.0582118034362793,24.282911758009938,10,1.6637208702773494,True
breast_cancer,XGBoost,16,Untargeted Causal (Karimi 2021),250,0.05966067314147949,34.386457409641594,10,3.9300938506445684,True
breast_cancer,XGBoost,16,Wachter's CE,500,0.06633925437927246,22.52400415536758,10,112.83692412988431,True
breast_cancer,XGBoost,16,SHAP-Targeted CE,343,0.0185701847076416,4.82478071636684,3,2.5267236284965504,True
breast_cancer,XGBoost,17,Actionable CBFI (Proposed),250,0.0874481201171875,17.470369510060436,10,2.3838979886051725,True
breast_cancer,XGBoost,17,Untargeted Causal (Karimi 2021),250,0.05925321578979492,25.124851841334685,10,3.9300938506445684,True
breast_cancer,XGBoost,17,Wachter's CE,500,0.04244041442871094,20.286216184536023,10,112.83692412988431,True
breast_cancer,XGBoost,17,SHAP-Targeted CE,343,0.01838827133178711,2.125660926832609,3,0.9794541476864383,True
breast_cancer,XGBoost,18,Actionable CBFI (Proposed),250,0.06172347068786621,22.418202496240706,10,1.5695630009931891,True
breast_cancer,XGBoost,18,Untargeted Causal (Karimi 2021),250,0.052008628845214844,30.671002788641196,10,3.3832485224209665,True
breast_cancer,XGBoost,18,Wachter's CE,500,0.06772923469543457,25.697133988120417,10,510.8695936994019,True
breast_cancer,XGBoost,18,SHAP-Targeted CE,343,0.020585298538208008,5.7837924241547,3,6.149225362024526,True
breast_cancer,XGBoost,19,Actionable CBFI (Proposed),250,0.042062997817993164,33.539128126612006,10,4.365487746707981,True
breast_cancer,XGBoost,19,Untargeted Causal (Karimi 2021),250,0.06005692481994629,24.580784530792876,10,3.8375998649491745,True
breast_cancer,XGBoost,19,Wachter's CE,500,0.06805157661437988,24.42251772010108,10,154.82576850217296,True
breast_cancer,XGBoost,19,SHAP-Targeted CE,343,0.020008563995361328,8.578524989986306,3,11.975254930969419,True
breast_cancer,XGBoost,20,Actionable CBFI (Proposed),250,0.11315679550170898,16.730182620973473,9,2.2983850723690384,True
breast_cancer,XGBoost,20,Untargeted Causal (Karimi 2021),250,0.06147313117980957,30.552953822415855,10,3.3832485224209665,True
breast_cancer,XGBoost,20,Wachter's CE,500,0.0694737434387207,21.021659479969742,10,510.8695936994019,True
breast_cancer,XGBoost,20,SHAP-Targeted CE,343,0.024426937103271484,3.433872959953848,3,12.228317621713664,True
breast_cancer,XGBoost,21,Actionable CBFI (Proposed),250,0.0573725700378418,31.37684947670928,10,2.8509547145011918,True
breast_cancer,XGBoost,21,Untargeted Causal (Karimi 2021),250,0.05096316337585449,24.844000465860578,10,4.444591284428344,True
breast_cancer,XGBoost,21,Wachter's CE,500,0.06782674789428711,23.806582217289552,10,154.82576850217296,True
breast_cancer,XGBoost,21,SHAP-Targeted CE,343,0.020385265350341797,8.521386474251996,3,1.9043752567411596,True
breast_cancer,XGBoost,22,Actionable CBFI (Proposed),250,0.06093144416809082,26.971028390595528,10,4.12428742102394,True
breast_cancer,XGBoost,22,Untargeted Causal (Karimi 2021),250,0.051802635192871094,29.786023185034292,10,3.8375998649491745,True
breast_cancer,XGBoost,22,Wachter's CE,500,0.05307602882385254,23.30143315935512,10,103.35929086065075,True
breast_cancer,XGBoost,22,SHAP-Targeted CE,343,0.02025580406188965,5.773311859152084,3,3.7832277362110127,True
breast_cancer,XGBoost,23,Actionable CBFI (Proposed),250,0.060714006423950195,23.25193953258595,9,6.13234566679214,True
breast_cancer,XGBoost,23,Untargeted Causal (Karimi 2021),250,0.05005669593811035,35.966691205705516,9,5.082590643232991,True
breast_cancer,XGBoost,23,Wachter's CE,500,0.06773781776428223,24.45450870425325,9,508.1416911530315,True
breast_cancer,XGBoost,23,SHAP-Targeted CE,343,0.02144336700439453,7.757257951426231,3,1.7691595284532577,True
breast_cancer,XGBoost,24,Actionable CBFI (Proposed),250,0.058437347412109375,27.08508904097942,10,5.1539694137259096,True
breast_cancer,XGBoost,24,Untargeted Causal (Karimi 2021),250,0.10310053825378418,30.90119074636295,10,3.3832485224209665,True
breast_cancer,XGBoost,24,Wachter's CE,500,0.05467700958251953,22.624508292113866,10,114.65010788224699,True
breast_cancer,XGBoost,24,SHAP-Targeted CE,343,0.018346071243286133,3.826514133892165,3,2.584998605233947,True
breast_cancer,XGBoost,25,Actionable CBFI (Proposed),250,0.05706143379211426,25.926502404620003,10,2.8509547145011918,True
breast_cancer,XGBoost,25,Untargeted Causal (Karimi 2021),250,0.059253692626953125,23.69158233884675,10,3.8375998649491745,True
breast_cancer,XGBoost,25,Wachter's CE,500,0.06834793090820312,22.989718598353896,10,103.35929086065075,True
breast_cancer,XGBoost,25,SHAP-Targeted CE,343,0.01923990249633789,6.279350464771063,3,3.7584028196094263,True
breast_cancer,XGBoost,26,Actionable CBFI (Proposed),250,0.05802297592163086,31.785188815818884,10,3.0208633254287047,True
breast_cancer,XGBoost,26,Untargeted Causal (Karimi 2021),250,0.05859994888305664,30.342814959918446,10,3.9300938506445684,True
breast_cancer,XGBoost,26,Wachter's CE,500,0.06803131103515625,22.40274389289294,10,112.83692412988431,True
breast_cancer,XGBoost,26,SHAP-Targeted CE,343,0.022309064865112305,6.4396697609614115,3,8.352618235480143,True
breast_cancer,XGBoost,27,Actionable CBFI (Proposed),250,0.08057427406311035,21.0833240157162,10,2.3033110376077395,True
breast_cancer,XGBoost,27,Untargeted Causal (Karimi 2021),250,0.05958962440490723,24.63500158749537,10,3.8375998649491745,True
breast_cancer,XGBoost,27,Wachter's CE,500,0.05136752128601074,20.763835076441957,10,103.35929086065075,True
breast_cancer,XGBoost,27,SHAP-Targeted CE,343,0.0224912166595459,2.5420129718958524,3,0.5211237749204147,True
breast_cancer,XGBoost,28,Actionable CBFI (Proposed),250,0.04458451271057129,29.86419488747641,10,4.12428742102394,True
breast_cancer,XGBoost,28,Untargeted Causal (Karimi 2021),250,0.05864739418029785,29.128441073707595,10,3.8375998649491745,True
breast_cancer,XGBoost,28,Wachter's CE,500,0.06917667388916016,24.672214637558813,10,495.9404400150099,True
breast_cancer,XGBoost,28,SHAP-Targeted CE,343,0.02195262908935547,10.455787332180211,3,6.627474300311339,True
breast_cancer,XGBoost,29,Actionable CBFI (Proposed),250,0.12246847152709961,24.369717249333146,10,4.974606674572142,True
breast_cancer,XGBoost,29,Untargeted Causal (Karimi 2021),250,0.06081342697143555,28.690775309779852,10,5.082590643232991,True
breast_cancer,XGBoost,29,Wachter's CE,500,0.06905031204223633,19.209508507944534,10,112.83692412988431,True
breast_cancer,XGBoost,29,SHAP-Targeted CE,343,0.022101640701293945,2.321491426554056,3,11.786495849625721,True
breast_cancer,XGBoost,30,Actionable CBFI (Proposed),250,0.05486345291137695,25.686400540771782,10,3.6111078999257256,True
breast_cancer,XGBoost,30,Untargeted Causal (Karimi 2021),250,0.05922436714172363,31.829473021481835,10,3.8375998649491745,True
breast_cancer,XGBoost,30,Wachter's CE,500,0.05009889602661133,26.88127841784078,10,103.35929086065075,True
breast_cancer,XGBoost,30,SHAP-Targeted CE,343,0.020062685012817383,8.60351131725315,3,1.778984532931724,True
breast_cancer,XGBoost,31,Actionable CBFI (Proposed),250,0.058321237564086914,29.447674200152534,10,2.8509547145011918,True
breast_cancer,XGBoost,31,Untargeted Causal (Karimi 2021),250,0.06041240692138672,25.538367579220456,10,4.444591284428344,True
breast_cancer,XGBoost,31,Wachter's CE,500,0.06857180595397949,25.538367579220456,10,4.444591284428344,True
breast_cancer,XGBoost,31,SHAP-Targeted CE,343,0.022306442260742188,8.775749978585292,3,12.68568833035624,True
breast_cancer,XGBoost,32,Actionable CBFI (Proposed),250,0.03979969024658203,16.69007841748869,10,2.3838979886051725,True
breast_cancer,XGBoost,32,Untargeted Causal (Karimi 2021),250,0.05930304527282715,28.69481920473618,10,3.8375998649491745,True
breast_cancer,XGBoost,32,Wachter's CE,500,0.06746339797973633,21.620416451148976,10,103.35929086065075,True
breast_cancer,XGBoost,32,SHAP-Targeted CE,343,0.020515918731689453,4.669919465991468,3,8.855278576966146,True
breast_cancer,XGBoost,33,Actionable CBFI (Proposed),250,0.05613207817077637,27.351581844948733,10,5.925207439092745,True
breast_cancer,XGBoost,33,Untargeted Causal (Karimi 2021),250,0.05126166343688965,25.417417377444465,10,3.8375998649491745,True
breast_cancer,XGBoost,33,Wachter's CE,500,0.06766819953918457,21.162034468170393,10,103.35929086065075,True
breast_cancer,XGBoost,33,SHAP-Targeted CE,343,0.020029067993164062,5.636448118912501,3,5.046148702010206,True
breast_cancer,XGBoost,34,Actionable CBFI (Proposed),250,0.05857515335083008,20.01743531670612,10,1.4205656464441263,True
breast_cancer,XGBoost,34,Untargeted Causal (Karimi 2021),250,0.05118513107299805,25.82011912279754,10,3.9300938506445684,True
breast_cancer,XGBoost,34,Wachter's CE,500,0.0678708553314209,18.41599772866692,10,112.83692412988431,True
breast_cancer,XGBoost,34,SHAP-Targeted CE,343,0.018885374069213867,3.5357188551374144,3,0.2646549516017618,True
breast_cancer,XGBoost,35,Actionable CBFI (Proposed),250,0.07546544075012207,18.7642260561215,10,2.156400035173926,True
breast_cancer,XGBoost,35,Untargeted Causal (Karimi 2021),250,0.05933237075805664,26.726276546615118,10,6.7471250934866696,True
breast_cancer,XGBoost,35,Wachter's CE,500,0.06896209716796875,22.22038657710688,10,103.35929086065075,True
breast_cancer,XGBoost,35,SHAP-Targeted CE,343,0.019336700439453125,2.7750988073120055,3,1.512613366881031,True
breast_cancer,XGBoost,36,Actionable CBFI (Proposed),250,0.08197331428527832,29.09587237984074,10,5.598937892091517,True
breast_cancer,XGBoost,36,Untargeted Causal (Karimi 2021),250,0.060707807540893555,25.20612411656085,10,3.9300938506445684,True
breast_cancer,XGBoost,36,Wachter's CE,500,0.1416776180267334,17.16619396828364,10,112.83692412988431,True
breast_cancer,XGBoost,36,SHAP-Targeted CE,343,0.022249698638916016,1.4695431362753837,3,1.4899694459761637,True
breast_cancer,XGBoost,37,Actionable CBFI (Proposed),250,0.10704302787780762,23.837056470732005,10,3.0343047808753574,True
breast_cancer,XGBoost,37,Untargeted Causal (Karimi 2021),250,0.06049036979675293,25.982774161978977,10,3.9300938506445684,True
breast_cancer,XGBoost,37,Wachter's CE,500,0.06766271591186523,19.85498318161136,10,103.35929086065075,True
breast_cancer,XGBoost,37,SHAP-Targeted CE,343,0.020299434661865234,1.2899831796250263,3,4.088102322598961,True
breast_cancer,XGBoost,38,Actionable CBFI (Proposed),250,0.1020352840423584,18.76279136877741,10,3.711555287236356,True
breast_cancer,XGBoost,38,Untargeted Causal (Karimi 2021),250,0.0589289665222168,28.322333878512563,10,3.9300938506445684,True
breast_cancer,XGBoost,38,Wachter's CE,500,0.06752681732177734,16.61377154325902,10,112.83692412988431,True
breast_cancer,XGBoost,38,SHAP-Targeted CE,343,0.020401954650878906,2.542228618070793,3,2.102280091667633,True
breast_cancer,XGBoost,39,Actionable CBFI (Proposed),250,0.05468297004699707,26.729658577463915,10,4.373776349193233,True
breast_cancer,XGBoost,39,Untargeted Causal (Karimi 2021),250,0.050273895263671875,28.774262813561485,10,4.444591284428344,True
breast_cancer,XGBoost,39,Wachter's CE,500,0.06712722778320312,28.569489755049464,10,113.29164031424041,True
breast_cancer,XGBoost,39,SHAP-Targeted CE,343,0.01915740966796875,9.589567766172356,3,18.99490286752622,True
breast_cancer,XGBoost,40,Actionable CBFI (Proposed),250,0.07666468620300293,26.04897075648338,10,4.065884066536579,True
breast_cancer,XGBoost,40,Untargeted Causal (Karimi 2021),250,0.0607600212097168,27.732348797221157,10,3.9300938506445684,True
breast_cancer,XGBoost,40,Wachter's CE,500,0.0703740119934082,19.070383125132512,10,112.83692412988431,True
breast_cancer,XGBoost,40,SHAP-Targeted CE,343,0.02306389808654785,1.8201923910386544,3,2.1049316539531318,True
breast_cancer,XGBoost,41,Actionable CBFI (Proposed),250,0.10306978225708008,22.963918068983375,10,1.567048257417674,True
breast_cancer,XGBoost,41,Untargeted Causal (Karimi 2021),250,0.05906987190246582,24.159087008251966,10,3.9300938506445684,True
breast_cancer,XGBoost,41,Wachter's CE,500,0.051154136657714844,16.347313838472598,10,112.83692412988431,True
breast_cancer,XGBoost,41,SHAP-Targeted CE,343,0.01972365379333496,1.494607065459728,3,4.170933423714492,True
breast_cancer,XGBoost,42,Actionable CBFI (Proposed),250,0.05562615394592285,22.099365762496937,10,2.9403529629213754,True
breast_cancer,XGBoost,42,Untargeted Causal (Karimi 2021),250,0.05027604103088379,24.776875191480233,10,3.8375998649491745,True
breast_cancer,XGBoost,42,Wachter's CE,500,0.06587839126586914,22.91651077724704,10,495.9404400150099,True
breast_cancer,XGBoost,42,SHAP-Targeted CE,343,0.01488041877746582,7.4591196585883015,3,6.4003527766285835,True
breast_cancer,XGBoost,43,Actionable CBFI (Proposed),250,0.06206035614013672,17.50887493674633,10,2.8958055833327068,True
breast_cancer,XGBoost,43,Untargeted Causal (Karimi 2021),250,0.05863165855407715,27.232143282274524,10,3.9300938506445684,True
breast_cancer,XGBoost,43,Wachter's CE,500,0.06876254081726074,20.170877012448997,10,114.65010788224699,True
breast_cancer,XGBoost,43,SHAP-Targeted CE,343,0.017689943313598633,2.4670682830752084,3,2.628174505859779,True
breast_cancer,XGBoost,44,Actionable CBFI (Proposed),250,0.058998823165893555,22.88972707423759,10,3.9149515780772344,True
breast_cancer,XGBoost,44,Untargeted Causal (Karimi 2021),250,0.05025339126586914,28.539636050209378,10,3.8375998649491745,True
breast_cancer,XGBoost,44,Wachter's CE,500,0.06809115409851074,22.86671405587938,10,495.9404400150099,True
breast_cancer,XGBoost,44,SHAP-Targeted CE,343,0.019463062286376953,7.1643454059180245,3,2.933696190119223,True
breast_cancer,XGBoost,45,Actionable CBFI (Proposed),250,0.044408321380615234,18.221296136697834,10,1.3247002191560828,True
breast_cancer,XGBoost,45,Untargeted Causal (Karimi 2021),250,0.0598149299621582,27.73586378752941,10,3.9300938506445684,True
breast_cancer,XGBoost,45,Wachter's CE,500,0.052982330322265625,20.746732723821257,10,103.35929086065075,True
breast_cancer,XGBoost,45,SHAP-Targeted CE,343,0.019424915313720703,1.5719249613772068,3,2.5597758890149076,True
breast_cancer,XGBoost,46,Actionable CBFI (Proposed),250,0.054639577865600586,28.980174275411784,10,3.056802448537396,True
breast_cancer,XGBoost,46,Untargeted Causal (Karimi 2021),250,0.057552337646484375,26.171892409150534,10,4.444591284428344,True
breast_cancer,XGBoost,46,Wachter's CE,500,0.0682215690612793,23.411298099546954,10,103.35929086065075,True
breast_cancer,XGBoost,46,SHAP-Targeted CE,343,0.0203859806060791,7.552309712106862,3,10.944656715117187,True
breast_cancer,XGBoost,47,Actionable CBFI (Proposed),250,0.057530879974365234,26.565587874164216,10,4.295837886625463,True
breast_cancer,XGBoost,47,Untargeted Causal (Karimi 2021),250,0.060034751892089844,29.635678012567997,10,3.9300938506445684,True
breast_cancer,XGBoost,47,Wachter's CE,500,0.06865072250366211,22.106412690361893,10,112.83692412988431,True
breast_cancer,XGBoost,47,SHAP-Targeted CE,343,0.021893739700317383,5.096408400666274,3,2.7408056615394987,True
breast_cancer,XGBoost,48,Actionable CBFI (Proposed),250,0.060388803482055664,22.044996525481977,10,4.613436981333453,True
breast_cancer,XGBoost,48,Untargeted Causal (Karimi 2021),250,0.06015181541442871,29.102495146861727,10,3.9300938506445684,True
breast_cancer,XGBoost,48,Wachter's CE,500,0.1622753143310547,19.170163414470007,10,112.83692412988431,True
breast_cancer,XGBoost,48,SHAP-Targeted CE,343,0.022459983825683594,5.3549569740116265,3,1.5639164973730315,True
breast_cancer,XGBoost,49,Actionable CBFI (Proposed),250,0.04576611518859863,27.433486471864516,10,2.90389259553584,True
breast_cancer,XGBoost,49,Untargeted Causal (Karimi 2021),250,0.05877804756164551,26.769516314817842,10,3.9300938506445684,True
breast_cancer,XGBoost,49,Wachter's CE,500,0.05177783966064453,17.19372521164255,10,112.83692412988431,True
breast_cancer,XGBoost,49,SHAP-Targeted CE,343,0.019746780395507812,3.154669948322753,3,22.242172028336284,True
breast_cancer,XGBoost,50,Actionable CBFI (Proposed),250,0.058040618896484375,28.039046288320495,10,3.6945313300590215,True
breast_cancer,XGBoost,50,Untargeted Causal (Karimi 2021),250,0.05901813507080078,30.38174644034053,10,3.9300938506445684,True
breast_cancer,XGBoost,50,Wachter's CE,500,0.06804060935974121,22.572476334028593,10,112.83692412988431,True
breast_cancer,XGBoost,50,SHAP-Targeted CE,343,0.020456314086914062,5.766178116892844,3,3.408859911258115,True
breast_cancer,XGBoost,51,Actionable CBFI (Proposed),250,0.05558967590332031,32.3637804630848,10,4.365487746707981,True
breast_cancer,XGBoost,51,Untargeted Causal (Karimi 2021),250,0.05978536605834961,23.67146897643309,10,3.8375998649491745,True
breast_cancer,XGBoost,51,Wachter's CE,500,0.053551435470581055,22.31235289244671,10,103.35929086065075,True
breast_cancer,XGBoost,51,SHAP-Targeted CE,343,0.020285844802856445,6.741436785999882,3,5.769647122097554,True
breast_cancer,XGBoost,52,Actionable CBFI (Proposed),250,0.05007362365722656,27.329452030124756,10,4.388272249890497,True
breast_cancer,XGBoost,52,Untargeted Causal (Karimi 2021),250,0.05800271034240723,27.442602677917584,10,3.8375998649491745,True
breast_cancer,XGBoost,52,Wachter's CE,500,0.06399869918823242,25.336935472648722,10,495.9404400150099,True
breast_cancer,XGBoost,52,SHAP-Targeted CE,343,0.0193026065826416,6.660910449502813,3,1.3112723958896775,True
breast_cancer,XGBoost,53,Actionable CBFI (Proposed),250,0.06107664108276367,23.46008578383603,10,1.1706322196777919,True
breast_cancer,XGBoost,53,Untargeted Causal (Karimi 2021),250,0.08216404914855957,25.71774535969263,10,3.9300938506445684,True
breast_cancer,XGBoost,53,Wachter's CE,500,0.044435739517211914,19.259612216297864,10,112.83692412988431,True
breast_cancer,XGBoost,53,SHAP-Targeted CE,343,0.015419483184814453,1.2885389903127877,3,0.4381649715422472,True
breast_cancer,XGBoost,54,Actionable CBFI (Proposed),250,0.05528426170349121,19.979958666168034,10,2.8509547145011918,True
breast_cancer,XGBoost,54,Untargeted Causal (Karimi 2021),250,0.05842924118041992,26.96106723584667,10,3.8375998649491745,True
breast_cancer,XGBoost,54,Wachter's CE,500,0.043245553970336914,17.77664114827489,10,103.35929086065075,True
breast_cancer,XGBoost,54,SHAP-Targeted CE,343,0.020686864852905273,4.413451311196349,3,14.20642994914207,True
breast_cancer,XGBoost,55,Actionable CBFI (Proposed),250,0.05803036689758301,29.231679441525326,10,3.5116329082563755,True
breast_cancer,XGBoost,55,Untargeted Causal (Karimi 2021),250,0.05861997604370117,28.31364630421753,10,3.8375998649491745,True
breast_cancer,XGBoost,55,Wachter's CE,500,0.06729006767272949,22.32606441800859,10,495.9404400150099,True
breast_cancer,XGBoost,55,SHAP-Targeted CE,343,0.021526098251342773,6.1816116058472055,3,2.5049188867101546,True
breast_cancer,XGBoost,56,Actionable CBFI (Proposed),250,0.05635213851928711,33.27578260280584,9,3.252737939049565,True
breast_cancer,XGBoost,56,Untargeted Causal (Karimi 2021),250,0.05089521408081055,27.626090103254832,10,9.150861953339321,True
breast_cancer,XGBoost,56,Wachter's CE,500,0.06804251670837402,25.417021725858177,9,158.66643346067468,True
breast_cancer,XGBoost,56,SHAP-Targeted CE,343,0.017099857330322266,12.856841495050839,3,3.41542235528547,True
breast_cancer,XGBoost,57,Actionable CBFI (Proposed),250,0.0565793514251709,28.82091557945358,10,6.1173882060409515,True
breast_cancer,XGBoost,57,Untargeted Causal (Karimi 2021),250,0.06018352508544922,35.73341177036642,10,4.444591284428344,True
breast_cancer,XGBoost,57,Wachter's CE,500,0.05255770683288574,34.490020809625626,10,1079.6358551849462,True
breast_cancer,XGBoost,57,SHAP-Targeted CE,343,0.018829822540283203,18.472290571256444,3,8.379936176587414,True
breast_cancer,XGBoost,58,Actionable CBFI (Proposed),250,0.059763431549072266,27.791452010795325,10,6.162996671874499,True
breast_cancer,XGBoost,58,Untargeted Causal (Karimi 2021),250,0.06006813049316406,32.62840158630995,10,3.8375998649491745,True
breast_cancer,XGBoost,58,Wachter's CE,500,0.06870174407958984,28.374063304190173,10,530.6865889935248,True
breast_cancer,XGBoost,58,SHAP-Targeted CE,343,0.022113561630249023,10.39232557263583,3,15.87562530076488,True
breast_cancer,XGBoost,59,Actionable CBFI (Proposed),250,0.05571937561035156,28.094435613811157,10,4.5352053622545165,True
breast_cancer,XGBoost,59,Untargeted Causal (Karimi 2021),250,0.05354499816894531,27.759579924719954,10,3.8375998649491745,True
breast_cancer,XGBoost,59,Wachter's CE,500,0.06889081001281738,20.77870736260162,10,103.35929086065075,True
breast_cancer,XGBoost,59,SHAP-Targeted CE,343,0.021968841552734375,6.605034158472931,3,2.9861914073795606,True
breast_cancer,XGBoost,60,Actionable CBFI (Proposed),250,0.04955291748046875,21.30571661006178,10,3.1229787123562724,True
breast_cancer,XGBoost,60,Untargeted Causal (Karimi 2021),250,0.05995750427246094,28.162866619238123,10,3.9300938506445684,True
breast_cancer,XGBoost,60,Wachter's CE,500,0.14925718307495117,18.963900295142324,10,103.35929086065075,True
breast_cancer,XGBoost,60,SHAP-Targeted CE,343,0.01477670669555664,1.690933689340727,3,0.46332637869291715,True
breast_cancer,XGBoost,61,Actionable CBFI (Proposed),250,0.049752235412597656,36.37961488186511,10,2.8622492001201985,True
breast_cancer,XGBoost,61,Untargeted Causal (Karimi 2021),250,0.05986976623535156,26.353417285013453,10,3.8375998649491745,True
breast_cancer,XGBoost,61,Wachter's CE,500,0.06916952133178711,22.635678217461372,10,103.35929086065075,True
breast_cancer,XGBoost,61,SHAP-Targeted CE,343,0.021190404891967773,6.422188952445541,3,7.168207296476357,True
breast_cancer,XGBoost,62,Actionable CBFI (Proposed),250,0.058054447174072266,18.62890872126351,10,2.8509547145011918,True
breast_cancer,XGBoost,62,Untargeted Causal (Karimi 2021),250,0.05764341354370117,25.70666813311578,10,3.9300938506445684,True
breast_cancer,XGBoost,62,Wachter's CE,500,0.06904745101928711,19.434229938792914,10,112.83692412988431,True
breast_cancer,XGBoost,62,SHAP-Targeted CE,343,0.02226853370666504,3.944576011568914,3,6.14743637568864,True
breast_cancer,XGBoost,63,Actionable CBFI (Proposed),250,0.05952334403991699,27.066719432631867,10,3.602514887220306,True
breast_cancer,XGBoost,63,Untargeted Causal (Karimi 2021),250,0.05943012237548828,25.950933895287857,10,3.9300938506445684,True
breast_cancer,XGBoost,63,Wachter's CE,500,0.05080699920654297,21.527788055919352,10,114.65010788224699,True
breast_cancer,XGBoost,63,SHAP-Targeted CE,343,0.01996016502380371,4.46639088642975,3,5.279847507411275,True
breast_cancer,XGBoost,64,Actionable CBFI (Proposed),250,0.05976223945617676,36.33859202099034,10,9.58939884826443,True
breast_cancer,XGBoost,64,Untargeted Causal (Karimi 2021),250,0.05954384803771973,26.240397610584473,10,4.444591284428344,True
breast_cancer,XGBoost,64,Wachter's CE,500,0.06964874267578125,24.68857163647834,10,103.35929086065075,True
breast_cancer,XGBoost,64,SHAP-Targeted CE,343,0.02165055274963379,9.676134180958687,3,6.84908071447335,True
breast_cancer,XGBoost,65,Actionable CBFI (Proposed),250,0.05824589729309082,18.361979235421067,10,1.4205656464441263,True
breast_cancer,XGBoost,65,Untargeted Causal (Karimi 2021),250,0.06344223022460938,26.539556836122586,10,3.9300938506445684,True
breast_cancer,XGBoost,65,Wachter's CE,500,0.06920123100280762,19.781617870747038,10,112.83692412988431,True
breast_cancer,XGBoost,65,SHAP-Targeted CE,343,0.02070307731628418,2.1192161017187394,3,0.46343858866703297,True
breast_cancer,XGBoost,66,Actionable CBFI (Proposed),250,0.05843830108642578,25.94953268567213,10,5.322776120877152,True
breast_cancer,XGBoost,66,Untargeted Causal (Karimi 2021),250,0.051256656646728516,25.4337639122728,10,3.9300938506445684,True
breast_cancer,XGBoost,66,Wachter's CE,500,0.06870102882385254,16.457403535912505,10,112.83692412988431,True
breast_cancer,XGBoost,66,SHAP-Targeted CE,343,0.021947383880615234,1.1786765896058369,3,1.7921597075262627,True
breast_cancer,XGBoost,67,Actionable CBFI (Proposed),250,0.0829463005065918,16.041741735113774,10,1.194389200151757,True
breast_cancer,XGBoost,67,Untargeted Causal (Karimi 2021),250,0.049535512924194336,29.196133129133624,10,3.9300938506445684,True
breast_cancer,XGBoost,67,Wachter's CE,500,0.0681607723236084,21.47121181383149,10,114.65010788224699,True
breast_cancer,XGBoost,67,SHAP-Targeted CE,343,0.021965742111206055,3.5216374906763743,3,1.616948677898614,True
breast_cancer,XGBoost,68,Actionable CBFI (Proposed),250,0.05987715721130371,36.10758539588828,10,4.0499792689555045,True
breast_cancer,XGBoost,68,Untargeted Causal (Karimi 2021),250,0.05993390083312988,27.033292076958972,10,9.150861953339321,True
breast_cancer,XGBoost,68,Wachter's CE,500,0.06749534606933594,27.033292076958972,10,9.150861953339321,True
breast_cancer,XGBoost,68,SHAP-Targeted CE,343,0.02044081687927246,14.64216568342944,3,17.148063696830818,True
breast_cancer,XGBoost,69,Actionable CBFI (Proposed),250,0.06090998649597168,26.735643568905438,10,1.4128947855919085,True
breast_cancer,XGBoost,69,Untargeted Causal (Karimi 2021),250,0.06101393699645996,29.22595423297726,10,3.9300938506445684,True
breast_cancer,XGBoost,69,Wachter's CE,500,0.06918573379516602,20.8667953549727,10,114.65010788224699,True
breast_cancer,XGBoost,69,SHAP-Targeted CE,343,0.022305727005004883,4.238724760342398,3,4.802831439228478,True
breast_cancer,XGBoost,70,Actionable CBFI (Proposed),250,0.06098437309265137,23.68233108213641,10,1.5695630009931891,True
breast_cancer,XGBoost,70,Untargeted Causal (Karimi 2021),250,0.05937314033508301,32.72344293918126,10,3.3832485224209665,True
breast_cancer,XGBoost,70,Wachter's CE,500,0.06759095191955566,22.83671445352914,10,112.83692412988431,True
breast_cancer,XGBoost,70,SHAP-Targeted CE,343,0.01874709129333496,7.1342405695965,3,11.155406345740492,True
breast_cancer,XGBoost,71,Actionable CBFI (Proposed),250,0.05901336669921875,31.59422069892706,10,12.690198472843768,True
breast_cancer,XGBoost,71,Untargeted Causal (Karimi 2021),250,0.04839944839477539,25.53734040464749,10,3.8375998649491745,True
breast_cancer,XGBoost,71,Wachter's CE,500,0.06758332252502441,16.949186957581592,10,103.35929086065075,True
breast_cancer,XGBoost,71,SHAP-Targeted CE,343,0.01930832862854004,4.173177806963408,3,0.48507903973401884,True
breast_cancer,XGBoost,72,Actionable CBFI (Proposed),250,0.0543055534362793,26.572923319534553,10,2.5148385011715857,True
breast_cancer,XGBoost,72,Untargeted Causal (Karimi 2021),250,0.05962657928466797,27.049958853980606,10,3.8375998649491745,True
breast_cancer,XGBoost,72,Wachter's CE,500,0.06792998313903809,22.097874597488484,10,103.35929086065075,True
breast_cancer,XGBoost,72,SHAP-Targeted CE,343,0.022011518478393555,6.577135771870198,3,5.162540145423351,True
breast_cancer,XGBoost,73,Actionable CBFI (Proposed),250,0.05929994583129883,33.10553616215118,9,3.7041444727776613,True
breast_cancer,XGBoost,73,Untargeted Causal (Karimi 2021),250,0.059710025787353516,30.138228885412094,9,9.150861953339321,True
breast_cancer,XGBoost,73,Wachter's CE,500,0.06849837303161621,30.138228885412094,9,9.150861953339321,True
breast_cancer,XGBoost,73,SHAP-Targeted CE,343,0.02106952667236328,16.4562707304027,3,4.357820158694374,True
breast_cancer,XGBoost,74,Actionable CBFI (Proposed),250,0.05639290809631348,21.944843409617146,10,2.3485230593429822,True
breast_cancer,XGBoost,74,Untargeted Causal (Karimi 2021),250,0.059583425521850586,26.59863015895418,10,3.9300938506445684,True
breast_cancer,XGBoost,74,Wachter's CE,500,0.06916975975036621,18.02006322421202,10,112.83692412988431,True
breast_cancer,XGBoost,74,SHAP-Targeted CE,343,0.02242422103881836,0.7049572796308451,3,1.8026732721489604,True
breast_cancer,XGBoost,75,Actionable CBFI (Proposed),250,0.09267592430114746,25.44330773928896,10,4.798714256693437,True
breast_cancer,XGBoost,75,Untargeted Causal (Karimi 2021),250,0.05776047706604004,23.005062251931676,10,3.8375998649491745,True
breast_cancer,XGBoost,75,Wachter's CE,500,0.04981088638305664,18.921537644432565,10,103.35929086065075,True
breast_cancer,XGBoost,75,SHAP-Targeted CE,343,0.02160334587097168,5.03111381058021,3,5.207881553567985,True
breast_cancer,XGBoost,76,Actionable CBFI (Proposed),250,0.06862258911132812,27.638613085847197,10,6.267458204110104,True
breast_cancer,XGBoost,76,Untargeted Causal (Karimi 2021),250,0.05975818634033203,28.39722008010294,10,3.8375998649491745,True
breast_cancer,XGBoost,76,Wachter's CE,500,0.06728029251098633,27.364875115690364,10,495.9404400150099,True
breast_cancer,XGBoost,76,SHAP-Targeted CE,343,0.018586397171020508,10.75756706769598,3,9.280178581944206,True
breast_cancer,XGBoost,77,Actionable CBFI (Proposed),250,0.05756378173828125,21.638491564369914,10,2.3944253297346854,True
breast_cancer,XGBoost,77,Untargeted Causal (Karimi 2021),250,0.05062246322631836,28.03805098672501,10,3.9300938506445684,True
breast_cancer,XGBoost,77,Wachter's CE,500,0.054486751556396484,20.061292021171177,10,103.35929086065075,True
breast_cancer,XGBoost,77,SHAP-Targeted CE,343,0.04157853126525879,4.497523370115762,3,8.354374890065971,True
breast_cancer,XGBoost,78,Actionable CBFI (Proposed),250,0.05495095252990723,24.71519151067073,10,4.451498963787819,True
breast_cancer,XGBoost,78,Untargeted Causal (Karimi 2021),250,0.05159354209899902,29.708734099850556,10,3.8375998649491745,True
breast_cancer,XGBoost,78,Wachter's CE,500,0.06793212890625,20.83542434058392,10,103.35929086065075,True
breast_cancer,XGBoost,78,SHAP-Targeted CE,343,0.020415544509887695,3.6877566984304977,3,10.377222422942385,True
breast_cancer,XGBoost,79,Actionable CBFI (Proposed),250,0.05700325965881348,31.570072403523305,10,4.844149272559894,True
breast_cancer,XGBoost,79,Untargeted Causal (Karimi 2021),250,0.058855533599853516,24.884598650492613,10,3.8375998649491745,True
breast_cancer,XGBoost,79,Wachter's CE,500,0.06736612319946289,22.85505553232071,10,103.35929086065075,True
breast_cancer,XGBoost,79,SHAP-Targeted CE,343,0.020284175872802734,5.566994378709404,3,2.4302382780811125,True
breast_cancer,XGBoost,80,Actionable CBFI (Proposed),250,0.05537605285644531,17.22126085233134,10,1.9736355071537703,True
breast_cancer,XGBoost,80,Untargeted Causal (Karimi 2021),250,0.06049346923828125,23.05705036729512,10,3.9300938506445684,True
breast_cancer,XGBoost,80,Wachter's CE,500,0.06981325149536133,17.207536560310206,10,112.83692412988431,True
breast_cancer,XGBoost,80,SHAP-Targeted CE,343,0.0233151912689209,2.349967583322176,3,10.731122385504886,True
breast_cancer,XGBoost,81,Actionable CBFI (Proposed),250,0.043044090270996094,22.429604820473216,10,1.4205656464441263,True
breast_cancer,XGBoost,81,Untargeted Causal (Karimi 2021),250,0.0589144229888916,26.153387516212764,10,3.9300938506445684,True
breast_cancer,XGBoost,81,Wachter's CE,500,0.06773233413696289,21.001344689233886,10,114.65010788224699,True
breast_cancer,XGBoost,81,SHAP-Targeted CE,343,0.021204233169555664,3.920728105063802,3,4.3675884856391765,True
breast_cancer,XGBoost,82,Actionable CBFI (Proposed),250,0.08114027976989746,19.187339233399392,10,1.6397447382880324,True
breast_cancer,XGBoost,82,Untargeted Causal (Karimi 2021),250,0.060417890548706055,28.13558245024907,10,3.8375998649491745,True
breast_cancer,XGBoost,82,Wachter's CE,500,0.0679631233215332,19.626825750683757,10,103.35929086065075,True
breast_cancer,XGBoost,82,SHAP-Targeted CE,343,0.020766735076904297,3.211962059141853,3,17.376338213000388,True
breast_cancer,XGBoost,83,Actionable CBFI (Proposed),250,0.07932186126708984,20.819447726758256,10,2.4481296785416617,True
breast_cancer,XGBoost,83,Untargeted Causal (Karimi 2021),250,0.05199909210205078,27.399566506823696,10,5.082590643232991,True
breast_cancer,XGBoost,83,Wachter's CE,500,0.06796741485595703,19.092603138893864,10,114.65010788224699,True
breast_cancer,XGBoost,83,SHAP-Targeted CE,343,0.01903557777404785,3.569728305251314,3,12.110470506783226,True
breast_cancer,XGBoost,84,Actionable CBFI (Proposed),250,0.06082320213317871,25.755810817846136,10,4.12428742102394,True
breast_cancer,XGBoost,84,Untargeted Causal (Karimi 2021),250,0.060273170471191406,27.02251724545469,10,3.8375998649491745,True
breast_cancer,XGBoost,84,Wachter's CE,500,0.06871271133422852,22.82400525901677,10,495.9404400150099,True
breast_cancer,XGBoost,84,SHAP-Targeted CE,343,0.022130966186523438,6.454332353818938,3,0.7768928360489178,True
breast_cancer,XGBoost,85,Actionable CBFI (Proposed),250,0.05558657646179199,25.946664311433572,10,3.03628731997988,True
breast_cancer,XGBoost,85,Untargeted Causal (Karimi 2021),250,0.0610654354095459,21.945871885567882,10,3.8375998649491745,True
breast_cancer,XGBoost,85,Wachter's CE,500,0.06915926933288574,19.717439474269057,10,103.35929086065075,True
breast_cancer,XGBoost,85,SHAP-Targeted CE,343,0.025124549865722656,5.01181802152325,3,7.212947051148727,True
breast_cancer,XGBoost,86,Actionable CBFI (Proposed),250,0.058500051498413086,26.347459004645806,10,5.51024820831033,True
breast_cancer,XGBoost,86,Untargeted Causal (Karimi 2021),250,0.059610605239868164,26.23574302403721,10,3.8375998649491745,True
breast_cancer,XGBoost,86,Wachter's CE,500,0.06833148002624512,22.704371040045544,10,495.9404400150099,True
breast_cancer,XGBoost,86,SHAP-Targeted CE,343,0.017583370208740234,9.892699810543421,3,10.321971060422307,True
breast_cancer,XGBoost,87,Actionable CBFI (Proposed),250,0.07237386703491211,25.052939885336524,10,7.692634079383694,True
breast_cancer,XGBoost,87,Untargeted Causal (Karimi 2021),250,0.050511837005615234,23.72015200234785,10,4.444591284428344,True
breast_cancer,XGBoost,87,Wachter's CE,500,0.07756686210632324,21.753862321342606,10,154.82576850217296,True
breast_cancer,XGBoost,87,SHAP-Targeted CE,343,0.018904924392700195,11.582467968211356,3,16.71274744332212,True
breast_cancer,XGBoost,88,Actionable CBFI (Proposed),250,0.059821128845214844,19.829218495262975,10,2.278100285601579,True
breast_cancer,XGBoost,88,Untargeted Causal (Karimi 2021),250,0.06005501747131348,26.073582744542843,10,3.8375998649491745,True
breast_cancer,XGBoost,88,Wachter's CE,500,0.07108116149902344,16.887002267803993,10,103.35929086065075,True
breast_cancer,XGBoost,88,SHAP-Targeted CE,343,0.023123979568481445,2.8857754879102964,3,5.020376190662178,True
breast_cancer,XGBoost,89,Actionable CBFI (Proposed),250,0.07901453971862793,19.156507602500806,10,2.8989400315462657,True
breast_cancer,XGBoost,89,Untargeted Causal (Karimi 2021),250,0.05959963798522949,24.989591186172625,10,3.8375998649491745,True
breast_cancer,XGBoost,89,Wachter's CE,500,0.06555652618408203,23.547758647884518,10,112.83692412988431,True
breast_cancer,XGBoost,89,SHAP-Targeted CE,343,0.021555662155151367,6.440848033776206,3,1.0087049328918303,True
breast_cancer,XGBoost,90,Actionable CBFI (Proposed),250,0.08311223983764648,17.104379404966895,10,1.9736355071537703,True
breast_cancer,XGBoost,90,Untargeted Causal (Karimi 2021),250,0.06154894828796387,23.619288782271326,10,3.9300938506445684,True
breast_cancer,XGBoost,90,Wachter's CE,500,0.06562590599060059,19.46811165866514,10,112.83692412988431,True
breast_cancer,XGBoost,90,SHAP-Targeted CE,343,0.020562410354614258,0.7178577349619957,3,3.574805635392767,True
breast_cancer,XGBoost,91,Actionable CBFI (Proposed),250,0.08560824394226074,21.15707348573423,9,3.110526464634132,True
breast_cancer,XGBoost,91,Untargeted Causal (Karimi 2021),250,0.06044626235961914,30.131421230824362,10,3.3832485224209665,True
breast_cancer,XGBoost,91,Wachter's CE,500,0.05281257629394531,22.172763371218874,10,114.65010788224699,True
breast_cancer,XGBoost,91,SHAP-Targeted CE,343,0.023906707763671875,4.248656105463008,3,13.527100251146582,True
breast_cancer,XGBoost,92,Actionable CBFI (Proposed),250,0.05830740928649902,21.858412967625057,10,3.316933996608599,True
breast_cancer,XGBoost,92,Untargeted Causal (Karimi 2021),250,0.06061244010925293,26.196518010361004,10,3.8375998649491745,True
breast_cancer,XGBoost,92,Wachter's CE,500,0.06839704513549805,23.25069049309399,10,103.35929086065075,True
breast_cancer,XGBoost,92,SHAP-Targeted CE,343,0.020281553268432617,5.209732835401538,3,5.581797648519542,True
breast_cancer,XGBoost,93,Actionable CBFI (Proposed),250,0.05791831016540527,41.44498337403499,10,15.022718772837372,True
breast_cancer,XGBoost,93,Untargeted Causal (Karimi 2021),250,0.060144662857055664,39.829812152428616,10,4.444591284428344,True
breast_cancer,XGBoost,93,Wachter's CE,500,0.0684821605682373,32.471179975470996,10,113.90653219915005,True
breast_cancer,XGBoost,93,SHAP-Targeted CE,343,0.021788597106933594,23.569298089733714,3,13.050862656837293,True
breast_cancer,XGBoost,94,Actionable CBFI (Proposed),250,0.06080794334411621,32.51618781238388,10,4.12428742102394,True
breast_cancer,XGBoost,94,Untargeted Causal (Karimi 2021),250,0.05954861640930176,33.93991140705352,10,4.444591284428344,True
breast_cancer,XGBoost,94,Wachter's CE,500,0.0677332878112793,29.587241268116916,10,510.8695936994019,True
breast_cancer,XGBoost,94,SHAP-Targeted CE,343,0.018495798110961914,12.67244538858027,3,3.358944425255969,True
breast_cancer,XGBoost,95,Actionable CBFI (Proposed),250,0.05741262435913086,18.270851488294443,10,1.36316577570089,True
breast_cancer,XGBoost,95,Untargeted Causal (Karimi 2021),250,0.060404300689697266,27.676118748490392,10,3.8375998649491745,True
breast_cancer,XGBoost,95,Wachter's CE,500,0.06745362281799316,19.34293743869158,10,103.35929086065075,True
breast_cancer,XGBoost,95,SHAP-Targeted CE,343,0.014318227767944336,3.1347166421826174,3,8.580374182815778,True
breast_cancer,XGBoost,96,Actionable CBFI (Proposed),250,0.05602908134460449,21.992084269421092,10,3.783562468181184,True
breast_cancer,XGBoost,96,Untargeted Causal (Karimi 2021),250,0.061981201171875,28.92993015361639,10,3.9300938506445684,True
breast_cancer,XGBoost,96,Wachter's CE,500,0.07068014144897461,19.83558282806111,10,112.83692412988431,True
breast_cancer,XGBoost,96,SHAP-Targeted CE,343,0.02274155616760254,1.7234330651148089,3,5.0612957254512345,True
breast_cancer,XGBoost,97,Actionable CBFI (Proposed),250,0.05574607849121094,23.77434315415043,10,3.8203540388212085,True
breast_cancer,XGBoost,97,Untargeted Causal (Karimi 2021),250,0.0996091365814209,22.40271520270923,10,3.8375998649491745,True
breast_cancer,XGBoost,97,Wachter's CE,500,0.0426332950592041,20.124432046903983,10,103.35929086065075,True
breast_cancer,XGBoost,97,SHAP-Targeted CE,343,0.020691871643066406,4.70641227124335,3,1.2821728921416444,True
breast_cancer,XGBoost,98,Actionable CBFI (Proposed),250,0.059880733489990234,19.895107744806378,10,2.7163099643975546,True
breast_cancer,XGBoost,98,Untargeted Causal (Karimi 2021),250,0.06040310859680176,32.38865296041814,10,3.3832485224209665,True
breast_cancer,XGBoost,98,Wachter's CE,500,0.06726861000061035,22.0610932979425,10,112.83692412988431,True
breast_cancer,XGBoost,98,SHAP-Targeted CE,343,0.020070552825927734,3.94971061245787,3,2.2385824135073724,True
breast_cancer,XGBoost,99,Actionable CBFI (Proposed),250,0.08095955848693848,26.875799833554474,10,5.340666523201192,True
breast_cancer,XGBoost,99,Untargeted Causal (Karimi 2021),250,0.05934309959411621,29.05404871691148,10,3.9300938506445684,True
breast_cancer,XGBoost,99,Wachter's CE,500,0.05356907844543457,15.537327000639236,10,112.83692412988431,True
breast_cancer,XGBoost,99,SHAP-Targeted CE,343,0.01943182945251465,2.0269379806480736,3,16.438233781430334,True
breast_cancer,XGBoost,100,Actionable CBFI (Proposed),250,0.06273794174194336,20.455277425410173,10,1.4205656464441263,True
breast_cancer,XGBoost,100,Untargeted Causal (Karimi 2021),250,0.060659170150756836,28.400043340460797,10,3.9300938506445684,True
breast_cancer,XGBoost,100,Wachter's CE,500,0.06929230690002441,20.87508778344645,10,112.83692412988431,True
breast_cancer,XGBoost,100,SHAP-Targeted CE,343,0.023960351943969727,5.947459348865103,3,4.592046479474932,True
