Dataset,Model_Architecture,Instance,Method,Evaluations,Time (s),Recourse Cost,Sparsity (L0),Causal Plausibility MSE,Success
financial_loan,RandomForest,1,Actionable CBFI (Proposed),250,0.08057141304016113,15.708815850423676,8,0.5859441081606672,True
financial_loan,RandomForest,1,Untargeted Causal (Karimi 2021),250,0.07935261726379395,12.914459251783624,7,3.3793138464953554,True
financial_loan,RandomForest,1,Wachter's CE,500,0.059226036071777344,9.702703500077522,8,1.6150388758646848,True
financial_loan,RandomForest,1,SHAP-Targeted CE,343,0.0264279842376709,1.7253077038379623,3,0.9232762417517124,True
financial_loan,RandomForest,2,Actionable CBFI (Proposed),250,0.07981395721435547,10.578455164865336,8,1.0081211571480806,True
financial_loan,RandomForest,2,Untargeted Causal (Karimi 2021),250,0.07822346687316895,17.137638927705268,8,1.3150443164275465,True
financial_loan,RandomForest,2,Wachter's CE,500,0.05915713310241699,12.948428908437446,8,0.4934469382021134,True
financial_loan,RandomForest,2,SHAP-Targeted CE,343,0.028826236724853516,0.7651962118723772,3,0.4641690206714347,True
financial_loan,RandomForest,3,Actionable CBFI (Proposed),250,0.07843518257141113,13.67216520379567,9,1.3793012589636173,True
financial_loan,RandomForest,3,Untargeted Causal (Karimi 2021),250,0.07832050323486328,16.335556479234963,8,1.6904546312371254,True
financial_loan,RandomForest,3,Wachter's CE,500,0.06090712547302246,16.273473106936958,9,2.4304345352059475,True
financial_loan,RandomForest,3,SHAP-Targeted CE,343,0.029124021530151367,1.1550209276799244,3,0.865559553067539,True
financial_loan,RandomForest,4,Actionable CBFI (Proposed),250,0.07926130294799805,14.356700162144222,8,1.4471764701539245,True
financial_loan,RandomForest,4,Untargeted Causal (Karimi 2021),250,0.07696700096130371,19.307494015767027,8,1.3150443164275465,True
financial_loan,RandomForest,4,Wachter's CE,500,0.05939364433288574,14.477004548667555,8,2.643369531789077,True
financial_loan,RandomForest,4,SHAP-Targeted CE,343,0.02925586700439453,1.2453233735513276,3,0.31793653865574645,True
financial_loan,RandomForest,5,Actionable CBFI (Proposed),250,0.07775139808654785,13.214090229283741,8,1.3906944505749719,True
financial_loan,RandomForest,5,Untargeted Causal (Karimi 2021),250,0.07825875282287598,11.778494533375273,7,1.3150443164275465,True
financial_loan,RandomForest,5,Wachter's CE,500,0.06039571762084961,10.939958887903211,7,0.4934469382021134,True
financial_loan,RandomForest,5,SHAP-Targeted CE,343,0.031120777130126953,0.8707913392901762,3,0.14411806423326687,True
financial_loan,RandomForest,6,Actionable CBFI (Proposed),250,0.08367705345153809,16.73328239693276,8,2.720039250470774,True
financial_loan,RandomForest,6,Untargeted Causal (Karimi 2021),250,0.08006548881530762,15.865041638773778,7,1.9929129194632988,True
financial_loan,RandomForest,6,Wachter's CE,500,0.05958080291748047,12.896515627213086,7,1.7816201302357217,True
financial_loan,RandomForest,6,SHAP-Targeted CE,343,0.028087615966796875,1.3236714043336655,3,0.6317365564800557,True
financial_loan,RandomForest,7,Actionable CBFI (Proposed),250,0.07652139663696289,13.438692946256946,9,1.5844626510927997,True
financial_loan,RandomForest,7,Untargeted Causal (Karimi 2021),250,0.07693147659301758,14.613422050644303,7,1.9929129194632988,True
financial_loan,RandomForest,7,Wachter's CE,500,0.05797004699707031,9.989041271583336,7,0.4934469382021134,True
financial_loan,RandomForest,7,SHAP-Targeted CE,343,0.0274050235748291,1.251687686283701,3,0.24061885004470565,True
financial_loan,RandomForest,8,Actionable CBFI (Proposed),250,0.08491086959838867,13.549751247836161,8,1.0283014164561834,True
financial_loan,RandomForest,8,Untargeted Causal (Karimi 2021),250,0.08666324615478516,15.79570279158445,9,2.3480291468890475,True
financial_loan,RandomForest,8,Wachter's CE,500,0.06208539009094238,11.25660106605871,8,1.6150388758646848,True
financial_loan,RandomForest,8,SHAP-Targeted CE,343,0.030535221099853516,0.5318264359485219,3,0.17557718970449368,True
financial_loan,RandomForest,9,Actionable CBFI (Proposed),250,0.0803987979888916,16.502602164553984,8,0.6129967252415761,True
financial_loan,RandomForest,9,Untargeted Causal (Karimi 2021),250,0.07726049423217773,13.698055114550973,9,2.500495104272345,True
financial_loan,RandomForest,9,Wachter's CE,500,0.05936884880065918,12.548815570824736,8,1.5795383703245738,True
financial_loan,RandomForest,9,SHAP-Targeted CE,343,0.029651880264282227,1.254272625283225,3,0.7046098979202841,True
financial_loan,RandomForest,10,Actionable CBFI (Proposed),250,0.10333943367004395,16.912743615839663,8,0.6089793391019259,True
financial_loan,RandomForest,10,Untargeted Causal (Karimi 2021),250,0.0809626579284668,14.031987416484569,8,1.9929129194632988,True
financial_loan,RandomForest,10,Wachter's CE,500,0.059706687927246094,13.886315795234914,8,1.7816201302357217,True
financial_loan,RandomForest,10,SHAP-Targeted CE,343,0.028311491012573242,1.5612084437826708,3,0.33434312519242315,True
financial_loan,RandomForest,11,Actionable CBFI (Proposed),250,0.07773447036743164,10.087914085652935,7,0.6129967252415761,True
financial_loan,RandomForest,11,Untargeted Causal (Karimi 2021),250,0.07874321937561035,9.044400881695957,7,1.9929129194632988,True
financial_loan,RandomForest,11,Wachter's CE,500,0.061701059341430664,5.568309076019022,6,0.4934469382021134,True
financial_loan,RandomForest,11,SHAP-Targeted CE,343,0.03056812286376953,0.8924448317017926,3,0.3703285740430227,True
financial_loan,RandomForest,12,Actionable CBFI (Proposed),250,0.07800650596618652,13.449782342448788,8,0.6194298829161513,True
financial_loan,RandomForest,12,Untargeted Causal (Karimi 2021),250,0.07863903045654297,14.181079296610486,8,1.9929129194632988,True
financial_loan,RandomForest,12,Wachter's CE,500,0.05817842483520508,11.22970231983089,7,0.4934469382021134,True
financial_loan,RandomForest,12,SHAP-Targeted CE,343,0.028861522674560547,0.24210459869292889,3,0.18395021655976684,True
financial_loan,RandomForest,13,Actionable CBFI (Proposed),250,0.07851338386535645,13.153968586818307,9,0.42151517023458984,True
financial_loan,RandomForest,13,Untargeted Causal (Karimi 2021),250,0.08191847801208496,13.996540286385674,8,1.9929129194632988,True
financial_loan,RandomForest,13,Wachter's CE,500,0.058995962142944336,13.996540286385674,8,1.9929129194632988,True
financial_loan,RandomForest,13,SHAP-Targeted CE,343,0.029013395309448242,0.9810920865479403,3,0.37528262742998936,True
financial_loan,RandomForest,14,Actionable CBFI (Proposed),250,0.10856199264526367,8.19851129069427,8,0.2687091347176911,True
financial_loan,RandomForest,14,Untargeted Causal (Karimi 2021),250,0.10293412208557129,12.566509668886141,8,1.9929129194632988,True
financial_loan,RandomForest,14,Wachter's CE,500,0.07712006568908691,10.411633533460874,8,1.7816201302357217,True
financial_loan,RandomForest,14,SHAP-Targeted CE,343,0.029700040817260742,1.1730363931174055,3,0.26319749894994543,True
financial_loan,RandomForest,15,Actionable CBFI (Proposed),250,0.10787129402160645,11.171737263728511,7,1.7716971166354123,True
financial_loan,RandomForest,15,Untargeted Causal (Karimi 2021),250,0.10396122932434082,10.991350408979068,7,1.9929129194632988,True
financial_loan,RandomForest,15,Wachter's CE,500,0.0806121826171875,7.536985925409684,7,0.4934469382021134,True
financial_loan,RandomForest,15,SHAP-Targeted CE,343,0.03728318214416504,0.6535914189246176,3,0.21058042092427165,True
financial_loan,RandomForest,16,Actionable CBFI (Proposed),250,0.10706520080566406,14.685303937198096,9,1.3153952252384495,True
financial_loan,RandomForest,16,Untargeted Causal (Karimi 2021),250,0.10426735877990723,15.24284008763147,8,1.9929129194632988,True
financial_loan,RandomForest,16,Wachter's CE,500,0.08208632469177246,10.352299612753013,8,0.4934469382021134,True
financial_loan,RandomForest,16,SHAP-Targeted CE,343,0.03880715370178223,0.6393978120207702,3,0.1333422370736668,True
financial_loan,RandomForest,17,Actionable CBFI (Proposed),250,0.10727119445800781,13.277196999207169,8,1.302351030119098,True
financial_loan,RandomForest,17,Untargeted Causal (Karimi 2021),250,0.09814977645874023,13.55378659458289,9,2.3480291468890475,True
financial_loan,RandomForest,17,Wachter's CE,500,0.08404326438903809,11.634708590288223,8,0.4934469382021134,True
financial_loan,RandomForest,17,SHAP-Targeted CE,343,0.03875374794006348,0.46531813133673466,3,0.49459894654713515,True
financial_loan,RandomForest,18,Actionable CBFI (Proposed),250,0.10106897354125977,9.136107586436951,9,1.507343024964002,True
financial_loan,RandomForest,18,Untargeted Causal (Karimi 2021),250,0.10390067100524902,13.417359526756941,8,1.9929129194632988,True
financial_loan,RandomForest,18,Wachter's CE,500,0.08111882209777832,11.068915738461866,8,0.4934469382021134,True
financial_loan,RandomForest,18,SHAP-Targeted CE,343,0.03802371025085449,0.494236720927019,3,0.8638448947219001,True
financial_loan,RandomForest,19,Actionable CBFI (Proposed),250,0.10747051239013672,14.826278348491734,7,0.6698178203879886,True
financial_loan,RandomForest,19,Untargeted Causal (Karimi 2021),250,0.1172025203704834,12.071647370099104,8,1.9929129194632988,True
financial_loan,RandomForest,19,Wachter's CE,500,0.0819249153137207,10.212068329223907,7,0.4934469382021134,True
financial_loan,RandomForest,19,SHAP-Targeted CE,343,0.03762936592102051,1.2473140544969452,3,0.23489521157062065,True
financial_loan,RandomForest,20,Actionable CBFI (Proposed),250,0.15804791450500488,12.016837279398635,8,1.7171813521499129,True
financial_loan,RandomForest,20,Untargeted Causal (Karimi 2021),250,0.1096491813659668,14.834427639763362,9,2.500495104272345,True
financial_loan,RandomForest,20,Wachter's CE,500,0.08578276634216309,8.864055959889644,8,1.5904192205127579,True
financial_loan,RandomForest,20,SHAP-Targeted CE,343,0.038025856018066406,1.7125089456771154,3,0.23765952055658576,True
financial_loan,RandomForest,21,Actionable CBFI (Proposed),250,0.1060330867767334,12.986571442529625,9,0.5511866438997256,True
financial_loan,RandomForest,21,Untargeted Causal (Karimi 2021),250,0.10391759872436523,16.422226498794377,9,2.9299698907169365,True
financial_loan,RandomForest,21,Wachter's CE,500,0.0818779468536377,16.422226498794377,9,2.9299698907169365,True
financial_loan,RandomForest,21,SHAP-Targeted CE,343,0.038016557693481445,1.7950356356477033,3,0.9019625559531352,True
financial_loan,RandomForest,22,Actionable CBFI (Proposed),250,0.10759854316711426,15.120210374393412,8,3.268042855007159,True
financial_loan,RandomForest,22,Untargeted Causal (Karimi 2021),250,0.1034390926361084,9.64722240418926,8,2.500495104272345,True
financial_loan,RandomForest,22,Wachter's CE,500,0.07798123359680176,9.64722240418926,8,2.500495104272345,True
financial_loan,RandomForest,22,SHAP-Targeted CE,343,0.03743934631347656,0.7672736883482423,3,1.4318280450808398,True
financial_loan,RandomForest,23,Actionable CBFI (Proposed),250,0.10707855224609375,11.031071240020047,6,4.546034745831389,True
financial_loan,RandomForest,23,Untargeted Causal (Karimi 2021),250,0.10354876518249512,11.562311230642553,7,1.3150443164275465,True
financial_loan,RandomForest,23,Wachter's CE,500,0.08225226402282715,8.067031847212881,7,0.4934469382021134,True
financial_loan,RandomForest,23,SHAP-Targeted CE,343,0.03886008262634277,1.1875360532409442,3,0.27195719112069344,True
financial_loan,RandomForest,24,Actionable CBFI (Proposed),250,0.1039125919342041,10.511716929278457,7,2.0492075244528607,True
financial_loan,RandomForest,24,Untargeted Causal (Karimi 2021),250,0.1038508415222168,16.681505707097568,9,1.9929129194632988,True
financial_loan,RandomForest,24,Wachter's CE,500,0.08027815818786621,13.495306147976954,8,2.643369531789077,True
financial_loan,RandomForest,24,SHAP-Targeted CE,343,0.0280458927154541,0.9406803318408592,3,0.18640452859543946,True
financial_loan,RandomForest,25,Actionable CBFI (Proposed),250,0.10656070709228516,6.920977755912489,8,0.2687091347176911,True
financial_loan,RandomForest,25,Untargeted Causal (Karimi 2021),250,0.10521316528320312,14.661344797887148,8,2.500495104272345,True
financial_loan,RandomForest,25,Wachter's CE,500,0.08217597007751465,10.225160265418193,8,0.4934469382021134,True
financial_loan,RandomForest,25,SHAP-Targeted CE,343,0.0383913516998291,0.38190436306083037,3,0.1682464081902779,True
financial_loan,RandomForest,26,Actionable CBFI (Proposed),250,0.10709023475646973,12.686459802116781,9,3.9743423299447653,True
financial_loan,RandomForest,26,Untargeted Causal (Karimi 2021),250,0.10394477844238281,13.969457829699166,9,2.9299698907169365,True
financial_loan,RandomForest,26,Wachter's CE,500,0.08340668678283691,10.244764700266687,9,1.6150388758646848,True
financial_loan,RandomForest,26,SHAP-Targeted CE,343,0.037055015563964844,1.3514578515303997,3,0.3327301314702343,True
financial_loan,RandomForest,27,Actionable CBFI (Proposed),250,0.10645294189453125,9.912338909211245,6,1.8393635034821252,True
financial_loan,RandomForest,27,Untargeted Causal (Karimi 2021),250,0.10598587989807129,14.13662022364085,7,2.500495104272345,True
financial_loan,RandomForest,27,Wachter's CE,500,0.08472681045532227,9.373940447303099,8,1.5904192205127579,True
financial_loan,RandomForest,27,SHAP-Targeted CE,343,0.03615593910217285,0.5923608705972498,2,0.19222167718217453,True
financial_loan,RandomForest,28,Actionable CBFI (Proposed),250,0.10860037803649902,13.512457875440774,8,0.6089793391019259,True
financial_loan,RandomForest,28,Untargeted Causal (Karimi 2021),250,0.10841894149780273,14.174881599526245,8,2.3480291468890475,True
financial_loan,RandomForest,28,Wachter's CE,500,0.09855294227600098,10.221411353080633,9,1.6150388758646848,True
financial_loan,RandomForest,28,SHAP-Targeted CE,343,0.03784942626953125,0.8452451287501814,3,0.13801501187197113,True
financial_loan,RandomForest,29,Actionable CBFI (Proposed),250,0.10438990592956543,16.006768985176908,8,1.7400327180871606,True
financial_loan,RandomForest,29,Untargeted Causal (Karimi 2021),250,0.10405945777893066,13.448797948157855,8,1.3150443164275465,True
financial_loan,RandomForest,29,Wachter's CE,500,0.12445616722106934,13.448797948157855,8,1.3150443164275465,True
financial_loan,RandomForest,29,SHAP-Targeted CE,343,0.037906646728515625,0.7394725558828459,3,0.6414744349431452,True
financial_loan,RandomForest,30,Actionable CBFI (Proposed),250,0.10689687728881836,11.010221982123827,8,1.5010127597681493,True
financial_loan,RandomForest,30,Untargeted Causal (Karimi 2021),250,0.10608410835266113,15.661969848900597,8,1.3150443164275465,True
financial_loan,RandomForest,30,Wachter's CE,500,0.07862305641174316,10.809561371058592,8,0.4934469382021134,True
financial_loan,RandomForest,30,SHAP-Targeted CE,343,0.038299560546875,0.9904218132868287,3,0.08754926720090546,True
financial_loan,RandomForest,31,Actionable CBFI (Proposed),250,0.10522103309631348,9.280752187033263,8,1.126110849260673,True
financial_loan,RandomForest,31,Untargeted Causal (Karimi 2021),250,0.10449838638305664,11.62035399089626,8,2.500495104272345,True
financial_loan,RandomForest,31,Wachter's CE,500,0.0806126594543457,11.62035399089626,8,2.500495104272345,True
financial_loan,RandomForest,31,SHAP-Targeted CE,343,0.0346527099609375,0.9447251081542932,3,0.5743238360274004,True
financial_loan,RandomForest,32,Actionable CBFI (Proposed),250,0.10527491569519043,11.86943231590084,7,0.7893046697802872,True
financial_loan,RandomForest,32,Untargeted Causal (Karimi 2021),250,0.1029961109161377,14.433007236807198,8,1.9929129194632988,True
financial_loan,RandomForest,32,Wachter's CE,500,0.07823014259338379,11.065552041668015,7,0.4934469382021134,True
financial_loan,RandomForest,32,SHAP-Targeted CE,343,0.03811025619506836,1.2980846844627,3,0.12045602815486345,True
financial_loan,RandomForest,33,Actionable CBFI (Proposed),250,0.10590481758117676,9.146421224587806,9,0.8966234001739237,True
financial_loan,RandomForest,33,Untargeted Causal (Karimi 2021),250,0.10358095169067383,14.3752527844651,8,2.500495104272345,True
financial_loan,RandomForest,33,Wachter's CE,500,0.08442139625549316,9.730767830725735,8,0.4934469382021134,True
financial_loan,RandomForest,33,SHAP-Targeted CE,343,0.03736567497253418,1.2824544786976357,3,0.38190006235308477,True
financial_loan,RandomForest,34,Actionable CBFI (Proposed),250,0.10561513900756836,9.960257267934113,8,0.5613836132882708,True
financial_loan,RandomForest,34,Untargeted Causal (Karimi 2021),250,0.10649967193603516,15.267937065775282,8,2.500495104272345,True
financial_loan,RandomForest,34,Wachter's CE,500,0.08483386039733887,12.44512780672621,9,1.5904192205127579,True
financial_loan,RandomForest,34,SHAP-Targeted CE,343,0.039520263671875,0.973153847843349,3,0.12797830753711406,True
financial_loan,RandomForest,35,Actionable CBFI (Proposed),250,0.11106324195861816,9.855389232373712,6,0.48697770665847245,True
financial_loan,RandomForest,35,Untargeted Causal (Karimi 2021),250,0.10744285583496094,14.576777431381748,7,1.3150443164275465,True
financial_loan,RandomForest,35,Wachter's CE,500,0.08633875846862793,10.902345345340981,9,1.6150388758646848,True
financial_loan,RandomForest,35,SHAP-Targeted CE,343,0.03864026069641113,1.271725906021657,3,0.3665940897329676,True
financial_loan,RandomForest,36,Actionable CBFI (Proposed),250,0.09899735450744629,13.710825240393511,9,0.43407254885254565,True
financial_loan,RandomForest,36,Untargeted Causal (Karimi 2021),250,0.10835814476013184,15.615377737171643,8,1.3150443164275465,True
financial_loan,RandomForest,36,Wachter's CE,500,0.10016202926635742,11.682275617711142,8,0.4934469382021134,True
financial_loan,RandomForest,36,SHAP-Targeted CE,343,0.038694143295288086,1.1509882143512868,3,0.4820295349629906,True
financial_loan,RandomForest,37,Actionable CBFI (Proposed),250,0.10547423362731934,10.296654191659156,8,0.49097311624708606,True
financial_loan,RandomForest,37,Untargeted Causal (Karimi 2021),250,0.10423707962036133,13.016901623154066,8,2.500495104272345,True
financial_loan,RandomForest,37,Wachter's CE,500,0.08408188819885254,10.960889214020641,9,1.5904192205127579,True
financial_loan,RandomForest,37,SHAP-Targeted CE,343,0.03566122055053711,1.4357584440862894,3,0.4213037232402092,True
financial_loan,RandomForest,38,Actionable CBFI (Proposed),250,0.10678577423095703,12.210890784660497,9,0.7155619119325843,True
financial_loan,RandomForest,38,Untargeted Causal (Karimi 2021),250,0.10382080078125,15.301003437472746,9,2.9299698907169365,True
financial_loan,RandomForest,38,Wachter's CE,500,0.08396291732788086,14.5596800980601,8,0.4934469382021134,True
financial_loan,RandomForest,38,SHAP-Targeted CE,343,0.029148578643798828,1.6481706176390762,3,1.205387155232725,True
financial_loan,RandomForest,39,Actionable CBFI (Proposed),250,0.10375523567199707,12.953771108916433,8,1.0009457567675069,True
financial_loan,RandomForest,39,Untargeted Causal (Karimi 2021),250,0.10549092292785645,17.30112853110613,8,1.9929129194632988,True
financial_loan,RandomForest,39,Wachter's CE,500,0.08431148529052734,14.115096475564993,8,0.4934469382021134,True
financial_loan,RandomForest,39,SHAP-Targeted CE,343,0.0389406681060791,0.89786811890286,3,0.3092397236347794,True
financial_loan,RandomForest,40,Actionable CBFI (Proposed),250,0.10366034507751465,13.206895761704018,8,0.5337739549964224,True
financial_loan,RandomForest,40,Untargeted Causal (Karimi 2021),250,0.10610580444335938,15.027611530931246,9,2.4304345352059475,True
financial_loan,RandomForest,40,Wachter's CE,500,0.08496952056884766,14.298514125264484,8,1.7816201302357217,True
financial_loan,RandomForest,40,SHAP-Targeted CE,343,0.0387117862701416,1.0358734362185378,3,0.25687153918569194,True
financial_loan,RandomForest,41,Actionable CBFI (Proposed),250,0.1054081916809082,14.287716163013085,7,1.2706567786647591,True
financial_loan,RandomForest,41,Untargeted Causal (Karimi 2021),250,0.10733556747436523,17.906007491804996,9,2.500495104272345,True
financial_loan,RandomForest,41,Wachter's CE,500,0.08542799949645996,14.886045514618687,8,1.5795383703245738,True
financial_loan,RandomForest,41,SHAP-Targeted CE,343,0.03840231895446777,1.2804848143438003,3,0.15611134098122761,True
financial_loan,RandomForest,42,Actionable CBFI (Proposed),250,0.10649275779724121,12.845751999596136,7,0.5801292903684413,True
financial_loan,RandomForest,42,Untargeted Causal (Karimi 2021),250,0.10736823081970215,10.953590290543808,7,1.9929129194632988,True
financial_loan,RandomForest,42,Wachter's CE,500,0.08650374412536621,9.285925825914024,7,1.7816201302357217,True
financial_loan,RandomForest,42,SHAP-Targeted CE,343,0.03847503662109375,1.301313740536008,3,0.585249633929288,True
financial_loan,RandomForest,43,Actionable CBFI (Proposed),250,0.10423684120178223,10.732419403168812,9,2.5921289426083143,True
financial_loan,RandomForest,43,Untargeted Causal (Karimi 2021),250,0.10368514060974121,14.567785940165559,7,1.9929129194632988,True
financial_loan,RandomForest,43,Wachter's CE,500,0.08064508438110352,9.811827053713236,8,1.5795383703245738,True
financial_loan,RandomForest,43,SHAP-Targeted CE,343,0.038245201110839844,1.7224010913811933,3,0.6048311671319632,True
financial_loan,RandomForest,44,Actionable CBFI (Proposed),250,0.10635757446289062,14.171806427372186,8,1.2142875427071311,True
financial_loan,RandomForest,44,Untargeted Causal (Karimi 2021),250,0.10508465766906738,15.31249627759013,8,1.9929129194632988,True
financial_loan,RandomForest,44,Wachter's CE,500,0.08122515678405762,12.60747002116224,8,1.5904192205127579,True
financial_loan,RandomForest,44,SHAP-Targeted CE,343,0.03841137886047363,1.3035022664973672,3,0.32743779166304915,True
financial_loan,RandomForest,45,Actionable CBFI (Proposed),250,0.10297441482543945,8.796221047792978,7,1.1956536877402604,True
financial_loan,RandomForest,45,Untargeted Causal (Karimi 2021),250,0.10303544998168945,13.837319630597012,8,2.500495104272345,True
financial_loan,RandomForest,45,Wachter's CE,500,0.09605526924133301,10.476485771000357,9,1.5904192205127579,True
financial_loan,RandomForest,45,SHAP-Targeted CE,343,0.037611961364746094,1.5563582115289587,3,0.9609416169683422,True
financial_loan,RandomForest,46,Actionable CBFI (Proposed),250,0.10339713096618652,10.691795301203456,8,1.119697633761123,True
financial_loan,RandomForest,46,Untargeted Causal (Karimi 2021),250,0.10221290588378906,14.688824865553588,8,2.500495104272345,True
financial_loan,RandomForest,46,Wachter's CE,500,0.08408570289611816,10.513649355485054,9,1.6150388758646848,True
financial_loan,RandomForest,46,SHAP-Targeted CE,343,0.03383588790893555,0.9825791580117265,3,0.5813912086704226,True
financial_loan,RandomForest,47,Actionable CBFI (Proposed),250,0.10465502738952637,14.64995960313728,9,1.2164003753661363,True
financial_loan,RandomForest,47,Untargeted Causal (Karimi 2021),250,0.10620307922363281,14.47360853282586,8,1.3150443164275465,True
financial_loan,RandomForest,47,Wachter's CE,500,0.08395576477050781,12.351973839506442,9,1.6150388758646848,True
financial_loan,RandomForest,47,SHAP-Targeted CE,343,0.03794980049133301,0.8238725913467579,3,0.256978632112952,True
financial_loan,RandomForest,48,Actionable CBFI (Proposed),250,0.10185718536376953,12.18554771379897,9,0.8727213549223762,True
financial_loan,RandomForest,48,Untargeted Causal (Karimi 2021),250,0.09206581115722656,11.02467618492755,8,1.9929129194632988,True
financial_loan,RandomForest,48,Wachter's CE,500,0.07856130599975586,9.445600226654753,9,1.6150388758646848,True
financial_loan,RandomForest,48,SHAP-Targeted CE,343,0.033725738525390625,1.4478443441528495,3,0.41827502638211245,True
financial_loan,RandomForest,49,Actionable CBFI (Proposed),250,0.10114789009094238,10.04141099222855,9,0.48101026807691055,True
financial_loan,RandomForest,49,Untargeted Causal (Karimi 2021),250,0.10202336311340332,12.516719696102808,7,1.3150443164275465,True
financial_loan,RandomForest,49,Wachter's CE,500,0.0812830924987793,10.768026951272054,9,1.6150388758646848,True
financial_loan,RandomForest,49,SHAP-Targeted CE,343,0.026905536651611328,1.0242705571577848,3,0.0822014821331103,True
financial_loan,RandomForest,50,Actionable CBFI (Proposed),250,0.10117673873901367,15.049936764864857,8,0.6089793391019259,True
financial_loan,RandomForest,50,Untargeted Causal (Karimi 2021),250,0.09248137474060059,12.354898229219383,7,1.3150443164275465,True
financial_loan,RandomForest,50,Wachter's CE,500,0.07889771461486816,10.185049938322207,9,1.6150388758646848,True
financial_loan,RandomForest,50,SHAP-Targeted CE,343,0.03084421157836914,0.4628761415362044,3,0.12737491702574474,True
financial_loan,RandomForest,51,Actionable CBFI (Proposed),250,0.10782194137573242,12.018863932771621,7,0.8142116801609919,True
financial_loan,RandomForest,51,Untargeted Causal (Karimi 2021),250,0.10538172721862793,13.808936203476197,7,2.500495104272345,True
financial_loan,RandomForest,51,Wachter's CE,500,0.08401751518249512,9.289342996080103,8,1.5904192205127579,True
financial_loan,RandomForest,51,SHAP-Targeted CE,343,0.03715109825134277,0.49599103377347853,3,0.3300141870797569,True
financial_loan,RandomForest,52,Actionable CBFI (Proposed),250,0.10461163520812988,10.947600734446894,7,0.6089793391019259,True
financial_loan,RandomForest,52,Untargeted Causal (Karimi 2021),250,0.10123705863952637,12.529368683386387,8,2.500495104272345,True
financial_loan,RandomForest,52,Wachter's CE,500,0.07880902290344238,12.529368683386387,8,2.500495104272345,True
financial_loan,RandomForest,52,SHAP-Targeted CE,343,0.03622865676879883,1.3027160790594212,3,0.48793266859085954,True
financial_loan,RandomForest,53,Actionable CBFI (Proposed),250,0.09921002388000488,9.245545427786627,8,2.186560442456432,True
financial_loan,RandomForest,53,Untargeted Causal (Karimi 2021),250,0.10202789306640625,14.096433749137898,8,2.500495104272345,True
financial_loan,RandomForest,53,Wachter's CE,500,0.07624030113220215,14.096433749137898,8,2.500495104272345,True
financial_loan,RandomForest,53,SHAP-Targeted CE,343,0.03713274002075195,1.2906485258487848,3,0.6113907808731445,True
financial_loan,RandomForest,54,Actionable CBFI (Proposed),250,0.10314512252807617,11.26336528085476,9,0.7510786423642776,True
financial_loan,RandomForest,54,Untargeted Causal (Karimi 2021),250,0.10385513305664062,16.302196381359686,8,1.3150443164275465,True
financial_loan,RandomForest,54,Wachter's CE,500,0.08005213737487793,10.962986362091861,8,0.4934469382021134,True
financial_loan,RandomForest,54,SHAP-Targeted CE,343,0.030217409133911133,0.9639468783584255,3,0.6314507495575293,True
financial_loan,RandomForest,55,Actionable CBFI (Proposed),250,0.10627317428588867,13.924100743875428,8,0.49097311624708606,True
financial_loan,RandomForest,55,Untargeted Causal (Karimi 2021),250,0.10337185859680176,14.353433894612063,9,2.9299698907169365,True
financial_loan,RandomForest,55,Wachter's CE,500,0.0792074203491211,11.942621480522625,9,1.5904192205127579,True
financial_loan,RandomForest,55,SHAP-Targeted CE,343,0.03734087944030762,1.162501820199262,3,0.13854465314099237,True
financial_loan,RandomForest,56,Actionable CBFI (Proposed),250,0.10169482231140137,10.5259168958777,8,0.5613836132882708,True
financial_loan,RandomForest,56,Untargeted Causal (Karimi 2021),250,0.09288525581359863,14.905644056394685,8,1.3150443164275465,True
financial_loan,RandomForest,56,Wachter's CE,500,0.07786059379577637,12.481655617088325,8,0.4934469382021134,True
financial_loan,RandomForest,56,SHAP-Targeted CE,343,0.036505937576293945,1.0464664610086587,3,0.32596102414083833,True
financial_loan,RandomForest,57,Actionable CBFI (Proposed),250,0.10031270980834961,9.863209012643388,7,1.0959368827987437,True
financial_loan,RandomForest,57,Untargeted Causal (Karimi 2021),250,0.10003662109375,14.768005324231607,7,1.3150443164275465,True
financial_loan,RandomForest,57,Wachter's CE,500,0.0666055679321289,10.752494726929102,7,0.4934469382021134,True
financial_loan,RandomForest,57,SHAP-Targeted CE,343,0.037502288818359375,1.1600434367086871,3,0.42781417782320874,True
financial_loan,RandomForest,58,Actionable CBFI (Proposed),250,0.10244250297546387,15.177977024540404,9,1.929810615323236,True
financial_loan,RandomForest,58,Untargeted Causal (Karimi 2021),250,0.0996403694152832,15.840016676903248,8,1.9929129194632988,True
financial_loan,RandomForest,58,Wachter's CE,500,0.07961487770080566,13.06467965214042,8,1.5795383703245738,True
financial_loan,RandomForest,58,SHAP-Targeted CE,343,0.03601717948913574,1.0426751820651403,3,0.6629441885534607,True
financial_loan,RandomForest,59,Actionable CBFI (Proposed),250,0.11463379859924316,14.572721972075138,8,1.8351077893168874,True
financial_loan,RandomForest,59,Untargeted Causal (Karimi 2021),250,0.1002202033996582,16.740316155093698,7,1.9929129194632988,True
financial_loan,RandomForest,59,Wachter's CE,500,0.0799112319946289,9.419335307029819,8,1.5795383703245738,True
financial_loan,RandomForest,59,SHAP-Targeted CE,343,0.0377955436706543,0.6155757038746912,3,0.44839701088452877,True
financial_loan,RandomForest,60,Actionable CBFI (Proposed),250,0.10349154472351074,10.948429699710767,7,1.0858105999323442,True
financial_loan,RandomForest,60,Untargeted Causal (Karimi 2021),250,0.10071277618408203,14.44215559258376,8,1.9929129194632988,True
financial_loan,RandomForest,60,Wachter's CE,500,0.07916951179504395,12.448953520747127,8,0.4934469382021134,True
financial_loan,RandomForest,60,SHAP-Targeted CE,343,0.03773045539855957,1.3832692567238354,3,0.345461181020802,True
financial_loan,RandomForest,61,Actionable CBFI (Proposed),250,0.10110020637512207,16.041383952978393,6,2.2570150985952804,True
financial_loan,RandomForest,61,Untargeted Causal (Karimi 2021),250,0.10455679893493652,16.467765016251768,6,3.2248414638275857,True
financial_loan,RandomForest,61,Wachter's CE,500,0.07970499992370605,13.499648658921533,7,0.4934469382021134,True
financial_loan,RandomForest,61,SHAP-Targeted CE,343,0.03179359436035156,0.6297628044668447,3,0.10549575475111446,True
financial_loan,RandomForest,62,Actionable CBFI (Proposed),250,0.10325455665588379,13.081781815596734,9,1.3793012589636173,True
financial_loan,RandomForest,62,Untargeted Causal (Karimi 2021),250,0.09336495399475098,17.416959240684456,8,1.9929129194632988,True
financial_loan,RandomForest,62,Wachter's CE,500,0.08140683174133301,14.226581720721807,8,0.4934469382021134,True
financial_loan,RandomForest,62,SHAP-Targeted CE,343,0.03767251968383789,0.8903760465745901,3,0.22499153971328992,True
financial_loan,RandomForest,63,Actionable CBFI (Proposed),250,0.09337854385375977,11.271117917441597,9,0.7155619119325843,True
financial_loan,RandomForest,63,Untargeted Causal (Karimi 2021),250,0.09416341781616211,12.710731321366781,8,1.9929129194632988,True
financial_loan,RandomForest,63,Wachter's CE,500,0.07948493957519531,12.389446685706142,8,0.4934469382021134,True
financial_loan,RandomForest,63,SHAP-Targeted CE,343,0.0383610725402832,1.3360423377349373,3,0.445984921721643,True
financial_loan,RandomForest,64,Actionable CBFI (Proposed),250,0.10184335708618164,13.502883116066469,8,1.0009457567675069,True
financial_loan,RandomForest,64,Untargeted Causal (Karimi 2021),250,0.10471200942993164,16.261430109141557,8,1.9929129194632988,True
financial_loan,RandomForest,64,Wachter's CE,500,0.0757296085357666,13.04823890096598,8,0.4934469382021134,True
financial_loan,RandomForest,64,SHAP-Targeted CE,343,0.03658175468444824,1.0494542079880655,3,0.3314398572564918,True
financial_loan,RandomForest,65,Actionable CBFI (Proposed),250,0.1057896614074707,14.050488988688006,8,2.1318156789666287,True
financial_loan,RandomForest,65,Untargeted Causal (Karimi 2021),250,0.10430431365966797,15.960047773914056,7,4.779152454830853,True
financial_loan,RandomForest,65,Wachter's CE,500,0.08326983451843262,12.979730325734586,9,5.664278613415173,True
financial_loan,RandomForest,65,SHAP-Targeted CE,343,0.03674888610839844,0.6692965956926156,3,0.7636763858767995,True
financial_loan,RandomForest,66,Actionable CBFI (Proposed),250,0.10847258567810059,14.937741040969286,9,2.4730118098020006,True
financial_loan,RandomForest,66,Untargeted Causal (Karimi 2021),250,0.10481452941894531,15.696212536505598,8,1.3150443164275465,True
financial_loan,RandomForest,66,Wachter's CE,500,0.08413338661193848,11.125581528441854,8,1.5795383703245738,True
financial_loan,RandomForest,66,SHAP-Targeted CE,343,0.03777456283569336,0.924912905993733,3,0.8941093973141805,True
financial_loan,RandomForest,67,Actionable CBFI (Proposed),250,0.1004786491394043,17.68590041593517,9,0.34913278916123,True
financial_loan,RandomForest,67,Untargeted Causal (Karimi 2021),250,0.09157419204711914,15.47625265749815,7,3.2248414638275857,True
financial_loan,RandomForest,67,Wachter's CE,500,0.08354568481445312,15.10587415950728,8,0.4934469382021134,True
financial_loan,RandomForest,67,SHAP-Targeted CE,343,0.02751612663269043,1.0955902365305639,3,0.43810571794672487,True
financial_loan,RandomForest,68,Actionable CBFI (Proposed),250,0.12028026580810547,8.556196692249094,7,0.5101370016729677,True
financial_loan,RandomForest,68,Untargeted Causal (Karimi 2021),250,0.10634303092956543,12.897690095034504,6,1.3150443164275465,True
financial_loan,RandomForest,68,Wachter's CE,500,0.08249115943908691,9.686900114302327,7,0.4934469382021134,True
financial_loan,RandomForest,68,SHAP-Targeted CE,343,0.036766767501831055,1.2222086778970247,3,0.13907854065176659,True
financial_loan,RandomForest,69,Actionable CBFI (Proposed),250,0.08931636810302734,10.902675287064259,8,3.017725163869258,True
financial_loan,RandomForest,69,Untargeted Causal (Karimi 2021),250,0.10258054733276367,14.014288862694539,9,1.6904546312371254,True
financial_loan,RandomForest,69,Wachter's CE,500,0.07903194427490234,11.580562626953094,9,1.9775919051085686,True
financial_loan,RandomForest,69,SHAP-Targeted CE,343,0.037134647369384766,2.0388796578898356,3,0.863321752407256,True
financial_loan,RandomForest,70,Actionable CBFI (Proposed),250,0.10747575759887695,10.19963421610495,8,1.249926380298395,True
financial_loan,RandomForest,70,Untargeted Causal (Karimi 2021),250,0.10514473915100098,17.460490751349404,9,2.5079494407143668,True
financial_loan,RandomForest,70,Wachter's CE,500,0.08723664283752441,8.260799455223662,9,1.9775919051085686,True
financial_loan,RandomForest,70,SHAP-Targeted CE,343,0.03765463829040527,1.6048528236413921,3,1.3549593208891135,True
financial_loan,RandomForest,71,Actionable CBFI (Proposed),250,0.10496068000793457,14.140626195425831,8,4.689137158770693,True
financial_loan,RandomForest,71,Untargeted Causal (Karimi 2021),250,0.10104751586914062,12.361338657683365,8,2.500495104272345,True
financial_loan,RandomForest,71,Wachter's CE,500,0.06748127937316895,9.49612351878818,9,1.5904192205127579,True
financial_loan,RandomForest,71,SHAP-Targeted CE,343,0.037975311279296875,0.6409158280209032,3,0.5015344509277035,True
financial_loan,RandomForest,72,Actionable CBFI (Proposed),250,0.1011967658996582,11.122507142017891,9,1.2164003753661363,True
financial_loan,RandomForest,72,Untargeted Causal (Karimi 2021),250,0.100128173828125,13.541313303483673,9,2.4304345352059475,True
financial_loan,RandomForest,72,Wachter's CE,500,0.08120036125183105,13.37193498662205,9,1.9775919051085686,True
financial_loan,RandomForest,72,SHAP-Targeted CE,343,0.038875579833984375,1.2643445496677237,3,0.5263094032860849,True
financial_loan,RandomForest,73,Actionable CBFI (Proposed),250,0.10307049751281738,12.65000078652069,8,1.4519392558825188,True
financial_loan,RandomForest,73,Untargeted Causal (Karimi 2021),250,0.10137367248535156,13.422777862243482,8,2.500495104272345,True
financial_loan,RandomForest,73,Wachter's CE,500,0.06567740440368652,12.617407355204444,8,0.4934469382021134,True
financial_loan,RandomForest,73,SHAP-Targeted CE,343,0.03809070587158203,0.36010006567574193,3,0.2094448007684188,True
financial_loan,RandomForest,74,Actionable CBFI (Proposed),250,0.1071481704711914,12.530123812514399,6,2.256294675547049,True
financial_loan,RandomForest,74,Untargeted Causal (Karimi 2021),250,0.1062161922454834,15.402041142430221,7,1.3150443164275465,True
financial_loan,RandomForest,74,Wachter's CE,500,0.08430695533752441,11.40312014050344,7,0.4934469382021134,True
financial_loan,RandomForest,74,SHAP-Targeted CE,343,0.03815269470214844,1.1316341342235232,3,0.46713125992039356,True
financial_loan,RandomForest,75,Actionable CBFI (Proposed),250,0.1029813289642334,15.404231733337161,7,1.9359741386254017,True
financial_loan,RandomForest,75,Untargeted Causal (Karimi 2021),250,0.10199499130249023,15.698347204956539,8,2.500495104272345,True
financial_loan,RandomForest,75,Wachter's CE,500,0.06654095649719238,12.360712817621511,9,1.5904192205127579,True
financial_loan,RandomForest,75,SHAP-Targeted CE,343,0.03762340545654297,1.4138916355134383,3,0.24787939617097363,True
financial_loan,RandomForest,76,Actionable CBFI (Proposed),250,0.10318851470947266,8.302100393552836,7,0.5081616959357974,True
financial_loan,RandomForest,76,Untargeted Causal (Karimi 2021),250,0.10142278671264648,13.128015615132796,8,1.3150443164275465,True
financial_loan,RandomForest,76,Wachter's CE,500,0.08310770988464355,10.091773588737508,9,1.6150388758646848,True
financial_loan,RandomForest,76,SHAP-Targeted CE,343,0.026236772537231445,1.625438205406616,3,0.11121223327214613,True
financial_loan,RandomForest,77,Actionable CBFI (Proposed),250,0.10391783714294434,13.722597176945525,8,1.6072385079747171,True
financial_loan,RandomForest,77,Untargeted Causal (Karimi 2021),250,0.0928351879119873,15.343740752612323,8,1.3150443164275465,True
financial_loan,RandomForest,77,Wachter's CE,500,0.08900904655456543,14.481999683328597,9,1.6150388758646848,True
financial_loan,RandomForest,77,SHAP-Targeted CE,343,0.038629770278930664,0.9709770166273568,3,0.09434380070098493,True
financial_loan,RandomForest,78,Actionable CBFI (Proposed),250,0.10308384895324707,7.455830540382574,7,1.5997783383200301,True
financial_loan,RandomForest,78,Untargeted Causal (Karimi 2021),250,0.10658884048461914,16.350337673660366,8,1.3150443164275465,True
financial_loan,RandomForest,78,Wachter's CE,500,0.14736104011535645,11.011127654392544,8,0.4934469382021134,True
financial_loan,RandomForest,78,SHAP-Targeted CE,343,0.03854680061340332,1.4805214875779458,3,0.3311212887817229,True
financial_loan,RandomForest,79,Actionable CBFI (Proposed),250,0.09945535659790039,14.725465757272577,8,1.3870611906250483,True
financial_loan,RandomForest,79,Untargeted Causal (Karimi 2021),250,0.10022091865539551,16.239452800621752,9,1.9929129194632988,True
financial_loan,RandomForest,79,Wachter's CE,500,0.07959794998168945,12.15499597593341,8,0.4934469382021134,True
financial_loan,RandomForest,79,SHAP-Targeted CE,343,0.026945114135742188,1.5641128162659395,3,0.32792833911080066,True
financial_loan,RandomForest,80,Actionable CBFI (Proposed),250,0.10523319244384766,8.056470146548895,8,1.8148805055060526,True
financial_loan,RandomForest,80,Untargeted Causal (Karimi 2021),250,0.10418963432312012,10.669484307472855,9,2.9299698907169365,True
financial_loan,RandomForest,80,Wachter's CE,500,0.08418059349060059,10.669484307472855,9,2.9299698907169365,True
financial_loan,RandomForest,80,SHAP-Targeted CE,343,0.035355329513549805,1.7657967523005031,3,0.791837809728469,True
financial_loan,RandomForest,81,Actionable CBFI (Proposed),250,0.10185766220092773,14.572688852609824,8,3.053294756116676,True
financial_loan,RandomForest,81,Untargeted Causal (Karimi 2021),250,0.10302519798278809,15.852715109037716,8,1.9929129194632988,True
financial_loan,RandomForest,81,Wachter's CE,500,0.07958841323852539,14.719884115368572,8,1.7816201302357217,True
financial_loan,RandomForest,81,SHAP-Targeted CE,343,0.036806583404541016,0.357047800903067,3,0.9584304694097797,True
financial_loan,RandomForest,82,Actionable CBFI (Proposed),250,0.1062781810760498,10.313989937438357,6,1.7818032625032973,True
financial_loan,RandomForest,82,Untargeted Causal (Karimi 2021),250,0.10141277313232422,14.510652475285866,8,3.4142322912967757,True
financial_loan,RandomForest,82,Wachter's CE,500,0.08048057556152344,12.447821588856614,7,1.7816201302357217,True
financial_loan,RandomForest,82,SHAP-Targeted CE,343,0.03727889060974121,1.5885130399570824,3,0.7286021712115728,True
financial_loan,RandomForest,83,Actionable CBFI (Proposed),250,0.10441398620605469,12.337080715909766,8,2.719401980109128,True
financial_loan,RandomForest,83,Untargeted Causal (Karimi 2021),250,0.10235404968261719,14.25788154530364,9,2.4304345352059475,True
financial_loan,RandomForest,83,Wachter's CE,500,0.08055806159973145,11.3742212312591,8,1.5795383703245738,True
financial_loan,RandomForest,83,SHAP-Targeted CE,343,0.03543806076049805,0.9583922608104843,3,1.0738065741992082,True
financial_loan,RandomForest,84,Actionable CBFI (Proposed),250,0.10741043090820312,10.180808617778734,7,1.91149290620728,True
financial_loan,RandomForest,84,Untargeted Causal (Karimi 2021),250,0.1054079532623291,15.58968186355389,7,2.918304460650266,True
financial_loan,RandomForest,84,Wachter's CE,500,0.08017396926879883,13.879483321082295,8,1.5795383703245738,True
financial_loan,RandomForest,84,SHAP-Targeted CE,343,0.02600717544555664,1.3045535108797828,3,0.6811087983342357,True
financial_loan,RandomForest,85,Actionable CBFI (Proposed),250,0.10474848747253418,14.21415123690607,9,0.5101370016729677,True
financial_loan,RandomForest,85,Untargeted Causal (Karimi 2021),250,0.10898351669311523,13.088969262842387,8,1.9929129194632988,True
financial_loan,RandomForest,85,Wachter's CE,500,0.10834527015686035,13.088969262842387,8,1.9929129194632988,True
financial_loan,RandomForest,85,SHAP-Targeted CE,343,0.03712654113769531,0.7981440392697328,3,0.7926049979173775,True
financial_loan,RandomForest,86,Actionable CBFI (Proposed),250,0.10388803482055664,15.491577023287494,8,0.5116494178931704,True
financial_loan,RandomForest,86,Untargeted Causal (Karimi 2021),250,0.10219120979309082,10.560185197970707,7,3.4142322912967757,True
financial_loan,RandomForest,86,Wachter's CE,500,0.07942318916320801,9.595464556185062,8,1.5795383703245738,True
financial_loan,RandomForest,86,SHAP-Targeted CE,343,0.03678536415100098,1.214202825194151,3,1.3352843379601638,True
financial_loan,RandomForest,87,Actionable CBFI (Proposed),250,0.09049367904663086,9.040669125454524,8,0.42198225537368766,True
financial_loan,RandomForest,87,Untargeted Causal (Karimi 2021),250,0.10394072532653809,15.893713349905859,8,1.9929129194632988,True
financial_loan,RandomForest,87,Wachter's CE,500,0.07973432540893555,14.334912108023058,8,1.5795383703245738,True
financial_loan,RandomForest,87,SHAP-Targeted CE,343,0.036838531494140625,1.5465021914600516,3,0.6078378467130805,True
financial_loan,RandomForest,88,Actionable CBFI (Proposed),250,0.10754895210266113,15.862670415889633,9,2.0427209640145656,True
financial_loan,RandomForest,88,Untargeted Causal (Karimi 2021),250,0.10487723350524902,16.506383509044515,8,2.9299698907169365,True
financial_loan,RandomForest,88,Wachter's CE,500,0.08170342445373535,16.278676487189998,8,1.5795383703245738,True
financial_loan,RandomForest,88,SHAP-Targeted CE,343,0.026369333267211914,1.6578186086266768,3,0.943975634984712,True
financial_loan,RandomForest,89,Actionable CBFI (Proposed),250,0.10383963584899902,14.747934867479993,8,2.1096577948191,True
financial_loan,RandomForest,89,Untargeted Causal (Karimi 2021),250,0.09307217597961426,13.871381363949304,9,2.500495104272345,True
financial_loan,RandomForest,89,Wachter's CE,500,0.06599211692810059,7.8171988544436015,8,1.5795383703245738,True
financial_loan,RandomForest,89,SHAP-Targeted CE,343,0.036432504653930664,1.2638883465216084,3,1.3078933185452206,True
financial_loan,RandomForest,90,Actionable CBFI (Proposed),250,0.0995321273803711,16.880962786782327,9,3.4407705046862986,True
financial_loan,RandomForest,90,Untargeted Causal (Karimi 2021),250,0.10230064392089844,12.749020334669842,8,2.9299698907169365,True
financial_loan,RandomForest,90,Wachter's CE,500,0.0779106616973877,12.749020334669842,8,2.9299698907169365,True
financial_loan,RandomForest,90,SHAP-Targeted CE,343,0.03615999221801758,1.3954505861880273,3,1.0770257186328036,True
financial_loan,RandomForest,91,Actionable CBFI (Proposed),250,0.10058069229125977,12.448007416917878,9,1.398568122091956,True
financial_loan,RandomForest,91,Untargeted Causal (Karimi 2021),250,0.10375785827636719,12.49407795857193,8,2.9299698907169365,True
financial_loan,RandomForest,91,Wachter's CE,500,0.08075523376464844,10.911731839468805,8,1.5795383703245738,True
financial_loan,RandomForest,91,SHAP-Targeted CE,343,0.03758096694946289,1.0609152516992524,3,1.248735208748181,True
financial_loan,RandomForest,92,Actionable CBFI (Proposed),250,0.10807657241821289,13.629147312074158,9,4.085946872108937,True
financial_loan,RandomForest,92,Untargeted Causal (Karimi 2021),250,0.10678768157958984,17.118406769931983,9,2.500495104272345,True
financial_loan,RandomForest,92,Wachter's CE,500,0.08408951759338379,14.064224260426277,8,1.5795383703245738,True
financial_loan,RandomForest,92,SHAP-Targeted CE,343,0.03658747673034668,1.4990546678636678,3,2.926760188343595,True
financial_loan,RandomForest,93,Actionable CBFI (Proposed),250,0.10453176498413086,8.010673225891457,7,0.7679634247711046,True
financial_loan,RandomForest,93,Untargeted Causal (Karimi 2021),250,0.10204815864562988,15.997815180309573,8,1.9929129194632988,True
financial_loan,RandomForest,93,Wachter's CE,500,0.07936644554138184,9.943485061680532,8,1.5795383703245738,True
financial_loan,RandomForest,93,SHAP-Targeted CE,343,0.026432037353515625,1.4175660575662288,3,1.0751283586247757,True
financial_loan,RandomForest,94,Actionable CBFI (Proposed),250,0.10622024536132812,7.655748290742871,8,0.7956177642342096,True
financial_loan,RandomForest,94,Untargeted Causal (Karimi 2021),250,0.10100221633911133,11.13707954470462,8,2.9299698907169365,True
financial_loan,RandomForest,94,Wachter's CE,500,0.09757375717163086,11.13707954470462,8,2.9299698907169365,True
financial_loan,RandomForest,94,SHAP-Targeted CE,343,0.03658771514892578,1.0189172321549678,3,1.0658082991751703,True
financial_loan,RandomForest,95,Actionable CBFI (Proposed),250,0.10713315010070801,12.555748382328343,7,4.57658831199512,True
financial_loan,RandomForest,95,Untargeted Causal (Karimi 2021),250,0.10422945022583008,9.223749505469868,8,2.9299698907169365,True
financial_loan,RandomForest,95,Wachter's CE,500,0.08200287818908691,8.580859270532045,7,1.6150388758646848,True
financial_loan,RandomForest,95,SHAP-Targeted CE,343,0.03740692138671875,1.2031193487456862,3,1.4462401814394605,True
financial_loan,RandomForest,96,Actionable CBFI (Proposed),250,0.10037851333618164,11.531808776486438,9,2.220863176884892,True
financial_loan,RandomForest,96,Untargeted Causal (Karimi 2021),250,0.1047811508178711,11.44784521427268,8,2.9299698907169365,True
financial_loan,RandomForest,96,Wachter's CE,500,0.08057999610900879,10.33670798782337,7,1.6150388758646848,True
financial_loan,RandomForest,96,SHAP-Targeted CE,343,0.03666400909423828,1.2277400290000877,3,0.5962928410149427,True
financial_loan,RandomForest,97,Actionable CBFI (Proposed),250,0.1051185131072998,9.559086857933629,8,1.0130950543965647,True
financial_loan,RandomForest,97,Untargeted Causal (Karimi 2021),250,0.09212088584899902,12.631092333776978,9,1.9929129194632988,True
financial_loan,RandomForest,97,Wachter's CE,500,0.08351564407348633,10.116488577477297,8,1.6150388758646848,True
financial_loan,RandomForest,97,SHAP-Targeted CE,343,0.03659367561340332,1.1047937228596894,3,0.7152531548334958,True
financial_loan,RandomForest,98,Actionable CBFI (Proposed),250,0.10095357894897461,9.62316152822241,9,0.8711598377561676,True
financial_loan,RandomForest,98,Untargeted Causal (Karimi 2021),250,0.09106874465942383,11.736547299968475,8,2.9299698907169365,True
financial_loan,RandomForest,98,Wachter's CE,500,0.07937002182006836,9.21813527179452,8,1.6150388758646848,True
financial_loan,RandomForest,98,SHAP-Targeted CE,343,0.03622150421142578,1.0661866745648823,3,1.2432873812624345,True
financial_loan,RandomForest,99,Actionable CBFI (Proposed),250,0.1007697582244873,11.943292158657085,8,3.623907689750823,True
financial_loan,RandomForest,99,Untargeted Causal (Karimi 2021),250,0.09228682518005371,12.731206267778347,8,2.9299698907169365,True
financial_loan,RandomForest,99,Wachter's CE,500,0.07157373428344727,9.988903774394776,8,1.6150388758646848,True
financial_loan,RandomForest,99,SHAP-Targeted CE,343,0.03632068634033203,0.8290170136726169,3,0.632290798164146,True
financial_loan,RandomForest,100,Actionable CBFI (Proposed),250,0.09241271018981934,7.252057893068302,8,1.9064016992404687,True
financial_loan,RandomForest,100,Untargeted Causal (Karimi 2021),250,0.10557866096496582,11.224833851514274,8,2.9299698907169365,True
financial_loan,RandomForest,100,Wachter's CE,500,0.0846703052520752,10.514876475888483,9,1.5904192205127579,True
financial_loan,RandomForest,100,SHAP-Targeted CE,343,0.03661155700683594,1.3641536743465938,3,1.2051327372247,True
financial_loan,SVM (RBF Kernel),1,Actionable CBFI (Proposed),250,0.2743535041809082,4.268402472860095,6,0.857886864292715,True
financial_loan,SVM (RBF Kernel),1,Untargeted Causal (Karimi 2021),250,0.2597928047180176,13.4835735034276,9,0.6662685520735298,True
financial_loan,SVM (RBF Kernel),1,Wachter's CE,500,0.3824467658996582,9.702703500077522,8,1.6150388758646848,True
financial_loan,SVM (RBF Kernel),1,SHAP-Targeted CE,343,0.2388927936553955,1.6295603566378745,3,1.0505987677367936,True
financial_loan,SVM (RBF Kernel),2,Actionable CBFI (Proposed),250,0.25545573234558105,9.921894935886705,8,1.4556758180037994,True
financial_loan,SVM (RBF Kernel),2,Untargeted Causal (Karimi 2021),250,0.22072982788085938,9.90844013310165,9,1.0498155964371654,True
financial_loan,SVM (RBF Kernel),2,Wachter's CE,500,0.38524413108825684,9.90844013310165,9,1.0498155964371654,True
financial_loan,SVM (RBF Kernel),2,SHAP-Targeted CE,343,0.2421257495880127,2.8700809053190413,3,0.5393913733185945,True
financial_loan,SVM (RBF Kernel),3,Actionable CBFI (Proposed),250,0.21849322319030762,17.092384267042924,8,3.4566745254629354,True
financial_loan,SVM (RBF Kernel),3,Untargeted Causal (Karimi 2021),250,0.2597475051879883,16.335556479234963,8,1.6904546312371254,True
financial_loan,SVM (RBF Kernel),3,Wachter's CE,500,0.3867616653442383,16.273473106936958,9,2.4304345352059475,True
financial_loan,SVM (RBF Kernel),3,SHAP-Targeted CE,343,0.2410142421722412,5.944323367302333,3,1.7597297486757082,True
financial_loan,SVM (RBF Kernel),4,Actionable CBFI (Proposed),250,0.256514310836792,11.452461900984808,7,0.8083280663758687,True
financial_loan,SVM (RBF Kernel),4,Untargeted Causal (Karimi 2021),250,0.24681448936462402,10.559010883150744,9,1.0498155964371654,True
financial_loan,SVM (RBF Kernel),4,Wachter's CE,500,0.38323330879211426,10.559010883150744,9,1.0498155964371654,True
financial_loan,SVM (RBF Kernel),4,SHAP-Targeted CE,343,0.20272374153137207,4.212892468943151,3,0.30843643867020876,True
financial_loan,SVM (RBF Kernel),5,Actionable CBFI (Proposed),250,0.25873684883117676,13.031424587161757,8,1.35693403911248,True
financial_loan,SVM (RBF Kernel),5,Untargeted Causal (Karimi 2021),250,0.2554466724395752,11.778494533375273,7,1.3150443164275465,True
financial_loan,SVM (RBF Kernel),5,Wachter's CE,500,0.40932297706604004,10.939958887903211,7,0.4934469382021134,True
financial_loan,SVM (RBF Kernel),5,SHAP-Targeted CE,343,0.24028849601745605,3.306823104781301,3,0.24337881756000165,True
financial_loan,SVM (RBF Kernel),6,Actionable CBFI (Proposed),250,0.27844858169555664,10.78073878751095,6,0.9000441254047639,True
financial_loan,SVM (RBF Kernel),6,Untargeted Causal (Karimi 2021),250,0.24684524536132812,15.865041638773778,7,1.9929129194632988,True
financial_loan,SVM (RBF Kernel),6,Wachter's CE,500,0.38354945182800293,12.896515627213086,7,1.7816201302357217,True
financial_loan,SVM (RBF Kernel),6,SHAP-Targeted CE,343,0.2395164966583252,6.686827793529038,3,0.4635297626098122,True
financial_loan,SVM (RBF Kernel),7,Actionable CBFI (Proposed),250,0.2891404628753662,6.321337734754468,6,0.29332146491071703,True
financial_loan,SVM (RBF Kernel),7,Untargeted Causal (Karimi 2021),250,0.2602813243865967,14.613422050644303,7,1.9929129194632988,True
financial_loan,SVM (RBF Kernel),7,Wachter's CE,500,0.39698028564453125,9.989041271583336,7,0.4934469382021134,True
financial_loan,SVM (RBF Kernel),7,SHAP-Targeted CE,343,0.24088072776794434,3.2394064826821585,3,0.509220945153095,True
financial_loan,SVM (RBF Kernel),8,Actionable CBFI (Proposed),250,0.27787137031555176,9.72596693804075,9,0.787616926537956,True
financial_loan,SVM (RBF Kernel),8,Untargeted Causal (Karimi 2021),250,0.25067615509033203,9.922309009476693,9,0.6662685520735298,True
financial_loan,SVM (RBF Kernel),8,Wachter's CE,500,0.3806424140930176,9.922309009476693,9,0.6662685520735298,True
financial_loan,SVM (RBF Kernel),8,SHAP-Targeted CE,343,0.23918676376342773,3.673125660881435,3,0.23356489049918908,True
financial_loan,SVM (RBF Kernel),9,Actionable CBFI (Proposed),250,0.25660133361816406,14.927212620963015,9,1.330227139987816,True
financial_loan,SVM (RBF Kernel),9,Untargeted Causal (Karimi 2021),250,0.2585761547088623,13.698055114550973,9,2.500495104272345,True
financial_loan,SVM (RBF Kernel),9,Wachter's CE,500,0.3820357322692871,12.548815570824736,8,1.5795383703245738,True
financial_loan,SVM (RBF Kernel),9,SHAP-Targeted CE,343,0.19955921173095703,4.085425418385263,3,0.8173781575614054,True
financial_loan,SVM (RBF Kernel),10,Actionable CBFI (Proposed),250,0.2964439392089844,11.58330268477549,7,1.2171772442973798,True
financial_loan,SVM (RBF Kernel),10,Untargeted Causal (Karimi 2021),250,0.2601032257080078,14.031987416484569,8,1.9929129194632988,True
financial_loan,SVM (RBF Kernel),10,Wachter's CE,500,0.39389801025390625,13.886315795234914,8,1.7816201302357217,True
financial_loan,SVM (RBF Kernel),10,SHAP-Targeted CE,343,0.21697402000427246,4.493596440459008,3,0.4970919226846528,True
financial_loan,SVM (RBF Kernel),11,Actionable CBFI (Proposed),250,0.23444223403930664,12.111840073400849,8,2.0097380139987635,True
financial_loan,SVM (RBF Kernel),11,Untargeted Causal (Karimi 2021),250,0.26093626022338867,9.044400881695957,7,1.9929129194632988,True
financial_loan,SVM (RBF Kernel),11,Wachter's CE,500,0.3833889961242676,5.568309076019022,6,0.4934469382021134,True
financial_loan,SVM (RBF Kernel),11,SHAP-Targeted CE,343,0.24057412147521973,1.998935507740096,3,0.46967401989219937,True
financial_loan,SVM (RBF Kernel),12,Actionable CBFI (Proposed),250,0.2792184352874756,9.22445037799005,6,1.1392132995450914,True
financial_loan,SVM (RBF Kernel),12,Untargeted Causal (Karimi 2021),250,0.2598130702972412,14.227216985177725,9,0.6662685520735298,True
financial_loan,SVM (RBF Kernel),12,Wachter's CE,500,0.3834211826324463,11.22970231983089,7,0.4934469382021134,True
financial_loan,SVM (RBF Kernel),12,SHAP-Targeted CE,343,0.24028611183166504,2.2251137387634885,3,0.35824761899283925,True
financial_loan,SVM (RBF Kernel),13,Actionable CBFI (Proposed),250,0.2967946529388428,11.307780345596903,8,0.9265073559599691,True
financial_loan,SVM (RBF Kernel),13,Untargeted Causal (Karimi 2021),250,0.2595536708831787,12.626851986103338,9,0.6662685520735298,True
financial_loan,SVM (RBF Kernel),13,Wachter's CE,500,0.3050558567047119,12.626851986103338,9,0.6662685520735298,True
financial_loan,SVM (RBF Kernel),13,SHAP-Targeted CE,343,0.24090576171875,4.69233614413992,3,0.4950764060747342,True
financial_loan,SVM (RBF Kernel),14,Actionable CBFI (Proposed),250,0.27774477005004883,7.297548953966267,8,0.3679241461999599,True
financial_loan,SVM (RBF Kernel),14,Untargeted Causal (Karimi 2021),250,0.2558286190032959,12.566509668886141,8,1.9929129194632988,True
financial_loan,SVM (RBF Kernel),14,Wachter's CE,500,0.38286542892456055,10.411633533460874,8,1.7816201302357217,True
financial_loan,SVM (RBF Kernel),14,SHAP-Targeted CE,343,0.22938823699951172,1.5640215047461354,3,0.380374409086546,True
financial_loan,SVM (RBF Kernel),15,Actionable CBFI (Proposed),250,0.2723667621612549,9.558854091990524,6,2.1912391747491227,True
financial_loan,SVM (RBF Kernel),15,Untargeted Causal (Karimi 2021),250,0.2536435127258301,10.991350408979068,7,1.9929129194632988,True
financial_loan,SVM (RBF Kernel),15,Wachter's CE,500,0.36824822425842285,7.536985925409684,7,0.4934469382021134,True
financial_loan,SVM (RBF Kernel),15,SHAP-Targeted CE,343,0.20667338371276855,1.4161661672661918,3,0.33597143263055534,True
financial_loan,SVM (RBF Kernel),16,Actionable CBFI (Proposed),250,0.2780780792236328,10.048949364275654,9,0.5176463337787829,True
financial_loan,SVM (RBF Kernel),16,Untargeted Causal (Karimi 2021),250,0.25792789459228516,15.24284008763147,8,1.9929129194632988,True
financial_loan,SVM (RBF Kernel),16,Wachter's CE,500,0.32572293281555176,10.352299612753013,8,0.4934469382021134,True
financial_loan,SVM (RBF Kernel),16,SHAP-Targeted CE,343,0.23984766006469727,2.5715161016969854,3,0.3085509767064719,True
financial_loan,SVM (RBF Kernel),17,Actionable CBFI (Proposed),250,0.2986414432525635,12.54095442482743,9,0.6215646665929916,True
financial_loan,SVM (RBF Kernel),17,Untargeted Causal (Karimi 2021),250,0.25937557220458984,11.243013236367236,9,0.6662685520735298,True
financial_loan,SVM (RBF Kernel),17,Wachter's CE,500,0.35652756690979004,11.243013236367236,9,0.6662685520735298,True
financial_loan,SVM (RBF Kernel),17,SHAP-Targeted CE,343,0.23956799507141113,3.1567270098732325,3,0.643032982638307,True
financial_loan,SVM (RBF Kernel),18,Actionable CBFI (Proposed),250,0.27504587173461914,8.13500339931865,7,2.2140427973573753,True
financial_loan,SVM (RBF Kernel),18,Untargeted Causal (Karimi 2021),250,0.25170207023620605,8.871550139564274,9,0.6662685520735298,True
financial_loan,SVM (RBF Kernel),18,Wachter's CE,500,0.35915589332580566,8.871550139564274,9,0.6662685520735298,True
financial_loan,SVM (RBF Kernel),18,SHAP-Targeted CE,343,0.24143004417419434,1.8263917888305234,3,0.9528469688527444,True
financial_loan,SVM (RBF Kernel),19,Actionable CBFI (Proposed),250,0.25570249557495117,7.088830139160487,7,1.5876322820301372,True
financial_loan,SVM (RBF Kernel),19,Untargeted Causal (Karimi 2021),250,0.2610290050506592,12.071647370099104,8,1.9929129194632988,True
financial_loan,SVM (RBF Kernel),19,Wachter's CE,500,0.38223743438720703,10.212068329223907,7,0.4934469382021134,True
financial_loan,SVM (RBF Kernel),19,SHAP-Targeted CE,343,0.2423717975616455,1.2769968082326593,3,0.30584990697144154,True
financial_loan,SVM (RBF Kernel),20,Actionable CBFI (Proposed),250,0.31853342056274414,7.486506424754179,7,0.739681186473755,True
financial_loan,SVM (RBF Kernel),20,Untargeted Causal (Karimi 2021),250,0.2291572093963623,11.043272243031396,9,0.6662685520735298,True
financial_loan,SVM (RBF Kernel),20,Wachter's CE,500,0.38611888885498047,8.864055959889644,8,1.5904192205127579,True
financial_loan,SVM (RBF Kernel),20,SHAP-Targeted CE,343,0.23778414726257324,3.0299850057754627,3,0.34298206736505915,True
financial_loan,SVM (RBF Kernel),21,Actionable CBFI (Proposed),250,0.26988911628723145,9.188885653543869,7,0.9434131530576461,True
financial_loan,SVM (RBF Kernel),21,Untargeted Causal (Karimi 2021),250,0.2585904598236084,13.718252594077695,9,0.6662685520735298,True
financial_loan,SVM (RBF Kernel),21,Wachter's CE,500,0.3314201831817627,13.718252594077695,9,0.6662685520735298,True
financial_loan,SVM (RBF Kernel),21,SHAP-Targeted CE,343,0.23659062385559082,5.15289217296595,3,0.5222774750877971,True
financial_loan,SVM (RBF Kernel),22,Actionable CBFI (Proposed),250,0.2860236167907715,2.10406857582243,5,1.410831106442294,True
financial_loan,SVM (RBF Kernel),22,Untargeted Causal (Karimi 2021),250,0.24892640113830566,9.64722240418926,8,2.500495104272345,True
financial_loan,SVM (RBF Kernel),22,Wachter's CE,500,0.3836045265197754,9.64722240418926,8,2.500495104272345,True
financial_loan,SVM (RBF Kernel),22,SHAP-Targeted CE,343,0.23619866371154785,2.6023519442429746,3,1.5287149028049007,True
financial_loan,SVM (RBF Kernel),23,Actionable CBFI (Proposed),250,0.2584695816040039,9.226888730514345,6,2.9692019544525885,True
financial_loan,SVM (RBF Kernel),23,Untargeted Causal (Karimi 2021),250,0.2593395709991455,11.562311230642553,7,1.3150443164275465,True
financial_loan,SVM (RBF Kernel),23,Wachter's CE,500,0.382587194442749,8.067031847212881,7,0.4934469382021134,True
financial_loan,SVM (RBF Kernel),23,SHAP-Targeted CE,343,0.2354891300201416,1.6494207848279925,3,0.39567523618537875,True
financial_loan,SVM (RBF Kernel),24,Actionable CBFI (Proposed),250,0.278796911239624,8.398938916885456,8,1.619937413260378,True
financial_loan,SVM (RBF Kernel),24,Untargeted Causal (Karimi 2021),250,0.25824904441833496,13.591865686264597,9,1.0498155964371654,True
financial_loan,SVM (RBF Kernel),24,Wachter's CE,500,0.3814516067504883,13.495306147976954,8,2.643369531789077,True
financial_loan,SVM (RBF Kernel),24,SHAP-Targeted CE,343,0.2040691375732422,2.781098241475392,3,0.26564887530966647,True
financial_loan,SVM (RBF Kernel),25,Actionable CBFI (Proposed),250,0.25374650955200195,9.226070064066318,7,2.773706806709289,True
financial_loan,SVM (RBF Kernel),25,Untargeted Causal (Karimi 2021),250,0.25077319145202637,14.73182714656464,9,1.0498155964371654,True
financial_loan,SVM (RBF Kernel),25,Wachter's CE,500,0.38025355339050293,10.225160265418193,8,0.4934469382021134,True
financial_loan,SVM (RBF Kernel),25,SHAP-Targeted CE,343,0.23672175407409668,1.6657491861848,3,0.256029605065435,True
financial_loan,SVM (RBF Kernel),26,Actionable CBFI (Proposed),250,0.2944333553314209,4.955326321850909,6,0.7233737487924868,True
financial_loan,SVM (RBF Kernel),26,Untargeted Causal (Karimi 2021),250,0.2577934265136719,10.85389469691661,9,0.6662685520735298,True
financial_loan,SVM (RBF Kernel),26,Wachter's CE,500,0.3818647861480713,10.244764700266687,9,1.6150388758646848,True
financial_loan,SVM (RBF Kernel),26,SHAP-Targeted CE,343,0.23927712440490723,1.0259054289349456,3,0.4301866135499979,True
financial_loan,SVM (RBF Kernel),27,Actionable CBFI (Proposed),250,0.2959001064300537,6.2522004238088265,6,0.580360786331623,True
financial_loan,SVM (RBF Kernel),27,Untargeted Causal (Karimi 2021),250,0.257476806640625,11.473156730444853,9,0.6662685520735298,True
financial_loan,SVM (RBF Kernel),27,Wachter's CE,500,0.38298702239990234,9.373940447303099,8,1.5904192205127579,True
financial_loan,SVM (RBF Kernel),27,SHAP-Targeted CE,343,0.23991155624389648,1.0190164765525984,2,0.2221517457172424,True
financial_loan,SVM (RBF Kernel),28,Actionable CBFI (Proposed),250,0.2580840587615967,6.844523106452501,7,0.9236188420610292,True
financial_loan,SVM (RBF Kernel),28,Untargeted Causal (Karimi 2021),250,0.2601945400238037,10.661796102582267,9,0.6662685520735298,True
financial_loan,SVM (RBF Kernel),28,Wachter's CE,500,0.3829503059387207,10.221411353080633,9,1.6150388758646848,True
financial_loan,SVM (RBF Kernel),28,SHAP-Targeted CE,343,0.2396383285522461,1.8033799277639795,3,0.2089133869795873,True
financial_loan,SVM (RBF Kernel),29,Actionable CBFI (Proposed),250,0.25720834732055664,11.13415163555059,8,1.1629430106510596,True
financial_loan,SVM (RBF Kernel),29,Untargeted Causal (Karimi 2021),250,0.2610013484954834,13.448797948157855,8,1.3150443164275465,True
financial_loan,SVM (RBF Kernel),29,Wachter's CE,500,0.38472771644592285,13.448797948157855,8,1.3150443164275465,True
financial_loan,SVM (RBF Kernel),29,SHAP-Targeted CE,343,0.2391648292541504,4.491793977157006,3,1.184829253339379,True
financial_loan,SVM (RBF Kernel),30,Actionable CBFI (Proposed),250,0.2584342956542969,10.319669751745295,7,0.6287417393007123,True
financial_loan,SVM (RBF Kernel),30,Untargeted Causal (Karimi 2021),250,0.2596268653869629,10.455988780693893,9,0.6662685520735298,True
financial_loan,SVM (RBF Kernel),30,Wachter's CE,500,0.3323671817779541,10.455988780693893,9,0.6662685520735298,True
financial_loan,SVM (RBF Kernel),30,SHAP-Targeted CE,343,0.24054956436157227,2.2109229506875607,3,0.17624855927015384,True
financial_loan,SVM (RBF Kernel),31,Actionable CBFI (Proposed),250,0.2579233646392822,11.640804699889044,8,2.566691799703315,True
financial_loan,SVM (RBF Kernel),31,Untargeted Causal (Karimi 2021),250,0.2599971294403076,11.62035399089626,8,2.500495104272345,True
financial_loan,SVM (RBF Kernel),31,Wachter's CE,500,0.3858668804168701,10.477843329168666,8,1.0115102164015368,True
financial_loan,SVM (RBF Kernel),31,SHAP-Targeted CE,343,0.24106860160827637,2.4903194497559173,3,0.7282857432325628,True
financial_loan,SVM (RBF Kernel),32,Actionable CBFI (Proposed),250,0.27761363983154297,8.826381564334726,7,1.4550631581101447,True
financial_loan,SVM (RBF Kernel),32,Untargeted Causal (Karimi 2021),250,0.25124526023864746,14.433007236807198,8,1.9929129194632988,True
financial_loan,SVM (RBF Kernel),32,Wachter's CE,500,0.38365602493286133,11.065552041668015,7,0.4934469382021134,True
financial_loan,SVM (RBF Kernel),32,SHAP-Targeted CE,343,0.21341872215270996,3.0410970937090185,3,0.20631850117156067,True
financial_loan,SVM (RBF Kernel),33,Actionable CBFI (Proposed),250,0.25852465629577637,11.990807966528262,8,1.6118807538313857,True
financial_loan,SVM (RBF Kernel),33,Untargeted Causal (Karimi 2021),250,0.2593832015991211,14.51791915998669,9,1.0498155964371654,True
financial_loan,SVM (RBF Kernel),33,Wachter's CE,500,0.31592488288879395,9.730767830725735,8,0.4934469382021134,True
financial_loan,SVM (RBF Kernel),33,SHAP-Targeted CE,343,0.22237563133239746,1.0893708286629002,3,0.2449264410496396,True
financial_loan,SVM (RBF Kernel),34,Actionable CBFI (Proposed),250,0.2777221202850342,10.598827443735122,8,0.6668362185534211,True
financial_loan,SVM (RBF Kernel),34,Untargeted Causal (Karimi 2021),250,0.25736141204833984,11.425234878676509,9,1.0498155964371654,True
financial_loan,SVM (RBF Kernel),34,Wachter's CE,500,0.33123779296875,10.499941839756204,8,1.0115102164015368,True
financial_loan,SVM (RBF Kernel),34,SHAP-Targeted CE,343,0.25420570373535156,2.9268486975293717,3,0.19981533743442156,True
financial_loan,SVM (RBF Kernel),35,Actionable CBFI (Proposed),250,0.27699828147888184,6.929684585120024,7,0.9290687628744588,True
financial_loan,SVM (RBF Kernel),35,Untargeted Causal (Karimi 2021),250,0.2583789825439453,14.8779392203179,9,0.6662685520735298,True
financial_loan,SVM (RBF Kernel),35,Wachter's CE,500,0.36910486221313477,10.902345345340981,9,1.6150388758646848,True
financial_loan,SVM (RBF Kernel),35,SHAP-Targeted CE,343,0.23950767517089844,2.2652902066223675,3,0.2520935480262284,True
financial_loan,SVM (RBF Kernel),36,Actionable CBFI (Proposed),250,0.2516140937805176,13.65326054134357,6,1.5877987215874978,True
financial_loan,SVM (RBF Kernel),36,Untargeted Causal (Karimi 2021),250,0.258939266204834,15.615377737171643,8,1.3150443164275465,True
financial_loan,SVM (RBF Kernel),36,Wachter's CE,500,0.38320422172546387,11.682275617711142,8,0.4934469382021134,True
financial_loan,SVM (RBF Kernel),36,SHAP-Targeted CE,343,0.22933578491210938,5.687863835835219,3,0.5809129659814101,True
financial_loan,SVM (RBF Kernel),37,Actionable CBFI (Proposed),250,0.25700998306274414,13.37091672378276,9,0.3681404244461803,True
financial_loan,SVM (RBF Kernel),37,Untargeted Causal (Karimi 2021),250,0.2548196315765381,9.931665311663814,9,0.6662685520735298,True
financial_loan,SVM (RBF Kernel),37,Wachter's CE,500,0.3838973045349121,9.320121240538718,8,1.0115102164015368,True
financial_loan,SVM (RBF Kernel),37,SHAP-Targeted CE,343,0.23961758613586426,1.2131977259573472,3,0.4718348984197638,True
financial_loan,SVM (RBF Kernel),38,Actionable CBFI (Proposed),250,0.29387927055358887,6.471408660809474,7,0.6196376969212857,True
financial_loan,SVM (RBF Kernel),38,Untargeted Causal (Karimi 2021),250,0.258486270904541,13.095455154268482,9,0.6662685520735298,True
financial_loan,SVM (RBF Kernel),38,Wachter's CE,500,0.38301563262939453,13.019363876977682,8,1.0115102164015368,True
financial_loan,SVM (RBF Kernel),38,SHAP-Targeted CE,343,0.24037957191467285,3.6600052382103643,3,1.0422118395312057,True
financial_loan,SVM (RBF Kernel),39,Actionable CBFI (Proposed),250,0.2948591709136963,12.770275739770382,7,0.6738894844385587,True
financial_loan,SVM (RBF Kernel),39,Untargeted Causal (Karimi 2021),250,0.25817108154296875,17.30112853110613,8,1.9929129194632988,True
financial_loan,SVM (RBF Kernel),39,Wachter's CE,500,0.38324451446533203,14.115096475564993,8,0.4934469382021134,True
financial_loan,SVM (RBF Kernel),39,SHAP-Targeted CE,343,0.2055196762084961,6.695496604320974,3,0.36772480121827106,True
financial_loan,SVM (RBF Kernel),40,Actionable CBFI (Proposed),250,0.27398157119750977,13.943789385180267,8,0.5225582436950277,True
financial_loan,SVM (RBF Kernel),40,Untargeted Causal (Karimi 2021),250,0.25880956649780273,15.027611530931246,9,2.4304345352059475,True
financial_loan,SVM (RBF Kernel),40,Wachter's CE,500,0.3844883441925049,14.298514125264484,8,1.7816201302357217,True
financial_loan,SVM (RBF Kernel),40,SHAP-Targeted CE,343,0.24101591110229492,3.94089478938487,3,0.5244855055769034,True
financial_loan,SVM (RBF Kernel),41,Actionable CBFI (Proposed),250,0.2885618209838867,8.477899525490754,6,0.7290860093090492,True
financial_loan,SVM (RBF Kernel),41,Untargeted Causal (Karimi 2021),250,0.24610519409179688,18.35156445264679,9,1.0498155964371654,True
financial_loan,SVM (RBF Kernel),41,Wachter's CE,500,0.368877649307251,14.886045514618687,8,1.5795383703245738,True
financial_loan,SVM (RBF Kernel),41,SHAP-Targeted CE,343,0.21455812454223633,4.627684882451629,3,0.411446083646467,True
financial_loan,SVM (RBF Kernel),42,Actionable CBFI (Proposed),250,0.2799408435821533,7.3328843583760674,9,1.0077130541518855,True
financial_loan,SVM (RBF Kernel),42,Untargeted Causal (Karimi 2021),250,0.2498617172241211,10.953590290543808,7,1.9929129194632988,True
financial_loan,SVM (RBF Kernel),42,Wachter's CE,500,0.3858945369720459,9.285925825914024,7,1.7816201302357217,True
financial_loan,SVM (RBF Kernel),42,SHAP-Targeted CE,343,0.23999762535095215,2.3182913739251894,3,0.7956251640742448,True
financial_loan,SVM (RBF Kernel),43,Actionable CBFI (Proposed),250,0.25679516792297363,11.249629486773149,7,1.7507850096585218,True
financial_loan,SVM (RBF Kernel),43,Untargeted Causal (Karimi 2021),250,0.25872015953063965,14.567785940165559,7,1.9929129194632988,True
financial_loan,SVM (RBF Kernel),43,Wachter's CE,500,0.3843860626220703,9.811827053713236,8,1.5795383703245738,True
financial_loan,SVM (RBF Kernel),43,SHAP-Targeted CE,343,0.20602059364318848,3.0343478855457136,3,0.59692265600877,True
financial_loan,SVM (RBF Kernel),44,Actionable CBFI (Proposed),250,0.25689220428466797,16.18603730481023,8,1.110582098819821,True
financial_loan,SVM (RBF Kernel),44,Untargeted Causal (Karimi 2021),250,0.2497110366821289,12.529699996912624,9,0.6662685520735298,True
financial_loan,SVM (RBF Kernel),44,Wachter's CE,500,0.38338470458984375,12.529699996912624,9,0.6662685520735298,True
financial_loan,SVM (RBF Kernel),44,SHAP-Targeted CE,343,0.2371225357055664,2.5157766593160775,3,0.4668667634201212,True
financial_loan,SVM (RBF Kernel),45,Actionable CBFI (Proposed),250,0.2937743663787842,7.924539242866414,7,1.8065546279085483,True
financial_loan,SVM (RBF Kernel),45,Untargeted Causal (Karimi 2021),250,0.25064897537231445,13.555852313854777,9,1.0498155964371654,True
financial_loan,SVM (RBF Kernel),45,Wachter's CE,500,0.3830540180206299,10.476485771000357,9,1.5904192205127579,True
financial_loan,SVM (RBF Kernel),45,SHAP-Targeted CE,343,0.2373514175415039,2.077150169356591,3,0.7860600799752024,True
financial_loan,SVM (RBF Kernel),46,Actionable CBFI (Proposed),250,0.2785835266113281,9.187505729392994,9,1.501879086230492,True
financial_loan,SVM (RBF Kernel),46,Untargeted Causal (Karimi 2021),250,0.2527503967285156,12.15654361069011,9,0.6662685520735298,True
financial_loan,SVM (RBF Kernel),46,Wachter's CE,500,0.36745429039001465,10.513649355485054,9,1.6150388758646848,True
financial_loan,SVM (RBF Kernel),46,SHAP-Targeted CE,343,0.2398545742034912,1.4866770698257104,3,0.44241639455228166,True
financial_loan,SVM (RBF Kernel),47,Actionable CBFI (Proposed),250,0.26953840255737305,11.778997509309432,9,1.3577389909418687,True
financial_loan,SVM (RBF Kernel),47,Untargeted Causal (Karimi 2021),250,0.25853967666625977,13.096198893190586,9,0.6662685520735298,True
financial_loan,SVM (RBF Kernel),47,Wachter's CE,500,0.3832967281341553,12.351973839506442,9,1.6150388758646848,True
financial_loan,SVM (RBF Kernel),47,SHAP-Targeted CE,343,0.23985791206359863,2.0645248068944126,3,0.5166582262781282,True
financial_loan,SVM (RBF Kernel),48,Actionable CBFI (Proposed),250,0.2527759075164795,7.931903503143373,7,1.7658130666751604,True
financial_loan,SVM (RBF Kernel),48,Untargeted Causal (Karimi 2021),250,0.2578418254852295,11.02467618492755,8,1.9929129194632988,True
financial_loan,SVM (RBF Kernel),48,Wachter's CE,500,0.3842499256134033,9.445600226654753,9,1.6150388758646848,True
financial_loan,SVM (RBF Kernel),48,SHAP-Targeted CE,343,0.24014806747436523,1.2368838875579682,3,0.46856309851336575,True
financial_loan,SVM (RBF Kernel),49,Actionable CBFI (Proposed),250,0.2810695171356201,8.98843486744551,8,1.1037780144712348,True
financial_loan,SVM (RBF Kernel),49,Untargeted Causal (Karimi 2021),250,0.26088762283325195,12.516719696102808,7,1.3150443164275465,True
financial_loan,SVM (RBF Kernel),49,Wachter's CE,500,0.33951878547668457,10.768026951272054,9,1.6150388758646848,True
financial_loan,SVM (RBF Kernel),49,SHAP-Targeted CE,343,0.24005556106567383,2.720018590884781,3,0.15733056924747144,True
financial_loan,SVM (RBF Kernel),50,Actionable CBFI (Proposed),250,0.2781953811645508,11.66926894153903,7,0.6520407745393639,True
financial_loan,SVM (RBF Kernel),50,Untargeted Causal (Karimi 2021),250,0.2367250919342041,12.19927499200635,9,0.6662685520735298,True
financial_loan,SVM (RBF Kernel),50,Wachter's CE,500,0.38434886932373047,10.185049938322207,9,1.6150388758646848,True
financial_loan,SVM (RBF Kernel),50,SHAP-Targeted CE,343,0.24091792106628418,1.7862249353465647,3,0.18868426534118266,True
financial_loan,SVM (RBF Kernel),51,Actionable CBFI (Proposed),250,0.25937914848327637,8.553365737625517,6,2.364757289073973,True
financial_loan,SVM (RBF Kernel),51,Untargeted Causal (Karimi 2021),250,0.25740647315979004,9.884235740975596,9,1.0498155964371654,True
financial_loan,SVM (RBF Kernel),51,Wachter's CE,500,0.3733665943145752,8.75894270205529,7,1.0115102164015368,True
financial_loan,SVM (RBF Kernel),51,SHAP-Targeted CE,343,0.2407393455505371,0.7980778576330125,3,0.37021757541382133,True
financial_loan,SVM (RBF Kernel),52,Actionable CBFI (Proposed),250,0.2571296691894531,12.498912681809244,8,3.817047497835514,True
financial_loan,SVM (RBF Kernel),52,Untargeted Causal (Karimi 2021),250,0.2588222026824951,12.529368683386387,8,2.500495104272345,True
financial_loan,SVM (RBF Kernel),52,Wachter's CE,500,0.31487464904785156,10.396889522998386,7,1.0115102164015368,True
financial_loan,SVM (RBF Kernel),52,SHAP-Targeted CE,343,0.23897647857666016,2.18562613586135,3,0.4694194200494404,True
financial_loan,SVM (RBF Kernel),53,Actionable CBFI (Proposed),250,0.25774502754211426,7.377566068742629,7,1.482451084721749,True
financial_loan,SVM (RBF Kernel),53,Untargeted Causal (Karimi 2021),250,0.2518422603607178,12.571484202918457,9,1.0498155964371654,True
financial_loan,SVM (RBF Kernel),53,Wachter's CE,500,0.3696465492248535,7.160476878283864,8,1.0115102164015368,True
financial_loan,SVM (RBF Kernel),53,SHAP-Targeted CE,343,0.23388338088989258,2.631817448246725,3,0.5012784512548947,True
financial_loan,SVM (RBF Kernel),54,Actionable CBFI (Proposed),250,0.29279398918151855,6.062711292483196,8,0.6044122916601764,True
financial_loan,SVM (RBF Kernel),54,Untargeted Causal (Karimi 2021),250,0.2563507556915283,13.091453408391079,9,1.0498155964371654,True
financial_loan,SVM (RBF Kernel),54,Wachter's CE,500,0.38068556785583496,10.894731798042201,8,1.0115102164015368,True
financial_loan,SVM (RBF Kernel),54,SHAP-Targeted CE,343,0.20517396926879883,1.6147282113648411,3,0.509312738277539,True
financial_loan,SVM (RBF Kernel),55,Actionable CBFI (Proposed),250,0.27256059646606445,8.664450890672537,7,0.4787467397825859,True
financial_loan,SVM (RBF Kernel),55,Untargeted Causal (Karimi 2021),250,0.25891542434692383,9.398795938569323,9,0.6662685520735298,True
financial_loan,SVM (RBF Kernel),55,Wachter's CE,500,0.3825526237487793,9.398795938569323,9,0.6662685520735298,True
financial_loan,SVM (RBF Kernel),55,SHAP-Targeted CE,343,0.2064828872680664,2.1164868092339018,3,0.20595589757591157,True
financial_loan,SVM (RBF Kernel),56,Actionable CBFI (Proposed),250,0.279071569442749,9.191156101914498,9,0.4844985156256006,True
financial_loan,SVM (RBF Kernel),56,Untargeted Causal (Karimi 2021),250,0.25662994384765625,9.804245977453052,9,0.6662685520735298,True
financial_loan,SVM (RBF Kernel),56,Wachter's CE,500,0.32846760749816895,9.804245977453052,9,0.6662685520735298,True
financial_loan,SVM (RBF Kernel),56,SHAP-Targeted CE,343,0.24055719375610352,2.1825976639291222,3,0.4238125930011553,True
financial_loan,SVM (RBF Kernel),57,Actionable CBFI (Proposed),250,0.28644227981567383,11.444007369355319,8,1.605330250933094,True
financial_loan,SVM (RBF Kernel),57,Untargeted Causal (Karimi 2021),250,0.26033854484558105,13.06916711316776,9,0.6662685520735298,True
financial_loan,SVM (RBF Kernel),57,Wachter's CE,500,0.33467626571655273,10.752494726929102,7,0.4934469382021134,True
financial_loan,SVM (RBF Kernel),57,SHAP-Targeted CE,343,0.23214244842529297,2.811866683272647,3,0.490455753457735,True
financial_loan,SVM (RBF Kernel),58,Actionable CBFI (Proposed),250,0.2277050018310547,12.276019927613843,9,1.8134324634617354,True
financial_loan,SVM (RBF Kernel),58,Untargeted Causal (Karimi 2021),250,0.25092124938964844,14.585774137333605,9,0.6662685520735298,True
financial_loan,SVM (RBF Kernel),58,Wachter's CE,500,0.38440656661987305,13.06467965214042,8,1.5795383703245738,True
financial_loan,SVM (RBF Kernel),58,SHAP-Targeted CE,343,0.24057459831237793,1.8819481991057185,3,0.620042044734416,True
financial_loan,SVM (RBF Kernel),59,Actionable CBFI (Proposed),250,0.2747349739074707,8.681876280682172,6,1.5460482651871645,True
financial_loan,SVM (RBF Kernel),59,Untargeted Causal (Karimi 2021),250,0.25881195068359375,16.740316155093698,7,1.9929129194632988,True
financial_loan,SVM (RBF Kernel),59,Wachter's CE,500,0.38451361656188965,9.419335307029819,8,1.5795383703245738,True
financial_loan,SVM (RBF Kernel),59,SHAP-Targeted CE,343,0.2398364543914795,3.5008706325657943,3,0.5726413694944156,True
financial_loan,SVM (RBF Kernel),60,Actionable CBFI (Proposed),250,0.2791585922241211,11.253918786823581,7,1.565167436186168,True
financial_loan,SVM (RBF Kernel),60,Untargeted Causal (Karimi 2021),250,0.2597043514251709,14.44215559258376,8,1.9929129194632988,True
financial_loan,SVM (RBF Kernel),60,Wachter's CE,500,0.3837764263153076,12.448953520747127,8,0.4934469382021134,True
financial_loan,SVM (RBF Kernel),60,SHAP-Targeted CE,343,0.24150466918945312,4.100883540297589,3,0.6064317848547529,True
financial_loan,SVM (RBF Kernel),61,Actionable CBFI (Proposed),250,0.22702765464782715,13.631462722262066,7,1.6626635964702385,True
financial_loan,SVM (RBF Kernel),61,Untargeted Causal (Karimi 2021),250,0.2516603469848633,14.684061204807866,9,0.6662685520735298,True
financial_loan,SVM (RBF Kernel),61,Wachter's CE,500,0.3838539123535156,13.499648658921533,7,0.4934469382021134,True
financial_loan,SVM (RBF Kernel),61,SHAP-Targeted CE,343,0.20984768867492676,3.799611468872331,3,0.32923505739520414,True
financial_loan,SVM (RBF Kernel),62,Actionable CBFI (Proposed),250,0.2717878818511963,13.010750998172547,8,0.8274188950580524,True
financial_loan,SVM (RBF Kernel),62,Untargeted Causal (Karimi 2021),250,0.2601969242095947,16.93838210035436,9,0.6662685520735298,True
financial_loan,SVM (RBF Kernel),62,Wachter's CE,500,0.3832108974456787,14.226581720721807,8,0.4934469382021134,True
financial_loan,SVM (RBF Kernel),62,SHAP-Targeted CE,343,0.21401500701904297,5.546774300289871,3,0.37339791803510886,True
financial_loan,SVM (RBF Kernel),63,Actionable CBFI (Proposed),250,0.2651052474975586,8.232816443239127,8,0.49593879267584423,True
financial_loan,SVM (RBF Kernel),63,Untargeted Causal (Karimi 2021),250,0.2585279941558838,12.252224219206017,9,0.6662685520735298,True
financial_loan,SVM (RBF Kernel),63,Wachter's CE,500,0.3817119598388672,12.252224219206017,9,0.6662685520735298,True
financial_loan,SVM (RBF Kernel),63,SHAP-Targeted CE,343,0.20670318603515625,2.3379370975186267,3,0.5750139415262767,True
financial_loan,SVM (RBF Kernel),64,Actionable CBFI (Proposed),250,0.25586938858032227,15.296296032375313,9,1.7140335084068992,True
financial_loan,SVM (RBF Kernel),64,Untargeted Causal (Karimi 2021),250,0.2609858512878418,13.76003928059853,9,0.6662685520735298,True
financial_loan,SVM (RBF Kernel),64,Wachter's CE,500,0.3537752628326416,12.739521909170655,9,1.0115102164015368,True
financial_loan,SVM (RBF Kernel),64,SHAP-Targeted CE,343,0.23590302467346191,2.427720999973136,3,0.46429246436669774,True
financial_loan,SVM (RBF Kernel),65,Actionable CBFI (Proposed),250,0.25789523124694824,12.99904229644819,9,1.0814874069216966,True
financial_loan,SVM (RBF Kernel),65,Untargeted Causal (Karimi 2021),250,0.25859761238098145,13.969009839799623,8,3.6969343112451156,True
financial_loan,SVM (RBF Kernel),65,Wachter's CE,500,0.36226391792297363,12.979730325734586,9,5.664278613415173,True
financial_loan,SVM (RBF Kernel),65,SHAP-Targeted CE,343,0.2402667999267578,3.0351355484394036,3,1.0522621609917742,True
financial_loan,SVM (RBF Kernel),66,Actionable CBFI (Proposed),250,0.2721424102783203,5.645924005952161,8,1.3753631386308491,True
financial_loan,SVM (RBF Kernel),66,Untargeted Causal (Karimi 2021),250,0.25197792053222656,15.696212536505598,8,1.3150443164275465,True
financial_loan,SVM (RBF Kernel),66,Wachter's CE,500,0.3265073299407959,11.125581528441854,8,1.5795383703245738,True
financial_loan,SVM (RBF Kernel),66,SHAP-Targeted CE,343,0.2402806282043457,3.781196534233963,3,1.24813736912781,True
financial_loan,SVM (RBF Kernel),67,Actionable CBFI (Proposed),250,0.2892441749572754,5.123865415820969,7,0.3202014628458827,True
financial_loan,SVM (RBF Kernel),67,Untargeted Causal (Karimi 2021),250,0.23633432388305664,15.47625265749815,7,3.2248414638275857,True
financial_loan,SVM (RBF Kernel),67,Wachter's CE,500,0.3791518211364746,15.10587415950728,8,0.4934469382021134,True
financial_loan,SVM (RBF Kernel),67,SHAP-Targeted CE,343,0.23796558380126953,7.3664938911966305,3,0.7533249976358652,True
financial_loan,SVM (RBF Kernel),68,Actionable CBFI (Proposed),250,0.2716057300567627,8.821143446573393,7,0.3862664796726114,True
financial_loan,SVM (RBF Kernel),68,Untargeted Causal (Karimi 2021),250,0.25843095779418945,8.905994741113515,8,0.6662685520735298,True
financial_loan,SVM (RBF Kernel),68,Wachter's CE,500,0.3351414203643799,8.905994741113515,8,0.6662685520735298,True
financial_loan,SVM (RBF Kernel),68,SHAP-Targeted CE,343,0.2373805046081543,2.061705361045785,3,0.28104092462553903,True
financial_loan,SVM (RBF Kernel),69,Actionable CBFI (Proposed),250,0.25861144065856934,11.103446369106582,8,2.554866723241045,True
financial_loan,SVM (RBF Kernel),69,Untargeted Causal (Karimi 2021),250,0.2569246292114258,11.674040201013366,9,1.433696681973274,True
financial_loan,SVM (RBF Kernel),69,Wachter's CE,500,0.38136744499206543,11.580562626953094,9,1.9775919051085686,True
financial_loan,SVM (RBF Kernel),69,SHAP-Targeted CE,343,0.2388625144958496,3.1315917810159437,3,1.7591650650644606,True
financial_loan,SVM (RBF Kernel),70,Actionable CBFI (Proposed),250,0.2929565906524658,6.544452147064911,6,1.127556711332099,True
financial_loan,SVM (RBF Kernel),70,Untargeted Causal (Karimi 2021),250,0.2576770782470703,12.844747844975911,8,1.433696681973274,True
financial_loan,SVM (RBF Kernel),70,Wachter's CE,500,0.3972315788269043,8.260799455223662,9,1.9775919051085686,True
financial_loan,SVM (RBF Kernel),70,SHAP-Targeted CE,343,0.23838400840759277,3.4686940616521484,3,0.8888847779691863,True
financial_loan,SVM (RBF Kernel),71,Actionable CBFI (Proposed),250,0.2966270446777344,3.9780153946607317,6,0.7112076996041007,True
financial_loan,SVM (RBF Kernel),71,Untargeted Causal (Karimi 2021),250,0.2606487274169922,11.087628277134515,9,0.6662685520735298,True
financial_loan,SVM (RBF Kernel),71,Wachter's CE,500,0.38326382637023926,9.49612351878818,9,1.5904192205127579,True
financial_loan,SVM (RBF Kernel),71,SHAP-Targeted CE,343,0.23929452896118164,1.052574289056414,3,0.42862016094352917,True
financial_loan,SVM (RBF Kernel),72,Actionable CBFI (Proposed),250,0.25723814964294434,15.401433375740696,7,1.950732705881428,True
financial_loan,SVM (RBF Kernel),72,Untargeted Causal (Karimi 2021),250,0.2578911781311035,13.541313303483673,9,2.4304345352059475,True
financial_loan,SVM (RBF Kernel),72,Wachter's CE,500,0.3858201503753662,13.37193498662205,9,1.9775919051085686,True
financial_loan,SVM (RBF Kernel),72,SHAP-Targeted CE,343,0.24035239219665527,3.572578208556476,3,0.8977063201857867,True
financial_loan,SVM (RBF Kernel),73,Actionable CBFI (Proposed),250,0.2793920040130615,7.506368972849063,8,0.37485790211423137,True
financial_loan,SVM (RBF Kernel),73,Untargeted Causal (Karimi 2021),250,0.2573251724243164,13.422777862243482,8,2.500495104272345,True
financial_loan,SVM (RBF Kernel),73,Wachter's CE,500,0.3825199604034424,12.617407355204444,8,0.4934469382021134,True
financial_loan,SVM (RBF Kernel),73,SHAP-Targeted CE,343,0.24062871932983398,2.6300544334307716,3,0.34032912219295314,True
financial_loan,SVM (RBF Kernel),74,Actionable CBFI (Proposed),250,0.2766547203063965,8.677706772108479,8,0.7239595480117192,True
financial_loan,SVM (RBF Kernel),74,Untargeted Causal (Karimi 2021),250,0.25865936279296875,15.402041142430221,7,1.3150443164275465,True
financial_loan,SVM (RBF Kernel),74,Wachter's CE,500,0.3812251091003418,11.40312014050344,7,0.4934469382021134,True
financial_loan,SVM (RBF Kernel),74,SHAP-Targeted CE,343,0.23951983451843262,4.573540199906712,3,0.6161610057971875,True
financial_loan,SVM (RBF Kernel),75,Actionable CBFI (Proposed),250,0.29598426818847656,9.391881286750586,7,0.9309684519296288,True
financial_loan,SVM (RBF Kernel),75,Untargeted Causal (Karimi 2021),250,0.24917268753051758,13.75021972986134,9,0.6662685520735298,True
financial_loan,SVM (RBF Kernel),75,Wachter's CE,500,0.38109827041625977,12.360712817621511,9,1.5904192205127579,True
financial_loan,SVM (RBF Kernel),75,SHAP-Targeted CE,343,0.21289324760437012,3.617856192199583,3,0.318242875793519,True
financial_loan,SVM (RBF Kernel),76,Actionable CBFI (Proposed),250,0.25485873222351074,7.741273572659859,7,0.4846674549487961,True
financial_loan,SVM (RBF Kernel),76,Untargeted Causal (Karimi 2021),250,0.25896596908569336,9.855010049265758,9,0.6662685520735298,True
financial_loan,SVM (RBF Kernel),76,Wachter's CE,500,0.33664560317993164,9.855010049265758,9,0.6662685520735298,True
financial_loan,SVM (RBF Kernel),76,SHAP-Targeted CE,343,0.23937654495239258,2.0387075173813347,3,0.17101615386640143,True
financial_loan,SVM (RBF Kernel),77,Actionable CBFI (Proposed),250,0.29611873626708984,9.368677188911079,8,0.8947638764054281,True
financial_loan,SVM (RBF Kernel),77,Untargeted Causal (Karimi 2021),250,0.2595958709716797,13.01690914765913,9,0.6662685520735298,True
financial_loan,SVM (RBF Kernel),77,Wachter's CE,500,0.3687713146209717,13.01690914765913,9,0.6662685520735298,True
financial_loan,SVM (RBF Kernel),77,SHAP-Targeted CE,343,0.24096894264221191,3.1653320886173306,3,0.21961766722908005,True
financial_loan,SVM (RBF Kernel),78,Actionable CBFI (Proposed),250,0.28651928901672363,6.897344727775717,8,0.48262735865459594,True
financial_loan,SVM (RBF Kernel),78,Untargeted Causal (Karimi 2021),250,0.25882911682128906,13.990957211013805,9,1.0498155964371654,True
financial_loan,SVM (RBF Kernel),78,Wachter's CE,500,0.38349246978759766,11.011127654392544,8,0.4934469382021134,True
financial_loan,SVM (RBF Kernel),78,SHAP-Targeted CE,343,0.21995186805725098,2.8937132928440428,3,0.42990310853289193,True
financial_loan,SVM (RBF Kernel),79,Actionable CBFI (Proposed),250,0.28310489654541016,12.532061884724147,8,1.7367649746680043,True
financial_loan,SVM (RBF Kernel),79,Untargeted Causal (Karimi 2021),250,0.25881361961364746,12.557616614305292,9,1.0498155964371654,True
financial_loan,SVM (RBF Kernel),79,Wachter's CE,500,0.3169684410095215,12.15499597593341,8,0.4934469382021134,True
financial_loan,SVM (RBF Kernel),79,SHAP-Targeted CE,343,0.23720693588256836,4.692686774556704,3,0.2939860422869815,True
financial_loan,SVM (RBF Kernel),80,Actionable CBFI (Proposed),250,0.25702357292175293,13.30623851194894,8,1.4479011832515642,True
financial_loan,SVM (RBF Kernel),80,Untargeted Causal (Karimi 2021),250,0.25750064849853516,9.023233574111481,9,0.6662685520735298,True
financial_loan,SVM (RBF Kernel),80,Wachter's CE,500,0.3815639019012451,9.023233574111481,9,0.6662685520735298,True
financial_loan,SVM (RBF Kernel),80,SHAP-Targeted CE,343,0.2380235195159912,0.5493270425967849,3,1.1753287021035816,True
financial_loan,SVM (RBF Kernel),81,Actionable CBFI (Proposed),250,0.2783331871032715,14.422858491545318,9,1.973197739610869,True
financial_loan,SVM (RBF Kernel),81,Untargeted Causal (Karimi 2021),250,0.25751709938049316,14.20011354214348,9,0.6662685520735298,True
financial_loan,SVM (RBF Kernel),81,Wachter's CE,500,0.3829796314239502,14.20011354214348,9,0.6662685520735298,True
financial_loan,SVM (RBF Kernel),81,SHAP-Targeted CE,343,0.23968720436096191,3.908343213159751,3,1.1461751884692202,True
financial_loan,SVM (RBF Kernel),82,Actionable CBFI (Proposed),250,0.2584080696105957,12.213734800469014,7,1.658512521140678,True
financial_loan,SVM (RBF Kernel),82,Untargeted Causal (Karimi 2021),250,0.2584555149078369,13.758796484658053,9,0.6662685520735298,True
financial_loan,SVM (RBF Kernel),82,Wachter's CE,500,0.38298702239990234,12.447821588856614,7,1.7816201302357217,True
financial_loan,SVM (RBF Kernel),82,SHAP-Targeted CE,343,0.22083091735839844,2.7785074196990895,3,0.9683310342007411,True
financial_loan,SVM (RBF Kernel),83,Actionable CBFI (Proposed),250,0.28113460540771484,9.013625684893476,8,1.256878822474875,True
financial_loan,SVM (RBF Kernel),83,Untargeted Causal (Karimi 2021),250,0.26009249687194824,14.25788154530364,9,2.4304345352059475,True
financial_loan,SVM (RBF Kernel),83,Wachter's CE,500,0.38479089736938477,11.3742212312591,8,1.5795383703245738,True
financial_loan,SVM (RBF Kernel),83,SHAP-Targeted CE,343,0.20614266395568848,3.449972771074333,3,1.4119672744141767,True
financial_loan,SVM (RBF Kernel),84,Actionable CBFI (Proposed),250,0.27858757972717285,12.549263393118435,9,1.5484542151469993,True
financial_loan,SVM (RBF Kernel),84,Untargeted Causal (Karimi 2021),250,0.25916409492492676,15.58968186355389,7,2.918304460650266,True
financial_loan,SVM (RBF Kernel),84,Wachter's CE,500,0.3848075866699219,13.879483321082295,8,1.5795383703245738,True
financial_loan,SVM (RBF Kernel),84,SHAP-Targeted CE,343,0.24004459381103516,3.9309943319877605,3,0.8732237298840576,True
financial_loan,SVM (RBF Kernel),85,Actionable CBFI (Proposed),250,0.2688624858856201,8.65436802611288,7,0.259793734444877,True
financial_loan,SVM (RBF Kernel),85,Untargeted Causal (Karimi 2021),250,0.2584803104400635,11.090056055399273,9,0.6662685520735298,True
financial_loan,SVM (RBF Kernel),85,Wachter's CE,500,0.38366198539733887,11.090056055399273,9,0.6662685520735298,True
financial_loan,SVM (RBF Kernel),85,SHAP-Targeted CE,343,0.2404780387878418,1.9076919395053857,3,0.9408834860880652,True
financial_loan,SVM (RBF Kernel),86,Actionable CBFI (Proposed),250,0.24725341796875,10.988246004024312,7,1.110582098819821,True
financial_loan,SVM (RBF Kernel),86,Untargeted Causal (Karimi 2021),250,0.25779151916503906,10.560185197970707,7,3.4142322912967757,True
financial_loan,SVM (RBF Kernel),86,Wachter's CE,500,0.37932896614074707,9.595464556185062,8,1.5795383703245738,True
financial_loan,SVM (RBF Kernel),86,SHAP-Targeted CE,343,0.2380201816558838,2.4182557858414473,3,1.3603629382664237,True
financial_loan,SVM (RBF Kernel),87,Actionable CBFI (Proposed),250,0.2761685848236084,9.394281878870908,6,1.8139145605037708,True
financial_loan,SVM (RBF Kernel),87,Untargeted Causal (Karimi 2021),250,0.2589142322540283,15.089419804433339,9,0.6662685520735298,True
financial_loan,SVM (RBF Kernel),87,Wachter's CE,500,0.38304972648620605,14.334912108023058,8,1.5795383703245738,True
financial_loan,SVM (RBF Kernel),87,SHAP-Targeted CE,343,0.23477840423583984,4.792567602218364,3,0.882752132154303,True
financial_loan,SVM (RBF Kernel),88,Actionable CBFI (Proposed),250,0.25388646125793457,16.682750440927727,7,2.3498360736610135,True
financial_loan,SVM (RBF Kernel),88,Untargeted Causal (Karimi 2021),250,0.25841212272644043,14.9552554252664,9,0.6662685520735298,True
financial_loan,SVM (RBF Kernel),88,Wachter's CE,500,0.3432445526123047,14.9552554252664,9,0.6662685520735298,True
financial_loan,SVM (RBF Kernel),88,SHAP-Targeted CE,343,0.23970460891723633,5.569901174384784,3,1.0841783071366242,True
financial_loan,SVM (RBF Kernel),89,Actionable CBFI (Proposed),250,0.26712727546691895,7.64652294215249,6,1.9666225047006591,True
financial_loan,SVM (RBF Kernel),89,Untargeted Causal (Karimi 2021),250,0.25870251655578613,13.871381363949304,9,2.500495104272345,True
financial_loan,SVM (RBF Kernel),89,Wachter's CE,500,0.3727152347564697,7.8171988544436015,8,1.5795383703245738,True
financial_loan,SVM (RBF Kernel),89,SHAP-Targeted CE,343,0.23969101905822754,2.982029397471495,3,1.4367056752120029,True
financial_loan,SVM (RBF Kernel),90,Actionable CBFI (Proposed),250,0.2943894863128662,9.281822917481914,6,1.483515088144232,True
financial_loan,SVM (RBF Kernel),90,Untargeted Causal (Karimi 2021),250,0.25615978240966797,11.275015587539292,9,0.6662685520735298,True
financial_loan,SVM (RBF Kernel),90,Wachter's CE,500,0.339108943939209,11.275015587539292,9,0.6662685520735298,True
financial_loan,SVM (RBF Kernel),90,SHAP-Targeted CE,343,0.23845148086547852,2.986053612899917,3,1.233555438974095,True
financial_loan,SVM (RBF Kernel),91,Actionable CBFI (Proposed),250,0.29076218605041504,6.4514029415348135,7,0.5305986861136228,True
financial_loan,SVM (RBF Kernel),91,Untargeted Causal (Karimi 2021),250,0.25081682205200195,12.302600072987591,9,0.6662685520735298,True
financial_loan,SVM (RBF Kernel),91,Wachter's CE,500,0.38518452644348145,10.911731839468805,8,1.5795383703245738,True
financial_loan,SVM (RBF Kernel),91,SHAP-Targeted CE,343,0.23994112014770508,2.4119568928254833,3,1.2859365616624607,True
financial_loan,SVM (RBF Kernel),92,Actionable CBFI (Proposed),250,0.30763840675354004,6.65005589256031,6,3.041908915819718,True
financial_loan,SVM (RBF Kernel),92,Untargeted Causal (Karimi 2021),250,0.2591545581817627,17.118406769931983,9,2.500495104272345,True
financial_loan,SVM (RBF Kernel),92,Wachter's CE,500,0.3840792179107666,14.064224260426277,8,1.5795383703245738,True
financial_loan,SVM (RBF Kernel),92,SHAP-Targeted CE,343,0.2069861888885498,4.993350090722384,3,3.2064034648265447,True
financial_loan,SVM (RBF Kernel),93,Actionable CBFI (Proposed),250,0.2956552505493164,5.479960231486207,4,1.6343963759368438,True
financial_loan,SVM (RBF Kernel),93,Untargeted Causal (Karimi 2021),250,0.22519659996032715,16.008187891238293,9,0.6662685520735298,True
financial_loan,SVM (RBF Kernel),93,Wachter's CE,500,0.33948659896850586,9.943485061680532,8,1.5795383703245738,True
financial_loan,SVM (RBF Kernel),93,SHAP-Targeted CE,343,0.265561580657959,2.367653745747769,3,1.052083248631712,True
financial_loan,SVM (RBF Kernel),94,Actionable CBFI (Proposed),250,0.2792043685913086,8.343541337653985,8,1.1882471858832109,True
financial_loan,SVM (RBF Kernel),94,Untargeted Causal (Karimi 2021),250,0.2595787048339844,10.922943660741508,9,0.6662685520735298,True
financial_loan,SVM (RBF Kernel),94,Wachter's CE,500,0.38147830963134766,10.922943660741508,9,0.6662685520735298,True
financial_loan,SVM (RBF Kernel),94,SHAP-Targeted CE,343,0.23624229431152344,1.777342101047398,3,1.2107322758689165,True
financial_loan,SVM (RBF Kernel),95,Actionable CBFI (Proposed),250,0.2712421417236328,3.2996398187274916,5,1.1720251350436928,True
financial_loan,SVM (RBF Kernel),95,Untargeted Causal (Karimi 2021),250,0.259350061416626,9.421729273882121,9,0.6662685520735298,True
financial_loan,SVM (RBF Kernel),95,Wachter's CE,500,0.3833620548248291,8.580859270532045,7,1.6150388758646848,True
financial_loan,SVM (RBF Kernel),95,SHAP-Targeted CE,343,0.24090957641601562,1.9690119334735066,3,1.061868057437416,True
financial_loan,SVM (RBF Kernel),96,Actionable CBFI (Proposed),250,0.30945611000061035,7.693725637092481,7,1.358480943463227,True
financial_loan,SVM (RBF Kernel),96,Untargeted Causal (Karimi 2021),250,0.2230668067932129,10.467577991173446,9,0.6662685520735298,True
financial_loan,SVM (RBF Kernel),96,Wachter's CE,500,0.3937079906463623,10.33670798782337,7,1.6150388758646848,True
financial_loan,SVM (RBF Kernel),96,SHAP-Targeted CE,343,0.21858549118041992,2.080042101047398,3,0.9542511717814822,True
financial_loan,SVM (RBF Kernel),97,Actionable CBFI (Proposed),250,0.29123687744140625,7.193361513182229,6,1.5337522458473944,True
financial_loan,SVM (RBF Kernel),97,Untargeted Causal (Karimi 2021),250,0.24817109107971191,12.631092333776978,9,1.9929129194632988,True
financial_loan,SVM (RBF Kernel),97,Wachter's CE,500,0.38174891471862793,10.116488577477297,8,1.6150388758646848,True
financial_loan,SVM (RBF Kernel),97,SHAP-Targeted CE,343,0.21601128578186035,2.9169545118207725,3,0.8203771856424048,True
financial_loan,SVM (RBF Kernel),98,Actionable CBFI (Proposed),250,0.2558298110961914,8.577578202927901,8,0.6642616345931676,True
financial_loan,SVM (RBF Kernel),98,Untargeted Causal (Karimi 2021),250,0.25666046142578125,10.531134552711135,9,0.6662685520735298,True
financial_loan,SVM (RBF Kernel),98,Wachter's CE,500,0.35858988761901855,9.21813527179452,8,1.6150388758646848,True
financial_loan,SVM (RBF Kernel),98,SHAP-Targeted CE,343,0.23996376991271973,1.4702608848546126,3,1.0745965204140047,True
financial_loan,SVM (RBF Kernel),99,Actionable CBFI (Proposed),250,0.27292656898498535,7.12375012154728,8,0.7842310099772564,True
financial_loan,SVM (RBF Kernel),99,Untargeted Causal (Karimi 2021),250,0.25824570655822754,9.220534234018617,9,0.6662685520735298,True
financial_loan,SVM (RBF Kernel),99,Wachter's CE,500,0.3374152183532715,9.220534234018617,9,0.6662685520735298,True
financial_loan,SVM (RBF Kernel),99,SHAP-Targeted CE,343,0.2408585548400879,1.6492913104317308,3,0.6709995720899594,True
financial_loan,SVM (RBF Kernel),100,Actionable CBFI (Proposed),250,0.27301478385925293,5.992514187692181,6,0.6968631436675891,True
financial_loan,SVM (RBF Kernel),100,Untargeted Causal (Karimi 2021),250,0.2593495845794678,10.907329240418106,9,0.6662685520735298,True
financial_loan,SVM (RBF Kernel),100,Wachter's CE,500,0.38320231437683105,9.192600258969575,8,1.0115102164015368,True
financial_loan,SVM (RBF Kernel),100,SHAP-Targeted CE,343,0.2398369312286377,1.5566179476472004,3,1.1696456555968868,True
financial_loan,XGBoost,1,Actionable CBFI (Proposed),250,0.09853148460388184,9.517953779027435,8,1.6534033663470995,True
financial_loan,XGBoost,1,Untargeted Causal (Karimi 2021),250,0.08565044403076172,13.4835735034276,9,0.6662685520735298,True
financial_loan,XGBoost,1,Wachter's CE,500,0.07276558876037598,13.4835735034276,9,0.6662685520735298,True
financial_loan,XGBoost,1,SHAP-Targeted CE,343,0.02998518943786621,1.4368821292775662,2,1.0583143619736552,True
financial_loan,XGBoost,2,Actionable CBFI (Proposed),250,0.11887478828430176,9.347382997335952,7,1.388814815200172,True
financial_loan,XGBoost,2,Untargeted Causal (Karimi 2021),250,0.1010122299194336,11.731657859498565,9,0.6662685520735298,True
financial_loan,XGBoost,2,Wachter's CE,500,0.07307982444763184,11.5902899513242,8,1.0115102164015368,True
financial_loan,XGBoost,2,SHAP-Targeted CE,343,0.024464845657348633,6.307604562737641,2,0.8549264840617737,True
financial_loan,XGBoost,3,Actionable CBFI (Proposed),250,0.14095497131347656,2.3667124099613734,4,0.7222776554580915,True
financial_loan,XGBoost,3,Untargeted Causal (Karimi 2021),250,0.10234427452087402,16.335556479234963,8,1.6904546312371254,True
financial_loan,XGBoost,3,Wachter's CE,500,0.075653076171875,16.273473106936958,9,2.4304345352059475,True
financial_loan,XGBoost,3,SHAP-Targeted CE,343,0.03381919860839844,5.74040557667934,2,1.7737514579762197,True
financial_loan,XGBoost,4,Actionable CBFI (Proposed),250,0.1438906192779541,0.9608195414980996,3,0.22340617777186575,True
financial_loan,XGBoost,4,Untargeted Causal (Karimi 2021),250,0.10136651992797852,13.152941518988893,9,0.6662685520735298,True
financial_loan,XGBoost,4,Wachter's CE,500,0.07630681991577148,11.818757756148962,8,1.0115102164015368,True
financial_loan,XGBoost,4,SHAP-Targeted CE,343,0.027975082397460938,6.211596958174904,2,0.7614217877945184,True
financial_loan,XGBoost,5,Actionable CBFI (Proposed),250,0.13661670684814453,4.442853640168829,3,0.1702415306459871,True
financial_loan,XGBoost,5,Untargeted Causal (Karimi 2021),250,0.1006922721862793,11.778494533375273,7,1.3150443164275465,True
financial_loan,XGBoost,5,Wachter's CE,500,0.053929805755615234,10.939958887903211,7,0.4934469382021134,True
financial_loan,XGBoost,5,SHAP-Targeted CE,343,0.022225141525268555,3.746768060836501,2,0.4185456331493947,True
financial_loan,XGBoost,6,Actionable CBFI (Proposed),250,0.1152944564819336,15.079443088375362,8,0.7370082689082279,True
financial_loan,XGBoost,6,Untargeted Causal (Karimi 2021),250,0.08786797523498535,15.865041638773778,7,1.9929129194632988,True
financial_loan,XGBoost,6,Wachter's CE,500,0.0710911750793457,12.896515627213086,7,1.7816201302357217,True
financial_loan,XGBoost,6,SHAP-Targeted CE,343,0.02352166175842285,6.238529784537388,2,0.45960267032677277,True
financial_loan,XGBoost,7,Actionable CBFI (Proposed),216,0.11191320419311523,0.6799999999999998,1,0.28446297490757294,True
financial_loan,XGBoost,7,Untargeted Causal (Karimi 2021),250,0.1023705005645752,14.613422050644303,7,1.9929129194632988,True
financial_loan,XGBoost,7,Wachter's CE,500,0.07699704170227051,9.989041271583336,7,0.4934469382021134,True
financial_loan,XGBoost,7,SHAP-Targeted CE,343,0.03383302688598633,3.030671736375158,2,0.49578346216998637,True
financial_loan,XGBoost,8,Actionable CBFI (Proposed),250,0.0859217643737793,17.256802291046764,9,1.7486403181286232,True
financial_loan,XGBoost,8,Untargeted Causal (Karimi 2021),250,0.09036517143249512,9.922309009476693,9,0.6662685520735298,True
financial_loan,XGBoost,8,Wachter's CE,500,0.04849362373352051,9.922309009476693,9,0.6662685520735298,True
financial_loan,XGBoost,8,SHAP-Targeted CE,343,0.029299020767211914,3.6496831432192645,2,0.23447657372717146,True
financial_loan,XGBoost,9,Actionable CBFI (Proposed),250,0.12228035926818848,9.888703381776896,8,0.5978934737954379,True
financial_loan,XGBoost,9,Untargeted Causal (Karimi 2021),250,0.10089564323425293,13.698055114550973,9,2.500495104272345,True
financial_loan,XGBoost,9,Wachter's CE,500,0.07648062705993652,12.548815570824736,8,1.5795383703245738,True
financial_loan,XGBoost,9,SHAP-Targeted CE,343,0.034212589263916016,3.6910773130544987,2,0.8585735078525794,True
financial_loan,XGBoost,10,Actionable CBFI (Proposed),250,0.13463926315307617,6.491492220146605,8,0.24865593318421464,True
financial_loan,XGBoost,10,Untargeted Causal (Karimi 2021),250,0.0890810489654541,14.031987416484569,8,1.9929129194632988,True
financial_loan,XGBoost,10,Wachter's CE,500,0.07326197624206543,13.886315795234914,8,1.7816201302357217,True
financial_loan,XGBoost,10,SHAP-Targeted CE,343,0.02724909782409668,4.208111533586818,2,0.5125763065088559,True
financial_loan,XGBoost,11,Actionable CBFI (Proposed),250,0.10325217247009277,3.5423456848822217,3,0.44330486027427685,True
financial_loan,XGBoost,11,Untargeted Causal (Karimi 2021),250,0.10210466384887695,9.044400881695957,7,1.9929129194632988,True
financial_loan,XGBoost,11,Wachter's CE,500,0.07611274719238281,5.568309076019022,6,0.4934469382021134,True
financial_loan,XGBoost,11,SHAP-Targeted CE,343,0.032839298248291016,1.9979721166032949,2,0.46967541053118467,True
financial_loan,XGBoost,12,Actionable CBFI (Proposed),250,0.15439772605895996,4.931170948345517,6,1.337936490518442,True
financial_loan,XGBoost,12,Untargeted Causal (Karimi 2021),250,0.0907740592956543,14.227216985177725,9,0.6662685520735298,True
financial_loan,XGBoost,12,Wachter's CE,500,0.0740666389465332,11.22970231983089,7,0.4934469382021134,True
financial_loan,XGBoost,12,SHAP-Targeted CE,343,0.029591083526611328,2.1856147021546257,2,0.3583152719432953,True
financial_loan,XGBoost,13,Actionable CBFI (Proposed),250,0.14430737495422363,10.253363484670968,7,1.6449722299544858,True
financial_loan,XGBoost,13,Untargeted Causal (Karimi 2021),250,0.10193157196044922,12.626851986103338,9,0.6662685520735298,True
financial_loan,XGBoost,13,Wachter's CE,500,0.07754087448120117,12.626851986103338,9,0.6662685520735298,True
financial_loan,XGBoost,13,SHAP-Targeted CE,343,0.033617496490478516,4.471077313054499,2,0.4825361793211194,True
financial_loan,XGBoost,14,Actionable CBFI (Proposed),250,0.1400926113128662,4.108906054518268,6,0.7504728273926103,True
financial_loan,XGBoost,14,Untargeted Causal (Karimi 2021),250,0.09732341766357422,12.566509668886141,8,1.9929129194632988,True
financial_loan,XGBoost,14,Wachter's CE,500,0.07099390029907227,10.411633533460874,8,1.7816201302357217,True
financial_loan,XGBoost,14,SHAP-Targeted CE,343,0.02310633659362793,1.1504055766793402,2,0.3791239063297049,True
financial_loan,XGBoost,15,Actionable CBFI (Proposed),250,0.10470724105834961,4.816229615121294,6,0.6332892312357501,True
financial_loan,XGBoost,15,Untargeted Causal (Karimi 2021),250,0.10231828689575195,10.991350408979068,7,1.9929129194632988,True
financial_loan,XGBoost,15,Wachter's CE,500,0.08105778694152832,7.536985925409684,7,0.4934469382021134,True
financial_loan,XGBoost,15,SHAP-Targeted CE,343,0.054627418518066406,1.4013941698352346,2,0.3357089555710582,True
financial_loan,XGBoost,16,Actionable CBFI (Proposed),250,0.1350696086883545,2.851158412857951,4,0.08945972511617044,True
financial_loan,XGBoost,16,Untargeted Causal (Karimi 2021),250,0.09634566307067871,15.24284008763147,8,1.9929129194632988,True
financial_loan,XGBoost,16,Wachter's CE,500,0.05654644966125488,10.352299612753013,8,0.4934469382021134,True
financial_loan,XGBoost,16,SHAP-Targeted CE,343,0.025495529174804688,2.297591888466413,2,0.30622107746793775,True
financial_loan,XGBoost,17,Actionable CBFI (Proposed),250,0.13818097114562988,6.65596922574492,5,1.0307476123398949,True
financial_loan,XGBoost,17,Untargeted Causal (Karimi 2021),250,0.0924692153930664,11.243013236367236,9,0.6662685520735298,True
financial_loan,XGBoost,17,Wachter's CE,500,0.0783684253692627,11.243013236367236,9,0.6662685520735298,True
financial_loan,XGBoost,17,SHAP-Targeted CE,343,0.03186988830566406,2.898859315589353,2,0.6284838547574115,True
financial_loan,XGBoost,18,Actionable CBFI (Proposed),250,0.13866591453552246,2.0264548278564614,4,1.03685803632595,True
financial_loan,XGBoost,18,Untargeted Causal (Karimi 2021),250,0.09815311431884766,8.871550139564274,9,0.6662685520735298,True
financial_loan,XGBoost,18,Wachter's CE,500,0.07354474067687988,8.871550139564274,9,0.6662685520735298,True
financial_loan,XGBoost,18,SHAP-Targeted CE,343,0.029416322708129883,1.8003802281368817,2,0.9500148977947847,True
financial_loan,XGBoost,19,Actionable CBFI (Proposed),250,0.08974742889404297,5.872415241574117,5,0.6838459205940605,True
financial_loan,XGBoost,19,Untargeted Causal (Karimi 2021),250,0.10349559783935547,12.071647370099104,8,1.9929129194632988,True
financial_loan,XGBoost,19,Wachter's CE,500,0.07770657539367676,10.212068329223907,7,0.4934469382021134,True
financial_loan,XGBoost,19,SHAP-Targeted CE,343,0.033669233322143555,0.967427122940431,2,0.3162012086528578,True
financial_loan,XGBoost,20,Actionable CBFI (Proposed),250,0.1313033103942871,3.1661576718581745,5,0.7178510381170455,True
financial_loan,XGBoost,20,Untargeted Causal (Karimi 2021),250,0.09805178642272949,11.043272243031396,9,0.6662685520735298,True
financial_loan,XGBoost,20,Wachter's CE,500,0.07448148727416992,8.864055959889644,8,1.5904192205127579,True
financial_loan,XGBoost,20,SHAP-Targeted CE,343,0.02339315414428711,2.5730164765525982,2,0.36487027060674254,True
financial_loan,XGBoost,21,Actionable CBFI (Proposed),250,0.09812211990356445,12.644243869211806,8,0.7714536427861565,True
financial_loan,XGBoost,21,Untargeted Causal (Karimi 2021),250,0.08981585502624512,13.718252594077695,9,0.6662685520735298,True
financial_loan,XGBoost,21,Wachter's CE,500,0.08314967155456543,13.718252594077695,9,0.6662685520735298,True
financial_loan,XGBoost,21,SHAP-Targeted CE,343,0.022360563278198242,5.994087705956906,2,0.6174901565250243,True
financial_loan,XGBoost,22,Actionable CBFI (Proposed),250,0.1338963508605957,5.743404600080762,7,1.904496126532104,True
financial_loan,XGBoost,22,Untargeted Causal (Karimi 2021),250,0.0917363166809082,9.64722240418926,8,2.500495104272345,True
financial_loan,XGBoost,22,Wachter's CE,500,0.07389044761657715,9.64722240418926,8,2.500495104272345,True
financial_loan,XGBoost,22,SHAP-Targeted CE,343,0.02915477752685547,2.58276299112801,2,1.5251426489291342,True
financial_loan,XGBoost,23,Actionable CBFI (Proposed),250,0.10837483406066895,8.031805769575136,7,1.5028298114216678,True
financial_loan,XGBoost,23,Untargeted Causal (Karimi 2021),250,0.09838294982910156,11.562311230642553,7,1.3150443164275465,True
financial_loan,XGBoost,23,Wachter's CE,500,0.05115652084350586,8.067031847212881,7,0.4934469382021134,True
financial_loan,XGBoost,23,SHAP-Targeted CE,343,0.026070117950439453,1.6083160963244603,2,0.39291683212892053,True
financial_loan,XGBoost,24,Actionable CBFI (Proposed),216,0.11644172668457031,0.9362737642585551,2,0.20345878359448902,True
financial_loan,XGBoost,24,Untargeted Causal (Karimi 2021),250,0.1017296314239502,17.330304992622978,9,0.6662685520735298,True
financial_loan,XGBoost,24,Wachter's CE,500,0.07721710205078125,13.495306147976954,8,2.643369531789077,True
financial_loan,XGBoost,24,SHAP-Targeted CE,343,0.03365612030029297,2.6157160963244612,2,0.2715042835967061,True
financial_loan,XGBoost,25,Actionable CBFI (Proposed),216,0.14700078964233398,0.039999999999999994,1,0.1589670080053556,True
financial_loan,XGBoost,25,Untargeted Causal (Karimi 2021),250,0.10090041160583496,14.661344797887148,8,2.500495104272345,True
financial_loan,XGBoost,25,Wachter's CE,500,0.07775998115539551,10.225160265418193,8,0.4934469382021134,True
financial_loan,XGBoost,25,SHAP-Targeted CE,343,0.03198695182800293,2.623193916349809,2,0.6094080271034186,True
financial_loan,XGBoost,26,Actionable CBFI (Proposed),250,0.09389591217041016,1.7009747260449877,4,0.5910305874113052,True
financial_loan,XGBoost,26,Untargeted Causal (Karimi 2021),250,0.09644436836242676,10.85389469691661,9,0.6662685520735298,True
financial_loan,XGBoost,26,Wachter's CE,500,0.07325625419616699,10.30973544799539,9,1.5904192205127579,True
financial_loan,XGBoost,26,SHAP-Targeted CE,343,0.022906064987182617,2.1073003802281365,2,0.7392466883642678,True
financial_loan,XGBoost,27,Actionable CBFI (Proposed),250,0.11692237854003906,10.989600818415099,7,2.5690623681197624,True
financial_loan,XGBoost,27,Untargeted Causal (Karimi 2021),250,0.09918761253356934,11.473156730444853,9,0.6662685520735298,True
financial_loan,XGBoost,27,Wachter's CE,500,0.05840730667114258,9.373940447303099,8,1.5904192205127579,True
financial_loan,XGBoost,27,SHAP-Targeted CE,343,0.028491497039794922,1.0557718631178705,2,0.5696951638764507,True
financial_loan,XGBoost,28,Actionable CBFI (Proposed),250,0.09722304344177246,6.528112212093831,6,0.3229144443791112,True
financial_loan,XGBoost,28,Untargeted Causal (Karimi 2021),250,0.09844088554382324,10.661796102582267,9,0.6662685520735298,True
financial_loan,XGBoost,28,Wachter's CE,500,0.05592751502990723,10.661796102582267,9,0.6662685520735298,True
financial_loan,XGBoost,28,SHAP-Targeted CE,343,0.029629230499267578,1.4970215462610894,2,0.21959283199443771,True
financial_loan,XGBoost,29,Actionable CBFI (Proposed),250,0.18877005577087402,2.7142857142857144,3,0.8685442796293977,True
financial_loan,XGBoost,29,Untargeted Causal (Karimi 2021),250,0.09893345832824707,13.448797948157855,8,1.3150443164275465,True
financial_loan,XGBoost,29,Wachter's CE,500,0.05018949508666992,13.448797948157855,8,1.3150443164275465,True
financial_loan,XGBoost,29,SHAP-Targeted CE,343,0.03000664710998535,4.383894169835234,2,1.1794090299152025,True
financial_loan,XGBoost,30,Actionable CBFI (Proposed),250,0.15456247329711914,1.1558944406498657,3,0.10185974591092022,True
financial_loan,XGBoost,30,Untargeted Causal (Karimi 2021),250,0.10100960731506348,10.455988780693893,9,0.6662685520735298,True
financial_loan,XGBoost,30,Wachter's CE,500,0.05913805961608887,10.455988780693893,9,0.6662685520735298,True
financial_loan,XGBoost,30,SHAP-Targeted CE,343,0.06904888153076172,4.548098859315589,2,0.6306128557708323,True
financial_loan,XGBoost,31,Actionable CBFI (Proposed),250,0.1193385124206543,3.2841856380633985,4,1.1441360092701764,True
financial_loan,XGBoost,31,Untargeted Causal (Karimi 2021),250,0.10230374336242676,11.62035399089626,8,2.500495104272345,True
financial_loan,XGBoost,31,Wachter's CE,500,0.05051922798156738,10.477843329168666,8,1.0115102164015368,True
financial_loan,XGBoost,31,SHAP-Targeted CE,343,0.029207468032836914,3.902461596958174,2,1.2009132010466803,True
financial_loan,XGBoost,32,Actionable CBFI (Proposed),250,0.12104249000549316,6.4601167843563285,4,0.18926386908094148,True
financial_loan,XGBoost,32,Untargeted Causal (Karimi 2021),250,0.10185384750366211,14.433007236807198,8,1.9929129194632988,True
financial_loan,XGBoost,32,Wachter's CE,500,0.07801604270935059,11.065552041668015,7,0.4934469382021134,True
financial_loan,XGBoost,32,SHAP-Targeted CE,343,0.0324099063873291,2.5777059569074776,2,0.2195273481688771,True
financial_loan,XGBoost,33,Actionable CBFI (Proposed),250,0.14023113250732422,9.645565691704439,9,0.5571911410590692,True
financial_loan,XGBoost,33,Untargeted Causal (Karimi 2021),250,0.1013936996459961,14.799711067501141,9,0.6662685520735298,True
financial_loan,XGBoost,33,Wachter's CE,500,0.049544334411621094,9.730767830725735,8,0.4934469382021134,True
financial_loan,XGBoost,33,SHAP-Targeted CE,343,0.02518153190612793,1.5766159695817485,2,0.4890863995973596,True
financial_loan,XGBoost,34,Actionable CBFI (Proposed),250,0.12517213821411133,2.633597684999319,3,0.09089647898767317,True
financial_loan,XGBoost,34,Untargeted Causal (Karimi 2021),250,0.09436917304992676,11.957508481759364,9,0.6662685520735298,True
financial_loan,XGBoost,34,Wachter's CE,500,0.0776667594909668,10.499941839756204,8,1.0115102164015368,True
financial_loan,XGBoost,34,SHAP-Targeted CE,343,0.031342506408691406,2.4522179974651452,2,0.18584657407102567,True
financial_loan,XGBoost,35,Actionable CBFI (Proposed),250,0.11359262466430664,6.253015801874453,4,0.49797315218676114,True
financial_loan,XGBoost,35,Untargeted Causal (Karimi 2021),250,0.09223771095275879,14.8779392203179,9,0.6662685520735298,True
financial_loan,XGBoost,35,Wachter's CE,500,0.07413077354431152,12.04103562020641,7,0.4934469382021134,True
financial_loan,XGBoost,35,SHAP-Targeted CE,343,0.023664236068725586,1.8266261089987323,2,0.250881968063063,True
financial_loan,XGBoost,36,Actionable CBFI (Proposed),250,0.11251115798950195,11.188989754298001,6,1.518586761742065,True
financial_loan,XGBoost,36,Untargeted Causal (Karimi 2021),250,0.09981703758239746,15.615377737171643,8,1.3150443164275465,True
financial_loan,XGBoost,36,Wachter's CE,500,0.05785870552062988,11.682275617711142,8,0.4934469382021134,True
financial_loan,XGBoost,36,SHAP-Targeted CE,343,0.029192447662353516,8.308555133079846,2,0.8907350041675471,True
financial_loan,XGBoost,37,Actionable CBFI (Proposed),250,0.09276843070983887,2.5139664305114997,4,0.495588334216557,True
financial_loan,XGBoost,37,Untargeted Causal (Karimi 2021),250,0.09877991676330566,9.931665311663814,9,0.6662685520735298,True
financial_loan,XGBoost,37,Wachter's CE,500,0.0787515640258789,9.320121240538718,8,1.0115102164015368,True
financial_loan,XGBoost,37,SHAP-Targeted CE,343,0.03235054016113281,1.0214828897338404,2,0.4672477773276304,True
financial_loan,XGBoost,38,Actionable CBFI (Proposed),250,0.1557483673095703,4.200124037748748,5,0.9157278858749458,True
financial_loan,XGBoost,38,Untargeted Causal (Karimi 2021),250,0.09891271591186523,13.095455154268482,9,0.6662685520735298,True
financial_loan,XGBoost,38,Wachter's CE,500,0.07753705978393555,13.019363876977682,8,1.0115102164015368,True
financial_loan,XGBoost,38,SHAP-Targeted CE,343,0.03343820571899414,3.250564005069709,2,1.0330381875694796,True
financial_loan,XGBoost,39,Actionable CBFI (Proposed),250,0.13677263259887695,12.758727968027271,6,0.7737171720613784,True
financial_loan,XGBoost,39,Untargeted Causal (Karimi 2021),250,0.09932065010070801,17.30112853110613,8,1.9929129194632988,True
financial_loan,XGBoost,39,Wachter's CE,500,0.05798792839050293,14.115096475564993,8,0.4934469382021134,True
financial_loan,XGBoost,39,SHAP-Targeted CE,343,0.030092954635620117,6.638656527249683,2,0.36850873969859577,True
financial_loan,XGBoost,40,Actionable CBFI (Proposed),250,0.09812164306640625,12.661749984000336,6,3.5842237041596143,True
financial_loan,XGBoost,40,Untargeted Causal (Karimi 2021),250,0.0989997386932373,15.027611530931246,9,2.4304345352059475,True
financial_loan,XGBoost,40,Wachter's CE,500,0.0739588737487793,14.298514125264484,8,1.7816201302357217,True
financial_loan,XGBoost,40,SHAP-Targeted CE,343,0.024300098419189453,3.5115434727503163,2,0.5546847608058827,True
financial_loan,XGBoost,41,Actionable CBFI (Proposed),250,0.10821199417114258,9.726284327252374,7,1.4018516806655013,True
financial_loan,XGBoost,41,Untargeted Causal (Karimi 2021),250,0.09967875480651855,17.906007491804996,9,2.500495104272345,True
financial_loan,XGBoost,41,Wachter's CE,500,0.0735616683959961,14.886045514618687,8,1.5795383703245738,True
financial_loan,XGBoost,41,SHAP-Targeted CE,343,0.02671217918395996,4.147916096324461,2,0.4302832359582432,True
financial_loan,XGBoost,42,Actionable CBFI (Proposed),250,0.11081814765930176,2.0072085636245465,3,0.7641981010331088,True
financial_loan,XGBoost,42,Untargeted Causal (Karimi 2021),250,0.09779000282287598,10.953590290543808,7,1.9929129194632988,True
financial_loan,XGBoost,42,Wachter's CE,500,0.04980874061584473,9.285925825914024,7,1.7816201302357217,True
financial_loan,XGBoost,42,SHAP-Targeted CE,343,0.026030778884887695,1.9997300380228133,2,0.7810760443125725,True
financial_loan,XGBoost,43,Actionable CBFI (Proposed),250,0.11222434043884277,2.2927300119191294,3,0.8870387889714806,True
financial_loan,XGBoost,43,Untargeted Causal (Karimi 2021),250,0.10132217407226562,14.567785940165559,7,1.9929129194632988,True
financial_loan,XGBoost,43,Wachter's CE,500,0.07683110237121582,9.811827053713236,8,1.5795383703245738,True
financial_loan,XGBoost,43,SHAP-Targeted CE,343,0.032009124755859375,2.5581115335868185,2,0.633409252442464,True
financial_loan,XGBoost,44,Actionable CBFI (Proposed),250,0.09473109245300293,2.8008826724606193,3,0.24527510363929814,True
financial_loan,XGBoost,44,Untargeted Causal (Karimi 2021),250,0.09841656684875488,12.529699996912624,9,0.6662685520735298,True
financial_loan,XGBoost,44,Wachter's CE,500,0.0586543083190918,12.529699996912624,9,0.6662685520735298,True
financial_loan,XGBoost,44,SHAP-Targeted CE,343,0.023336410522460938,2.3397972116603296,2,0.4775935398500235,True
financial_loan,XGBoost,45,Actionable CBFI (Proposed),250,0.12236189842224121,10.85964767885016,8,0.6291192504808975,True
financial_loan,XGBoost,45,Untargeted Causal (Karimi 2021),250,0.10301566123962402,14.623771388999286,9,0.6662685520735298,True
financial_loan,XGBoost,45,Wachter's CE,500,0.055974483489990234,10.476485771000357,9,1.5904192205127579,True
financial_loan,XGBoost,45,SHAP-Targeted CE,343,0.03082418441772461,1.8703422053231935,2,0.7709309310700044,True
financial_loan,XGBoost,46,Actionable CBFI (Proposed),216,0.1399686336517334,1.2239543726235742,2,0.42810836324186274,True
financial_loan,XGBoost,46,Untargeted Causal (Karimi 2021),250,0.10199666023254395,12.15654361069011,9,0.6662685520735298,True
financial_loan,XGBoost,46,Wachter's CE,500,0.07790923118591309,10.963174342501066,9,1.5904192205127579,True
financial_loan,XGBoost,46,SHAP-Targeted CE,343,0.03169417381286621,1.4182762991128013,2,0.44744909725753645,True
financial_loan,XGBoost,47,Actionable CBFI (Proposed),250,0.1297311782836914,4.749742598739882,5,0.32542389144600703,True
financial_loan,XGBoost,47,Untargeted Causal (Karimi 2021),250,0.08829879760742188,13.096198893190586,9,0.6662685520735298,True
financial_loan,XGBoost,47,Wachter's CE,500,0.07304143905639648,12.756258713357951,9,1.9775919051085686,True
financial_loan,XGBoost,47,SHAP-Targeted CE,343,0.02215719223022461,4.316334980988593,2,1.071644833923812,True
financial_loan,XGBoost,48,Actionable CBFI (Proposed),250,0.09896039962768555,5.11842569406869,6,0.9133297023126489,True
financial_loan,XGBoost,48,Untargeted Causal (Karimi 2021),250,0.10146307945251465,11.02467618492755,8,1.9929129194632988,True
financial_loan,XGBoost,48,Wachter's CE,500,0.07819676399230957,10.981501272243554,7,0.4934469382021134,True
financial_loan,XGBoost,48,SHAP-Targeted CE,343,0.03431534767150879,1.058656527249683,2,0.482878890376684,True
financial_loan,XGBoost,49,Actionable CBFI (Proposed),250,0.11088085174560547,5.899751983363962,5,0.5414048529291816,True
financial_loan,XGBoost,49,Untargeted Causal (Karimi 2021),250,0.10159564018249512,12.516719696102808,7,1.3150443164275465,True
financial_loan,XGBoost,49,Wachter's CE,500,0.049791574478149414,12.231459580495873,7,0.4934469382021134,True
financial_loan,XGBoost,49,SHAP-Targeted CE,343,0.030162334442138672,2.3577835234474014,2,0.16360184471412156,True
financial_loan,XGBoost,50,Actionable CBFI (Proposed),216,0.1334824562072754,0.4685714285714284,2,0.20828379793731613,True
financial_loan,XGBoost,50,Untargeted Causal (Karimi 2021),250,0.10167717933654785,12.19927499200635,9,0.6662685520735298,True
financial_loan,XGBoost,50,Wachter's CE,500,0.07875299453735352,12.019541774498766,7,0.4934469382021134,True
financial_loan,XGBoost,50,SHAP-Targeted CE,343,0.03134465217590332,1.3989416983523448,2,0.20240370915084613,True
financial_loan,XGBoost,51,Actionable CBFI (Proposed),250,0.15050697326660156,6.271277835968296,8,0.24307672062920252,True
financial_loan,XGBoost,51,Untargeted Causal (Karimi 2021),250,0.08969521522521973,11.534043062748236,9,0.6662685520735298,True
financial_loan,XGBoost,51,Wachter's CE,500,0.07063436508178711,8.75894270205529,7,1.0115102164015368,True
financial_loan,XGBoost,51,SHAP-Targeted CE,343,0.04539132118225098,1.8888466413181235,2,0.42765188810458304,True
financial_loan,XGBoost,52,Actionable CBFI (Proposed),250,0.11635446548461914,1.2678732131600485,3,0.7804095500512304,True
financial_loan,XGBoost,52,Untargeted Causal (Karimi 2021),250,0.10367798805236816,12.529368683386387,8,2.500495104272345,True
financial_loan,XGBoost,52,Wachter's CE,500,0.07726216316223145,10.396889522998386,7,1.0115102164015368,True
financial_loan,XGBoost,52,SHAP-Targeted CE,343,0.03485560417175293,1.8160050697084915,2,0.4952950603416979,True
financial_loan,XGBoost,53,Actionable CBFI (Proposed),250,0.11684703826904297,5.505497633820795,6,0.6575239206516803,True
financial_loan,XGBoost,53,Untargeted Causal (Karimi 2021),250,0.09745168685913086,13.187190089783384,8,3.6969343112451156,True
financial_loan,XGBoost,53,Wachter's CE,500,0.06070756912231445,7.160476878283864,8,1.0115102164015368,True
financial_loan,XGBoost,53,SHAP-Targeted CE,343,0.023807764053344727,2.1873730038022807,2,0.49595454852013177,True
financial_loan,XGBoost,54,Actionable CBFI (Proposed),250,0.13520383834838867,2.7325133089830844,4,0.662839911399564,True
financial_loan,XGBoost,54,Untargeted Causal (Karimi 2021),250,0.10031652450561523,14.17478674172441,9,0.6662685520735298,True
financial_loan,XGBoost,54,Wachter's CE,500,0.07576608657836914,10.894731798042201,8,1.0115102164015368,True
financial_loan,XGBoost,54,SHAP-Targeted CE,343,0.03171539306640625,1.4156273764258553,2,0.5054505421154037,True
financial_loan,XGBoost,55,Actionable CBFI (Proposed),250,0.09592747688293457,3.2598280227280605,4,0.5250276558966824,True
financial_loan,XGBoost,55,Untargeted Causal (Karimi 2021),250,0.08570289611816406,9.398795938569323,9,0.6662685520735298,True
financial_loan,XGBoost,55,Wachter's CE,500,0.07396364212036133,9.398795938569323,9,0.6662685520735298,True
financial_loan,XGBoost,55,SHAP-Targeted CE,343,0.028158903121948242,1.7157160963244604,2,0.22019090640248865,True
financial_loan,XGBoost,56,Actionable CBFI (Proposed),250,0.17527532577514648,2.827401375116662,5,0.5222766286302701,True
financial_loan,XGBoost,56,Untargeted Causal (Karimi 2021),250,0.10344815254211426,9.804245977453052,9,0.6662685520735298,True
financial_loan,XGBoost,56,Wachter's CE,500,0.07709455490112305,9.804245977453052,9,0.6662685520735298,True
financial_loan,XGBoost,56,SHAP-Targeted CE,343,0.033867597579956055,1.714068441064639,2,0.4161677964720063,True
financial_loan,XGBoost,57,Actionable CBFI (Proposed),250,0.17438697814941406,2.657093525792747,3,0.6264318315257825,True
financial_loan,XGBoost,57,Untargeted Causal (Karimi 2021),250,0.08999133110046387,13.06916711316776,9,0.6662685520735298,True
financial_loan,XGBoost,57,Wachter's CE,500,0.09023284912109375,10.752494726929102,7,0.4934469382021134,True
financial_loan,XGBoost,57,SHAP-Targeted CE,343,0.03328061103820801,2.510646387832699,2,0.5054521670349584,True
financial_loan,XGBoost,58,Actionable CBFI (Proposed),250,0.11445832252502441,1.075137629347254,3,0.6465883434429184,True
financial_loan,XGBoost,58,Untargeted Causal (Karimi 2021),250,0.1025238037109375,14.585774137333605,9,0.6662685520735298,True
financial_loan,XGBoost,58,Wachter's CE,500,0.07918691635131836,13.06467965214042,8,1.5795383703245738,True
financial_loan,XGBoost,58,SHAP-Targeted CE,343,0.031552791595458984,1.7669835234474016,2,0.628720780210786,True
financial_loan,XGBoost,59,Actionable CBFI (Proposed),250,0.09793400764465332,17.673742685387126,8,3.0856986481435116,True
financial_loan,XGBoost,59,Untargeted Causal (Karimi 2021),250,0.08792257308959961,16.740316155093698,7,1.9929129194632988,True
financial_loan,XGBoost,59,Wachter's CE,500,0.07430839538574219,9.419335307029819,8,1.5795383703245738,True
financial_loan,XGBoost,59,SHAP-Targeted CE,343,0.02225494384765625,5.216070722433459,2,0.8810777028358081,True
financial_loan,XGBoost,60,Actionable CBFI (Proposed),250,0.12308049201965332,11.779950432595442,7,1.6954025830085684,True
financial_loan,XGBoost,60,Untargeted Causal (Karimi 2021),250,0.10162901878356934,14.44215559258376,8,1.9929129194632988,True
financial_loan,XGBoost,60,Wachter's CE,500,0.07357192039489746,12.448953520747127,8,0.4934469382021134,True
financial_loan,XGBoost,60,SHAP-Targeted CE,343,0.03167152404785156,3.6432727503168567,2,0.6373343975109714,True
financial_loan,XGBoost,61,Actionable CBFI (Proposed),250,0.12445068359375,6.213349684618877,4,0.5349749678746878,True
financial_loan,XGBoost,61,Untargeted Causal (Karimi 2021),250,0.08858585357666016,14.684061204807866,9,0.6662685520735298,True
financial_loan,XGBoost,61,Wachter's CE,500,0.05008196830749512,13.499648658921533,7,0.4934469382021134,True
financial_loan,XGBoost,61,SHAP-Targeted CE,343,0.02500438690185547,3.743092522179974,2,0.3285778340822573,True
financial_loan,XGBoost,62,Actionable CBFI (Proposed),250,0.12026333808898926,5.72731389798578,5,0.38040981023941794,True
financial_loan,XGBoost,62,Untargeted Causal (Karimi 2021),250,0.09919571876525879,16.93838210035436,9,0.6662685520735298,True
financial_loan,XGBoost,62,Wachter's CE,500,0.06559419631958008,14.226581720721807,8,0.4934469382021134,True
financial_loan,XGBoost,62,SHAP-Targeted CE,343,0.03423333168029785,5.102972116603294,2,0.365509548155665,True
financial_loan,XGBoost,63,Actionable CBFI (Proposed),250,0.10035467147827148,13.905377375299421,8,1.3457879153890557,True
financial_loan,XGBoost,63,Untargeted Causal (Karimi 2021),250,0.10012936592102051,12.252224219206017,9,0.6662685520735298,True
financial_loan,XGBoost,63,Wachter's CE,500,0.051497459411621094,12.252224219206017,9,0.6662685520735298,True
financial_loan,XGBoost,63,SHAP-Targeted CE,343,0.027807950973510742,2.234854245880862,2,0.5675440760954236,True
financial_loan,XGBoost,64,Actionable CBFI (Proposed),250,0.18761205673217773,3.8011854218611246e-16,0,0.39449028759364985,True
financial_loan,XGBoost,64,Untargeted Causal (Karimi 2021),250,0.10224175453186035,13.76003928059853,9,0.6662685520735298,True
financial_loan,XGBoost,64,Wachter's CE,500,0.05274534225463867,12.739521909170655,9,1.0115102164015368,True
financial_loan,XGBoost,64,SHAP-Targeted CE,343,0.03195953369140625,3.3093789607097586,2,0.5321976380337874,True
financial_loan,XGBoost,65,Actionable CBFI (Proposed),250,0.10061049461364746,9.50031515024097,8,0.912339748197743,True
financial_loan,XGBoost,65,Untargeted Causal (Karimi 2021),250,0.16455078125,13.969009839799623,8,3.6969343112451156,True
financial_loan,XGBoost,65,Wachter's CE,500,0.07642889022827148,12.979730325734586,9,5.664278613415173,True
financial_loan,XGBoost,65,SHAP-Targeted CE,343,0.03390002250671387,2.6667990038022804,2,1.097822681284317,True
financial_loan,XGBoost,66,Actionable CBFI (Proposed),225,0.10491466522216797,0.1572123271277371,1,0.915579516747484,True
financial_loan,XGBoost,66,Untargeted Causal (Karimi 2021),250,0.09903955459594727,15.696212536505598,8,1.3150443164275465,True
financial_loan,XGBoost,66,Wachter's CE,500,0.07389616966247559,11.125581528441854,8,1.5795383703245738,True
financial_loan,XGBoost,66,SHAP-Targeted CE,343,0.07813715934753418,3.4417617237008864,2,1.1936143144315443,True
financial_loan,XGBoost,67,Actionable CBFI (Proposed),250,0.1275625228881836,10.215258852246109,5,1.717487094419328,True
financial_loan,XGBoost,67,Untargeted Causal (Karimi 2021),250,0.0992581844329834,15.47625265749815,7,3.2248414638275857,True
financial_loan,XGBoost,67,Wachter's CE,500,0.049802541732788086,15.10587415950728,8,0.4934469382021134,True
financial_loan,XGBoost,67,SHAP-Targeted CE,343,0.029657602310180664,10.583079847908744,2,1.0350342894859552,True
financial_loan,XGBoost,68,Actionable CBFI (Proposed),250,0.1303417682647705,2.8738644897434256,6,0.22917339978822468,True
financial_loan,XGBoost,68,Untargeted Causal (Karimi 2021),250,0.10263395309448242,8.905994741113515,8,0.6662685520735298,True
financial_loan,XGBoost,68,Wachter's CE,500,0.07861018180847168,8.905994741113515,8,0.6662685520735298,True
financial_loan,XGBoost,68,SHAP-Targeted CE,343,0.0331573486328125,2.5949429657794676,2,0.47131906070222246,True
financial_loan,XGBoost,69,Actionable CBFI (Proposed),225,0.17009520530700684,0.07142857142857154,1,1.482491804208857,True
financial_loan,XGBoost,69,Untargeted Causal (Karimi 2021),250,0.09849667549133301,12.331948946260514,9,0.6662685520735298,True
financial_loan,XGBoost,69,Wachter's CE,500,0.05883622169494629,11.580562626953094,9,1.9775919051085686,True
financial_loan,XGBoost,69,SHAP-Targeted CE,343,0.022449970245361328,2.776742712294043,2,1.7780303004823859,True
financial_loan,XGBoost,70,Actionable CBFI (Proposed),225,0.1539309024810791,0.1042911461162409,1,0.9675604951933012,True
financial_loan,XGBoost,70,Untargeted Causal (Karimi 2021),250,0.09809136390686035,13.790565335470209,9,0.6662685520735298,True
financial_loan,XGBoost,70,Wachter's CE,500,0.07701492309570312,8.260799455223662,9,1.9775919051085686,True
financial_loan,XGBoost,70,SHAP-Targeted CE,343,0.033292531967163086,3.11977186311787,2,1.3508602210138057,True
financial_loan,XGBoost,71,Actionable CBFI (Proposed),250,0.10755419731140137,4.771738867215554,5,0.8577889505438522,True
financial_loan,XGBoost,71,Untargeted Causal (Karimi 2021),250,0.0894620418548584,11.087628277134515,9,0.6662685520735298,True
financial_loan,XGBoost,71,Wachter's CE,500,0.07424759864807129,9.49612351878818,9,1.5904192205127579,True
financial_loan,XGBoost,71,SHAP-Targeted CE,343,0.031224966049194336,2.000453485424588,2,0.39249507182614846,True
financial_loan,XGBoost,72,Actionable CBFI (Proposed),216,0.14673542976379395,0.44000000000000034,1,0.5735731439376703,True
financial_loan,XGBoost,72,Untargeted Causal (Karimi 2021),250,0.09964203834533691,13.541313303483673,9,2.4304345352059475,True
financial_loan,XGBoost,72,Wachter's CE,500,0.07457900047302246,13.37193498662205,9,1.9775919051085686,True
financial_loan,XGBoost,72,SHAP-Targeted CE,343,0.02239251136779785,4.458089733840303,2,1.3467417728918403,True
financial_loan,XGBoost,73,Actionable CBFI (Proposed),250,0.13459467887878418,6.722407355204441,6,0.3208969692208014,True
financial_loan,XGBoost,73,Untargeted Causal (Karimi 2021),250,0.10024428367614746,13.422777862243482,8,2.500495104272345,True
financial_loan,XGBoost,73,Wachter's CE,500,0.06244158744812012,12.617407355204444,8,0.4934469382021134,True
financial_loan,XGBoost,73,SHAP-Targeted CE,343,0.03145956993103027,3.4873003802281364,2,0.7042392926804952,True
financial_loan,XGBoost,74,Actionable CBFI (Proposed),250,0.13457012176513672,8.67303290083704,6,0.9231248229010965,True
financial_loan,XGBoost,74,Untargeted Causal (Karimi 2021),250,0.09852218627929688,15.402041142430221,7,1.3150443164275465,True
financial_loan,XGBoost,74,Wachter's CE,500,0.07404541969299316,11.40312014050344,7,0.4934469382021134,True
financial_loan,XGBoost,74,SHAP-Targeted CE,343,0.029213666915893555,5.388403041825094,2,0.941954594244228,True
financial_loan,XGBoost,75,Actionable CBFI (Proposed),250,0.10886502265930176,6.370942024131663,5,0.8491203249611915,True
financial_loan,XGBoost,75,Untargeted Causal (Karimi 2021),250,0.09894299507141113,13.75021972986134,9,0.6662685520735298,True
financial_loan,XGBoost,75,Wachter's CE,500,0.057373762130737305,12.360712817621511,9,1.5904192205127579,True
financial_loan,XGBoost,75,SHAP-Targeted CE,343,0.0276339054107666,4.117173637515842,2,0.2982816883204685,True
financial_loan,XGBoost,76,Actionable CBFI (Proposed),250,0.12951207160949707,2.4708039109179794,3,0.22560401964674362,True
financial_loan,XGBoost,76,Untargeted Causal (Karimi 2021),250,0.10135555267333984,9.855010049265758,9,0.6662685520735298,True
financial_loan,XGBoost,76,Wachter's CE,500,0.05833697319030762,9.855010049265758,9,0.6662685520735298,True
financial_loan,XGBoost,76,SHAP-Targeted CE,343,0.021734952926635742,1.703447401774398,2,0.17274816550714397,True
financial_loan,XGBoost,77,Actionable CBFI (Proposed),250,0.11751294136047363,3.5599674090168385,4,0.33443578204535385,True
financial_loan,XGBoost,77,Untargeted Causal (Karimi 2021),250,0.08631157875061035,13.01690914765913,9,0.6662685520735298,True
financial_loan,XGBoost,77,Wachter's CE,500,0.0753788948059082,13.01690914765913,9,0.6662685520735298,True
financial_loan,XGBoost,77,SHAP-Targeted CE,343,0.03141379356384277,3.12101609632446,2,0.21816671212390792,True
financial_loan,XGBoost,78,Actionable CBFI (Proposed),250,0.12698578834533691,5.904344355125892,4,0.14662754015494014,True
financial_loan,XGBoost,78,Untargeted Causal (Karimi 2021),250,0.09849858283996582,16.080070891167946,9,0.6662685520735298,True
financial_loan,XGBoost,78,Wachter's CE,500,0.07330179214477539,11.011127654392544,8,0.4934469382021134,True
financial_loan,XGBoost,78,SHAP-Targeted CE,343,0.029416799545288086,2.589923954372624,2,0.4314145744100287,True
financial_loan,XGBoost,79,Actionable CBFI (Proposed),250,0.1525564193725586,1.1075848606708054,2,0.2686342096312118,True
financial_loan,XGBoost,79,Untargeted Causal (Karimi 2021),250,0.10105705261230469,13.652510641280244,9,0.6662685520735298,True
financial_loan,XGBoost,79,Wachter's CE,500,0.07250738143920898,12.15499597593341,8,0.4934469382021134,True
financial_loan,XGBoost,79,SHAP-Targeted CE,343,0.028343915939331055,6.904942965779466,2,0.7368842291849357,True
financial_loan,XGBoost,80,Actionable CBFI (Proposed),250,0.1312849521636963,8.84963300137612,9,3.450410568987577,True
financial_loan,XGBoost,80,Untargeted Causal (Karimi 2021),250,0.0896005630493164,9.023233574111481,9,0.6662685520735298,True
financial_loan,XGBoost,80,Wachter's CE,500,0.07371878623962402,9.023233574111481,9,0.6662685520735298,True
financial_loan,XGBoost,80,SHAP-Targeted CE,343,0.026501893997192383,1.260988593155893,2,0.6430987554727324,True
financial_loan,XGBoost,81,Actionable CBFI (Proposed),250,0.17277789115905762,2.894291399927729,5,0.796729800615223,True
financial_loan,XGBoost,81,Untargeted Causal (Karimi 2021),250,0.09940195083618164,14.20011354214348,9,0.6662685520735298,True
financial_loan,XGBoost,81,Wachter's CE,500,0.056011199951171875,14.20011354214348,9,0.6662685520735298,True
financial_loan,XGBoost,81,SHAP-Targeted CE,343,0.030232667922973633,3.81810557667934,2,1.1458339900374732,True
financial_loan,XGBoost,82,Actionable CBFI (Proposed),250,0.10943913459777832,4.0498051157939265,3,0.7829367535681531,True
financial_loan,XGBoost,82,Untargeted Causal (Karimi 2021),250,0.08608579635620117,13.758796484658053,9,0.6662685520735298,True
financial_loan,XGBoost,82,Wachter's CE,500,0.07429933547973633,12.447821588856614,7,1.7816201302357217,True
financial_loan,XGBoost,82,SHAP-Targeted CE,343,0.029618024826049805,2.4994451204055763,2,0.9759866993951,True
financial_loan,XGBoost,83,Actionable CBFI (Proposed),250,0.10437464714050293,18.291254806254432,9,1.2628305405693359,True
financial_loan,XGBoost,83,Untargeted Causal (Karimi 2021),250,0.10242152214050293,14.25788154530364,9,2.4304345352059475,True
financial_loan,XGBoost,83,Wachter's CE,500,0.07592225074768066,11.3742212312591,8,1.5795383703245738,True
financial_loan,XGBoost,83,SHAP-Targeted CE,343,0.03098273277282715,3.4793409378960702,2,1.7575668156440887,True
financial_loan,XGBoost,84,Actionable CBFI (Proposed),250,0.14815449714660645,3.14669734897563,7,0.7943222229875319,True
financial_loan,XGBoost,84,Untargeted Causal (Karimi 2021),250,0.09956145286560059,15.58968186355389,7,2.918304460650266,True
financial_loan,XGBoost,84,Wachter's CE,500,0.05011439323425293,13.879483321082295,8,1.5795383703245738,True
financial_loan,XGBoost,84,SHAP-Targeted CE,343,0.030512094497680664,4.21508238276299,2,1.2683695389416416,True
financial_loan,XGBoost,85,Actionable CBFI (Proposed),225,0.16828584671020508,2.4664526502711124,6,1.0461567479264409,True
financial_loan,XGBoost,85,Untargeted Causal (Karimi 2021),250,0.09822535514831543,11.090056055399273,9,0.6662685520735298,True
financial_loan,XGBoost,85,Wachter's CE,500,0.05086779594421387,11.090056055399273,9,0.6662685520735298,True
financial_loan,XGBoost,85,SHAP-Targeted CE,343,0.02645587921142578,2.4407097591888465,2,1.2752032515678837,True
financial_loan,XGBoost,86,Actionable CBFI (Proposed),250,0.12151122093200684,8.78072472557339,6,1.7258074186019703,True
financial_loan,XGBoost,86,Untargeted Causal (Karimi 2021),250,0.08925294876098633,10.560185197970707,7,3.4142322912967757,True
financial_loan,XGBoost,86,Wachter's CE,500,0.05073261260986328,9.595464556185062,8,1.5795383703245738,True
financial_loan,XGBoost,86,SHAP-Targeted CE,343,0.030397891998291016,2.2197972116603295,2,1.3422302035022557,True
financial_loan,XGBoost,87,Actionable CBFI (Proposed),225,0.19559288024902344,0.0,0,0.8156097740334727,True
financial_loan,XGBoost,87,Untargeted Causal (Karimi 2021),250,0.09839415550231934,15.089419804433339,9,0.6662685520735298,True
financial_loan,XGBoost,87,Wachter's CE,500,0.07346534729003906,14.334912108023058,8,1.5795383703245738,True
financial_loan,XGBoost,87,SHAP-Targeted CE,343,0.028019189834594727,4.475538656527249,2,1.220062535267077,True
financial_loan,XGBoost,88,Actionable CBFI (Proposed),225,0.14180827140808105,0.00993048464838764,4,0.9941353324785821,True
financial_loan,XGBoost,88,Untargeted Causal (Karimi 2021),250,0.08646607398986816,14.9552554252664,9,0.6662685520735298,True
financial_loan,XGBoost,88,Wachter's CE,500,0.07671165466308594,14.9552554252664,9,0.6662685520735298,True
financial_loan,XGBoost,88,SHAP-Targeted CE,343,0.0578761100769043,5.154679594423319,2,1.0624429748887456,True
financial_loan,XGBoost,89,Actionable CBFI (Proposed),250,0.14633750915527344,2.760675510710517,5,1.6239389427654787,True
financial_loan,XGBoost,89,Untargeted Causal (Karimi 2021),250,0.09599947929382324,13.871381363949304,9,2.500495104272345,True
financial_loan,XGBoost,89,Wachter's CE,500,0.07477164268493652,7.8171988544436015,8,1.5795383703245738,True
financial_loan,XGBoost,89,SHAP-Targeted CE,343,0.027979612350463867,2.694296577946768,2,1.4622440550341533,True
financial_loan,XGBoost,90,Actionable CBFI (Proposed),250,0.11864447593688965,9.556477653065325,8,1.714787709213697,True
financial_loan,XGBoost,90,Untargeted Causal (Karimi 2021),250,0.08863139152526855,11.275015587539292,9,0.6662685520735298,True
financial_loan,XGBoost,90,Wachter's CE,500,0.06844258308410645,11.275015587539292,9,0.6662685520735298,True
financial_loan,XGBoost,90,SHAP-Targeted CE,343,0.030842304229736328,2.516882129277566,2,1.192341784477892,True
financial_loan,XGBoost,91,Actionable CBFI (Proposed),216,0.11939382553100586,0.9147158173742915,4,1.1031498887451114,True
financial_loan,XGBoost,91,Untargeted Causal (Karimi 2021),250,0.10313725471496582,12.302600072987591,9,0.6662685520735298,True
financial_loan,XGBoost,91,Wachter's CE,500,0.07655453681945801,10.911731839468805,8,1.5795383703245738,True
financial_loan,XGBoost,91,SHAP-Targeted CE,343,0.032991647720336914,1.9620532319391628,2,1.2651847733728767,True
financial_loan,XGBoost,92,Actionable CBFI (Proposed),225,0.1442728042602539,0.32334328498367026,4,2.77600282677853,True
financial_loan,XGBoost,92,Untargeted Causal (Karimi 2021),250,0.1019895076751709,17.118406769931983,9,2.500495104272345,True
financial_loan,XGBoost,92,Wachter's CE,500,0.050348758697509766,14.064224260426277,8,1.5795383703245738,True
financial_loan,XGBoost,92,SHAP-Targeted CE,343,0.028996944427490234,4.810948035487958,2,3.2513619027294,True
financial_loan,XGBoost,93,Actionable CBFI (Proposed),225,0.1258695125579834,0.3162577086750948,3,0.8979457701511061,True
financial_loan,XGBoost,93,Untargeted Causal (Karimi 2021),250,0.10167980194091797,16.008187891238293,9,0.6662685520735298,True
financial_loan,XGBoost,93,Wachter's CE,500,0.07625412940979004,9.943485061680532,8,1.5795383703245738,True
financial_loan,XGBoost,93,SHAP-Targeted CE,343,0.03243422508239746,2.322053231939163,2,1.0516864969230608,True
financial_loan,XGBoost,94,Actionable CBFI (Proposed),250,0.10211920738220215,2.9121255772138452,3,0.8642399825295738,True
financial_loan,XGBoost,94,Untargeted Causal (Karimi 2021),250,0.09826278686523438,10.922943660741508,9,0.6662685520735298,True
financial_loan,XGBoost,94,Wachter's CE,500,0.06462216377258301,10.922943660741508,9,0.6662685520735298,True
financial_loan,XGBoost,94,SHAP-Targeted CE,343,0.029984235763549805,2.3146384030418243,2,0.956472725500635,True
financial_loan,XGBoost,95,Actionable CBFI (Proposed),216,0.15991616249084473,2.770767960363336,3,1.2517459101077457,True
financial_loan,XGBoost,95,Untargeted Causal (Karimi 2021),250,0.09857845306396484,9.421729273882121,9,0.6662685520735298,True
financial_loan,XGBoost,95,Wachter's CE,500,0.051178693771362305,9.223749505469868,8,2.9299698907169365,True
financial_loan,XGBoost,95,SHAP-Targeted CE,343,0.02342987060546875,1.9629104562737636,2,1.06221404809174,True
financial_loan,XGBoost,96,Actionable CBFI (Proposed),250,0.09485602378845215,11.89016021592153,9,2.7406994763530257,True
financial_loan,XGBoost,96,Untargeted Causal (Karimi 2021),250,0.0981595516204834,10.467577991173446,9,0.6662685520735298,True
financial_loan,XGBoost,96,Wachter's CE,500,0.07404732704162598,10.467577991173446,9,0.6662685520735298,True
financial_loan,XGBoost,96,SHAP-Targeted CE,343,0.02290058135986328,2.025449936628644,2,0.9545097056835622,True
financial_loan,XGBoost,97,Actionable CBFI (Proposed),216,0.11455774307250977,1.2240249011911566,3,1.1221565092250554,True
financial_loan,XGBoost,97,Untargeted Causal (Karimi 2021),250,0.1020517349243164,12.631092333776978,9,1.9929129194632988,True
financial_loan,XGBoost,97,Wachter's CE,500,0.0774078369140625,12.631092333776978,9,1.9929129194632988,True
financial_loan,XGBoost,97,SHAP-Targeted CE,343,0.03066277503967285,4.437870722433459,2,1.751858386022967,True
financial_loan,XGBoost,98,Actionable CBFI (Proposed),250,0.18428635597229004,2.7411918524635284,3,1.074992301419752,True
financial_loan,XGBoost,98,Untargeted Causal (Karimi 2021),250,0.10213208198547363,10.531134552711135,9,0.6662685520735298,True
financial_loan,XGBoost,98,Wachter's CE,500,0.07326054573059082,10.251734456005714,9,1.5904192205127579,True
financial_loan,XGBoost,98,SHAP-Targeted CE,343,0.02318716049194336,1.3382762991128012,2,1.065070350739786,True
financial_loan,XGBoost,99,Actionable CBFI (Proposed),250,0.14209437370300293,3.157101493025956,4,0.7917258343057786,True
financial_loan,XGBoost,99,Untargeted Causal (Karimi 2021),250,0.10212230682373047,9.220534234018617,9,0.6662685520735298,True
financial_loan,XGBoost,99,Wachter's CE,500,0.07761907577514648,9.220534234018617,9,0.6662685520735298,True
financial_loan,XGBoost,99,SHAP-Targeted CE,343,0.03331613540649414,2.5283802281368817,2,0.6079563510871367,True
financial_loan,XGBoost,100,Actionable CBFI (Proposed),250,0.1221623420715332,7.127168029805974,8,1.5037289179510458,True
financial_loan,XGBoost,100,Untargeted Causal (Karimi 2021),250,0.09113121032714844,10.907329240418106,9,0.6662685520735298,True
financial_loan,XGBoost,100,Wachter's CE,500,0.05728769302368164,9.192600258969575,8,1.0115102164015368,True
financial_loan,XGBoost,100,SHAP-Targeted CE,343,0.02927422523498535,1.6802963382523062,3,0.954388673072843,True
