Dataset,Model_Architecture,Instance,Method,Evaluations,Time (s),Recourse Cost,Sparsity (L0),Causal Plausibility MSE,Success
diabetes,RandomForest,1,Actionable CBFI (Proposed),250,0.06599020957946777,17.022542952937176,7,0.6507088912700267,True
diabetes,RandomForest,1,Untargeted Causal (Karimi 2021),250,0.06279158592224121,15.763872408145609,7,1.6254126914296791,True
diabetes,RandomForest,1,Wachter's CE,500,0.0676877498626709,11.168660965359539,7,2.309991598611708,True
diabetes,RandomForest,1,SHAP-Targeted CE,343,0.028568029403686523,2.5787267080745346,3,0.5443355171781883,True
diabetes,RandomForest,2,Actionable CBFI (Proposed),250,0.09720087051391602,11.804838610453642,6,1.6454588979083922,True
diabetes,RandomForest,2,Untargeted Causal (Karimi 2021),250,0.0698089599609375,13.023106517103919,6,5.306500282564067,True
diabetes,RandomForest,2,Wachter's CE,500,0.06652951240539551,12.165653100954852,6,1.7358688546044028,True
diabetes,RandomForest,2,SHAP-Targeted CE,343,0.02755260467529297,2.8624223602484475,3,0.7362372397611294,True
diabetes,RandomForest,3,Actionable CBFI (Proposed),250,0.08144712448120117,16.837995213830045,8,2.013928227903552,True
diabetes,RandomForest,3,Untargeted Causal (Karimi 2021),250,0.06994795799255371,23.918352356687187,8,2.4527826000517754,True
diabetes,RandomForest,3,Wachter's CE,500,0.06165027618408203,18.465893764554682,7,4.539580342174154,True
diabetes,RandomForest,3,SHAP-Targeted CE,343,0.02686285972595215,3.3729296066252585,3,1.792596616700958,True
diabetes,RandomForest,4,Actionable CBFI (Proposed),250,0.07207298278808594,17.96238565217898,8,1.663077918218756,True
diabetes,RandomForest,4,Untargeted Causal (Karimi 2021),250,0.062041521072387695,18.941863264119277,8,1.2232650235203704,True
diabetes,RandomForest,4,Wachter's CE,500,0.06641602516174316,17.64657340904681,8,4.270998089601513,True
diabetes,RandomForest,4,SHAP-Targeted CE,343,0.02916431427001953,1.8519668737060035,3,0.48699030377583863,True
diabetes,RandomForest,5,Actionable CBFI (Proposed),250,0.07346987724304199,13.88222450521043,8,6.27602804619482,True
diabetes,RandomForest,5,Untargeted Causal (Karimi 2021),250,0.07003450393676758,20.48579593378186,8,2.5328957749636327,True
diabetes,RandomForest,5,Wachter's CE,500,0.06680130958557129,14.659010219496144,8,2.743171833504409,True
diabetes,RandomForest,5,SHAP-Targeted CE,343,0.020863056182861328,5.270496894409937,3,5.28163765508561,True
diabetes,RandomForest,6,Actionable CBFI (Proposed),250,0.06792378425598145,17.08018848963613,6,7.635132074129442,True
diabetes,RandomForest,6,Untargeted Causal (Karimi 2021),250,0.06985664367675781,14.440405117270789,5,3.162873004029847,True
diabetes,RandomForest,6,Wachter's CE,500,0.0680232048034668,9.810474413646057,5,6.680869627207992,True
diabetes,RandomForest,6,SHAP-Targeted CE,343,0.02945685386657715,1.3833333333333333,2,4.821903651513745,True
diabetes,RandomForest,7,Actionable CBFI (Proposed),250,0.0693204402923584,20.755068601093907,7,2.1895613967807854,True
diabetes,RandomForest,7,Untargeted Causal (Karimi 2021),250,0.07104992866516113,16.995829470659125,7,2.508858070329697,True
diabetes,RandomForest,7,Wachter's CE,500,0.0802004337310791,14.781543756373413,6,2.309991598611708,True
diabetes,RandomForest,7,SHAP-Targeted CE,343,0.028612613677978516,4.820962732919254,3,0.7052213219181438,True
diabetes,RandomForest,8,Actionable CBFI (Proposed),250,0.07139015197753906,21.021383764407773,7,10.180011437783838,True
diabetes,RandomForest,8,Untargeted Causal (Karimi 2021),250,0.07052922248840332,19.29726329532462,7,7.994367356586335,True
diabetes,RandomForest,8,Wachter's CE,500,0.06850028038024902,17.477647090633788,7,12.75199500104836,True
diabetes,RandomForest,8,SHAP-Targeted CE,343,0.028725624084472656,2.46687370600414,3,9.36771117273873,True
diabetes,RandomForest,9,Actionable CBFI (Proposed),250,0.06984210014343262,17.990083305851353,7,3.3701009533966357,True
diabetes,RandomForest,9,Untargeted Causal (Karimi 2021),250,0.07014131546020508,15.326910814271981,8,1.2232650235203704,True
diabetes,RandomForest,9,Wachter's CE,500,0.06685829162597656,15.326910814271981,8,1.2232650235203704,True
diabetes,RandomForest,9,SHAP-Targeted CE,343,0.028781890869140625,2.4130434782608696,2,0.8152043841093011,True
diabetes,RandomForest,10,Actionable CBFI (Proposed),250,0.06955409049987793,17.882666635765272,7,1.6566711186847272,True
diabetes,RandomForest,10,Untargeted Causal (Karimi 2021),250,0.07241010665893555,16.03859275053305,6,3.7084112535532463,True
diabetes,RandomForest,10,Wachter's CE,500,0.06761622428894043,15.63266663576527,6,4.983824867915909,True
diabetes,RandomForest,10,SHAP-Targeted CE,343,0.02970099449157715,1.827277432712214,3,2.492267255585058,True
diabetes,RandomForest,11,Actionable CBFI (Proposed),250,0.12089276313781738,19.557319628311962,7,2.69206426415004,True
diabetes,RandomForest,11,Untargeted Causal (Karimi 2021),250,0.0710146427154541,10.434695027307205,7,1.2232650235203704,True
diabetes,RandomForest,11,Wachter's CE,500,0.0692892074584961,10.434695027307205,7,1.2232650235203704,True
diabetes,RandomForest,11,SHAP-Targeted CE,343,0.029155254364013672,2.393788819875776,3,0.9397239885375793,True
diabetes,RandomForest,12,Actionable CBFI (Proposed),250,0.06762504577636719,15.254861175489014,7,2.231678883339818,True
diabetes,RandomForest,12,Untargeted Causal (Karimi 2021),250,0.06988644599914551,14.723727635116344,6,2.705257712125968,True
diabetes,RandomForest,12,Wachter's CE,500,0.06692862510681152,12.240971771576898,6,2.309991598611708,True
diabetes,RandomForest,12,SHAP-Targeted CE,343,0.02896714210510254,1.2336956521739124,2,0.4796423746123734,True
diabetes,RandomForest,13,Actionable CBFI (Proposed),250,0.06762266159057617,15.544916904379438,8,1.6019123556213024,True
diabetes,RandomForest,13,Untargeted Causal (Karimi 2021),250,0.06259536743164062,11.852059761522295,8,1.2232650235203704,True
diabetes,RandomForest,13,Wachter's CE,500,0.08316802978515625,11.852059761522295,8,1.2232650235203704,True
diabetes,RandomForest,13,SHAP-Targeted CE,343,0.028154850006103516,1.1461180124223604,3,0.11339991568898038,True
diabetes,RandomForest,14,Actionable CBFI (Proposed),250,0.05531167984008789,20.245576851766014,6,7.889573170856986,True
diabetes,RandomForest,14,Untargeted Causal (Karimi 2021),250,0.06962966918945312,18.788564312385734,7,1.2232650235203704,True
diabetes,RandomForest,14,Wachter's CE,500,0.06661248207092285,12.586280940020394,6,2.309991598611708,True
diabetes,RandomForest,14,SHAP-Targeted CE,343,0.02923107147216797,4.525362318840578,2,0.7735385011211326,True
diabetes,RandomForest,15,Actionable CBFI (Proposed),250,0.06866288185119629,11.189441380056241,7,2.980557387637947,True
diabetes,RandomForest,15,Untargeted Causal (Karimi 2021),250,0.07036375999450684,15.459341877568676,7,2.508858070329697,True
diabetes,RandomForest,15,Wachter's CE,500,0.06721639633178711,14.670056163282965,7,1.552617624781378,True
diabetes,RandomForest,15,SHAP-Targeted CE,343,0.028672218322753906,2.249844720496894,3,0.45178729943992446,True
diabetes,RandomForest,16,Actionable CBFI (Proposed),250,0.06920933723449707,20.42422704089774,8,2.4697535247054976,True
diabetes,RandomForest,16,Untargeted Causal (Karimi 2021),250,0.06148195266723633,18.135717724127552,8,1.2232650235203704,True
diabetes,RandomForest,16,Wachter's CE,500,0.06671977043151855,12.197045016238429,8,2.2083614511860623,True
diabetes,RandomForest,16,SHAP-Targeted CE,343,0.026196002960205078,2.8380434782608703,2,0.641268896853883,True
diabetes,RandomForest,17,Actionable CBFI (Proposed),250,0.06970667839050293,18.696366312719064,8,2.2135065703766488,True
diabetes,RandomForest,17,Untargeted Causal (Karimi 2021),250,0.07022929191589355,16.68567857814076,8,2.859757576820769,True
diabetes,RandomForest,17,Wachter's CE,500,0.061969757080078125,15.610704458057942,8,2.2083614511860623,True
diabetes,RandomForest,17,SHAP-Targeted CE,343,0.0288698673248291,1.8076086956521735,2,0.12293866377356577,True
diabetes,RandomForest,18,Actionable CBFI (Proposed),250,0.06909894943237305,16.028961944933716,7,1.0921770394046877,True
diabetes,RandomForest,18,Untargeted Causal (Karimi 2021),250,0.06274056434631348,14.479371002132197,6,4.619574798352005,True
diabetes,RandomForest,18,Wachter's CE,500,0.06620502471923828,12.671819087790858,6,2.309991598611708,True
diabetes,RandomForest,18,SHAP-Targeted CE,343,0.028949260711669922,3.820134575569358,3,1.318256288725729,True
diabetes,RandomForest,19,Actionable CBFI (Proposed),250,0.05582547187805176,12.254381602323377,8,1.7386335900472392,True
diabetes,RandomForest,19,Untargeted Causal (Karimi 2021),250,0.06992459297180176,13.147033827147734,8,1.2232650235203704,True
diabetes,RandomForest,19,Wachter's CE,500,0.06800484657287598,13.147033827147734,8,1.2232650235203704,True
diabetes,RandomForest,19,SHAP-Targeted CE,343,0.028243064880371094,2.6905797101449265,3,0.6011133967741948,True
diabetes,RandomForest,20,Actionable CBFI (Proposed),250,0.06712222099304199,14.555021476468589,7,3.6900595471364213,True
diabetes,RandomForest,20,Untargeted Causal (Karimi 2021),250,0.0701131820678711,12.474664333611447,7,2.508858070329697,True
diabetes,RandomForest,20,Wachter's CE,500,0.06722354888916016,8.828235762182874,7,1.552617624781378,True
diabetes,RandomForest,20,SHAP-Targeted CE,343,0.027602195739746094,2.638923395445134,3,0.27801683211076716,True
diabetes,RandomForest,21,Actionable CBFI (Proposed),250,0.0703423023223877,18.50206498563085,7,6.127931600739134,True
diabetes,RandomForest,21,Untargeted Causal (Karimi 2021),250,0.06252455711364746,18.101719035663756,8,1.2232650235203704,True
diabetes,RandomForest,21,Wachter's CE,500,0.06697845458984375,15.578007091869846,7,2.309991598611708,True
diabetes,RandomForest,21,SHAP-Targeted CE,343,0.027899980545043945,2.0572981366459633,3,0.41246111998126234,True
diabetes,RandomForest,22,Actionable CBFI (Proposed),250,0.05608248710632324,16.77347357880185,8,2.4025517444434183,True
diabetes,RandomForest,22,Untargeted Causal (Karimi 2021),250,0.06950092315673828,16.04926048152477,8,1.6254126914296791,True
diabetes,RandomForest,22,Wachter's CE,500,0.06661319732666016,14.472975920722222,8,6.67832296890027,True
diabetes,RandomForest,22,SHAP-Targeted CE,343,0.022082090377807617,3.489596273291925,3,0.5983516161185631,True
diabetes,RandomForest,23,Actionable CBFI (Proposed),250,0.06791043281555176,18.568082482405195,8,2.706541271978218,True
diabetes,RandomForest,23,Untargeted Causal (Karimi 2021),250,0.07052111625671387,18.812725339548052,8,1.2232650235203704,True
diabetes,RandomForest,23,Wachter's CE,500,0.06270003318786621,18.812725339548052,8,1.2232650235203704,True
diabetes,RandomForest,23,SHAP-Targeted CE,343,0.01908588409423828,6.265579710144924,3,1.9851807529504313,True
diabetes,RandomForest,24,Actionable CBFI (Proposed),250,0.06823945045471191,12.880464911467511,6,2.3649171141382115,True
diabetes,RandomForest,24,Untargeted Causal (Karimi 2021),250,0.061838626861572266,17.81835311022527,7,1.6254126914296791,True
diabetes,RandomForest,24,Wachter's CE,500,0.06639528274536133,17.81835311022527,7,1.6254126914296791,True
diabetes,RandomForest,24,SHAP-Targeted CE,343,0.02864360809326172,5.190631469979296,3,0.9650090628448051,True
diabetes,RandomForest,25,Actionable CBFI (Proposed),250,0.061257123947143555,12.60834260375143,7,1.9923809939005945,True
diabetes,RandomForest,25,Untargeted Causal (Karimi 2021),250,0.07095813751220703,16.60743680664998,7,2.508858070329697,True
diabetes,RandomForest,25,Wachter's CE,500,0.054299116134643555,15.318151092364264,7,1.552617624781378,True
diabetes,RandomForest,25,SHAP-Targeted CE,343,0.028250455856323242,2.810093167701863,3,0.5501002273087501,True
diabetes,RandomForest,26,Actionable CBFI (Proposed),250,0.06785035133361816,15.660713247224827,8,3.2943120137159427,True
diabetes,RandomForest,26,Untargeted Causal (Karimi 2021),250,0.0696566104888916,18.096072844463155,8,1.2232650235203704,True
diabetes,RandomForest,26,Wachter's CE,500,0.06665253639221191,15.70068371866358,8,2.2083614511860623,True
diabetes,RandomForest,26,SHAP-Targeted CE,343,0.027030467987060547,3.4006728778467896,3,1.9352599477309222,True
diabetes,RandomForest,27,Actionable CBFI (Proposed),250,0.06582427024841309,25.036204725025726,8,1.811697851164642,True
diabetes,RandomForest,27,Untargeted Causal (Karimi 2021),250,0.06959223747253418,18.658130954533924,8,2.5328957749636327,True
diabetes,RandomForest,27,Wachter's CE,500,0.06662249565124512,13.724202383105348,8,2.743171833504409,True
diabetes,RandomForest,27,SHAP-Targeted CE,343,0.019446134567260742,3.6188405797101453,2,1.0139738431692897,True
diabetes,RandomForest,28,Actionable CBFI (Proposed),250,0.05438566207885742,13.528644433113934,7,2.980557387637947,True
diabetes,RandomForest,28,Untargeted Causal (Karimi 2021),250,0.06943273544311523,14.866144433113933,6,2.705257712125968,True
diabetes,RandomForest,28,Wachter's CE,500,0.0665442943572998,12.335200936312228,6,2.309991598611708,True
diabetes,RandomForest,28,SHAP-Targeted CE,343,0.0288236141204834,2.102018633540373,3,0.40576545225326976,True
diabetes,RandomForest,29,Actionable CBFI (Proposed),250,0.07123541831970215,16.602805460276258,7,2.6661795189069064,True
diabetes,RandomForest,29,Untargeted Causal (Karimi 2021),250,0.0700681209564209,13.16298090293872,6,4.619574798352005,True
diabetes,RandomForest,29,Wachter's CE,500,0.06701946258544922,11.30001042922036,6,2.309991598611708,True
diabetes,RandomForest,29,SHAP-Targeted CE,343,0.02878284454345703,2.1737577639751557,3,0.6599020912930489,True
diabetes,RandomForest,30,Actionable CBFI (Proposed),250,0.07783913612365723,21.205970681162967,8,2.6998626689965493,True
diabetes,RandomForest,30,Untargeted Causal (Karimi 2021),250,0.0698995590209961,12.004184966877252,7,1.2232650235203704,True
diabetes,RandomForest,30,Wachter's CE,500,0.06742334365844727,10.909044451654768,7,2.309991598611708,True
diabetes,RandomForest,30,SHAP-Targeted CE,343,0.029338836669921875,1.131832298136646,3,0.6332487381903731,True
diabetes,RandomForest,31,Actionable CBFI (Proposed),250,0.0654594898223877,18.556933899132787,8,1.941168410317203,True
diabetes,RandomForest,31,Untargeted Causal (Karimi 2021),250,0.07048153877258301,12.361860087861274,8,1.2232650235203704,True
diabetes,RandomForest,31,Wachter's CE,500,0.06699395179748535,12.361860087861274,8,1.2232650235203704,True
diabetes,RandomForest,31,SHAP-Targeted CE,343,0.028979778289794922,1.1663043478260868,3,0.11877335917873286,True
diabetes,RandomForest,32,Actionable CBFI (Proposed),250,0.05651521682739258,15.6419440066747,7,0.869479911258758,True
diabetes,RandomForest,32,Untargeted Causal (Karimi 2021),250,0.0694570541381836,12.866544219894317,7,2.508858070329697,True
diabetes,RandomForest,32,Wachter's CE,500,0.06696963310241699,11.93797279132289,6,2.309991598611708,True
diabetes,RandomForest,32,SHAP-Targeted CE,343,0.028594255447387695,3.4160455486542443,3,1.8075283367235435,True
diabetes,RandomForest,33,Actionable CBFI (Proposed),250,0.06988096237182617,21.527338994873915,5,3.359495218059908,True
diabetes,RandomForest,33,Untargeted Causal (Karimi 2021),250,0.07135868072509766,15.992912765365718,5,3.7084112535532463,True
diabetes,RandomForest,33,Wachter's CE,500,0.06807255744934082,15.992912765365718,5,3.7084112535532463,True
diabetes,RandomForest,33,SHAP-Targeted CE,343,0.029952049255371094,2.6226190476190463,3,4.275477038374925,True
diabetes,RandomForest,34,Actionable CBFI (Proposed),250,0.07062792778015137,15.477983915824602,7,2.300576416886826,True
diabetes,RandomForest,34,Untargeted Causal (Karimi 2021),250,0.0697324275970459,14.69762677296746,6,2.705257712125968,True
diabetes,RandomForest,34,Wachter's CE,500,0.06688427925109863,14.376544683415219,6,2.309991598611708,True
diabetes,RandomForest,34,SHAP-Targeted CE,343,0.02431488037109375,3.330486542443064,3,2.0532900973959056,True
diabetes,RandomForest,35,Actionable CBFI (Proposed),250,0.06835103034973145,20.68946349861526,8,1.4483084429509883,True
diabetes,RandomForest,35,Untargeted Causal (Karimi 2021),250,0.06612586975097656,17.357798783548905,8,2.859757576820769,True
diabetes,RandomForest,35,Wachter's CE,500,0.06765508651733398,16.217607272161743,8,2.2083614511860623,True
diabetes,RandomForest,35,SHAP-Targeted CE,343,0.029104232788085938,2.8824534161490685,3,0.36265790011813204,True
diabetes,RandomForest,36,Actionable CBFI (Proposed),250,0.08986544609069824,17.53487647167887,7,9.147042680001718,True
diabetes,RandomForest,36,Untargeted Causal (Karimi 2021),250,0.061395883560180664,12.91150690646148,6,4.619574798352005,True
diabetes,RandomForest,36,Wachter's CE,500,0.06749844551086426,9.571670761101325,6,2.309991598611708,True
diabetes,RandomForest,36,SHAP-Targeted CE,343,0.02883744239807129,1.6639751552795032,3,0.9441730501447407,True
diabetes,RandomForest,37,Actionable CBFI (Proposed),250,0.06908130645751953,17.767569816886446,8,2.5196399906093006,True
diabetes,RandomForest,37,Untargeted Causal (Karimi 2021),250,0.06959342956542969,12.58723932648133,8,1.2232650235203704,True
diabetes,RandomForest,37,Wachter's CE,500,0.06650590896606445,12.58723932648133,8,1.2232650235203704,True
diabetes,RandomForest,37,SHAP-Targeted CE,343,0.027746200561523438,3.041614906832298,3,1.20466594645046,True
diabetes,RandomForest,38,Actionable CBFI (Proposed),250,0.06918549537658691,17.896862495383786,7,4.045018130771279,True
diabetes,RandomForest,38,Untargeted Causal (Karimi 2021),250,0.07037878036499023,16.033787197552606,7,3.4605190629757168,True
diabetes,RandomForest,38,Wachter's CE,500,0.06765198707580566,13.5051358116251,6,1.7358688546044028,True
diabetes,RandomForest,38,SHAP-Targeted CE,343,0.029134035110473633,4.645496894409937,3,0.7406298496965789,True
diabetes,RandomForest,39,Actionable CBFI (Proposed),250,0.07020187377929688,19.533263482252725,8,1.1626297190642694,True
diabetes,RandomForest,39,Untargeted Causal (Karimi 2021),250,0.071502685546875,13.91274109419302,7,1.2232650235203704,True
diabetes,RandomForest,39,Wachter's CE,500,0.06789278984069824,13.91274109419302,7,1.2232650235203704,True
diabetes,RandomForest,39,SHAP-Targeted CE,343,0.029978275299072266,1.4905279503105584,3,0.22901816021367516,True
diabetes,RandomForest,40,Actionable CBFI (Proposed),250,0.06763195991516113,14.15154751393222,8,2.143387277508006,True
diabetes,RandomForest,40,Untargeted Causal (Karimi 2021),250,0.07038235664367676,17.312464590042357,8,1.2232650235203704,True
diabetes,RandomForest,40,Wachter's CE,500,0.06792521476745605,15.110430265179552,8,2.743171833504409,True
diabetes,RandomForest,40,SHAP-Targeted CE,343,0.04253125190734863,2.399585921325052,3,0.37598619588045035,True
diabetes,RandomForest,41,Actionable CBFI (Proposed),250,0.06947946548461914,16.353499177567006,8,4.957961915281791,True
diabetes,RandomForest,41,Untargeted Causal (Karimi 2021),250,0.06993722915649414,13.390553608598896,8,2.5328957749636327,True
diabetes,RandomForest,41,Wachter's CE,500,0.06702780723571777,13.05186313240842,8,2.743171833504409,True
diabetes,RandomForest,41,SHAP-Targeted CE,343,0.028430938720703125,3.587111801242236,3,2.881825952054291,True
diabetes,RandomForest,42,Actionable CBFI (Proposed),250,0.06954169273376465,18.122993290091646,8,1.549545988908755,True
diabetes,RandomForest,42,Untargeted Causal (Karimi 2021),250,0.07085514068603516,13.855567994210801,8,4.270998089601513,True
diabetes,RandomForest,42,Wachter's CE,500,0.06785106658935547,13.855567994210801,8,4.270998089601513,True
diabetes,RandomForest,42,SHAP-Targeted CE,343,0.028582334518432617,3.4204968944099368,3,0.7992021325469495,True
diabetes,RandomForest,43,Actionable CBFI (Proposed),250,0.0695040225982666,12.688961249652358,6,2.0413683549410266,True
diabetes,RandomForest,43,Untargeted Causal (Karimi 2021),250,0.07260680198669434,16.14750794824371,7,1.2232650235203704,True
diabetes,RandomForest,43,Wachter's CE,500,0.06684184074401855,4.480938861592658,6,2.309991598611708,True
diabetes,RandomForest,43,SHAP-Targeted CE,343,0.03007817268371582,2.586956521739129,2,1.947183461666366,True
diabetes,RandomForest,44,Actionable CBFI (Proposed),250,0.12363052368164062,17.780324069500775,7,2.143387277508006,True
diabetes,RandomForest,44,Untargeted Causal (Karimi 2021),250,0.0714116096496582,13.74667423750811,6,4.619574798352005,True
diabetes,RandomForest,44,Wachter's CE,500,0.06696701049804688,10.533087280986372,6,2.309991598611708,True
diabetes,RandomForest,44,SHAP-Targeted CE,343,0.029262542724609375,1.7513975155279506,3,0.46881816498070394,True
diabetes,RandomForest,45,Actionable CBFI (Proposed),250,0.0665140151977539,21.499122071143116,8,3.840897542621245,True
diabetes,RandomForest,45,Untargeted Causal (Karimi 2021),250,0.06293511390686035,19.7982213271794,7,1.2232650235203704,True
diabetes,RandomForest,45,Wachter's CE,500,0.06683874130249023,19.58041127728631,7,1.7358688546044028,True
diabetes,RandomForest,45,SHAP-Targeted CE,343,0.028957605361938477,3.8786749482401657,3,0.9827696623802931,True
diabetes,RandomForest,46,Actionable CBFI (Proposed),250,0.07140922546386719,21.246549086863816,7,1.2126712099262442,True
diabetes,RandomForest,46,Untargeted Causal (Karimi 2021),250,0.07040238380432129,13.759909450051445,6,1.2232650235203704,True
diabetes,RandomForest,46,Wachter's CE,500,0.08959555625915527,9.929598127375542,5,1.7358688546044028,True
diabetes,RandomForest,46,SHAP-Targeted CE,343,0.02941417694091797,1.0150621118012424,3,0.47161020563036915,True
diabetes,RandomForest,47,Actionable CBFI (Proposed),250,0.0689852237701416,21.884514089515765,8,3.2116147386994234,True
diabetes,RandomForest,47,Untargeted Causal (Karimi 2021),250,0.06298160552978516,15.809279897478293,8,4.1155382955090705,True
diabetes,RandomForest,47,Wachter's CE,500,0.06767082214355469,15.809279897478293,8,4.1155382955090705,True
diabetes,RandomForest,47,SHAP-Targeted CE,343,0.02868485450744629,3.425465838509316,3,4.229663403278197,True
diabetes,RandomForest,48,Actionable CBFI (Proposed),250,0.07112765312194824,14.637629481905206,8,2.2566320018334225,True
diabetes,RandomForest,48,Untargeted Causal (Karimi 2021),250,0.06982970237731934,8.32600206000848,8,1.2232650235203704,True
diabetes,RandomForest,48,Wachter's CE,500,0.06750345230102539,8.32600206000848,8,1.2232650235203704,True
diabetes,RandomForest,48,SHAP-Targeted CE,343,0.02834033966064453,2.36723602484472,3,0.36043973857881956,True
diabetes,RandomForest,49,Actionable CBFI (Proposed),250,0.06799578666687012,22.4997867803838,7,2.706918293687113,True
diabetes,RandomForest,49,Untargeted Causal (Karimi 2021),250,0.0703585147857666,13.552159380523307,6,1.2232650235203704,True
diabetes,RandomForest,49,Wachter's CE,500,0.06779885292053223,5.599876008157968,6,2.309991598611708,True
diabetes,RandomForest,49,SHAP-Targeted CE,343,0.02961874008178711,1.62075569358178,3,2.486329183440194,True
diabetes,RandomForest,50,Actionable CBFI (Proposed),250,0.06955766677856445,17.987297614868332,8,2.074790467706138,True
diabetes,RandomForest,50,Untargeted Causal (Karimi 2021),250,0.07003974914550781,14.02689427442768,8,1.2232650235203704,True
diabetes,RandomForest,50,Wachter's CE,500,0.06762456893920898,14.02689427442768,8,1.2232650235203704,True
diabetes,RandomForest,50,SHAP-Targeted CE,343,0.028865814208984375,3.139337474120082,3,0.15019815733860312,True
diabetes,RandomForest,51,Actionable CBFI (Proposed),250,0.06959652900695801,16.213889403912113,7,1.5876763040761115,True
diabetes,RandomForest,51,Untargeted Causal (Karimi 2021),250,0.07129979133605957,15.195126077686105,7,1.6254126914296791,True
diabetes,RandomForest,51,Wachter's CE,500,0.067413330078125,15.195126077686105,7,1.6254126914296791,True
diabetes,RandomForest,51,SHAP-Targeted CE,343,0.028092384338378906,2.8936335403726714,3,1.2169105395269142,True
diabetes,RandomForest,52,Actionable CBFI (Proposed),250,0.06943011283874512,19.163225682502873,8,1.0178303267952638,True
diabetes,RandomForest,52,Untargeted Causal (Karimi 2021),250,0.07012677192687988,14.887941775948688,8,1.2232650235203704,True
diabetes,RandomForest,52,Wachter's CE,500,0.0670313835144043,12.722907462737226,8,2.743171833504409,True
diabetes,RandomForest,52,SHAP-Targeted CE,343,0.02857375144958496,3.358902691511387,3,0.698959542862618,True
diabetes,RandomForest,53,Actionable CBFI (Proposed),250,0.05669379234313965,16.18918721609344,7,5.74609860457813,True
diabetes,RandomForest,53,Untargeted Causal (Karimi 2021),250,0.06952309608459473,15.415351812366737,6,2.705257712125968,True
diabetes,RandomForest,53,Wachter's CE,500,0.06683731079101562,12.50338486140725,6,2.309991598611708,True
diabetes,RandomForest,53,SHAP-Targeted CE,343,0.02850341796875,0.8178571428571427,3,0.38661665375993465,True
diabetes,RandomForest,54,Actionable CBFI (Proposed),250,0.07076096534729004,18.028783913646304,8,2.353895368931925,True
diabetes,RandomForest,54,Untargeted Causal (Karimi 2021),250,0.06351494789123535,16.355792117966327,8,1.2232650235203704,True
diabetes,RandomForest,54,Wachter's CE,500,0.06338787078857422,16.355792117966327,8,1.2232650235203704,True
diabetes,RandomForest,54,SHAP-Targeted CE,343,0.024374723434448242,3.9037267080745326,3,0.6937452995592427,True
diabetes,RandomForest,55,Actionable CBFI (Proposed),250,0.06844329833984375,22.69582652616157,7,2.143387277508006,True
diabetes,RandomForest,55,Untargeted Causal (Karimi 2021),250,0.06680846214294434,14.715127004727915,6,4.619574798352005,True
diabetes,RandomForest,55,Wachter's CE,500,0.06715726852416992,14.715127004727915,6,4.619574798352005,True
diabetes,RandomForest,55,SHAP-Targeted CE,343,0.028980255126953125,5.399120082815734,3,1.2736437056531809,True
diabetes,RandomForest,56,Actionable CBFI (Proposed),250,0.07058453559875488,18.277428077006267,6,2.614117750399602,True
diabetes,RandomForest,56,Untargeted Causal (Karimi 2021),250,0.0699613094329834,19.004507354531686,6,2.508858070329697,True
diabetes,RandomForest,56,Wachter's CE,500,0.06252241134643555,17.71522164024597,7,1.552617624781378,True
diabetes,RandomForest,56,SHAP-Targeted CE,343,0.029220104217529297,4.484213250517598,3,1.0005635403731448,True
diabetes,RandomForest,57,Actionable CBFI (Proposed),250,0.07044649124145508,14.329417689832072,7,0.5712462207970701,True
diabetes,RandomForest,57,Untargeted Causal (Karimi 2021),250,0.0701603889465332,18.602544153532303,7,2.508858070329697,True
diabetes,RandomForest,57,Wachter's CE,500,0.06725859642028809,18.51714042682423,7,0.9884911844054438,True
diabetes,RandomForest,57,SHAP-Targeted CE,343,0.02768111228942871,6.117080745341613,3,0.9006596531067703,True
diabetes,RandomForest,58,Actionable CBFI (Proposed),250,0.07013058662414551,17.983498655789376,5,4.373718725833681,True
diabetes,RandomForest,58,Untargeted Causal (Karimi 2021),250,0.06958699226379395,10.416894710086671,6,1.2232650235203704,True
diabetes,RandomForest,58,Wachter's CE,500,0.06709527969360352,6.618881524056734,5,1.7358688546044028,True
diabetes,RandomForest,58,SHAP-Targeted CE,343,0.029508113861083984,2.078674948240165,3,0.925423910504394,True
diabetes,RandomForest,59,Actionable CBFI (Proposed),250,0.06193065643310547,15.245987371714888,8,1.7529827716335713,True
diabetes,RandomForest,59,Untargeted Causal (Karimi 2021),250,0.06997370719909668,10.589189837646103,8,1.2232650235203704,True
diabetes,RandomForest,59,Wachter's CE,500,0.06634330749511719,10.589189837646103,8,1.2232650235203704,True
diabetes,RandomForest,59,SHAP-Targeted CE,343,0.026412010192871094,1.8626811594202888,2,0.49699693871929895,True
diabetes,RandomForest,60,Actionable CBFI (Proposed),250,0.06945347785949707,18.81959186984333,6,5.9501162786232875,True
diabetes,RandomForest,60,Untargeted Causal (Karimi 2021),250,0.07057332992553711,12.556781310837119,5,2.705257712125968,True
diabetes,RandomForest,60,Wachter's CE,500,0.06705021858215332,9.957607536849913,6,2.309991598611708,True
diabetes,RandomForest,60,SHAP-Targeted CE,343,0.01948237419128418,1.4371118012422355,3,0.5472860322192977,True
diabetes,RandomForest,61,Actionable CBFI (Proposed),250,0.06716799736022949,13.095511528246153,8,1.0473022831569552,True
diabetes,RandomForest,61,Untargeted Causal (Karimi 2021),250,0.07073855400085449,14.128844861579488,8,1.2232650235203704,True
diabetes,RandomForest,61,Wachter's CE,500,0.05122232437133789,14.128844861579488,8,1.2232650235203704,True
diabetes,RandomForest,61,SHAP-Targeted CE,343,0.028949499130249023,2.412888198757764,3,0.12280254466398129,True
diabetes,RandomForest,62,Actionable CBFI (Proposed),250,0.06977462768554688,18.76147132553301,8,0.5712462207970701,True
diabetes,RandomForest,62,Untargeted Causal (Karimi 2021),250,0.07017374038696289,17.100757039818724,7,1.2232650235203704,True
diabetes,RandomForest,62,Wachter's CE,500,0.04308724403381348,16.377930952862204,7,4.270998089601513,True
diabetes,RandomForest,62,SHAP-Targeted CE,343,0.028107404708862305,5.277329192546584,3,1.0894923100915594,True
diabetes,RandomForest,63,Actionable CBFI (Proposed),250,0.07766580581665039,18.586274715415897,7,7.017205670799295,True
diabetes,RandomForest,63,Untargeted Causal (Karimi 2021),250,0.06222248077392578,21.071730588225755,7,1.2232650235203704,True
diabetes,RandomForest,63,Wachter's CE,500,0.0671849250793457,17.123773404639568,6,6.8538440906181295,True
diabetes,RandomForest,63,SHAP-Targeted CE,343,0.029290199279785156,2.189285714285714,2,4.340579195027825,True
diabetes,RandomForest,64,Actionable CBFI (Proposed),250,0.07038378715515137,16.442386669138774,7,2.1895613967807854,True
diabetes,RandomForest,64,Untargeted Causal (Karimi 2021),250,0.06973028182983398,15.24257376821219,7,1.2232650235203704,True
diabetes,RandomForest,64,Wachter's CE,500,0.05623745918273926,10.183147538703995,6,2.309991598611708,True
diabetes,RandomForest,64,SHAP-Targeted CE,343,0.029141902923583984,3.3029503105590066,3,0.8001455707198477,True
diabetes,RandomForest,65,Actionable CBFI (Proposed),250,0.06909704208374023,18.675128240783657,7,2.1895613967807854,True
diabetes,RandomForest,65,Untargeted Causal (Karimi 2021),250,0.06286358833312988,16.15012824078366,7,3.7869174387841236,True
diabetes,RandomForest,65,Wachter's CE,500,0.06678938865661621,15.739698634158398,7,1.552617624781378,True
diabetes,RandomForest,65,SHAP-Targeted CE,343,0.028111696243286133,6.008695652173911,2,0.5714757436388491,True
diabetes,RandomForest,66,Actionable CBFI (Proposed),250,0.06884956359863281,13.482661392659956,8,2.6510400469784092,True
diabetes,RandomForest,66,Untargeted Causal (Karimi 2021),250,0.06280064582824707,17.927340172672935,8,2.5328957749636327,True
diabetes,RandomForest,66,Wachter's CE,500,0.0679173469543457,17.04961235214823,8,2.5159158392834375,True
diabetes,RandomForest,66,SHAP-Targeted CE,343,0.02469921112060547,2.5823498964803293,3,3.413564472096308,True
diabetes,RandomForest,67,Actionable CBFI (Proposed),250,0.07241296768188477,17.70554653420607,8,1.4817622168455502,True
diabetes,RandomForest,67,Untargeted Causal (Karimi 2021),250,0.07058835029602051,14.474010794464698,8,3.4605190629757168,True
diabetes,RandomForest,67,Wachter's CE,500,0.06824946403503418,14.474010794464698,8,3.4605190629757168,True
diabetes,RandomForest,67,SHAP-Targeted CE,343,0.026868343353271484,2.047670807453416,3,0.6430707336988533,True
diabetes,RandomForest,68,Actionable CBFI (Proposed),250,0.07098937034606934,13.593852117074741,8,0.677411639362548,True
diabetes,RandomForest,68,Untargeted Causal (Karimi 2021),250,0.06247138977050781,14.942066402789028,8,1.2232650235203704,True
diabetes,RandomForest,68,Wachter's CE,500,0.0674746036529541,13.632283794093377,8,4.270998089601513,True
diabetes,RandomForest,68,SHAP-Targeted CE,343,0.027481794357299805,1.677898550724637,2,0.9345803032365595,True
diabetes,RandomForest,69,Actionable CBFI (Proposed),250,0.05566120147705078,13.46925177721007,8,4.101219833951785,True
diabetes,RandomForest,69,Untargeted Causal (Karimi 2021),250,0.06972789764404297,14.319003020991163,8,1.2232650235203704,True
diabetes,RandomForest,69,Wachter's CE,500,0.08368515968322754,14.319003020991163,8,1.2232650235203704,True
diabetes,RandomForest,69,SHAP-Targeted CE,343,0.028303861618041992,1.312008281573498,3,0.6309304810975347,True
diabetes,RandomForest,70,Actionable CBFI (Proposed),250,0.07173442840576172,13.391940530267913,7,2.5457128547221024,True
diabetes,RandomForest,70,Untargeted Causal (Karimi 2021),250,0.06966900825500488,16.569036803559836,6,5.306500282564067,True
diabetes,RandomForest,70,Wachter's CE,500,0.06712198257446289,13.954440530267913,6,1.7358688546044028,True
diabetes,RandomForest,70,SHAP-Targeted CE,343,0.028739452362060547,3.7773291925465826,3,0.6301942632960011,True
diabetes,RandomForest,71,Actionable CBFI (Proposed),250,0.056340694427490234,12.56675164549921,5,10.49743455217684,True
diabetes,RandomForest,71,Untargeted Causal (Karimi 2021),250,0.06236696243286133,16.849603689626402,6,4.870803897105422,True
diabetes,RandomForest,71,Wachter's CE,500,0.06709861755371094,16.849603689626402,6,4.870803897105422,True
diabetes,RandomForest,71,SHAP-Targeted CE,343,0.02838754653930664,4.3624223602484475,3,6.719995870766411,True
diabetes,RandomForest,72,Actionable CBFI (Proposed),250,0.07010722160339355,16.252191282412902,8,3.649783199505926,True
diabetes,RandomForest,72,Untargeted Causal (Karimi 2021),250,0.07098269462585449,13.703071199597163,8,1.2232650235203704,True
diabetes,RandomForest,72,Wachter's CE,500,0.056273460388183594,13.703071199597163,8,1.2232650235203704,True
diabetes,RandomForest,72,SHAP-Targeted CE,343,0.028321266174316406,3.5689440993788812,3,1.0956431047306523,True
diabetes,RandomForest,73,Actionable CBFI (Proposed),250,0.07076644897460938,14.990054164823981,8,1.3695714356202928,True
diabetes,RandomForest,73,Untargeted Causal (Karimi 2021),250,0.06261229515075684,16.265416483664563,8,1.2232650235203704,True
diabetes,RandomForest,73,Wachter's CE,500,0.06665182113647461,11.660907014160435,8,1.7358688546044028,True
diabetes,RandomForest,73,SHAP-Targeted CE,343,0.02887892723083496,0.7766563146997921,3,0.329558520294814,True
diabetes,RandomForest,74,Actionable CBFI (Proposed),250,0.06023693084716797,18.232619834084844,8,2.9877774950885714,True
diabetes,RandomForest,74,Untargeted Causal (Karimi 2021),250,0.06973123550415039,13.97319865771438,8,4.270998089601513,True
diabetes,RandomForest,74,Wachter's CE,500,0.0668783187866211,13.97319865771438,8,4.270998089601513,True
diabetes,RandomForest,74,SHAP-Targeted CE,343,0.028154850006103516,1.4610248447204959,3,0.5233686975724993,True
diabetes,RandomForest,75,Actionable CBFI (Proposed),250,0.05509686470031738,15.259896057336768,8,5.3429444460068005,True
diabetes,RandomForest,75,Untargeted Causal (Karimi 2021),250,0.06977558135986328,16.766417796467206,8,2.5328957749636327,True
diabetes,RandomForest,75,Wachter's CE,500,0.06761550903320312,7.77891779646721,8,2.743171833504409,True
diabetes,RandomForest,75,SHAP-Targeted CE,343,0.029337644577026367,1.6284679089026919,3,0.9826390107659891,True
diabetes,RandomForest,76,Actionable CBFI (Proposed),250,0.0692439079284668,17.957422065165467,8,1.785042350853909,True
diabetes,RandomForest,76,Untargeted Causal (Karimi 2021),250,0.06244921684265137,19.633017689528124,8,1.2232650235203704,True
diabetes,RandomForest,76,Wachter's CE,500,0.06665539741516113,19.17110404347269,8,2.2083614511860623,True
diabetes,RandomForest,76,SHAP-Targeted CE,343,0.022710800170898438,4.011283643892337,3,1.3370000145390393,True
diabetes,RandomForest,77,Actionable CBFI (Proposed),250,0.07060027122497559,16.014625243348473,6,7.889573170856986,True
diabetes,RandomForest,77,Untargeted Causal (Karimi 2021),250,0.06981873512268066,15.723709094280153,6,2.705257712125968,True
diabetes,RandomForest,77,Wachter's CE,500,0.10993170738220215,11.024375405580791,6,2.309991598611708,True
diabetes,RandomForest,77,SHAP-Targeted CE,343,0.02951335906982422,2.5116977225672876,3,1.3392442631748065,True
diabetes,RandomForest,78,Actionable CBFI (Proposed),250,0.06894707679748535,12.859787243904698,7,2.6113529733485263,True
diabetes,RandomForest,78,Untargeted Causal (Karimi 2021),250,0.06246185302734375,17.642489802540094,7,2.508858070329697,True
diabetes,RandomForest,78,Wachter's CE,500,0.06672286987304688,14.92463265968295,7,1.552617624781378,True
diabetes,RandomForest,78,SHAP-Targeted CE,343,0.02883434295654297,2.9905797101449276,2,0.31560850191330064,True
diabetes,RandomForest,79,Actionable CBFI (Proposed),250,0.06411218643188477,18.093653195685352,7,1.859269854655603,True
diabetes,RandomForest,79,Untargeted Causal (Karimi 2021),250,0.07090973854064941,15.246034534333727,7,1.2232650235203704,True
diabetes,RandomForest,79,Wachter's CE,500,0.0670158863067627,15.246034534333727,7,1.2232650235203704,True
diabetes,RandomForest,79,SHAP-Targeted CE,343,0.02903294563293457,2.762629399585921,3,0.11248881242533253,True
diabetes,RandomForest,80,Actionable CBFI (Proposed),250,0.06953215599060059,19.025214714027864,7,0.4792440526414157,True
diabetes,RandomForest,80,Untargeted Causal (Karimi 2021),250,0.06976056098937988,12.726147549848761,7,1.2232650235203704,True
diabetes,RandomForest,80,Wachter's CE,500,0.06703805923461914,12.726147549848761,7,1.2232650235203704,True
diabetes,RandomForest,80,SHAP-Targeted CE,343,0.0275876522064209,2.90916149068323,3,1.081398745381294,True
diabetes,RandomForest,81,Actionable CBFI (Proposed),250,0.06954789161682129,20.83785706940301,8,0.19350013310828867,True
diabetes,RandomForest,81,Untargeted Causal (Karimi 2021),250,0.06986713409423828,19.094502268466236,8,1.2232650235203704,True
diabetes,RandomForest,81,Wachter's CE,500,0.06662344932556152,18.574574732234357,8,4.270998089601513,True
diabetes,RandomForest,81,SHAP-Targeted CE,343,0.02751922607421875,5.569875776397513,3,1.3907902814173823,True
diabetes,RandomForest,82,Actionable CBFI (Proposed),250,0.056585073471069336,18.898721676466465,8,2.5172329630513377,True
diabetes,RandomForest,82,Untargeted Causal (Karimi 2021),250,0.06933403015136719,13.050586816199017,8,4.270998089601513,True
diabetes,RandomForest,82,Wachter's CE,500,0.06660580635070801,13.050586816199017,8,4.270998089601513,True
diabetes,RandomForest,82,SHAP-Targeted CE,343,0.01886272430419922,1.5355590062111792,3,0.6393841257433597,True
diabetes,RandomForest,83,Actionable CBFI (Proposed),250,0.06996607780456543,15.43662433175736,7,3.3355580437283407,True
diabetes,RandomForest,83,Untargeted Causal (Karimi 2021),250,0.07031774520874023,14.886002441210097,7,1.6806105563398337,True
diabetes,RandomForest,83,Wachter's CE,500,0.06664085388183594,14.313375281975215,7,2.309991598611708,True
diabetes,RandomForest,83,SHAP-Targeted CE,343,0.02765631675720215,2.3098861283643886,3,0.40391699634757294,True
diabetes,RandomForest,84,Actionable CBFI (Proposed),250,0.06773900985717773,16.4620231053773,8,1.61226674335956,True
diabetes,RandomForest,84,Untargeted Causal (Karimi 2021),250,0.06950640678405762,11.136791971817928,6,4.619574798352005,True
diabetes,RandomForest,84,Wachter's CE,500,0.06703901290893555,11.085826689533697,6,2.309991598611708,True
diabetes,RandomForest,84,SHAP-Targeted CE,343,0.0291135311126709,2.9774844720496882,3,0.39082054011985273,True
diabetes,RandomForest,85,Actionable CBFI (Proposed),250,0.054559946060180664,15.661185582625512,7,4.121832304669758,True
diabetes,RandomForest,85,Untargeted Causal (Karimi 2021),250,0.06992077827453613,20.552229586210075,6,5.739568402453532,True
diabetes,RandomForest,85,Wachter's CE,500,0.06429791450500488,13.311701249632097,7,2.743171833504409,True
diabetes,RandomForest,85,SHAP-Targeted CE,343,0.02940058708190918,2.4449275362318845,2,2.0417972204279855,True
diabetes,RandomForest,86,Actionable CBFI (Proposed),250,0.06118178367614746,20.420498585121436,6,1.9469777089369669,True
diabetes,RandomForest,86,Untargeted Causal (Karimi 2021),250,0.057592153549194336,13.014341336794287,6,6.888791111071015,True
diabetes,RandomForest,86,Wachter's CE,500,0.0442657470703125,5.506189162881246,5,2.309991598611708,True
diabetes,RandomForest,86,SHAP-Targeted CE,343,0.027887344360351562,3.1131987577639757,3,2.2463334554473255,True
diabetes,RandomForest,87,Actionable CBFI (Proposed),250,0.06910967826843262,19.152611167763673,7,4.323537611817813,True
diabetes,RandomForest,87,Untargeted Causal (Karimi 2021),250,0.06986618041992188,19.46034887673434,7,3.7084112535532463,True
diabetes,RandomForest,87,Wachter's CE,500,0.06728720664978027,15.17911220296035,7,1.7358688546044028,True
diabetes,RandomForest,87,SHAP-Targeted CE,343,0.023566484451293945,4.347049689440993,3,0.5622740176928418,True
diabetes,RandomForest,88,Actionable CBFI (Proposed),250,0.06823945045471191,18.928304904051174,7,3.767638475882125,True
diabetes,RandomForest,88,Untargeted Causal (Karimi 2021),250,0.06951165199279785,16.12911312113701,7,1.2232650235203704,True
diabetes,RandomForest,88,Wachter's CE,500,0.04258275032043457,9.221783164920735,6,1.7358688546044028,True
diabetes,RandomForest,88,SHAP-Targeted CE,343,0.0292818546295166,2.427277432712215,3,1.7982423184308929,True
diabetes,RandomForest,89,Actionable CBFI (Proposed),250,0.07132172584533691,16.315218746406444,8,4.934874781636436,True
diabetes,RandomForest,89,Untargeted Causal (Karimi 2021),250,0.05817532539367676,16.71554784624885,8,2.5328957749636327,True
diabetes,RandomForest,89,Wachter's CE,500,0.05879712104797363,14.068524036725035,8,2.743171833504409,True
diabetes,RandomForest,89,SHAP-Targeted CE,343,0.0246579647064209,2.75812629399586,3,2.0473967656920653,True
diabetes,RandomForest,90,Actionable CBFI (Proposed),250,0.06936192512512207,22.272299990729582,7,2.1682566729860993,True
diabetes,RandomForest,90,Untargeted Causal (Karimi 2021),250,0.07083892822265625,16.520272086771115,6,4.619574798352005,True
diabetes,RandomForest,90,Wachter's CE,500,0.06707239151000977,13.172299990729579,6,1.7358688546044028,True
diabetes,RandomForest,90,SHAP-Targeted CE,343,0.028838157653808594,4.535662525879917,3,1.568778093980544,True
diabetes,RandomForest,91,Actionable CBFI (Proposed),250,0.07004165649414062,14.880757537533793,8,2.6998626689965493,True
diabetes,RandomForest,91,Untargeted Causal (Karimi 2021),250,0.07151341438293457,14.018257537533792,8,1.2232650235203704,True
diabetes,RandomForest,91,Wachter's CE,500,0.06853079795837402,14.018257537533792,8,1.2232650235203704,True
diabetes,RandomForest,91,SHAP-Targeted CE,343,0.02950263023376465,4.585869565217391,2,0.6232804824069271,True
diabetes,RandomForest,92,Actionable CBFI (Proposed),250,0.06980299949645996,19.872947134301,8,2.814652107327202,True
diabetes,RandomForest,92,Untargeted Causal (Karimi 2021),250,0.07068467140197754,16.34605427829795,6,3.4605190629757168,True
diabetes,RandomForest,92,Wachter's CE,500,0.06841397285461426,10.285260035227585,6,1.7358688546044028,True
diabetes,RandomForest,92,SHAP-Targeted CE,343,0.02994513511657715,4.398395445134574,3,0.902862708827248,True
diabetes,RandomForest,93,Actionable CBFI (Proposed),250,0.07265448570251465,15.125698757763974,7,2.5457128547221024,True
diabetes,RandomForest,93,Untargeted Causal (Karimi 2021),250,0.07046246528625488,14.45675465838509,7,2.508858070329697,True
diabetes,RandomForest,93,Wachter's CE,500,0.06696653366088867,13.54534161490683,7,1.7358688546044028,True
diabetes,RandomForest,93,SHAP-Targeted CE,343,0.02836298942565918,3.5428571428571423,3,0.9366348622169844,True
diabetes,RandomForest,94,Actionable CBFI (Proposed),250,0.07240438461303711,17.467946370631314,6,2.5497599104234325,True
diabetes,RandomForest,94,Untargeted Causal (Karimi 2021),250,0.07087373733520508,17.945042643923237,6,4.619574798352005,True
diabetes,RandomForest,94,Wachter's CE,500,0.06723260879516602,10.322529433577452,6,1.7358688546044028,True
diabetes,RandomForest,94,SHAP-Targeted CE,343,0.02920818328857422,1.162422360248447,3,0.723681787610755,True
diabetes,RandomForest,95,Actionable CBFI (Proposed),250,0.07089710235595703,13.051392323080655,8,3.4681206798532536,True
diabetes,RandomForest,95,Untargeted Causal (Karimi 2021),250,0.07012534141540527,15.323700425426074,8,4.270998089601513,True
diabetes,RandomForest,95,Wachter's CE,500,0.06693530082702637,14.760631453515435,8,3.8181677075320883,True
diabetes,RandomForest,95,SHAP-Targeted CE,343,0.02832341194152832,1.9980331262939957,3,0.5459263242156557,True
diabetes,RandomForest,96,Actionable CBFI (Proposed),250,0.08156681060791016,18.223853944562897,7,5.554606894547888,True
diabetes,RandomForest,96,Untargeted Causal (Karimi 2021),250,0.07010483741760254,15.634568230277182,7,3.4605190629757168,True
diabetes,RandomForest,96,Wachter's CE,500,0.0677328109741211,15.068407573931585,7,1.552617624781378,True
diabetes,RandomForest,96,SHAP-Targeted CE,343,0.028295516967773438,4.123706004140786,3,1.458414691349858,True
diabetes,RandomForest,97,Actionable CBFI (Proposed),250,0.06930327415466309,11.28668187927079,8,1.2289018172344872,True
diabetes,RandomForest,97,Untargeted Causal (Karimi 2021),250,0.07064318656921387,14.224334226940849,8,2.5328957749636327,True
diabetes,RandomForest,97,Wachter's CE,500,0.06766152381896973,14.224334226940849,8,2.5328957749636327,True
diabetes,RandomForest,97,SHAP-Targeted CE,343,0.027688026428222656,1.941252587991718,3,0.8920593304662999,True
diabetes,RandomForest,98,Actionable CBFI (Proposed),250,0.06880307197570801,16.961722589324022,8,1.61226674335956,True
diabetes,RandomForest,98,Untargeted Causal (Karimi 2021),250,0.07000184059143066,17.336722589324026,8,1.2232650235203704,True
diabetes,RandomForest,98,Wachter's CE,500,0.06661844253540039,13.043678347393465,6,1.7358688546044028,True
diabetes,RandomForest,98,SHAP-Targeted CE,343,0.028980493545532227,0.6858695652173916,2,0.27918434531899455,True
diabetes,RandomForest,99,Actionable CBFI (Proposed),250,0.06969761848449707,14.100513602692168,7,1.5051370507045814,True
diabetes,RandomForest,99,Untargeted Causal (Karimi 2021),250,0.0703117847442627,17.681531288167655,8,1.6254126914296791,True
diabetes,RandomForest,99,Wachter's CE,500,0.06836557388305664,17.681531288167655,8,1.6254126914296791,True
diabetes,RandomForest,99,SHAP-Targeted CE,343,0.02779364585876465,3.493478260869564,2,0.4890892310461849,True
diabetes,RandomForest,100,Actionable CBFI (Proposed),250,0.11466789245605469,21.587837211458233,7,0.8043383836188307,True
diabetes,RandomForest,100,Untargeted Causal (Karimi 2021),250,0.06217527389526367,11.049147121535182,6,3.7084112535532463,True
diabetes,RandomForest,100,Wachter's CE,500,0.0638575553894043,11.049147121535182,6,3.7084112535532463,True
diabetes,RandomForest,100,SHAP-Targeted CE,343,0.026360750198364258,2.64751552795031,3,2.883383038579874,True
diabetes,SVM (RBF Kernel),1,Actionable CBFI (Proposed),250,0.08849763870239258,16.096268118793414,7,4.91063700243186,True
diabetes,SVM (RBF Kernel),1,Untargeted Causal (Karimi 2021),250,0.07184934616088867,16.812423905318127,7,3.7869174387841236,True
diabetes,SVM (RBF Kernel),1,Wachter's CE,500,0.07031893730163574,9.754970489169065,7,2.435305051278237,True
diabetes,SVM (RBF Kernel),1,SHAP-Targeted CE,343,0.028997421264648438,3.758333333333333,3,0.562435894749173,True
diabetes,SVM (RBF Kernel),2,Actionable CBFI (Proposed),250,0.09391212463378906,14.48940539176581,6,1.1515207809132761,True
diabetes,SVM (RBF Kernel),2,Untargeted Causal (Karimi 2021),250,0.07292294502258301,13.023106517103919,6,5.306500282564067,True
diabetes,SVM (RBF Kernel),2,Wachter's CE,500,0.07012653350830078,12.165653100954852,6,1.7358688546044028,True
diabetes,SVM (RBF Kernel),2,SHAP-Targeted CE,343,0.0296628475189209,3.1416666666666684,3,0.6912646306495024,True
diabetes,SVM (RBF Kernel),3,Actionable CBFI (Proposed),250,0.07312440872192383,17.75046199483187,7,4.77373859028971,True
diabetes,SVM (RBF Kernel),3,Untargeted Causal (Karimi 2021),250,0.07137823104858398,23.918352356687187,8,2.4527826000517754,True
diabetes,SVM (RBF Kernel),3,Wachter's CE,500,0.05905270576477051,18.465893764554682,7,4.539580342174154,True
diabetes,SVM (RBF Kernel),3,SHAP-Targeted CE,343,0.019442081451416016,5.275,2,1.672519901254919,True
diabetes,SVM (RBF Kernel),4,Actionable CBFI (Proposed),250,0.09080266952514648,14.976087522528784,8,0.8119071435954186,True
diabetes,SVM (RBF Kernel),4,Untargeted Causal (Karimi 2021),250,0.0724954605102539,18.941863264119277,8,1.2232650235203704,True
diabetes,SVM (RBF Kernel),4,Wachter's CE,500,0.07129740715026855,17.64657340904681,8,4.270998089601513,True
diabetes,SVM (RBF Kernel),4,SHAP-Targeted CE,343,0.030066251754760742,1.8333333333333337,3,0.6460580301103717,True
diabetes,SVM (RBF Kernel),5,Actionable CBFI (Proposed),250,0.07811403274536133,21.12022216329005,8,2.5657695611947666,True
diabetes,SVM (RBF Kernel),5,Untargeted Causal (Karimi 2021),250,0.07338261604309082,24.36261346763788,8,4.475104618508263,True
diabetes,SVM (RBF Kernel),5,Wachter's CE,500,0.05351614952087402,14.659010219496144,8,2.743171833504409,True
diabetes,SVM (RBF Kernel),5,SHAP-Targeted CE,343,0.02120375633239746,11.39166666666667,3,7.540494145081647,True
diabetes,SVM (RBF Kernel),6,Actionable CBFI (Proposed),225,0.15303683280944824,0.31241724256705394,5,4.527704474155735,True
diabetes,SVM (RBF Kernel),6,Untargeted Causal (Karimi 2021),250,0.0722193717956543,14.440405117270789,5,3.162873004029847,True
diabetes,SVM (RBF Kernel),6,Wachter's CE,500,0.07077193260192871,9.810474413646057,5,6.680869627207992,True
diabetes,SVM (RBF Kernel),6,SHAP-Targeted CE,343,0.03153491020202637,1.3416666666666663,3,4.809032992932041,True
diabetes,SVM (RBF Kernel),7,Actionable CBFI (Proposed),250,0.07527732849121094,14.617258042087698,6,1.7893697759674694,True
diabetes,SVM (RBF Kernel),7,Untargeted Causal (Karimi 2021),250,0.07158517837524414,19.55525570016732,7,1.2232650235203704,True
diabetes,SVM (RBF Kernel),7,Wachter's CE,500,0.06981992721557617,14.781543756373413,6,2.309991598611708,True
diabetes,SVM (RBF Kernel),7,SHAP-Targeted CE,343,0.028928756713867188,5.008333333333333,3,1.0366521435793898,True
diabetes,SVM (RBF Kernel),8,Actionable CBFI (Proposed),250,0.0717010498046875,20.784452736318407,7,6.1943533779303825,True
diabetes,SVM (RBF Kernel),8,Untargeted Causal (Karimi 2021),250,0.07088327407836914,19.29726329532462,7,7.994367356586335,True
diabetes,SVM (RBF Kernel),8,Wachter's CE,500,0.06462407112121582,19.29726329532462,7,7.994367356586335,True
diabetes,SVM (RBF Kernel),8,SHAP-Targeted CE,343,0.018007516860961914,17.449999999999996,3,17.51490391042973,True
diabetes,SVM (RBF Kernel),9,Actionable CBFI (Proposed),250,0.08560395240783691,13.579701435433229,8,3.2258848818862647,True
diabetes,SVM (RBF Kernel),9,Untargeted Causal (Karimi 2021),250,0.0725247859954834,15.326910814271981,8,1.2232650235203704,True
diabetes,SVM (RBF Kernel),9,Wachter's CE,500,0.07013463973999023,14.827556267131905,7,4.475104618508263,True
diabetes,SVM (RBF Kernel),9,SHAP-Targeted CE,343,0.02981734275817871,3.1666666666666656,3,0.6257034113911206,True
diabetes,SVM (RBF Kernel),10,Actionable CBFI (Proposed),250,0.12431812286376953,8.609732905012034,7,2.704887985396154,True
diabetes,SVM (RBF Kernel),10,Untargeted Causal (Karimi 2021),250,0.07233691215515137,15.351092750533047,6,4.544334898606961,True
diabetes,SVM (RBF Kernel),10,Wachter's CE,500,0.07070326805114746,15.351092750533047,6,4.544334898606961,True
diabetes,SVM (RBF Kernel),10,SHAP-Targeted CE,343,0.029541015625,0.6916666666666667,2,2.7250819049078703,True
diabetes,SVM (RBF Kernel),11,Actionable CBFI (Proposed),250,0.09864330291748047,9.329248859606757,7,2.5351882223457927,True
diabetes,SVM (RBF Kernel),11,Untargeted Causal (Karimi 2021),250,0.07173943519592285,10.434695027307205,7,1.2232650235203704,True
diabetes,SVM (RBF Kernel),11,Wachter's CE,500,0.06985163688659668,10.434695027307205,7,1.2232650235203704,True
diabetes,SVM (RBF Kernel),11,SHAP-Targeted CE,343,0.024276018142700195,1.0666666666666673,2,0.9111642736757103,True
diabetes,SVM (RBF Kernel),12,Actionable CBFI (Proposed),250,0.12910079956054688,5.881939897467682,7,0.6472556821055944,True
diabetes,SVM (RBF Kernel),12,Untargeted Causal (Karimi 2021),250,0.07294631004333496,14.723727635116344,6,2.705257712125968,True
diabetes,SVM (RBF Kernel),12,Wachter's CE,500,0.07219696044921875,12.240971771576898,6,2.309991598611708,True
diabetes,SVM (RBF Kernel),12,SHAP-Targeted CE,343,0.03059220314025879,1.9583333333333326,3,0.46838496728151774,True
diabetes,SVM (RBF Kernel),13,Actionable CBFI (Proposed),250,0.0885007381439209,16.364190718056197,8,2.441942413728621,True
diabetes,SVM (RBF Kernel),13,Untargeted Causal (Karimi 2021),250,0.07201480865478516,11.852059761522295,8,1.2232650235203704,True
diabetes,SVM (RBF Kernel),13,Wachter's CE,500,0.07003450393676758,11.852059761522295,8,1.2232650235203704,True
diabetes,SVM (RBF Kernel),13,SHAP-Targeted CE,343,0.024136066436767578,2.400000000000001,3,0.23090115529042396,True
diabetes,SVM (RBF Kernel),14,Actionable CBFI (Proposed),250,0.07440543174743652,17.7840861685362,6,3.0978370872277,True
diabetes,SVM (RBF Kernel),14,Untargeted Causal (Karimi 2021),250,0.06540489196777344,18.788564312385734,7,1.2232650235203704,True
diabetes,SVM (RBF Kernel),14,Wachter's CE,500,0.07147216796875,12.586280940020394,6,2.309991598611708,True
diabetes,SVM (RBF Kernel),14,SHAP-Targeted CE,343,0.029508352279663086,6.575000000000001,3,0.9675168320611924,True
diabetes,SVM (RBF Kernel),15,Actionable CBFI (Proposed),250,0.10758662223815918,6.063804065294363,7,0.6745962829171497,True
diabetes,SVM (RBF Kernel),15,Untargeted Causal (Karimi 2021),250,0.07217884063720703,17.460274713389573,7,2.705257712125968,True
diabetes,SVM (RBF Kernel),15,Wachter's CE,500,0.07032990455627441,12.45636568709249,7,2.435305051278237,True
diabetes,SVM (RBF Kernel),15,SHAP-Targeted CE,343,0.02977466583251953,1.099999999999999,3,0.745506238052872,True
diabetes,SVM (RBF Kernel),16,Actionable CBFI (Proposed),250,0.06572151184082031,16.037680735159352,7,5.99283473856911,True
diabetes,SVM (RBF Kernel),16,Untargeted Causal (Karimi 2021),250,0.07129263877868652,18.135717724127552,8,1.2232650235203704,True
diabetes,SVM (RBF Kernel),16,Wachter's CE,500,0.06995797157287598,12.197045016238429,8,2.2083614511860623,True
diabetes,SVM (RBF Kernel),16,SHAP-Targeted CE,343,0.029361248016357422,3.3,3,0.8396758639400194,True
diabetes,SVM (RBF Kernel),17,Actionable CBFI (Proposed),250,0.0909576416015625,11.57188550539233,7,1.2436839437901344,True
diabetes,SVM (RBF Kernel),17,Untargeted Causal (Karimi 2021),250,0.07197260856628418,16.68567857814076,8,2.859757576820769,True
diabetes,SVM (RBF Kernel),17,Wachter's CE,500,0.07030630111694336,15.610704458057942,8,2.2083614511860623,True
diabetes,SVM (RBF Kernel),17,SHAP-Targeted CE,343,0.03056955337524414,2.2583333333333337,3,0.12312038285688454,True
diabetes,SVM (RBF Kernel),18,Actionable CBFI (Proposed),250,0.06748509407043457,13.748835403726705,6,1.3621844346924932,True
diabetes,SVM (RBF Kernel),18,Untargeted Causal (Karimi 2021),250,0.07290101051330566,14.479371002132197,6,4.619574798352005,True
diabetes,SVM (RBF Kernel),18,Wachter's CE,500,0.07153010368347168,12.671819087790858,6,2.309991598611708,True
diabetes,SVM (RBF Kernel),18,SHAP-Targeted CE,343,0.029749393463134766,3.708333333333333,3,0.9025563963561956,True
diabetes,SVM (RBF Kernel),19,Actionable CBFI (Proposed),250,0.10317397117614746,5.356924972869989,7,0.3382353102042964,True
diabetes,SVM (RBF Kernel),19,Untargeted Causal (Karimi 2021),250,0.0717153549194336,13.147033827147734,8,1.2232650235203704,True
diabetes,SVM (RBF Kernel),19,Wachter's CE,500,0.07352375984191895,13.147033827147734,8,1.2232650235203704,True
diabetes,SVM (RBF Kernel),19,SHAP-Targeted CE,343,0.030388593673706055,2.0166666666666657,3,0.5224614393138127,True
diabetes,SVM (RBF Kernel),20,Actionable CBFI (Proposed),216,0.08641886711120605,2.5814656422921947,5,0.5362659645127448,True
diabetes,SVM (RBF Kernel),20,Untargeted Causal (Karimi 2021),250,0.06645631790161133,15.538199530298817,7,5.8014471980301865,True
diabetes,SVM (RBF Kernel),20,Wachter's CE,500,0.08865737915039062,6.281211952659066,7,2.435305051278237,True
diabetes,SVM (RBF Kernel),20,SHAP-Targeted CE,343,0.024789810180664062,1.0416666666666656,3,0.35847544228268596,True
diabetes,SVM (RBF Kernel),21,Actionable CBFI (Proposed),250,0.07419657707214355,10.92174376564383,7,1.6861429429942594,True
diabetes,SVM (RBF Kernel),21,Untargeted Causal (Karimi 2021),250,0.07156944274902344,18.101719035663756,8,1.2232650235203704,True
diabetes,SVM (RBF Kernel),21,Wachter's CE,500,0.069854736328125,14.747649949012702,7,2.435305051278237,True
diabetes,SVM (RBF Kernel),21,SHAP-Targeted CE,343,0.02702021598815918,1.7666666666666675,3,0.552617042455139,True
diabetes,SVM (RBF Kernel),22,Actionable CBFI (Proposed),250,0.07269167900085449,16.657473464061425,8,4.231363041504681,True
diabetes,SVM (RBF Kernel),22,Untargeted Causal (Karimi 2021),250,0.06365227699279785,17.042903070686688,8,1.2232650235203704,True
diabetes,SVM (RBF Kernel),22,Wachter's CE,500,0.07002925872802734,16.106308867788133,8,4.270998089601513,True
diabetes,SVM (RBF Kernel),22,SHAP-Targeted CE,343,0.026162147521972656,7.2666666666666675,3,2.8577355337797847,True
diabetes,SVM (RBF Kernel),23,Actionable CBFI (Proposed),250,0.09211158752441406,15.845875222479819,8,2.109432864467441,True
diabetes,SVM (RBF Kernel),23,Untargeted Causal (Karimi 2021),250,0.0657649040222168,18.812725339548052,8,1.2232650235203704,True
diabetes,SVM (RBF Kernel),23,Wachter's CE,500,0.05814671516418457,18.812725339548052,8,1.2232650235203704,True
diabetes,SVM (RBF Kernel),23,SHAP-Targeted CE,343,0.02699899673461914,7.941666666666666,3,2.3318793736262453,True
diabetes,SVM (RBF Kernel),24,Actionable CBFI (Proposed),250,0.09302783012390137,13.497087019006333,8,1.6815389766698914,True
diabetes,SVM (RBF Kernel),24,Untargeted Causal (Karimi 2021),250,0.07129454612731934,19.726392880318897,7,1.6806105563398337,True
diabetes,SVM (RBF Kernel),24,Wachter's CE,500,0.06968379020690918,17.827204041902288,7,5.883182711510253,True
diabetes,SVM (RBF Kernel),24,SHAP-Targeted CE,343,0.027019500732421875,4.650000000000001,2,0.7668319760663103,True
diabetes,SVM (RBF Kernel),25,Actionable CBFI (Proposed),250,0.1186380386352539,3.6714336736830626,7,0.3952736463619181,True
diabetes,SVM (RBF Kernel),25,Untargeted Causal (Karimi 2021),250,0.07224678993225098,15.994943759463549,7,4.619574798352005,True
diabetes,SVM (RBF Kernel),25,Wachter's CE,500,0.07107234001159668,13.604460616173792,7,2.435305051278237,True
diabetes,SVM (RBF Kernel),25,SHAP-Targeted CE,343,0.029479503631591797,1.4666666666666677,3,0.4039930918491542,True
diabetes,SVM (RBF Kernel),26,Actionable CBFI (Proposed),250,0.06658196449279785,11.088183718663581,8,2.3004629979910693,True
diabetes,SVM (RBF Kernel),26,Untargeted Causal (Karimi 2021),250,0.07168722152709961,18.096072844463155,8,1.2232650235203704,True
diabetes,SVM (RBF Kernel),26,Wachter's CE,500,0.06987166404724121,15.70068371866358,8,2.2083614511860623,True
diabetes,SVM (RBF Kernel),26,SHAP-Targeted CE,343,0.026974916458129883,5.158333333333334,3,1.4964871873237056,True
diabetes,SVM (RBF Kernel),27,Actionable CBFI (Proposed),250,0.07436203956604004,18.85652263197808,8,2.718265741529564,True
diabetes,SVM (RBF Kernel),27,Untargeted Causal (Karimi 2021),250,0.07166910171508789,21.15652263197808,8,1.2232650235203704,True
diabetes,SVM (RBF Kernel),27,Wachter's CE,500,0.058060646057128906,13.724202383105348,8,2.743171833504409,True
diabetes,SVM (RBF Kernel),27,SHAP-Targeted CE,343,0.024770021438598633,4.258333333333335,3,1.085267818296348,True
diabetes,SVM (RBF Kernel),28,Actionable CBFI (Proposed),250,0.07099342346191406,13.691304347826087,5,1.441873891002793,True
diabetes,SVM (RBF Kernel),28,Untargeted Causal (Karimi 2021),250,0.06455469131469727,14.866144433113933,6,2.705257712125968,True
diabetes,SVM (RBF Kernel),28,Wachter's CE,500,0.07016491889953613,12.335200936312228,6,2.309991598611708,True
diabetes,SVM (RBF Kernel),28,SHAP-Targeted CE,343,0.025562763214111328,2.3499999999999988,3,0.5227591178721696,True
diabetes,SVM (RBF Kernel),29,Actionable CBFI (Proposed),216,0.12687325477600098,2.946345955147353,7,0.29123614918250584,True
diabetes,SVM (RBF Kernel),29,Untargeted Causal (Karimi 2021),250,0.07178568840026855,13.16298090293872,6,4.619574798352005,True
diabetes,SVM (RBF Kernel),29,Wachter's CE,500,0.07062172889709473,11.30001042922036,6,2.309991598611708,True
diabetes,SVM (RBF Kernel),29,SHAP-Targeted CE,343,0.02704143524169922,2.0166666666666675,3,0.4492634362030694,True
diabetes,SVM (RBF Kernel),30,Actionable CBFI (Proposed),216,0.09938359260559082,2.4842661972973836,5,0.4513989779607338,True
diabetes,SVM (RBF Kernel),30,Untargeted Causal (Karimi 2021),250,0.07142519950866699,12.004184966877252,7,1.2232650235203704,True
diabetes,SVM (RBF Kernel),30,Wachter's CE,500,0.07013082504272461,10.909044451654768,7,2.309991598611708,True
diabetes,SVM (RBF Kernel),30,SHAP-Targeted CE,343,0.025050878524780273,1.3083333333333338,2,0.421880906376222,True
diabetes,SVM (RBF Kernel),31,Actionable CBFI (Proposed),250,0.0649878978729248,10.942483368971251,7,1.7476018612340027,True
diabetes,SVM (RBF Kernel),31,Untargeted Causal (Karimi 2021),250,0.07222580909729004,12.361860087861274,8,1.2232650235203704,True
diabetes,SVM (RBF Kernel),31,Wachter's CE,500,0.07042264938354492,12.361860087861274,8,1.2232650235203704,True
diabetes,SVM (RBF Kernel),31,SHAP-Targeted CE,343,0.028755903244018555,1.0666666666666673,3,0.0559626239908666,True
diabetes,SVM (RBF Kernel),32,Actionable CBFI (Proposed),250,0.07339072227478027,16.115003012885882,7,2.3891874610417294,True
diabetes,SVM (RBF Kernel),32,Untargeted Causal (Karimi 2021),250,0.0722968578338623,18.425970449402516,7,1.2232650235203704,True
diabetes,SVM (RBF Kernel),32,Wachter's CE,500,0.07315349578857422,11.93797279132289,6,2.309991598611708,True
diabetes,SVM (RBF Kernel),32,SHAP-Targeted CE,343,0.030029296875,4.65,3,1.491582444484409,True
diabetes,SVM (RBF Kernel),33,Actionable CBFI (Proposed),250,0.07293939590454102,22.4868568647446,5,9.696846500634559,True
diabetes,SVM (RBF Kernel),33,Untargeted Causal (Karimi 2021),250,0.07116198539733887,15.992912765365718,5,3.7084112535532463,True
diabetes,SVM (RBF Kernel),33,Wachter's CE,500,0.07045793533325195,15.992912765365718,5,3.7084112535532463,True
diabetes,SVM (RBF Kernel),33,SHAP-Targeted CE,343,0.02926492691040039,3.2333333333333334,1,4.073050553153792,True
diabetes,SVM (RBF Kernel),34,Actionable CBFI (Proposed),250,0.07485103607177734,14.89762677296746,6,0.9655488534206403,True
diabetes,SVM (RBF Kernel),34,Untargeted Causal (Karimi 2021),250,0.07234859466552734,14.69762677296746,6,2.705257712125968,True
diabetes,SVM (RBF Kernel),34,Wachter's CE,500,0.06966638565063477,14.376544683415219,6,2.309991598611708,True
diabetes,SVM (RBF Kernel),34,SHAP-Targeted CE,343,0.029558420181274414,3.0000000000000004,3,2.2761129357339405,True
diabetes,SVM (RBF Kernel),35,Actionable CBFI (Proposed),250,0.06963610649108887,14.052701269388727,7,1.7512483066830407,True
diabetes,SVM (RBF Kernel),35,Untargeted Causal (Karimi 2021),250,0.06988263130187988,17.357798783548905,8,2.859757576820769,True
diabetes,SVM (RBF Kernel),35,Wachter's CE,500,0.08067059516906738,16.217607272161743,8,2.2083614511860623,True
diabetes,SVM (RBF Kernel),35,SHAP-Targeted CE,343,0.027683258056640625,3.3666666666666676,3,0.3692620712036487,True
diabetes,SVM (RBF Kernel),36,Actionable CBFI (Proposed),250,0.09768176078796387,15.57008845809072,7,1.8109079587961265,True
diabetes,SVM (RBF Kernel),36,Untargeted Causal (Karimi 2021),250,0.06327986717224121,12.91150690646148,6,4.619574798352005,True
diabetes,SVM (RBF Kernel),36,Wachter's CE,500,0.07060933113098145,9.571670761101325,6,2.309991598611708,True
diabetes,SVM (RBF Kernel),36,SHAP-Targeted CE,343,0.028762102127075195,1.816666666666666,3,1.6622150174260526,True
diabetes,SVM (RBF Kernel),37,Actionable CBFI (Proposed),250,0.11253714561462402,5.180289546770786,8,1.5369196643888183,True
diabetes,SVM (RBF Kernel),37,Untargeted Causal (Karimi 2021),250,0.07154178619384766,12.58723932648133,8,1.2232650235203704,True
diabetes,SVM (RBF Kernel),37,Wachter's CE,500,0.07018589973449707,12.58723932648133,8,1.2232650235203704,True
diabetes,SVM (RBF Kernel),37,SHAP-Targeted CE,343,0.027991771697998047,2.708333333333334,3,1.6633596225740095,True
diabetes,SVM (RBF Kernel),38,Actionable CBFI (Proposed),250,0.1026463508605957,12.300171286563616,6,3.0596522586998933,True
diabetes,SVM (RBF Kernel),38,Untargeted Causal (Karimi 2021),250,0.07199215888977051,16.033787197552606,7,3.4605190629757168,True
diabetes,SVM (RBF Kernel),38,Wachter's CE,500,0.07039713859558105,13.5051358116251,6,1.7358688546044028,True
diabetes,SVM (RBF Kernel),38,SHAP-Targeted CE,343,0.02778172492980957,4.841666666666666,3,1.2474996496858277,True
diabetes,SVM (RBF Kernel),39,Actionable CBFI (Proposed),250,0.07578444480895996,14.944303796666803,8,2.1818886144701257,True
diabetes,SVM (RBF Kernel),39,Untargeted Causal (Karimi 2021),250,0.07257533073425293,13.91274109419302,7,1.2232650235203704,True
diabetes,SVM (RBF Kernel),39,Wachter's CE,500,0.06554317474365234,13.91274109419302,7,1.2232650235203704,True
diabetes,SVM (RBF Kernel),39,SHAP-Targeted CE,343,0.025797128677368164,0.6833333333333339,2,0.20592599534112113,True
diabetes,SVM (RBF Kernel),40,Actionable CBFI (Proposed),250,0.1120002269744873,7.421201440606161,6,1.0213162560813607,True
diabetes,SVM (RBF Kernel),40,Untargeted Causal (Karimi 2021),250,0.06425905227661133,17.312464590042357,8,1.2232650235203704,True
diabetes,SVM (RBF Kernel),40,Wachter's CE,500,0.07102775573730469,15.110430265179552,8,2.743171833504409,True
diabetes,SVM (RBF Kernel),40,SHAP-Targeted CE,343,0.028812170028686523,1.508333333333332,3,0.3599538970524412,True
diabetes,SVM (RBF Kernel),41,Actionable CBFI (Proposed),250,0.07282471656799316,17.928480047831304,8,3.3359448738484376,True
diabetes,SVM (RBF Kernel),41,Untargeted Causal (Karimi 2021),250,0.07184171676635742,18.02897137999038,8,6.627741120943685,True
diabetes,SVM (RBF Kernel),41,Wachter's CE,500,0.07106637954711914,13.05186313240842,8,2.743171833504409,True
diabetes,SVM (RBF Kernel),41,SHAP-Targeted CE,343,0.027220487594604492,7.1416666666666675,3,3.8843835098958683,True
diabetes,SVM (RBF Kernel),42,Actionable CBFI (Proposed),250,0.10715842247009277,12.961739586389113,8,2.040865127319916,True
diabetes,SVM (RBF Kernel),42,Untargeted Causal (Karimi 2021),250,0.0652303695678711,13.855567994210801,8,4.270998089601513,True
diabetes,SVM (RBF Kernel),42,Wachter's CE,500,0.07115578651428223,13.855567994210801,8,4.270998089601513,True
diabetes,SVM (RBF Kernel),42,SHAP-Targeted CE,343,0.02910757064819336,2.908333333333332,3,0.2783692349775568,True
diabetes,SVM (RBF Kernel),43,Actionable CBFI (Proposed),250,0.06705021858215332,15.043438861592655,6,2.408800331831867,True
diabetes,SVM (RBF Kernel),43,Untargeted Causal (Karimi 2021),250,0.07175350189208984,16.14750794824371,7,1.2232650235203704,True
diabetes,SVM (RBF Kernel),43,Wachter's CE,500,0.07105255126953125,4.480938861592658,6,2.309991598611708,True
diabetes,SVM (RBF Kernel),43,SHAP-Targeted CE,343,0.021149635314941406,2.833333333333334,3,1.3324037377164981,True
diabetes,SVM (RBF Kernel),44,Actionable CBFI (Proposed),216,0.12337112426757812,1.4556319396447264,7,0.3967194097747314,True
diabetes,SVM (RBF Kernel),44,Untargeted Causal (Karimi 2021),250,0.07187318801879883,13.74667423750811,6,4.619574798352005,True
diabetes,SVM (RBF Kernel),44,Wachter's CE,500,0.07024502754211426,10.533087280986372,6,2.309991598611708,True
diabetes,SVM (RBF Kernel),44,SHAP-Targeted CE,343,0.030547142028808594,1.6833333333333325,3,0.5337109790091444,True
diabetes,SVM (RBF Kernel),45,Actionable CBFI (Proposed),250,0.07192206382751465,14.026482196744615,7,1.7815534897106922,True
diabetes,SVM (RBF Kernel),45,Untargeted Causal (Karimi 2021),250,0.06566143035888672,19.7982213271794,7,1.2232650235203704,True
diabetes,SVM (RBF Kernel),45,Wachter's CE,500,0.07061529159545898,19.58041127728631,7,1.7358688546044028,True
diabetes,SVM (RBF Kernel),45,SHAP-Targeted CE,343,0.02690410614013672,3.791666666666666,2,1.7678766568292186,True
diabetes,SVM (RBF Kernel),46,Actionable CBFI (Proposed),250,0.11105728149414062,9.297038791535869,7,0.7699669303909088,True
diabetes,SVM (RBF Kernel),46,Untargeted Causal (Karimi 2021),250,0.07122349739074707,13.759909450051445,6,1.2232650235203704,True
diabetes,SVM (RBF Kernel),46,Wachter's CE,500,0.07046961784362793,9.929598127375542,5,1.7358688546044028,True
diabetes,SVM (RBF Kernel),46,SHAP-Targeted CE,343,0.02776503562927246,1.341666666666666,2,0.5214203856148857,True
diabetes,SVM (RBF Kernel),47,Actionable CBFI (Proposed),250,0.07098126411437988,11.034514089515763,6,3.154047432526761,True
diabetes,SVM (RBF Kernel),47,Untargeted Causal (Karimi 2021),250,0.06337857246398926,15.809279897478293,8,4.1155382955090705,True
diabetes,SVM (RBF Kernel),47,Wachter's CE,500,0.06947493553161621,15.809279897478293,8,4.1155382955090705,True
diabetes,SVM (RBF Kernel),47,SHAP-Targeted CE,343,0.026453733444213867,2.916666666666666,3,3.001461508451488,True
diabetes,SVM (RBF Kernel),48,Actionable CBFI (Proposed),216,0.11571168899536133,1.4889947437162685,7,0.4296850278167866,True
diabetes,SVM (RBF Kernel),48,Untargeted Causal (Karimi 2021),250,0.07309770584106445,8.32600206000848,8,1.2232650235203704,True
diabetes,SVM (RBF Kernel),48,Wachter's CE,500,0.07215023040771484,8.32600206000848,8,1.2232650235203704,True
diabetes,SVM (RBF Kernel),48,SHAP-Targeted CE,343,0.02944016456604004,2.208333333333334,3,0.5134864357424958,True
diabetes,SVM (RBF Kernel),49,Actionable CBFI (Proposed),216,0.10081744194030762,1.276565269183346,5,2.5017572296352677,True
diabetes,SVM (RBF Kernel),49,Untargeted Causal (Karimi 2021),250,0.06461310386657715,13.552159380523307,6,1.2232650235203704,True
diabetes,SVM (RBF Kernel),49,Wachter's CE,500,0.062296152114868164,5.599876008157968,6,2.309991598611708,True
diabetes,SVM (RBF Kernel),49,SHAP-Targeted CE,343,0.028243303298950195,0.608333333333334,2,2.416924701331818,True
diabetes,SVM (RBF Kernel),50,Actionable CBFI (Proposed),250,0.11569499969482422,7.067173345363306,7,1.0426941748488647,True
diabetes,SVM (RBF Kernel),50,Untargeted Causal (Karimi 2021),250,0.07433438301086426,14.02689427442768,8,1.2232650235203704,True
diabetes,SVM (RBF Kernel),50,Wachter's CE,500,0.09289002418518066,14.02689427442768,8,1.2232650235203704,True
diabetes,SVM (RBF Kernel),50,SHAP-Targeted CE,343,0.029881715774536133,3.725000000000001,3,0.17934951372838243,True
diabetes,SVM (RBF Kernel),51,Actionable CBFI (Proposed),250,0.07569026947021484,19.165872114582367,7,2.5182202235269933,True
diabetes,SVM (RBF Kernel),51,Untargeted Causal (Karimi 2021),250,0.06924772262573242,17.097222350978026,6,5.185405999881317,True
diabetes,SVM (RBF Kernel),51,Wachter's CE,500,0.04661893844604492,15.395685779178642,6,2.309991598611708,True
diabetes,SVM (RBF Kernel),51,SHAP-Targeted CE,343,0.02499103546142578,3.416666666666665,3,0.65641790143495,True
diabetes,SVM (RBF Kernel),52,Actionable CBFI (Proposed),250,0.06809186935424805,10.997954213759632,6,3.1875398072213716,True
diabetes,SVM (RBF Kernel),52,Untargeted Causal (Karimi 2021),250,0.0720512866973877,14.887941775948688,8,1.2232650235203704,True
diabetes,SVM (RBF Kernel),52,Wachter's CE,500,0.06999611854553223,12.722907462737226,8,2.743171833504409,True
diabetes,SVM (RBF Kernel),52,SHAP-Targeted CE,343,0.025672197341918945,2.325000000000001,3,0.5498498421069375,True
diabetes,SVM (RBF Kernel),53,Actionable CBFI (Proposed),250,0.13339924812316895,4.691095851573031,7,0.6310769854815816,True
diabetes,SVM (RBF Kernel),53,Untargeted Causal (Karimi 2021),250,0.07206130027770996,15.415351812366737,6,2.705257712125968,True
diabetes,SVM (RBF Kernel),53,Wachter's CE,500,0.07005071640014648,12.50338486140725,6,2.309991598611708,True
diabetes,SVM (RBF Kernel),53,SHAP-Targeted CE,343,0.029393672943115234,1.7166666666666677,3,0.3596623423367249,True
diabetes,SVM (RBF Kernel),54,Actionable CBFI (Proposed),250,0.0908050537109375,11.363177733267186,8,0.9540748896139739,True
diabetes,SVM (RBF Kernel),54,Untargeted Causal (Karimi 2021),250,0.07134342193603516,16.355792117966327,8,1.2232650235203704,True
diabetes,SVM (RBF Kernel),54,Wachter's CE,500,0.06976747512817383,16.355792117966327,8,1.2232650235203704,True
diabetes,SVM (RBF Kernel),54,SHAP-Targeted CE,343,0.023465394973754883,8.15,3,0.5826736003861139,True
diabetes,SVM (RBF Kernel),55,Actionable CBFI (Proposed),250,0.06855225563049316,14.737888198757766,6,2.7242178021649144,True
diabetes,SVM (RBF Kernel),55,Untargeted Causal (Karimi 2021),250,0.06409239768981934,14.715127004727915,6,4.619574798352005,True
diabetes,SVM (RBF Kernel),55,Wachter's CE,500,0.06998848915100098,14.715127004727915,6,4.619574798352005,True
diabetes,SVM (RBF Kernel),55,SHAP-Targeted CE,343,0.02785801887512207,5.091666666666666,3,1.70611722708824,True
diabetes,SVM (RBF Kernel),56,Actionable CBFI (Proposed),250,0.08564591407775879,16.39687423270825,7,2.033993358715101,True
diabetes,SVM (RBF Kernel),56,Untargeted Causal (Karimi 2021),250,0.07143688201904297,19.069301783010413,7,4.619574798352005,True
diabetes,SVM (RBF Kernel),56,Wachter's CE,500,0.06983399391174316,14.0015311640555,7,2.435305051278237,True
diabetes,SVM (RBF Kernel),56,SHAP-Targeted CE,343,0.028240203857421875,4.125000000000001,3,1.3093929824009154,True
diabetes,SVM (RBF Kernel),57,Actionable CBFI (Proposed),250,0.07405447959899902,18.980380268244364,7,0.688931707684679,True
diabetes,SVM (RBF Kernel),57,Untargeted Causal (Karimi 2021),250,0.07152795791625977,20.764164236348037,8,3.7869174387841236,True
diabetes,SVM (RBF Kernel),57,Wachter's CE,500,0.07080316543579102,18.51714042682423,7,0.9884911844054438,True
diabetes,SVM (RBF Kernel),57,SHAP-Targeted CE,343,0.02705526351928711,10.458333333333332,3,0.8084012673435286,True
diabetes,SVM (RBF Kernel),58,Actionable CBFI (Proposed),250,0.09769773483276367,1.9953416149068315,2,0.919942673873137,True
diabetes,SVM (RBF Kernel),58,Untargeted Causal (Karimi 2021),250,0.07162666320800781,10.416894710086671,6,1.2232650235203704,True
diabetes,SVM (RBF Kernel),58,Wachter's CE,500,0.07063937187194824,6.618881524056734,5,1.7358688546044028,True
diabetes,SVM (RBF Kernel),58,SHAP-Targeted CE,343,0.030368566513061523,0.9166666666666673,2,0.6803139677747161,True
diabetes,SVM (RBF Kernel),59,Actionable CBFI (Proposed),250,0.10065364837646484,7.621855229607062,6,2.292765303580432,True
diabetes,SVM (RBF Kernel),59,Untargeted Causal (Karimi 2021),250,0.07127904891967773,10.589189837646103,8,1.2232650235203704,True
diabetes,SVM (RBF Kernel),59,Wachter's CE,500,0.06957674026489258,10.589189837646103,8,1.2232650235203704,True
diabetes,SVM (RBF Kernel),59,SHAP-Targeted CE,343,0.028402328491210938,1.3083333333333322,3,0.29620417023678314,True
diabetes,SVM (RBF Kernel),60,Actionable CBFI (Proposed),250,0.13056230545043945,6.752198906907626,7,0.585784470653768,True
diabetes,SVM (RBF Kernel),60,Untargeted Causal (Karimi 2021),250,0.0715782642364502,12.556781310837119,5,2.705257712125968,True
diabetes,SVM (RBF Kernel),60,Wachter's CE,500,0.07035470008850098,9.957607536849913,6,2.309991598611708,True
diabetes,SVM (RBF Kernel),60,SHAP-Targeted CE,343,0.026464223861694336,0.3750000000000008,3,0.4239139968601279,True
diabetes,SVM (RBF Kernel),61,Actionable CBFI (Proposed),250,0.07562017440795898,6.013607735330488,6,0.6190357563640012,True
diabetes,SVM (RBF Kernel),61,Untargeted Causal (Karimi 2021),250,0.07170510292053223,14.128844861579488,8,1.2232650235203704,True
diabetes,SVM (RBF Kernel),61,Wachter's CE,500,0.07054424285888672,14.128844861579488,8,1.2232650235203704,True
diabetes,SVM (RBF Kernel),61,SHAP-Targeted CE,343,0.0267791748046875,1.3583333333333343,3,0.18388843535975802,True
diabetes,SVM (RBF Kernel),62,Actionable CBFI (Proposed),250,0.06636166572570801,19.252514790876084,8,2.3729964559393086,True
diabetes,SVM (RBF Kernel),62,Untargeted Causal (Karimi 2021),250,0.07133197784423828,17.100757039818724,7,1.2232650235203704,True
diabetes,SVM (RBF Kernel),62,Wachter's CE,500,0.06983566284179688,16.2712781171021,8,2.435305051278237,True
diabetes,SVM (RBF Kernel),62,SHAP-Targeted CE,343,0.019526004791259766,5.391666666666666,3,0.4648057432642417,True
diabetes,SVM (RBF Kernel),63,Actionable CBFI (Proposed),250,0.07605147361755371,18.575531693938416,7,3.787418509985835,True
diabetes,SVM (RBF Kernel),63,Untargeted Causal (Karimi 2021),250,0.07145500183105469,21.071730588225755,7,1.2232650235203704,True
diabetes,SVM (RBF Kernel),63,Wachter's CE,500,0.07046794891357422,17.123773404639568,6,6.8538440906181295,True
diabetes,SVM (RBF Kernel),63,SHAP-Targeted CE,343,0.023437976837158203,16.875,3,5.889121756265213,True
diabetes,SVM (RBF Kernel),64,Actionable CBFI (Proposed),250,0.09671235084533691,7.771876527688344,7,0.6039726092283094,True
diabetes,SVM (RBF Kernel),64,Untargeted Causal (Karimi 2021),250,0.07244157791137695,15.24257376821219,7,1.2232650235203704,True
diabetes,SVM (RBF Kernel),64,Wachter's CE,500,0.07195878028869629,10.183147538703995,6,2.309991598611708,True
diabetes,SVM (RBF Kernel),64,SHAP-Targeted CE,343,0.053231239318847656,1.9416666666666675,3,1.0739221602898545,True
diabetes,SVM (RBF Kernel),65,Actionable CBFI (Proposed),250,0.07493066787719727,22.156960152652886,7,1.0586499139461332,True
diabetes,SVM (RBF Kernel),65,Untargeted Causal (Karimi 2021),250,0.07153677940368652,16.15012824078366,7,3.7869174387841236,True
diabetes,SVM (RBF Kernel),65,Wachter's CE,500,0.06964373588562012,14.692674824634592,7,2.435305051278237,True
diabetes,SVM (RBF Kernel),65,SHAP-Targeted CE,343,0.025722503662109375,6.2666666666666675,3,0.28839459193601724,True
diabetes,SVM (RBF Kernel),66,Actionable CBFI (Proposed),250,0.07483267784118652,19.687422911154435,8,5.231024304642483,True
diabetes,SVM (RBF Kernel),66,Untargeted Causal (Karimi 2021),250,0.06348156929016113,18.712707976510888,8,6.535047046612766,True
diabetes,SVM (RBF Kernel),66,Wachter's CE,500,0.06970691680908203,17.350554458387222,8,2.743171833504409,True
diabetes,SVM (RBF Kernel),66,SHAP-Targeted CE,343,0.026989459991455078,11.733333333333333,3,5.634383386543599,True
diabetes,SVM (RBF Kernel),67,Actionable CBFI (Proposed),250,0.07347369194030762,12.671707095567879,7,0.6300028761012939,True
diabetes,SVM (RBF Kernel),67,Untargeted Causal (Karimi 2021),250,0.07160139083862305,14.474010794464698,8,3.4605190629757168,True
diabetes,SVM (RBF Kernel),67,Wachter's CE,500,0.0700981616973877,14.474010794464698,8,3.4605190629757168,True
diabetes,SVM (RBF Kernel),67,SHAP-Targeted CE,343,0.02705836296081543,4.008333333333334,3,0.3522814644203315,True
diabetes,SVM (RBF Kernel),68,Actionable CBFI (Proposed),250,0.08196520805358887,10.084788601743734,6,0.8729488644186242,True
diabetes,SVM (RBF Kernel),68,Untargeted Causal (Karimi 2021),250,0.06393599510192871,14.942066402789028,8,1.2232650235203704,True
diabetes,SVM (RBF Kernel),68,Wachter's CE,500,0.07116341590881348,13.563407152203549,8,2.435305051278237,True
diabetes,SVM (RBF Kernel),68,SHAP-Targeted CE,343,0.028901338577270508,1.391666666666666,3,0.6532605769516834,True
diabetes,SVM (RBF Kernel),69,Actionable CBFI (Proposed),250,0.07552075386047363,17.6478232057815,8,3.1749081530397776,True
diabetes,SVM (RBF Kernel),69,Untargeted Causal (Karimi 2021),250,0.0713815689086914,14.319003020991163,8,1.2232650235203704,True
diabetes,SVM (RBF Kernel),69,Wachter's CE,500,0.06958532333374023,14.319003020991163,8,1.2232650235203704,True
diabetes,SVM (RBF Kernel),69,SHAP-Targeted CE,343,0.027784347534179688,0.8166666666666657,3,0.5803610270054548,True
diabetes,SVM (RBF Kernel),70,Actionable CBFI (Proposed),250,0.07379269599914551,10.636035273940855,7,1.0624512854539654,True
diabetes,SVM (RBF Kernel),70,Untargeted Causal (Karimi 2021),250,0.07124042510986328,16.569036803559836,6,5.306500282564067,True
diabetes,SVM (RBF Kernel),70,Wachter's CE,500,0.06986641883850098,13.954440530267913,6,1.7358688546044028,True
diabetes,SVM (RBF Kernel),70,SHAP-Targeted CE,343,0.02956867218017578,3.899999999999999,3,0.5327069580658703,True
diabetes,SVM (RBF Kernel),71,Actionable CBFI (Proposed),250,0.07250690460205078,17.95759015481598,6,2.694725262790533,True
diabetes,SVM (RBF Kernel),71,Untargeted Causal (Karimi 2021),250,0.0735166072845459,16.849603689626402,6,4.870803897105422,True
diabetes,SVM (RBF Kernel),71,Wachter's CE,500,0.07108521461486816,16.849603689626402,6,4.870803897105422,True
diabetes,SVM (RBF Kernel),71,SHAP-Targeted CE,343,0.02860569953918457,6.1,2,6.062001169434728,True
diabetes,SVM (RBF Kernel),72,Actionable CBFI (Proposed),250,0.10476517677307129,10.163800090636013,7,2.5225310062138426,True
diabetes,SVM (RBF Kernel),72,Untargeted Causal (Karimi 2021),250,0.07191586494445801,13.703071199597163,8,1.2232650235203704,True
diabetes,SVM (RBF Kernel),72,Wachter's CE,500,0.07047414779663086,13.703071199597163,8,1.2232650235203704,True
diabetes,SVM (RBF Kernel),72,SHAP-Targeted CE,343,0.02870798110961914,1.933333333333334,3,0.641108303880539,True
diabetes,SVM (RBF Kernel),73,Actionable CBFI (Proposed),250,0.07283520698547363,17.304723645290498,8,1.5505513396831507,True
diabetes,SVM (RBF Kernel),73,Untargeted Causal (Karimi 2021),250,0.07131052017211914,16.265416483664563,8,1.2232650235203704,True
diabetes,SVM (RBF Kernel),73,Wachter's CE,500,0.07002830505371094,11.660907014160435,8,1.7358688546044028,True
diabetes,SVM (RBF Kernel),73,SHAP-Targeted CE,343,0.030103206634521484,0.5833333333333345,3,0.25305689965257744,True
diabetes,SVM (RBF Kernel),74,Actionable CBFI (Proposed),250,0.10560274124145508,2.908788804753614,7,0.4005252916094088,True
diabetes,SVM (RBF Kernel),74,Untargeted Causal (Karimi 2021),250,0.07142353057861328,13.97319865771438,8,4.270998089601513,True
diabetes,SVM (RBF Kernel),74,Wachter's CE,500,0.07092070579528809,13.97319865771438,8,4.270998089601513,True
diabetes,SVM (RBF Kernel),74,SHAP-Targeted CE,343,0.024204015731811523,1.4333333333333345,3,0.4078602824110284,True
diabetes,SVM (RBF Kernel),75,Actionable CBFI (Proposed),250,0.06378293037414551,12.385163341727365,7,2.2576884096337237,True
diabetes,SVM (RBF Kernel),75,Untargeted Causal (Karimi 2021),250,0.0716853141784668,18.74606187700131,8,1.2232650235203704,True
diabetes,SVM (RBF Kernel),75,Wachter's CE,500,0.059348106384277344,7.77891779646721,8,2.743171833504409,True
diabetes,SVM (RBF Kernel),75,SHAP-Targeted CE,343,0.02975749969482422,1.4749999999999988,3,1.019769321363468,True
diabetes,SVM (RBF Kernel),76,Actionable CBFI (Proposed),250,0.07465052604675293,16.115936944186508,8,4.105746975495434,True
diabetes,SVM (RBF Kernel),76,Untargeted Causal (Karimi 2021),250,0.07167315483093262,19.633017689528124,8,1.2232650235203704,True
diabetes,SVM (RBF Kernel),76,Wachter's CE,500,0.07043933868408203,19.17110404347269,8,2.2083614511860623,True
diabetes,SVM (RBF Kernel),76,SHAP-Targeted CE,343,0.027405261993408203,6.950000000000001,3,1.3083959179290812,True
diabetes,SVM (RBF Kernel),77,Actionable CBFI (Proposed),250,0.06897902488708496,11.186413043478257,5,3.5799254888157312,True
diabetes,SVM (RBF Kernel),77,Untargeted Causal (Karimi 2021),250,0.06393933296203613,15.723709094280153,6,2.705257712125968,True
diabetes,SVM (RBF Kernel),77,Wachter's CE,500,0.06791162490844727,11.024375405580791,6,2.309991598611708,True
diabetes,SVM (RBF Kernel),77,SHAP-Targeted CE,343,0.025414228439331055,3.5083333333333337,3,1.2306216979188809,True
diabetes,SVM (RBF Kernel),78,Actionable CBFI (Proposed),250,0.0923464298248291,14.642360682814877,7,0.9735784824116024,True
diabetes,SVM (RBF Kernel),78,Untargeted Causal (Karimi 2021),250,0.07481241226196289,19.501728932974878,7,3.7869174387841236,True
diabetes,SVM (RBF Kernel),78,Wachter's CE,500,0.07311868667602539,13.044275516825811,7,2.435305051278237,True
diabetes,SVM (RBF Kernel),78,SHAP-Targeted CE,343,0.03009819984436035,3.5666666666666673,3,0.2904149931722445,True
diabetes,SVM (RBF Kernel),79,Actionable CBFI (Proposed),250,0.07443094253540039,12.214793252577651,7,1.6807821754932166,True
diabetes,SVM (RBF Kernel),79,Untargeted Causal (Karimi 2021),250,0.06998753547668457,15.246034534333727,7,1.2232650235203704,True
diabetes,SVM (RBF Kernel),79,Wachter's CE,500,0.08005523681640625,15.246034534333727,7,1.2232650235203704,True
diabetes,SVM (RBF Kernel),79,SHAP-Targeted CE,343,0.023682832717895508,0.8666666666666678,2,0.44669336430535556,True
diabetes,SVM (RBF Kernel),80,Actionable CBFI (Proposed),250,0.06972885131835938,14.898247067787016,7,3.538249634624801,True
diabetes,SVM (RBF Kernel),80,Untargeted Causal (Karimi 2021),250,0.07173037528991699,12.726147549848761,7,1.2232650235203704,True
diabetes,SVM (RBF Kernel),80,Wachter's CE,500,0.06561756134033203,12.726147549848761,7,1.2232650235203704,True
diabetes,SVM (RBF Kernel),80,SHAP-Targeted CE,343,0.026648998260498047,0.9583333333333339,3,0.4671849212390464,True
diabetes,SVM (RBF Kernel),81,Actionable CBFI (Proposed),250,0.08706140518188477,10.487476165736549,8,1.5472056412758874,True
diabetes,SVM (RBF Kernel),81,Untargeted Causal (Karimi 2021),250,0.07275080680847168,19.094502268466236,8,1.2232650235203704,True
diabetes,SVM (RBF Kernel),81,Wachter's CE,500,0.0712137222290039,18.574574732234357,8,4.270998089601513,True
diabetes,SVM (RBF Kernel),81,SHAP-Targeted CE,343,0.027175188064575195,6.866666666666666,3,1.0938905480539398,True
diabetes,SVM (RBF Kernel),82,Actionable CBFI (Proposed),250,0.08586335182189941,10.116884893164917,8,0.626779003544041,True
diabetes,SVM (RBF Kernel),82,Untargeted Causal (Karimi 2021),250,0.07113957405090332,13.050586816199017,8,4.270998089601513,True
diabetes,SVM (RBF Kernel),82,Wachter's CE,500,0.06986808776855469,13.050586816199017,8,4.270998089601513,True
diabetes,SVM (RBF Kernel),82,SHAP-Targeted CE,343,0.02641463279724121,0.9333333333333342,3,0.5695374501868209,True
diabetes,SVM (RBF Kernel),83,Actionable CBFI (Proposed),250,0.0879964828491211,7.231901252797462,5,0.7299422549001774,True
diabetes,SVM (RBF Kernel),83,Untargeted Causal (Karimi 2021),250,0.07169246673583984,14.886002441210097,7,1.6806105563398337,True
diabetes,SVM (RBF Kernel),83,Wachter's CE,500,0.07077550888061523,14.313375281975215,7,2.309991598611708,True
diabetes,SVM (RBF Kernel),83,SHAP-Targeted CE,343,0.024723052978515625,1.9749999999999992,3,0.28339749503938166,True
diabetes,SVM (RBF Kernel),84,Actionable CBFI (Proposed),225,0.14243221282958984,0.29701084523721033,7,0.6921446014956708,True
diabetes,SVM (RBF Kernel),84,Untargeted Causal (Karimi 2021),250,0.06528973579406738,11.136791971817928,6,4.619574798352005,True
diabetes,SVM (RBF Kernel),84,Wachter's CE,500,0.05665874481201172,11.085826689533697,6,2.309991598611708,True
diabetes,SVM (RBF Kernel),84,SHAP-Targeted CE,343,0.0258181095123291,1.5833333333333344,3,0.7217707562940918,True
diabetes,SVM (RBF Kernel),85,Actionable CBFI (Proposed),250,0.11118483543395996,10.10031345336203,7,2.3405351477584477,True
diabetes,SVM (RBF Kernel),85,Untargeted Causal (Karimi 2021),250,0.05902242660522461,20.552229586210075,6,5.739568402453532,True
diabetes,SVM (RBF Kernel),85,Wachter's CE,500,0.06980347633361816,13.311701249632097,7,2.743171833504409,True
diabetes,SVM (RBF Kernel),85,SHAP-Targeted CE,343,0.0287320613861084,2.3416666666666655,2,2.023518081872988,True
diabetes,SVM (RBF Kernel),86,Actionable CBFI (Proposed),250,0.0724644660949707,15.118689162881243,5,4.357863912869801,True
diabetes,SVM (RBF Kernel),86,Untargeted Causal (Karimi 2021),250,0.06357741355895996,13.014341336794287,6,6.888791111071015,True
diabetes,SVM (RBF Kernel),86,Wachter's CE,500,0.06995153427124023,5.506189162881246,5,2.309991598611708,True
diabetes,SVM (RBF Kernel),86,SHAP-Targeted CE,343,0.030571460723876953,4.183333333333334,3,1.7991777157093423,True
diabetes,SVM (RBF Kernel),87,Actionable CBFI (Proposed),250,0.09199285507202148,12.009400063192821,6,2.9509694241909568,True
diabetes,SVM (RBF Kernel),87,Untargeted Causal (Karimi 2021),250,0.07171320915222168,19.46034887673434,7,3.7084112535532463,True
diabetes,SVM (RBF Kernel),87,Wachter's CE,500,0.07000541687011719,15.17911220296035,7,1.7358688546044028,True
diabetes,SVM (RBF Kernel),87,SHAP-Targeted CE,343,0.028279781341552734,2.674999999999999,3,0.5457138478911654,True
diabetes,SVM (RBF Kernel),88,Actionable CBFI (Proposed),250,0.11198091506958008,8.42868805304481,7,0.5716714576560671,True
diabetes,SVM (RBF Kernel),88,Untargeted Causal (Karimi 2021),250,0.07164669036865234,16.12911312113701,7,1.2232650235203704,True
diabetes,SVM (RBF Kernel),88,Wachter's CE,500,0.07114720344543457,9.221783164920735,6,1.7358688546044028,True
diabetes,SVM (RBF Kernel),88,SHAP-Targeted CE,343,0.026925086975097656,1.6333333333333337,3,1.5637466813717646,True
diabetes,SVM (RBF Kernel),89,Actionable CBFI (Proposed),250,0.07573819160461426,21.63874359112694,8,7.294479990841938,True
diabetes,SVM (RBF Kernel),89,Untargeted Causal (Karimi 2021),250,0.07308030128479004,21.16142458084286,8,1.2232650235203704,True
diabetes,SVM (RBF Kernel),89,Wachter's CE,500,0.0599973201751709,14.068524036725035,8,2.743171833504409,True
diabetes,SVM (RBF Kernel),89,SHAP-Targeted CE,343,0.02735304832458496,3.7166666666666663,3,2.8467968653350595,True
diabetes,SVM (RBF Kernel),90,Actionable CBFI (Proposed),250,0.09473013877868652,17.373081306572345,8,1.7633768107343495,True
diabetes,SVM (RBF Kernel),90,Untargeted Causal (Karimi 2021),250,0.0718998908996582,16.520272086771115,6,4.619574798352005,True
diabetes,SVM (RBF Kernel),90,Wachter's CE,500,0.06980323791503906,13.172299990729579,6,1.7358688546044028,True
diabetes,SVM (RBF Kernel),90,SHAP-Targeted CE,343,0.028316259384155273,5.083333333333333,3,1.269289852746006,True
diabetes,SVM (RBF Kernel),91,Actionable CBFI (Proposed),250,0.06036710739135742,16.536114680390938,8,4.105746975495434,True
diabetes,SVM (RBF Kernel),91,Untargeted Causal (Karimi 2021),250,0.07132458686828613,14.018257537533792,8,1.2232650235203704,True
diabetes,SVM (RBF Kernel),91,Wachter's CE,500,0.07017207145690918,14.018257537533792,8,1.2232650235203704,True
diabetes,SVM (RBF Kernel),91,SHAP-Targeted CE,343,0.024842023849487305,5.075000000000001,3,0.7113219871661848,True
diabetes,SVM (RBF Kernel),92,Actionable CBFI (Proposed),250,0.11659550666809082,8.252314853717248,6,0.4033991636913356,True
diabetes,SVM (RBF Kernel),92,Untargeted Causal (Karimi 2021),250,0.07171845436096191,16.34605427829795,6,3.4605190629757168,True
diabetes,SVM (RBF Kernel),92,Wachter's CE,500,0.07097792625427246,10.285260035227585,6,1.7358688546044028,True
diabetes,SVM (RBF Kernel),92,SHAP-Targeted CE,343,0.028813600540161133,3.400000000000001,2,0.6903690393908378,True
diabetes,SVM (RBF Kernel),93,Actionable CBFI (Proposed),250,0.07661914825439453,13.631055900621117,7,2.173716368892729,True
diabetes,SVM (RBF Kernel),93,Untargeted Causal (Karimi 2021),250,0.06708884239196777,17.428364002966536,7,3.4605190629757168,True
diabetes,SVM (RBF Kernel),93,Wachter's CE,500,0.09024858474731445,13.162111801242238,7,2.435305051278237,True
diabetes,SVM (RBF Kernel),93,SHAP-Targeted CE,343,0.02518463134765625,3.8083333333333336,3,0.3143439588163136,True
diabetes,SVM (RBF Kernel),94,Actionable CBFI (Proposed),250,0.13511300086975098,9.589300544194401,8,1.0057583725908132,True
diabetes,SVM (RBF Kernel),94,Untargeted Causal (Karimi 2021),250,0.07142949104309082,17.945042643923237,6,4.619574798352005,True
diabetes,SVM (RBF Kernel),94,Wachter's CE,500,0.0698857307434082,10.322529433577452,6,1.7358688546044028,True
diabetes,SVM (RBF Kernel),94,SHAP-Targeted CE,343,0.030352115631103516,1.2749999999999986,3,0.5635790207846263,True
diabetes,SVM (RBF Kernel),95,Actionable CBFI (Proposed),250,0.0856637954711914,11.046400365942095,6,1.9351075156083855,True
diabetes,SVM (RBF Kernel),95,Untargeted Causal (Karimi 2021),250,0.07133269309997559,15.323700425426074,8,4.270998089601513,True
diabetes,SVM (RBF Kernel),95,Wachter's CE,500,0.06979990005493164,14.760631453515435,8,3.8181677075320883,True
diabetes,SVM (RBF Kernel),95,SHAP-Targeted CE,343,0.0278317928314209,2.3083333333333336,3,0.4994019773210199,True
diabetes,SVM (RBF Kernel),96,Actionable CBFI (Proposed),250,0.07514357566833496,15.133572819134145,7,0.9958238499950725,True
diabetes,SVM (RBF Kernel),96,Untargeted Causal (Karimi 2021),250,0.06450891494750977,15.634568230277182,7,3.4605190629757168,True
diabetes,SVM (RBF Kernel),96,Wachter's CE,500,0.07036304473876953,14.563050431074442,7,2.435305051278237,True
diabetes,SVM (RBF Kernel),96,SHAP-Targeted CE,343,0.024334430694580078,6.591666666666668,3,0.42891704684125964,True
diabetes,SVM (RBF Kernel),97,Actionable CBFI (Proposed),250,0.08844995498657227,8.298768483370567,7,1.3604091690002047,True
diabetes,SVM (RBF Kernel),97,Untargeted Causal (Karimi 2021),250,0.07283234596252441,16.173923080098945,8,1.2232650235203704,True
diabetes,SVM (RBF Kernel),97,Wachter's CE,500,0.07049989700317383,16.094704267330492,8,2.859757576820769,True
diabetes,SVM (RBF Kernel),97,SHAP-Targeted CE,343,0.02864384651184082,2.250000000000001,3,0.729320994863143,True
diabetes,SVM (RBF Kernel),98,Actionable CBFI (Proposed),250,0.09138846397399902,10.624783299178864,7,0.4060828918331259,True
diabetes,SVM (RBF Kernel),98,Untargeted Causal (Karimi 2021),250,0.07170414924621582,17.336722589324026,8,1.2232650235203704,True
diabetes,SVM (RBF Kernel),98,Wachter's CE,500,0.06988191604614258,13.043678347393465,6,1.7358688546044028,True
diabetes,SVM (RBF Kernel),98,SHAP-Targeted CE,343,0.029242277145385742,1.550000000000001,3,0.2807101046807269,True
diabetes,SVM (RBF Kernel),99,Actionable CBFI (Proposed),250,0.07451987266540527,16.261227888406452,8,1.8104861172914184,True
diabetes,SVM (RBF Kernel),99,Untargeted Causal (Karimi 2021),250,0.07130980491638184,20.875849655348144,8,1.2232650235203704,True
diabetes,SVM (RBF Kernel),99,Wachter's CE,500,0.0706789493560791,18.905465190086634,7,2.435305051278237,True
diabetes,SVM (RBF Kernel),99,SHAP-Targeted CE,343,0.026750564575195312,10.15,3,1.11491005817555,True
diabetes,SVM (RBF Kernel),100,Actionable CBFI (Proposed),250,0.07535076141357422,13.598782098822655,5,5.4524761629093135,True
diabetes,SVM (RBF Kernel),100,Untargeted Causal (Karimi 2021),250,0.06444764137268066,11.049147121535182,6,3.7084112535532463,True
diabetes,SVM (RBF Kernel),100,Wachter's CE,500,0.07076907157897949,11.049147121535182,6,3.7084112535532463,True
diabetes,SVM (RBF Kernel),100,SHAP-Targeted CE,343,0.02093362808227539,2.1583333333333337,2,2.7865109648900632,True
diabetes,XGBoost,1,Actionable CBFI (Proposed),250,0.06315732002258301,14.35318477488335,7,5.514037729810817,True
diabetes,XGBoost,1,Untargeted Causal (Karimi 2021),250,0.05316019058227539,17.257946679645247,7,2.508858070329697,True
diabetes,XGBoost,1,Wachter's CE,500,0.06113791465759277,11.168660965359539,7,2.309991598611708,True
diabetes,XGBoost,1,SHAP-Targeted CE,343,0.016173839569091797,2.4739648033126307,3,1.025240562435323,True
diabetes,XGBoost,2,Actionable CBFI (Proposed),250,0.11895394325256348,12.375824865407951,7,0.8571565453234335,True
diabetes,XGBoost,2,Untargeted Causal (Karimi 2021),250,0.0655829906463623,13.023106517103919,6,5.306500282564067,True
diabetes,XGBoost,2,Wachter's CE,500,0.06352758407592773,12.165653100954852,6,1.7358688546044028,True
diabetes,XGBoost,2,SHAP-Targeted CE,343,0.02539205551147461,2.3469461697722562,3,0.8325937937975564,True
diabetes,XGBoost,3,Actionable CBFI (Proposed),250,0.06475830078125,18.450034890712914,7,2.1568576434412896,True
diabetes,XGBoost,3,Untargeted Causal (Karimi 2021),250,0.0657646656036377,23.450675360089885,8,1.6778366138247904,True
diabetes,XGBoost,3,Wachter's CE,500,0.038988590240478516,19.86446341629598,8,2.188907354188532,True
diabetes,XGBoost,3,SHAP-Targeted CE,343,0.016636133193969727,2.515786749482401,3,1.4049377030797623,True
diabetes,XGBoost,4,Actionable CBFI (Proposed),250,0.06265640258789062,22.562800674359593,8,1.3493814381764946,True
diabetes,XGBoost,4,Untargeted Causal (Karimi 2021),250,0.04986739158630371,18.941863264119277,8,1.2232650235203704,True
diabetes,XGBoost,4,Wachter's CE,500,0.06305742263793945,17.64657340904681,8,4.270998089601513,True
diabetes,XGBoost,4,SHAP-Targeted CE,343,0.015605449676513672,1.8519668737060035,3,0.48699030377583863,True
diabetes,XGBoost,5,Actionable CBFI (Proposed),250,0.06442523002624512,15.47380759247242,8,10.218843032966229,True
diabetes,XGBoost,5,Untargeted Causal (Karimi 2021),250,0.06223893165588379,20.48579593378186,8,2.5328957749636327,True
diabetes,XGBoost,5,Wachter's CE,500,0.06138753890991211,14.659010219496144,8,2.743171833504409,True
diabetes,XGBoost,5,SHAP-Targeted CE,343,0.02125263214111328,2.5070910973084874,3,3.7404835622282633,True
diabetes,XGBoost,6,Actionable CBFI (Proposed),250,0.08443093299865723,7.515098106221328,5,4.61140811247238,True
diabetes,XGBoost,6,Untargeted Causal (Karimi 2021),250,0.06501245498657227,14.440405117270789,5,3.162873004029847,True
diabetes,XGBoost,6,Wachter's CE,500,0.06336212158203125,9.810474413646057,5,6.680869627207992,True
diabetes,XGBoost,6,SHAP-Targeted CE,343,0.025577783584594727,0.8119047619047617,2,4.462615356524146,True
diabetes,XGBoost,7,Actionable CBFI (Proposed),250,0.06517672538757324,20.755068601093907,7,2.1895613967807854,True
diabetes,XGBoost,7,Untargeted Causal (Karimi 2021),250,0.05354738235473633,16.995829470659125,7,2.508858070329697,True
diabetes,XGBoost,7,Wachter's CE,500,0.06094956398010254,14.781543756373413,6,2.309991598611708,True
diabetes,XGBoost,7,SHAP-Targeted CE,343,0.01637578010559082,4.820962732919254,3,0.7052213219181438,True
diabetes,XGBoost,8,Actionable CBFI (Proposed),250,0.06597757339477539,17.701430348258707,7,12.728549147521147,True
diabetes,XGBoost,8,Untargeted Causal (Karimi 2021),250,0.05546712875366211,19.29726329532462,7,7.994367356586335,True
diabetes,XGBoost,8,Wachter's CE,500,0.061197519302368164,19.29726329532462,7,7.994367356586335,True
diabetes,XGBoost,8,SHAP-Targeted CE,343,0.021974802017211914,3.125207039337473,3,10.143370374400089,True
diabetes,XGBoost,9,Actionable CBFI (Proposed),250,0.09475278854370117,11.078648646651061,7,1.8005859584762232,True
diabetes,XGBoost,9,Untargeted Causal (Karimi 2021),250,0.06491708755493164,15.326910814271981,8,1.2232650235203704,True
diabetes,XGBoost,9,Wachter's CE,500,0.06256270408630371,15.326910814271981,8,1.2232650235203704,True
diabetes,XGBoost,9,SHAP-Targeted CE,343,0.02618694305419922,2.183281573498964,3,1.2653790831533378,True
diabetes,XGBoost,10,Actionable CBFI (Proposed),250,0.09167003631591797,12.450212465522045,7,1.8752563215190357,True
diabetes,XGBoost,10,Untargeted Causal (Karimi 2021),250,0.0641486644744873,16.03859275053305,6,3.7084112535532463,True
diabetes,XGBoost,10,Wachter's CE,500,0.040090084075927734,15.63266663576527,6,4.983824867915909,True
diabetes,XGBoost,10,SHAP-Targeted CE,343,0.020593643188476562,0.9395962732919247,3,2.960544108755248,True
diabetes,XGBoost,11,Actionable CBFI (Proposed),250,0.0783376693725586,15.11384894714899,8,4.592019641194829,True
diabetes,XGBoost,11,Untargeted Causal (Karimi 2021),250,0.05379915237426758,10.434695027307205,7,1.2232650235203704,True
diabetes,XGBoost,11,Wachter's CE,500,0.03877091407775879,10.434695027307205,7,1.2232650235203704,True
diabetes,XGBoost,11,SHAP-Targeted CE,343,0.020504236221313477,2.393788819875776,3,0.9397239885375793,True
diabetes,XGBoost,12,Actionable CBFI (Proposed),250,0.0608820915222168,21.219543200148323,7,2.3233757000005104,True
diabetes,XGBoost,12,Untargeted Causal (Karimi 2021),250,0.06253218650817871,14.723727635116344,6,2.705257712125968,True
diabetes,XGBoost,12,Wachter's CE,500,0.06094527244567871,12.240971771576898,6,2.309991598611708,True
diabetes,XGBoost,12,SHAP-Targeted CE,343,0.017307281494140625,1.2336956521739124,2,0.4796423746123734,True
diabetes,XGBoost,13,Actionable CBFI (Proposed),250,0.048918962478637695,17.436298891957076,8,1.8233531232940177,True
diabetes,XGBoost,13,Untargeted Causal (Karimi 2021),250,0.061138153076171875,11.852059761522295,8,1.2232650235203704,True
diabetes,XGBoost,13,Wachter's CE,500,0.06129264831542969,11.852059761522295,8,1.2232650235203704,True
diabetes,XGBoost,13,SHAP-Targeted CE,343,0.021699905395507812,1.1461180124223604,3,0.11339991568898038,True
diabetes,XGBoost,14,Actionable CBFI (Proposed),250,0.06199240684509277,20.907682858996942,7,0.6993797264388084,True
diabetes,XGBoost,14,Untargeted Causal (Karimi 2021),250,0.061133384704589844,18.788564312385734,7,1.2232650235203704,True
diabetes,XGBoost,14,Wachter's CE,500,0.041535139083862305,12.586280940020394,6,2.309991598611708,True
diabetes,XGBoost,14,SHAP-Targeted CE,343,0.01879572868347168,4.525362318840578,2,0.7735385011211326,True
diabetes,XGBoost,15,Actionable CBFI (Proposed),250,0.06420183181762695,19.817345870434004,8,3.1730489748832587,True
diabetes,XGBoost,15,Untargeted Causal (Karimi 2021),250,0.0626220703125,15.459341877568676,7,2.508858070329697,True
diabetes,XGBoost,15,Wachter's CE,500,0.06081199645996094,14.670056163282965,7,1.552617624781378,True
diabetes,XGBoost,15,SHAP-Targeted CE,343,0.021209001541137695,2.249844720496894,3,0.45178729943992446,True
diabetes,XGBoost,16,Actionable CBFI (Proposed),250,0.04963231086730957,18.337561986422635,8,2.7595600026866665,True
diabetes,XGBoost,16,Untargeted Causal (Karimi 2021),250,0.06390595436096191,18.135717724127552,8,1.2232650235203704,True
diabetes,XGBoost,16,Wachter's CE,500,0.06068897247314453,12.197045016238429,8,2.2083614511860623,True
diabetes,XGBoost,16,SHAP-Targeted CE,343,0.016263961791992188,2.6082815734989646,3,0.5406921283561189,True
diabetes,XGBoost,17,Actionable CBFI (Proposed),250,0.08184957504272461,14.41171538500747,8,0.1921826726864298,True
diabetes,XGBoost,17,Untargeted Causal (Karimi 2021),250,0.06259703636169434,16.68567857814076,8,2.859757576820769,True
diabetes,XGBoost,17,Wachter's CE,500,0.06168961524963379,15.610704458057942,8,2.2083614511860623,True
diabetes,XGBoost,17,SHAP-Targeted CE,343,0.020569324493408203,1.8076086956521735,2,0.12293866377356577,True
diabetes,XGBoost,18,Actionable CBFI (Proposed),250,0.06363964080810547,22.404770162019553,8,1.8018735912416255,True
diabetes,XGBoost,18,Untargeted Causal (Karimi 2021),250,0.05331230163574219,14.479371002132197,6,4.619574798352005,True
diabetes,XGBoost,18,Wachter's CE,500,0.061591386795043945,12.671819087790858,6,2.309991598611708,True
diabetes,XGBoost,18,SHAP-Targeted CE,343,0.024067401885986328,3.820134575569358,3,1.318256288725729,True
diabetes,XGBoost,19,Actionable CBFI (Proposed),250,0.08613801002502441,14.45973874518052,8,1.8321016816114202,True
diabetes,XGBoost,19,Untargeted Causal (Karimi 2021),250,0.06531715393066406,13.147033827147734,8,1.2232650235203704,True
diabetes,XGBoost,19,Wachter's CE,500,0.06369423866271973,13.147033827147734,8,1.2232650235203704,True
diabetes,XGBoost,19,SHAP-Targeted CE,343,0.02593207359313965,2.672722567287785,3,0.305319177881212,True
diabetes,XGBoost,20,Actionable CBFI (Proposed),250,0.06577658653259277,11.999948626433053,7,3.1921306983881133,True
diabetes,XGBoost,20,Untargeted Causal (Karimi 2021),250,0.06454348564147949,12.474664333611447,7,2.508858070329697,True
diabetes,XGBoost,20,Wachter's CE,500,0.060462236404418945,8.828235762182874,7,1.552617624781378,True
diabetes,XGBoost,20,SHAP-Targeted CE,343,0.019089698791503906,2.4091614906832297,3,0.8216391474107176,True
diabetes,XGBoost,21,Actionable CBFI (Proposed),250,0.06225991249084473,16.889219035663753,8,1.5509870015116622,True
diabetes,XGBoost,21,Untargeted Causal (Karimi 2021),250,0.06349897384643555,18.101719035663756,8,1.2232650235203704,True
diabetes,XGBoost,21,Wachter's CE,500,0.047353267669677734,15.578007091869846,7,2.309991598611708,True
diabetes,XGBoost,21,SHAP-Targeted CE,343,0.01505422592163086,2.343012422360249,3,0.4855599457120136,True
diabetes,XGBoost,22,Actionable CBFI (Proposed),250,0.06595826148986816,18.277355566379487,8,4.790318403761896,True
diabetes,XGBoost,22,Untargeted Causal (Karimi 2021),250,0.05552220344543457,17.042903070686688,8,1.2232650235203704,True
diabetes,XGBoost,22,Wachter's CE,500,0.06166243553161621,15.394155349664468,8,4.85048663450092,True
diabetes,XGBoost,22,SHAP-Targeted CE,343,0.019789695739746094,2.9487060041407855,3,1.9960576099384917,True
diabetes,XGBoost,23,Actionable CBFI (Proposed),250,0.06512880325317383,20.81572147028831,8,4.3456307546265425,True
diabetes,XGBoost,23,Untargeted Causal (Karimi 2021),250,0.0650780200958252,18.812725339548052,8,1.2232650235203704,True
diabetes,XGBoost,23,Wachter's CE,500,0.062264442443847656,18.812725339548052,8,1.2232650235203704,True
diabetes,XGBoost,23,SHAP-Targeted CE,343,0.024065494537353516,6.265579710144924,3,1.9851807529504313,True
diabetes,XGBoost,24,Actionable CBFI (Proposed),250,0.06793451309204102,11.06762422360248,5,3.020604730306336,True
diabetes,XGBoost,24,Untargeted Causal (Karimi 2021),250,0.06612563133239746,19.726392880318897,7,1.6806105563398337,True
diabetes,XGBoost,24,Wachter's CE,500,0.06444191932678223,18.420138824510985,7,5.67571649398932,True
diabetes,XGBoost,24,SHAP-Targeted CE,343,0.027433395385742188,3.588250517598343,3,1.3013392160891624,True
diabetes,XGBoost,25,Actionable CBFI (Proposed),250,0.0649871826171875,17.302319535861063,7,2.932645739692446,True
diabetes,XGBoost,25,Untargeted Causal (Karimi 2021),250,0.05419182777404785,16.60743680664998,7,2.508858070329697,True
diabetes,XGBoost,25,Wachter's CE,500,0.06314778327941895,15.318151092364264,7,1.552617624781378,True
diabetes,XGBoost,25,SHAP-Targeted CE,343,0.02394556999206543,2.810093167701863,3,0.5501002273087501,True
diabetes,XGBoost,26,Actionable CBFI (Proposed),250,0.06343531608581543,21.90431665873868,8,6.783558136586858,True
diabetes,XGBoost,26,Untargeted Causal (Karimi 2021),250,0.05576753616333008,18.096072844463155,8,1.2232650235203704,True
diabetes,XGBoost,26,Wachter's CE,500,0.06139564514160156,15.70068371866358,8,2.2083614511860623,True
diabetes,XGBoost,26,SHAP-Targeted CE,343,0.021440744400024414,3.4006728778467896,3,1.9352599477309222,True
diabetes,XGBoost,27,Actionable CBFI (Proposed),250,0.05669093132019043,24.034614221429255,8,3.726419706558852,True
diabetes,XGBoost,27,Untargeted Causal (Karimi 2021),250,0.057794809341430664,18.658130954533924,8,2.5328957749636327,True
diabetes,XGBoost,27,Wachter's CE,500,0.048619747161865234,13.724202383105348,8,2.743171833504409,True
diabetes,XGBoost,27,SHAP-Targeted CE,343,0.04596972465515137,1.9605072463768114,2,0.8096875856387795,True
diabetes,XGBoost,28,Actionable CBFI (Proposed),250,0.07927155494689941,19.828555737248994,8,0.7580365140575073,True
diabetes,XGBoost,28,Untargeted Causal (Karimi 2021),250,0.06511068344116211,14.866144433113933,6,2.705257712125968,True
diabetes,XGBoost,28,Wachter's CE,500,0.04064464569091797,12.335200936312228,6,2.309991598611708,True
diabetes,XGBoost,28,SHAP-Targeted CE,343,0.020270586013793945,2.102018633540373,3,0.40576545225326976,True
diabetes,XGBoost,29,Actionable CBFI (Proposed),250,0.05067729949951172,20.086734031704825,7,1.549472474675995,True
diabetes,XGBoost,29,Untargeted Causal (Karimi 2021),250,0.06387519836425781,13.16298090293872,6,4.619574798352005,True
diabetes,XGBoost,29,Wachter's CE,500,0.06194591522216797,11.30001042922036,6,2.309991598611708,True
diabetes,XGBoost,29,SHAP-Targeted CE,343,0.02247905731201172,1.0309006211180125,3,0.4022167251340276,True
diabetes,XGBoost,30,Actionable CBFI (Proposed),250,0.0696573257446289,16.125613538305824,8,1.6019123556213024,True
diabetes,XGBoost,30,Untargeted Causal (Karimi 2021),250,0.06623673439025879,12.004184966877252,7,1.2232650235203704,True
diabetes,XGBoost,30,Wachter's CE,500,0.15885639190673828,10.909044451654768,7,2.309991598611708,True
diabetes,XGBoost,30,SHAP-Targeted CE,343,0.02593231201171875,2.7901656314699794,3,0.752551126069881,True
diabetes,XGBoost,31,Actionable CBFI (Proposed),250,0.054364919662475586,16.26229104198993,8,1.615761304364602,True
diabetes,XGBoost,31,Untargeted Causal (Karimi 2021),250,0.05547952651977539,12.361860087861274,8,1.2232650235203704,True
diabetes,XGBoost,31,Wachter's CE,500,0.06281208992004395,12.361860087861274,8,1.2232650235203704,True
diabetes,XGBoost,31,SHAP-Targeted CE,343,0.023094654083251953,1.1663043478260868,3,0.11877335917873286,True
diabetes,XGBoost,32,Actionable CBFI (Proposed),250,0.05378150939941406,11.506229720960414,6,2.9118814677502556,True
diabetes,XGBoost,32,Untargeted Causal (Karimi 2021),250,0.06374645233154297,12.866544219894317,7,2.508858070329697,True
diabetes,XGBoost,32,Wachter's CE,500,0.0411229133605957,11.93797279132289,6,2.309991598611708,True
diabetes,XGBoost,32,SHAP-Targeted CE,343,0.018602848052978516,1.7577122153209106,3,1.7265414791212366,True
diabetes,XGBoost,33,Actionable CBFI (Proposed),250,0.06272554397583008,16.206905302679147,6,3.006561456380439,True
diabetes,XGBoost,33,Untargeted Causal (Karimi 2021),250,0.06349492073059082,15.992912765365718,5,3.7084112535532463,True
diabetes,XGBoost,33,Wachter's CE,500,0.06379890441894531,15.992912765365718,5,3.7084112535532463,True
diabetes,XGBoost,33,SHAP-Targeted CE,343,0.02648329734802246,2.6226190476190463,3,4.275477038374925,True
diabetes,XGBoost,34,Actionable CBFI (Proposed),250,0.06519174575805664,15.477983915824602,7,2.300576416886826,True
diabetes,XGBoost,34,Untargeted Causal (Karimi 2021),250,0.06379294395446777,14.69762677296746,6,2.705257712125968,True
diabetes,XGBoost,34,Wachter's CE,500,0.03987288475036621,14.376544683415219,6,2.309991598611708,True
diabetes,XGBoost,34,SHAP-Targeted CE,343,0.020957469940185547,3.330486542443064,3,2.0532900973959056,True
diabetes,XGBoost,35,Actionable CBFI (Proposed),250,0.0665130615234375,16.99141679597127,8,3.3746116266542217,True
diabetes,XGBoost,35,Untargeted Causal (Karimi 2021),250,0.06683468818664551,17.357798783548905,8,2.859757576820769,True
diabetes,XGBoost,35,Wachter's CE,500,0.06535887718200684,16.217607272161743,8,2.2083614511860623,True
diabetes,XGBoost,35,SHAP-Targeted CE,343,0.026927709579467773,2.8824534161490685,3,0.36265790011813204,True
diabetes,XGBoost,36,Actionable CBFI (Proposed),250,0.09511637687683105,12.20780742296796,7,2.0803617024407948,True
diabetes,XGBoost,36,Untargeted Causal (Karimi 2021),250,0.06095600128173828,12.91150690646148,6,4.619574798352005,True
diabetes,XGBoost,36,Wachter's CE,500,0.06804585456848145,9.571670761101325,6,2.309991598611708,True
diabetes,XGBoost,36,SHAP-Targeted CE,343,0.020566940307617188,1.9496894409937893,3,2.4774411466325232,True
diabetes,XGBoost,37,Actionable CBFI (Proposed),250,0.04935503005981445,20.14097066976491,8,3.4219410590981774,True
diabetes,XGBoost,37,Untargeted Causal (Karimi 2021),250,0.062140703201293945,12.58723932648133,8,1.2232650235203704,True
diabetes,XGBoost,37,Wachter's CE,500,0.03928518295288086,12.58723932648133,8,1.2232650235203704,True
diabetes,XGBoost,37,SHAP-Targeted CE,343,0.016825437545776367,2.2047101449275366,2,1.381473662851983,True
diabetes,XGBoost,38,Actionable CBFI (Proposed),250,0.06237220764160156,20.257001483266897,7,2.484108546967088,True
diabetes,XGBoost,38,Untargeted Causal (Karimi 2021),250,0.06584668159484863,17.994608624984235,7,1.2232650235203704,True
diabetes,XGBoost,38,Wachter's CE,500,0.06444811820983887,13.5051358116251,6,1.7358688546044028,True
diabetes,XGBoost,38,SHAP-Targeted CE,343,0.026483535766601562,4.645496894409937,3,0.7406298496965789,True
diabetes,XGBoost,39,Actionable CBFI (Proposed),250,0.061693668365478516,16.553256316675455,8,2.7273003522500354,True
diabetes,XGBoost,39,Untargeted Causal (Karimi 2021),250,0.06279563903808594,13.91274109419302,7,1.2232650235203704,True
diabetes,XGBoost,39,Wachter's CE,500,0.062465667724609375,13.91274109419302,7,1.2232650235203704,True
diabetes,XGBoost,39,SHAP-Targeted CE,343,0.017181873321533203,1.4905279503105584,3,0.22901816021367516,True
diabetes,XGBoost,40,Actionable CBFI (Proposed),250,0.04997730255126953,23.213008068303225,8,2.9134626812429754,True
diabetes,XGBoost,40,Untargeted Causal (Karimi 2021),250,0.06513524055480957,17.312464590042357,8,1.2232650235203704,True
diabetes,XGBoost,40,Wachter's CE,500,0.062258005142211914,15.110430265179552,8,2.743171833504409,True
diabetes,XGBoost,40,SHAP-Targeted CE,343,0.021715879440307617,0.7412525879917182,3,0.41889622705689133,True
diabetes,XGBoost,41,Actionable CBFI (Proposed),250,0.06363368034362793,13.390553608598896,8,2.5328957749636327,True
diabetes,XGBoost,41,Untargeted Causal (Karimi 2021),250,0.056815385818481445,13.390553608598896,8,2.5328957749636327,True
diabetes,XGBoost,41,Wachter's CE,500,0.06358933448791504,13.05186313240842,8,2.743171833504409,True
diabetes,XGBoost,41,SHAP-Targeted CE,343,0.025725126266479492,2.782349896480332,3,2.5462892245888007,True
diabetes,XGBoost,42,Actionable CBFI (Proposed),250,0.06662607192993164,15.127675383139287,8,1.8321016816114202,True
diabetes,XGBoost,42,Untargeted Causal (Karimi 2021),250,0.06567907333374023,13.855567994210801,8,4.270998089601513,True
diabetes,XGBoost,42,Wachter's CE,500,0.06460046768188477,13.855567994210801,8,4.270998089601513,True
diabetes,XGBoost,42,SHAP-Targeted CE,343,0.02512836456298828,3.4204968944099368,3,0.7992021325469495,True
diabetes,XGBoost,43,Actionable CBFI (Proposed),250,0.05161738395690918,22.54932031498145,8,1.6474329946823278,True
diabetes,XGBoost,43,Untargeted Causal (Karimi 2021),250,0.06131267547607422,16.14750794824371,7,1.2232650235203704,True
diabetes,XGBoost,43,Wachter's CE,500,0.03932785987854004,4.480938861592658,6,2.309991598611708,True
diabetes,XGBoost,43,SHAP-Targeted CE,343,0.017606019973754883,2.586956521739129,2,1.947183461666366,True
diabetes,XGBoost,44,Actionable CBFI (Proposed),250,0.06692624092102051,15.68417423750811,6,2.5679140703857706,True
diabetes,XGBoost,44,Untargeted Causal (Karimi 2021),250,0.06310224533081055,13.74667423750811,6,4.619574798352005,True
diabetes,XGBoost,44,Wachter's CE,500,0.06132149696350098,10.533087280986372,6,2.309991598611708,True
diabetes,XGBoost,44,SHAP-Targeted CE,343,0.03008747100830078,1.7513975155279506,3,0.46881816498070394,True
diabetes,XGBoost,45,Actionable CBFI (Proposed),250,0.0842287540435791,19.261309444227173,8,2.173069785481758,True
diabetes,XGBoost,45,Untargeted Causal (Karimi 2021),250,0.06302094459533691,19.7982213271794,7,1.2232650235203704,True
diabetes,XGBoost,45,Wachter's CE,500,0.06176185607910156,19.58041127728631,7,1.7358688546044028,True
diabetes,XGBoost,45,SHAP-Targeted CE,343,0.021720170974731445,3.8786749482401657,3,0.9827696623802931,True
diabetes,XGBoost,46,Actionable CBFI (Proposed),250,0.06862139701843262,19.393340363400387,7,1.726707724252386,True
diabetes,XGBoost,46,Untargeted Causal (Karimi 2021),250,0.059215545654296875,13.759909450051445,6,1.2232650235203704,True
diabetes,XGBoost,46,Wachter's CE,500,0.0547938346862793,9.929598127375542,5,1.7358688546044028,True
diabetes,XGBoost,46,SHAP-Targeted CE,343,0.02745819091796875,1.0150621118012424,3,0.47161020563036915,True
diabetes,XGBoost,47,Actionable CBFI (Proposed),250,0.06705570220947266,16.37737123237291,8,7.99682308536166,True
diabetes,XGBoost,47,Untargeted Causal (Karimi 2021),250,0.07010483741760254,15.809279897478293,8,4.1155382955090705,True
diabetes,XGBoost,47,Wachter's CE,500,0.06551027297973633,15.809279897478293,8,4.1155382955090705,True
diabetes,XGBoost,47,SHAP-Targeted CE,343,0.026306629180908203,3.5211697722567283,3,1.9627323373251477,True
diabetes,XGBoost,48,Actionable CBFI (Proposed),250,0.06931424140930176,17.939368825103685,8,2.534521668287276,True
diabetes,XGBoost,48,Untargeted Causal (Karimi 2021),250,0.06834840774536133,8.32600206000848,8,1.2232650235203704,True
diabetes,XGBoost,48,Wachter's CE,500,0.06589198112487793,8.32600206000848,8,1.2232650235203704,True
diabetes,XGBoost,48,SHAP-Targeted CE,343,0.026369333267211914,1.2243788819875776,3,0.577758229415464,True
diabetes,XGBoost,49,Actionable CBFI (Proposed),250,0.06686854362487793,11.915093399462314,7,2.6661795189069064,True
diabetes,XGBoost,49,Untargeted Causal (Karimi 2021),250,0.061118125915527344,13.552159380523307,6,1.2232650235203704,True
diabetes,XGBoost,49,Wachter's CE,500,0.04202675819396973,5.599876008157968,6,2.309991598611708,True
diabetes,XGBoost,49,SHAP-Targeted CE,343,0.02363133430480957,1.62075569358178,3,2.486329183440194,True
diabetes,XGBoost,50,Actionable CBFI (Proposed),250,0.06812286376953125,14.143214459218012,8,3.355424096046602,True
diabetes,XGBoost,50,Untargeted Causal (Karimi 2021),250,0.0681149959564209,14.02689427442768,8,1.2232650235203704,True
diabetes,XGBoost,50,Wachter's CE,500,0.0642249584197998,14.02689427442768,8,1.2232650235203704,True
diabetes,XGBoost,50,SHAP-Targeted CE,343,0.025467634201049805,3.6668219461697706,3,0.8582354577566822,True
diabetes,XGBoost,51,Actionable CBFI (Proposed),250,0.10126447677612305,13.749895551957088,7,1.7924851412372091,True
diabetes,XGBoost,51,Untargeted Causal (Karimi 2021),250,0.07298088073730469,18.609971493464354,7,2.508858070329697,True
diabetes,XGBoost,51,Wachter's CE,500,0.06616377830505371,15.395685779178642,6,2.309991598611708,True
diabetes,XGBoost,51,SHAP-Targeted CE,343,0.027307748794555664,1.4650621118012426,3,0.8189729774521884,True
diabetes,XGBoost,52,Actionable CBFI (Proposed),250,0.06649947166442871,20.28386123425232,8,2.650166578704522,True
diabetes,XGBoost,52,Untargeted Causal (Karimi 2021),250,0.06342315673828125,14.887941775948688,8,1.2232650235203704,True
diabetes,XGBoost,52,Wachter's CE,500,0.055342912673950195,12.722907462737226,8,2.743171833504409,True
diabetes,XGBoost,52,SHAP-Targeted CE,343,0.023960590362548828,3.8743788819875777,3,0.6880081941382221,True
diabetes,XGBoost,53,Actionable CBFI (Proposed),250,0.06576681137084961,17.632266848984887,7,2.6661795189069064,True
diabetes,XGBoost,53,Untargeted Causal (Karimi 2021),250,0.05633735656738281,15.415351812366737,6,2.705257712125968,True
diabetes,XGBoost,53,Wachter's CE,500,0.06190156936645508,12.50338486140725,6,2.309991598611708,True
diabetes,XGBoost,53,SHAP-Targeted CE,343,0.0245206356048584,0.8178571428571427,3,0.38661665375993465,True
diabetes,XGBoost,54,Actionable CBFI (Proposed),250,0.06482505798339844,20.653410779317948,8,4.3924483577173685,True
diabetes,XGBoost,54,Untargeted Causal (Karimi 2021),250,0.06676006317138672,16.355792117966327,8,1.2232650235203704,True
diabetes,XGBoost,54,Wachter's CE,500,0.06418442726135254,16.355792117966327,8,1.2232650235203704,True
diabetes,XGBoost,54,SHAP-Targeted CE,343,0.023576021194458008,5.562060041407865,3,0.6950600648137313,True
diabetes,XGBoost,55,Actionable CBFI (Proposed),250,0.05583620071411133,22.857984147585057,6,7.485065885532066,True
diabetes,XGBoost,55,Untargeted Causal (Karimi 2021),250,0.06725478172302246,14.715127004727915,6,4.619574798352005,True
diabetes,XGBoost,55,Wachter's CE,500,0.04756331443786621,14.715127004727915,6,4.619574798352005,True
diabetes,XGBoost,55,SHAP-Targeted CE,343,0.02501511573791504,4.368167701863353,3,1.616941490696996,True
diabetes,XGBoost,56,Actionable CBFI (Proposed),250,0.06895685195922852,17.584260375142915,7,1.6285252692436998,True
diabetes,XGBoost,56,Untargeted Causal (Karimi 2021),250,0.06801438331604004,19.004507354531686,6,2.508858070329697,True
diabetes,XGBoost,56,Wachter's CE,500,0.06634736061096191,17.71522164024597,7,1.552617624781378,True
diabetes,XGBoost,56,SHAP-Targeted CE,343,0.02717447280883789,4.484213250517598,3,1.0005635403731448,True
diabetes,XGBoost,57,Actionable CBFI (Proposed),250,0.06854701042175293,15.383807093490898,7,2.2863842342199403,True
diabetes,XGBoost,57,Untargeted Causal (Karimi 2021),250,0.06107139587402344,18.602544153532303,7,2.508858070329697,True
diabetes,XGBoost,57,Wachter's CE,500,0.06133127212524414,18.51714042682423,7,0.9884911844054438,True
diabetes,XGBoost,57,SHAP-Targeted CE,343,0.023093700408935547,2.9750000000000005,3,0.4571965661381374,True
diabetes,XGBoost,58,Actionable CBFI (Proposed),250,0.06292128562927246,22.40242189672754,6,2.939767811834042,True
diabetes,XGBoost,58,Untargeted Causal (Karimi 2021),250,0.06664586067199707,10.416894710086671,6,1.2232650235203704,True
diabetes,XGBoost,58,Wachter's CE,500,0.06754684448242188,6.618881524056734,5,1.7358688546044028,True
diabetes,XGBoost,58,SHAP-Targeted CE,343,0.022627592086791992,2.141770186335403,3,0.829698779748061,True
diabetes,XGBoost,59,Actionable CBFI (Proposed),250,0.06610250473022461,12.383487371714887,8,1.5718917480797896,True
diabetes,XGBoost,59,Untargeted Causal (Karimi 2021),250,0.059624433517456055,10.589189837646103,8,1.2232650235203704,True
diabetes,XGBoost,59,Wachter's CE,500,0.03943061828613281,10.589189837646103,8,1.2232650235203704,True
diabetes,XGBoost,59,SHAP-Targeted CE,343,0.0232999324798584,1.8626811594202888,2,0.49699693871929895,True
diabetes,XGBoost,60,Actionable CBFI (Proposed),250,0.06741929054260254,12.399638453694262,6,2.9118814677502556,True
diabetes,XGBoost,60,Untargeted Causal (Karimi 2021),250,0.06667804718017578,12.556781310837119,5,2.705257712125968,True
diabetes,XGBoost,60,Wachter's CE,500,0.059474945068359375,9.957607536849913,6,2.309991598611708,True
diabetes,XGBoost,60,SHAP-Targeted CE,343,0.023802757263183594,1.4371118012422355,3,0.5472860322192977,True
diabetes,XGBoost,61,Actionable CBFI (Proposed),250,0.0650627613067627,20.49457738164893,8,2.163166893460949,True
diabetes,XGBoost,61,Untargeted Causal (Karimi 2021),250,0.05894041061401367,14.128844861579488,8,1.2232650235203704,True
diabetes,XGBoost,61,Wachter's CE,500,0.05971813201904297,14.128844861579488,8,1.2232650235203704,True
diabetes,XGBoost,61,SHAP-Targeted CE,343,0.024518966674804688,2.412888198757764,3,0.12280254466398129,True
diabetes,XGBoost,62,Actionable CBFI (Proposed),250,0.06703710556030273,19.885766773757723,7,1.7529827716335713,True
diabetes,XGBoost,62,Untargeted Causal (Karimi 2021),250,0.06702518463134766,17.100757039818724,7,1.2232650235203704,True
diabetes,XGBoost,62,Wachter's CE,500,0.06468892097473145,16.377930952862204,7,4.270998089601513,True
diabetes,XGBoost,62,SHAP-Targeted CE,343,0.025793075561523438,4.414544513457555,3,0.7096224204001407,True
diabetes,XGBoost,63,Actionable CBFI (Proposed),250,0.06660985946655273,16.513031693938412,7,2.300576416886826,True
diabetes,XGBoost,63,Untargeted Causal (Karimi 2021),250,0.06606078147888184,21.071730588225755,7,1.2232650235203704,True
diabetes,XGBoost,63,Wachter's CE,500,0.039254188537597656,18.24633914735456,6,6.3529407494899885,True
diabetes,XGBoost,63,SHAP-Targeted CE,343,0.024387598037719727,5.046428571428572,2,4.980037870198723,True
diabetes,XGBoost,64,Actionable CBFI (Proposed),250,0.09223365783691406,12.239060652768341,7,1.0717247840965103,True
diabetes,XGBoost,64,Untargeted Causal (Karimi 2021),250,0.057890892028808594,15.24257376821219,7,1.2232650235203704,True
diabetes,XGBoost,64,Wachter's CE,500,0.0625295639038086,10.183147538703995,6,2.309991598611708,True
diabetes,XGBoost,64,SHAP-Targeted CE,343,0.023171186447143555,3.3029503105590066,3,0.8001455707198477,True
diabetes,XGBoost,65,Actionable CBFI (Proposed),250,0.06294846534729004,16.366794907450323,7,1.6582957338827249,True
diabetes,XGBoost,65,Untargeted Causal (Karimi 2021),250,0.06517553329467773,16.15012824078366,7,3.7869174387841236,True
diabetes,XGBoost,65,Wachter's CE,500,0.06299185752868652,15.739698634158398,7,1.552617624781378,True
diabetes,XGBoost,65,SHAP-Targeted CE,343,0.02337169647216797,4.350362318840578,2,0.7934549341146935,True
diabetes,XGBoost,66,Actionable CBFI (Proposed),250,0.06798553466796875,13.545161392659958,8,3.079420045876663,True
diabetes,XGBoost,66,Untargeted Causal (Karimi 2021),250,0.06691527366638184,17.927340172672935,8,2.5328957749636327,True
diabetes,XGBoost,66,Wachter's CE,500,0.06927609443664551,17.350554458387222,8,2.743171833504409,True
diabetes,XGBoost,66,SHAP-Targeted CE,343,0.05096721649169922,1.6511904761904743,3,2.5601127698486232,True
diabetes,XGBoost,67,Actionable CBFI (Proposed),250,0.07677149772644043,19.27145177280282,8,7.215992935575469,True
diabetes,XGBoost,67,Untargeted Causal (Karimi 2021),250,0.05975675582885742,15.877854636551486,8,1.2232650235203704,True
diabetes,XGBoost,67,Wachter's CE,500,0.038828372955322266,15.877854636551486,8,1.2232650235203704,True
diabetes,XGBoost,67,SHAP-Targeted CE,343,0.0258181095123291,2.047670807453416,3,0.6430707336988533,True
diabetes,XGBoost,68,Actionable CBFI (Proposed),250,0.0564274787902832,18.10549807980766,8,4.86970821367437,True
diabetes,XGBoost,68,Untargeted Causal (Karimi 2021),250,0.06439661979675293,14.942066402789028,8,1.2232650235203704,True
diabetes,XGBoost,68,Wachter's CE,500,0.04901242256164551,13.632283794093377,8,4.270998089601513,True
diabetes,XGBoost,68,SHAP-Targeted CE,343,0.020969390869140625,1.677898550724637,2,0.9345803032365595,True
diabetes,XGBoost,69,Actionable CBFI (Proposed),250,0.0708608627319336,12.09425177721007,8,2.7803445516559764,True
diabetes,XGBoost,69,Untargeted Causal (Karimi 2021),250,0.06736564636230469,14.319003020991163,8,1.2232650235203704,True
diabetes,XGBoost,69,Wachter's CE,500,0.18468689918518066,14.319003020991163,8,1.2232650235203704,True
diabetes,XGBoost,69,SHAP-Targeted CE,343,0.026319026947021484,2.8953416149068314,3,1.2956835143144276,True
diabetes,XGBoost,70,Actionable CBFI (Proposed),250,0.053838491439819336,18.892278273635387,6,1.7857149821550702,True
diabetes,XGBoost,70,Untargeted Causal (Karimi 2021),250,0.06601810455322266,16.569036803559836,6,5.306500282564067,True
diabetes,XGBoost,70,Wachter's CE,500,0.04726147651672363,13.954440530267913,6,1.7358688546044028,True
diabetes,XGBoost,70,SHAP-Targeted CE,343,0.0239410400390625,3.7773291925465826,3,0.6301942632960011,True
diabetes,XGBoost,71,Actionable CBFI (Proposed),250,0.06827688217163086,16.083169555946974,5,11.300072894792995,True
diabetes,XGBoost,71,Untargeted Causal (Karimi 2021),250,0.05828285217285156,16.849603689626402,6,4.870803897105422,True
diabetes,XGBoost,71,Wachter's CE,500,0.03926825523376465,16.849603689626402,6,4.870803897105422,True
diabetes,XGBoost,71,SHAP-Targeted CE,343,0.0219879150390625,2.704089026915114,3,6.686022337566358,True
diabetes,XGBoost,72,Actionable CBFI (Proposed),250,0.06707072257995605,14.75395884212984,8,5.727819649243842,True
diabetes,XGBoost,72,Untargeted Causal (Karimi 2021),250,0.06681132316589355,13.703071199597163,8,1.2232650235203704,True
diabetes,XGBoost,72,Wachter's CE,500,0.06451010704040527,13.703071199597163,8,1.2232650235203704,True
diabetes,XGBoost,72,SHAP-Targeted CE,343,0.025059223175048828,3.5689440993788812,3,1.0956431047306523,True
diabetes,XGBoost,73,Actionable CBFI (Proposed),250,0.09727597236633301,13.61002618744187,8,1.89541114521371,True
diabetes,XGBoost,73,Untargeted Causal (Karimi 2021),250,0.05928945541381836,16.265416483664563,8,1.2232650235203704,True
diabetes,XGBoost,73,Wachter's CE,500,0.06249499320983887,11.660907014160435,8,1.7358688546044028,True
diabetes,XGBoost,73,SHAP-Targeted CE,343,0.022889137268066406,0.7766563146997921,3,0.329558520294814,True
diabetes,XGBoost,74,Actionable CBFI (Proposed),250,0.06568098068237305,22.689279356703906,8,3.024136995406195,True
diabetes,XGBoost,74,Untargeted Causal (Karimi 2021),250,0.05977225303649902,13.97319865771438,8,4.270998089601513,True
diabetes,XGBoost,74,Wachter's CE,500,0.04298686981201172,13.97319865771438,8,4.270998089601513,True
diabetes,XGBoost,74,SHAP-Targeted CE,343,0.023244142532348633,1.4610248447204959,3,0.5233686975724993,True
diabetes,XGBoost,75,Actionable CBFI (Proposed),250,0.0649406909942627,17.733561877001307,8,0.7580365140575073,True
diabetes,XGBoost,75,Untargeted Causal (Karimi 2021),250,0.06688475608825684,16.766417796467206,8,2.5328957749636327,True
diabetes,XGBoost,75,Wachter's CE,500,0.0678403377532959,7.77891779646721,8,2.743171833504409,True
diabetes,XGBoost,75,SHAP-Targeted CE,343,0.02192378044128418,1.7534679089026928,3,0.8026120346604217,True
diabetes,XGBoost,76,Actionable CBFI (Proposed),250,0.06426525115966797,17.663374832385266,8,2.1154180625075307,True
diabetes,XGBoost,76,Untargeted Causal (Karimi 2021),250,0.06899356842041016,19.633017689528124,8,1.2232650235203704,True
diabetes,XGBoost,76,Wachter's CE,500,0.0663447380065918,19.17110404347269,8,2.2083614511860623,True
diabetes,XGBoost,76,SHAP-Targeted CE,343,0.026163339614868164,4.367028985507246,3,1.4061536411943092,True
diabetes,XGBoost,77,Actionable CBFI (Proposed),250,0.06914424896240234,14.46141304347826,6,3.915416720334386,True
diabetes,XGBoost,77,Untargeted Causal (Karimi 2021),250,0.059741973876953125,15.723709094280153,6,2.705257712125968,True
diabetes,XGBoost,77,Wachter's CE,500,0.04816460609436035,11.024375405580791,6,2.309991598611708,True
diabetes,XGBoost,77,SHAP-Targeted CE,343,0.025065183639526367,2.3795548654244314,3,1.7274454260018803,True
diabetes,XGBoost,78,Actionable CBFI (Proposed),250,0.06424927711486816,16.863669231482337,7,5.392862661195105,True
diabetes,XGBoost,78,Untargeted Causal (Karimi 2021),250,0.06558966636657715,17.642489802540094,7,2.508858070329697,True
diabetes,XGBoost,78,Wachter's CE,500,0.039266109466552734,14.92463265968295,7,1.552617624781378,True
diabetes,XGBoost,78,SHAP-Targeted CE,343,0.0226442813873291,2.9905797101449276,2,0.31560850191330064,True
diabetes,XGBoost,79,Actionable CBFI (Proposed),250,0.0980672836303711,12.982112250830962,7,2.710514322936276,True
diabetes,XGBoost,79,Untargeted Causal (Karimi 2021),250,0.059393882751464844,15.246034534333727,7,1.2232650235203704,True
diabetes,XGBoost,79,Wachter's CE,500,0.04073357582092285,15.246034534333727,7,1.2232650235203704,True
diabetes,XGBoost,79,SHAP-Targeted CE,343,0.022525310516357422,2.762629399585921,3,0.11248881242533253,True
diabetes,XGBoost,80,Actionable CBFI (Proposed),250,0.06804990768432617,11.654665287248717,7,5.152878031813292,True
diabetes,XGBoost,80,Untargeted Causal (Karimi 2021),250,0.06692981719970703,12.726147549848761,7,1.2232650235203704,True
diabetes,XGBoost,80,Wachter's CE,500,0.03995919227600098,12.726147549848761,7,1.2232650235203704,True
diabetes,XGBoost,80,SHAP-Targeted CE,343,0.021918296813964844,2.90916149068323,3,1.081398745381294,True
diabetes,XGBoost,81,Actionable CBFI (Proposed),250,0.06541180610656738,15.074574732234357,8,4.413002355301285,True
diabetes,XGBoost,81,Untargeted Causal (Karimi 2021),250,0.0671396255493164,19.094502268466236,8,1.2232650235203704,True
diabetes,XGBoost,81,Wachter's CE,500,0.06450486183166504,18.574574732234357,8,4.270998089601513,True
diabetes,XGBoost,81,SHAP-Targeted CE,343,0.02381420135498047,5.569875776397513,3,1.3907902814173823,True
diabetes,XGBoost,82,Actionable CBFI (Proposed),250,0.06598758697509766,21.212099896606976,8,2.61184364796272,True
diabetes,XGBoost,82,Untargeted Causal (Karimi 2021),250,0.05447578430175781,13.050586816199017,8,4.270998089601513,True
diabetes,XGBoost,82,Wachter's CE,500,0.050295352935791016,13.050586816199017,8,4.270998089601513,True
diabetes,XGBoost,82,SHAP-Targeted CE,343,0.026437997817993164,2.988457556935817,3,1.0497610895227596,True
diabetes,XGBoost,83,Actionable CBFI (Proposed),250,0.07824993133544922,10.982457665090694,6,3.257055267282521,True
diabetes,XGBoost,83,Untargeted Causal (Karimi 2021),250,0.06447625160217285,14.886002441210097,7,1.6806105563398337,True
diabetes,XGBoost,83,Wachter's CE,500,0.04956221580505371,14.313375281975215,7,2.309991598611708,True
diabetes,XGBoost,83,SHAP-Targeted CE,343,0.033704519271850586,2.3098861283643886,3,0.40391699634757294,True
diabetes,XGBoost,84,Actionable CBFI (Proposed),250,0.06391620635986328,16.28073607119681,6,1.2121703194823978,True
diabetes,XGBoost,84,Untargeted Causal (Karimi 2021),250,0.06015157699584961,11.136791971817928,6,4.619574798352005,True
diabetes,XGBoost,84,Wachter's CE,500,0.04010486602783203,11.085826689533697,6,2.309991598611708,True
diabetes,XGBoost,84,SHAP-Targeted CE,343,0.02634286880493164,1.54891304347826,2,0.46026717819084173,True
diabetes,XGBoost,85,Actionable CBFI (Proposed),250,0.09642648696899414,13.126243877392952,6,1.5367066687416433,True
diabetes,XGBoost,85,Untargeted Causal (Karimi 2021),250,0.0593259334564209,21.075186231554778,8,1.6778366138247904,True
diabetes,XGBoost,85,Wachter's CE,500,0.06218266487121582,13.311701249632097,7,2.743171833504409,True
diabetes,XGBoost,85,SHAP-Targeted CE,343,0.022546768188476562,0.7865942028985505,2,1.757438279171706,True
diabetes,XGBoost,86,Actionable CBFI (Proposed),250,0.06543612480163574,17.748572355613234,6,3.307196305234929,True
diabetes,XGBoost,86,Untargeted Causal (Karimi 2021),250,0.06580376625061035,13.014341336794287,6,6.888791111071015,True
diabetes,XGBoost,86,Wachter's CE,500,0.06377077102661133,5.506189162881246,5,2.309991598611708,True
diabetes,XGBoost,86,SHAP-Targeted CE,343,0.026493310928344727,3.1131987577639757,3,2.2463334554473255,True
diabetes,XGBoost,87,Actionable CBFI (Proposed),250,0.06777286529541016,21.438040774388924,7,5.072424831764849,True
diabetes,XGBoost,87,Untargeted Causal (Karimi 2021),250,0.0662534236907959,19.46034887673434,7,3.7084112535532463,True
diabetes,XGBoost,87,Wachter's CE,500,0.06431698799133301,15.17911220296035,7,1.7358688546044028,True
diabetes,XGBoost,87,SHAP-Targeted CE,343,0.026517868041992188,4.347049689440993,3,0.5622740176928418,True
diabetes,XGBoost,88,Actionable CBFI (Proposed),250,0.06553530693054199,18.50411312113701,7,1.3656340129837157,True
diabetes,XGBoost,88,Untargeted Causal (Karimi 2021),250,0.06571078300476074,16.12911312113701,7,1.2232650235203704,True
diabetes,XGBoost,88,Wachter's CE,500,0.040789127349853516,9.221783164920735,6,1.7358688546044028,True
diabetes,XGBoost,88,SHAP-Targeted CE,343,0.0239717960357666,2.427277432712215,3,1.7982423184308929,True
diabetes,XGBoost,89,Actionable CBFI (Proposed),250,0.1127316951751709,12.274845760184373,8,3.6983185725778895,True
diabetes,XGBoost,89,Untargeted Causal (Karimi 2021),250,0.057752132415771484,16.71554784624885,8,2.5328957749636327,True
diabetes,XGBoost,89,Wachter's CE,500,0.0602419376373291,14.068524036725035,8,2.743171833504409,True
diabetes,XGBoost,89,SHAP-Targeted CE,343,0.02470850944519043,2.528364389233955,3,2.2920999088942944,True
diabetes,XGBoost,90,Actionable CBFI (Proposed),250,0.0670769214630127,22.8585832483545,6,2.004476824105123,True
diabetes,XGBoost,90,Untargeted Causal (Karimi 2021),250,0.05986785888671875,16.520272086771115,6,4.619574798352005,True
diabetes,XGBoost,90,Wachter's CE,500,0.0459897518157959,13.172299990729579,6,1.7358688546044028,True
diabetes,XGBoost,90,SHAP-Targeted CE,343,0.025125741958618164,4.535662525879917,3,1.568778093980544,True
diabetes,XGBoost,91,Actionable CBFI (Proposed),250,0.051900625228881836,20.85109151574375,8,2.015968029235661,True
diabetes,XGBoost,91,Untargeted Causal (Karimi 2021),250,0.05916190147399902,14.018257537533792,8,1.2232650235203704,True
diabetes,XGBoost,91,Wachter's CE,500,0.03989553451538086,14.018257537533792,8,1.2232650235203704,True
diabetes,XGBoost,91,SHAP-Targeted CE,343,0.024689912796020508,4.126345755693581,3,1.2681105451550847,True
diabetes,XGBoost,92,Actionable CBFI (Proposed),250,0.06319737434387207,13.438520904792805,7,1.5536377333048539,True
diabetes,XGBoost,92,Untargeted Causal (Karimi 2021),250,0.05912637710571289,17.631875705729573,7,1.2232650235203704,True
diabetes,XGBoost,92,Wachter's CE,500,0.039665937423706055,10.285260035227585,6,1.7358688546044028,True
diabetes,XGBoost,92,SHAP-Targeted CE,343,0.02356743812561035,4.398395445134574,3,0.902862708827248,True
diabetes,XGBoost,93,Actionable CBFI (Proposed),250,0.06810665130615234,15.701578288680818,7,2.0413683549410266,True
diabetes,XGBoost,93,Untargeted Causal (Karimi 2021),250,0.0566558837890625,14.45675465838509,7,2.508858070329697,True
diabetes,XGBoost,93,Wachter's CE,500,0.051290273666381836,13.54534161490683,7,1.7358688546044028,True
diabetes,XGBoost,93,SHAP-Targeted CE,343,0.0213775634765625,3.496428571428571,3,1.8119397335303211,True
diabetes,XGBoost,94,Actionable CBFI (Proposed),250,0.0944514274597168,12.779255149567875,6,1.6424682303204634,True
diabetes,XGBoost,94,Untargeted Causal (Karimi 2021),250,0.06602287292480469,17.945042643923237,6,4.619574798352005,True
diabetes,XGBoost,94,Wachter's CE,500,0.06511831283569336,10.322529433577452,6,1.7358688546044028,True
diabetes,XGBoost,94,SHAP-Targeted CE,343,0.02529311180114746,2.82075569358178,3,0.4856162702825106,True
diabetes,XGBoost,95,Actionable CBFI (Proposed),250,0.06681251525878906,13.580176971268289,8,2.025988989414087,True
diabetes,XGBoost,95,Untargeted Causal (Karimi 2021),250,0.05911540985107422,15.323700425426074,8,4.270998089601513,True
diabetes,XGBoost,95,Wachter's CE,500,0.04778265953063965,14.760631453515435,8,3.8181677075320883,True
diabetes,XGBoost,95,SHAP-Targeted CE,343,0.02161884307861328,2.289699792960662,3,0.47056931819816306,True
diabetes,XGBoost,96,Actionable CBFI (Proposed),250,0.06648468971252441,16.080996801705755,7,6.12993792035701,True
diabetes,XGBoost,96,Untargeted Causal (Karimi 2021),250,0.059357643127441406,19.57197900250301,7,2.508858070329697,True
diabetes,XGBoost,96,Wachter's CE,500,0.039400339126586914,15.068407573931585,7,1.552617624781378,True
diabetes,XGBoost,96,SHAP-Targeted CE,343,0.02137279510498047,4.123706004140786,3,1.458414691349858,True
diabetes,XGBoost,97,Actionable CBFI (Proposed),250,0.09314823150634766,11.331267765739836,8,0.9820125999346843,True
diabetes,XGBoost,97,Untargeted Causal (Karimi 2021),250,0.06606316566467285,14.224334226940849,8,2.5328957749636327,True
diabetes,XGBoost,97,Wachter's CE,500,0.0890805721282959,14.224334226940849,8,2.5328957749636327,True
diabetes,XGBoost,97,SHAP-Targeted CE,343,0.02475142478942871,1.941252587991718,3,0.8920593304662999,True
diabetes,XGBoost,98,Actionable CBFI (Proposed),250,0.10121536254882812,6.646567671960563,6,0.6915422002842083,True
diabetes,XGBoost,98,Untargeted Causal (Karimi 2021),250,0.059626102447509766,17.336722589324026,8,1.2232650235203704,True
diabetes,XGBoost,98,Wachter's CE,500,0.04983925819396973,13.043678347393465,6,1.7358688546044028,True
diabetes,XGBoost,98,SHAP-Targeted CE,343,0.023345470428466797,0.6858695652173916,2,0.27918434531899455,True
diabetes,XGBoost,99,Actionable CBFI (Proposed),250,0.06553888320922852,17.83206122173979,8,3.600695274959617,True
diabetes,XGBoost,99,Untargeted Causal (Karimi 2021),250,0.0643923282623291,18.6727490867625,8,2.9984878778810846,True
diabetes,XGBoost,99,Wachter's CE,500,0.048066139221191406,18.1088469360255,7,6.959202782346712,True
diabetes,XGBoost,99,SHAP-Targeted CE,343,0.021601200103759766,4.3470496894409925,3,0.7455893773325666,True
diabetes,XGBoost,100,Actionable CBFI (Proposed),250,0.06717300415039062,10.066018123667376,5,5.072424831764849,True
diabetes,XGBoost,100,Untargeted Causal (Karimi 2021),250,0.06501293182373047,11.049147121535182,6,3.7084112535532463,True
diabetes,XGBoost,100,Wachter's CE,500,0.0625467300415039,11.049147121535182,6,3.7084112535532463,True
diabetes,XGBoost,100,SHAP-Targeted CE,343,0.023264646530151367,3.418167701863354,3,3.093822833510335,True
