Dataset,Model_Architecture,Instance,Original_Row_Index,Method,Success,Intervention_Nodes,Evaluations,Time (s),Recourse Cost (Pure MAD),Sparsity (L0),R_SCM,R_0,D_M,RCR (%),Reported_Minimum_Cost
breast_cancer,RandomForest,1,0,Actionable CBFI (Proposed),True,['mean_concave_points'],500,2.744338035583496,4.904766633565045,1.0,0.0,2.45178633668894,11.60138817625222,100.0,4.904766633565045
breast_cancer,RandomForest,1,0,Untargeted Causal (Karimi 2021),True,['mean_concave_points'],500,2.8899011611938477,4.904766633565045,1.0,0.0,2.45178633668894,11.60138817625222,100.0,4.904766633565045
breast_cancer,RandomForest,1,0,Wachter's CE,True,"['mean_area', 'mean_compactness', 'mean_concave_points', 'mean_concavity', 'mean_fractal_dimension', 'mean_perimeter', 'mean_radius', 'mean_smoothness', 'mean_symmetry', 'mean_texture']",500,0.04805588722229004,24.989458312242114,10.0,,9.861176374415816,25.23049973081229,50.50544554392202,24.989458312242114
breast_cancer,RandomForest,1,0,SHAP-Targeted CE,True,"['mean_concave_points', 'mean_concavity', 'mean_perimeter']",343,0.018442153930664062,6.547206898191954,3.0,0.002190835648390278,2.4420926269157164,17.45369429206635,100.0,6.547206898191954
breast_cancer,RandomForest,2,1,Actionable CBFI (Proposed),True,"['mean_concave_points', 'mean_smoothness', 'mean_texture']",500,2.436051845550537,1.85433673147819,3.0,0.0,0.6837155540755561,5.031684230917934,100.0,1.85433673147819
breast_cancer,RandomForest,2,1,Untargeted Causal (Karimi 2021),True,"['mean_concave_points', 'mean_smoothness', 'mean_texture']",500,2.7024388313293457,1.85433673147819,3.0,0.0,0.6837155540755561,5.031684230917934,100.0,1.85433673147819
breast_cancer,RandomForest,2,1,Wachter's CE,True,"['mean_area', 'mean_compactness', 'mean_concave_points', 'mean_concavity', 'mean_fractal_dimension', 'mean_perimeter', 'mean_radius', 'mean_smoothness', 'mean_symmetry', 'mean_texture']",500,0.08481764793395996,21.069757611462627,10.0,,3.332228374645594,136.9001607083627,68.8732456159789,21.069757611462627
breast_cancer,RandomForest,2,1,SHAP-Targeted CE,True,"['mean_concave_points', 'mean_concavity', 'mean_perimeter']",343,0.017009735107421875,5.424625467263447,3.0,0.0826406631458612,1.6078114990896906,75.50304801445229,100.0,5.424625467263447
breast_cancer,RandomForest,3,2,Actionable CBFI (Proposed),True,"['mean_concave_points', 'mean_smoothness', 'mean_texture']",500,2.698543071746826,6.99695320721845,3.0,0.0,0.24306207144506192,10.2685917074769,100.0,6.99695320721845
breast_cancer,RandomForest,3,2,Untargeted Causal (Karimi 2021),True,"['mean_concave_points', 'mean_fractal_dimension', 'mean_smoothness', 'mean_texture']",500,2.961374521255493,6.7279796241953465,4.0,0.0,0.24306207144506192,8.204700928813581,88.98988499942945,6.7279796241953465
breast_cancer,RandomForest,3,2,Wachter's CE,True,"['mean_area', 'mean_compactness', 'mean_concave_points', 'mean_concavity', 'mean_fractal_dimension', 'mean_perimeter', 'mean_radius', 'mean_smoothness', 'mean_symmetry', 'mean_texture']",500,0.04889178276062012,24.988707315600237,10.0,,3.0338574186639913,73.6103791013193,72.77320322173533,24.988707315600237
breast_cancer,RandomForest,3,2,SHAP-Targeted CE,True,"['mean_concave_points', 'mean_concavity', 'mean_perimeter']",343,0.016233205795288086,14.3565848490002,3.0,0.1907130071175429,2.03489754135631,113.05920893226033,100.0,14.3565848490002
breast_cancer,RandomForest,4,3,Actionable CBFI (Proposed),True,['mean_concave_points'],500,2.56387996673584,2.8243296921549153,1.0,0.0,6.3085638754944275,8.803848707317627,100.0,2.8243296921549153
breast_cancer,RandomForest,4,3,Untargeted Causal (Karimi 2021),True,['mean_concave_points'],500,2.560192584991455,2.8243296921549153,1.0,0.0,6.3085638754944275,8.803848707317627,100.0,2.8243296921549153
breast_cancer,RandomForest,4,3,Wachter's CE,True,"['mean_area', 'mean_compactness', 'mean_concave_points', 'mean_concavity', 'mean_perimeter', 'mean_radius', 'mean_smoothness', 'mean_symmetry', 'mean_texture']",500,0.04860877990722656,20.460932437688605,9.0,,7.130845324461967,52.42593249456177,80.84723782706209,20.460932437688605
breast_cancer,RandomForest,4,3,SHAP-Targeted CE,True,"['mean_concave_points', 'mean_concavity', 'mean_perimeter']",343,0.01908564567565918,5.011415268972513,3.0,0.004627179207109425,6.313585175603641,22.07913424332165,100.0,5.011415268972513
breast_cancer,RandomForest,5,4,Actionable CBFI (Proposed),True,['mean_concave_points'],500,2.4520046710968018,2.7796425024826212,1.0,0.0,0.048290790772275584,7.927131141093068,100.0,2.7796425024826212
breast_cancer,RandomForest,5,4,Untargeted Causal (Karimi 2021),True,['mean_concave_points'],500,2.7489075660705566,2.7796425024826212,1.0,0.0,0.048290790772275584,7.927131141093068,100.0,2.7796425024826212
breast_cancer,RandomForest,5,4,Wachter's CE,True,"['mean_area', 'mean_compactness', 'mean_concave_points', 'mean_concavity', 'mean_fractal_dimension', 'mean_perimeter', 'mean_radius', 'mean_smoothness', 'mean_symmetry', 'mean_texture']",500,0.060888051986694336,23.367223717423528,10.0,,2.4925957191159447,125.6811916668699,83.54974698698712,23.367223717423528
breast_cancer,RandomForest,5,4,SHAP-Targeted CE,True,"['mean_concave_points', 'mean_concavity', 'mean_perimeter']",343,0.018195152282714844,4.300601814845254,3.0,0.0013187850201873573,0.06097666780118252,15.301958342390305,100.0,4.300601814845254
breast_cancer,RandomForest,6,5,Actionable CBFI (Proposed),True,['mean_concave_points'],500,2.6688780784606934,1.617279046673287,1.0,0.0,1.7842726233077726,4.160381344599933,100.0,1.617279046673287
breast_cancer,RandomForest,6,5,Untargeted Causal (Karimi 2021),True,['mean_concave_points'],500,2.7552897930145264,1.617279046673287,1.0,0.0,1.7842726233077726,4.160381344599933,100.0,1.617279046673287
breast_cancer,RandomForest,6,5,Wachter's CE,True,"['mean_area', 'mean_compactness', 'mean_concave_points', 'mean_concavity', 'mean_fractal_dimension', 'mean_perimeter', 'mean_radius', 'mean_smoothness', 'mean_symmetry', 'mean_texture']",500,0.04859805107116699,18.23240371313027,10.0,,5.769763162971222,124.71402213068829,61.88424344440726,18.23240371313027
breast_cancer,RandomForest,6,5,SHAP-Targeted CE,True,"['mean_concave_points', 'mean_concavity', 'mean_perimeter']",343,0.022716045379638672,3.4793255598717305,3.0,0.004423742522047926,1.8462369553950766,18.117503539424423,78.61558061857879,3.4793255598717305
breast_cancer,RandomForest,7,6,Actionable CBFI (Proposed),True,"['mean_concave_points', 'mean_smoothness', 'mean_texture']",500,2.6234495639801025,2.848773857876641,3.0,0.0,0.068051059466715,3.6509675657347556,100.0,2.848773857876641
breast_cancer,RandomForest,7,6,Untargeted Causal (Karimi 2021),True,"['mean_concave_points', 'mean_smoothness', 'mean_texture']",500,2.952887535095215,2.848773857876641,3.0,0.0,0.068051059466715,3.6509675657347556,100.0,2.848773857876641
breast_cancer,RandomForest,7,6,Wachter's CE,True,"['mean_area', 'mean_compactness', 'mean_concave_points', 'mean_concavity', 'mean_fractal_dimension', 'mean_perimeter', 'mean_radius', 'mean_smoothness', 'mean_symmetry', 'mean_texture']",500,0.05138897895812988,20.556074064594604,10.0,,3.332228374645594,136.9001607083627,68.82535607319717,20.556074064594604
breast_cancer,RandomForest,7,6,SHAP-Targeted CE,True,"['mean_concave_points', 'mean_concavity', 'mean_perimeter']",343,0.017144441604614258,6.574463336996057,3.0,0.03760903771015329,0.42722162912834083,50.23573502606506,100.0,6.574463336996057
breast_cancer,RandomForest,8,7,Actionable CBFI (Proposed),True,"['mean_concave_points', 'mean_concavity']",500,2.5159854888916016,0.7566749019836914,2.0,0.0,1.0138795535986347,3.54791791521609,100.0,0.7566749019836914
breast_cancer,RandomForest,8,7,Untargeted Causal (Karimi 2021),True,"['mean_concave_points', 'mean_concavity']",500,2.776747465133667,0.7566749019836914,2.0,0.0,1.0138795535986347,3.54791791521609,100.0,0.7566749019836914
breast_cancer,RandomForest,8,7,Wachter's CE,True,"['mean_area', 'mean_compactness', 'mean_concave_points', 'mean_concavity', 'mean_fractal_dimension', 'mean_perimeter', 'mean_radius', 'mean_smoothness', 'mean_symmetry', 'mean_texture']",500,0.05211377143859863,19.78399521688602,10.0,,2.5291177383368373,14.07278516154014,62.69551574553087,19.78399521688602
breast_cancer,RandomForest,8,7,SHAP-Targeted CE,True,"['mean_concave_points', 'mean_concavity', 'mean_perimeter']",343,0.02039480209350586,2.007169266206656,3.0,0.0001650563689447249,1.0184100994824468,5.627014048710493,100.0,2.007169266206656
breast_cancer,RandomForest,9,8,Actionable CBFI (Proposed),True,"['mean_concave_points', 'mean_smoothness', 'mean_texture']",500,2.404172658920288,2.918869920060284,3.0,0.0,2.0867177063196003,5.463596165698016,100.0,2.918869920060284
breast_cancer,RandomForest,9,8,Untargeted Causal (Karimi 2021),True,"['mean_concave_points', 'mean_smoothness', 'mean_texture']",500,2.7537841796875,2.918869920060284,3.0,0.0,2.0867177063196003,5.463596165698016,100.0,2.918869920060284
breast_cancer,RandomForest,9,8,Wachter's CE,True,"['mean_area', 'mean_compactness', 'mean_concave_points', 'mean_concavity', 'mean_fractal_dimension', 'mean_perimeter', 'mean_radius', 'mean_smoothness', 'mean_symmetry', 'mean_texture']",500,0.04912543296813965,21.666026792279638,10.0,,2.101171743269569,15.705221109001956,72.58974983615214,21.666026792279638
breast_cancer,RandomForest,9,8,SHAP-Targeted CE,True,"['mean_concave_points', 'mean_concavity', 'mean_perimeter']",343,0.019717693328857422,3.5437390974645746,3.0,0.0010136095875465545,2.1117735711431807,11.337609678787176,89.94988052681848,3.5437390974645746
breast_cancer,RandomForest,10,9,Actionable CBFI (Proposed),True,['mean_concave_points'],500,2.444542169570923,2.8524329692154917,1.0,0.0,2.6179706908596074,8.543367807016553,100.0,2.8524329692154917
breast_cancer,RandomForest,10,9,Untargeted Causal (Karimi 2021),True,"['mean_area', 'mean_concave_points']",500,2.6422388553619385,2.360248385243284,2.0,0.0,2.640157196713818,6.5732799494949,78.07233780454797,2.360248385243284
breast_cancer,RandomForest,10,9,Wachter's CE,True,"['mean_area', 'mean_compactness', 'mean_concave_points', 'mean_concavity', 'mean_fractal_dimension', 'mean_perimeter', 'mean_radius', 'mean_smoothness', 'mean_symmetry', 'mean_texture']",500,0.051614999771118164,23.32968244564934,10.0,,5.769763162971222,124.71402213068829,76.66558650984751,23.32968244564934
breast_cancer,RandomForest,10,9,SHAP-Targeted CE,True,"['mean_concave_points', 'mean_concavity', 'mean_perimeter']",343,0.03419852256774902,3.554229028148314,3.0,0.003210882925695735,2.6757579942188454,14.750758853027637,82.1653563752887,3.554229028148314
breast_cancer,RandomForest,11,10,Actionable CBFI (Proposed),True,"['mean_area', 'mean_concavity']",500,2.2572576999664307,1.52531142997086,2.0,0.0,0.5928011521175993,5.221869331448772,99.99999999999999,1.52531142997086
breast_cancer,RandomForest,11,10,Untargeted Causal (Karimi 2021),True,"['mean_area', 'mean_concavity']",500,2.4251253604888916,1.52531142997086,2.0,0.0,0.5928011521175993,5.221869331448772,99.99999999999999,1.52531142997086
breast_cancer,RandomForest,11,10,Wachter's CE,True,"['mean_area', 'mean_compactness', 'mean_concave_points', 'mean_concavity', 'mean_fractal_dimension', 'mean_perimeter', 'mean_radius', 'mean_smoothness', 'mean_symmetry', 'mean_texture']",500,0.0514376163482666,16.541678096787663,10.0,,0.9023159759620214,59.90571895576332,59.72375182826612,16.541678096787663
breast_cancer,RandomForest,11,10,SHAP-Targeted CE,False,[],343,0.016591787338256836,,,,,,,
breast_cancer,RandomForest,12,11,Actionable CBFI (Proposed),True,"['mean_concave_points', 'mean_smoothness', 'mean_texture']",500,2.4516959190368652,1.6939359093390416,3.0,0.0,0.01708441272800339,2.362136180389669,100.0,1.6939359093390416
breast_cancer,RandomForest,12,11,Untargeted Causal (Karimi 2021),True,"['mean_concave_points', 'mean_smoothness', 'mean_texture']",500,2.6552493572235107,1.6939359093390416,3.0,0.0,0.01708441272800339,2.362136180389669,100.0,1.6939359093390416
breast_cancer,RandomForest,12,11,Wachter's CE,True,"['mean_area', 'mean_compactness', 'mean_concave_points', 'mean_concavity', 'mean_fractal_dimension', 'mean_perimeter', 'mean_radius', 'mean_smoothness', 'mean_symmetry', 'mean_texture']",500,0.06489801406860352,20.46059918346931,10.0,,9.745433945723818,180.2067869780691,70.45223968622393,20.46059918346931
breast_cancer,RandomForest,12,11,SHAP-Targeted CE,True,"['mean_concave_points', 'mean_concavity', 'mean_perimeter']",343,0.01688241958618164,3.420760167336815,3.0,0.006625682226853345,0.06870720377406427,21.078402829680698,100.0,3.420760167336815
breast_cancer,RandomForest,13,12,Actionable CBFI (Proposed),True,"['mean_concave_points', 'mean_smoothness', 'mean_texture']",500,2.9348878860473633,6.479741364913453,3.0,0.0,0.9789476240829875,10.862584251138102,98.86395020532882,6.479741364913453
breast_cancer,RandomForest,13,12,Untargeted Causal (Karimi 2021),True,"['mean_concave_points', 'mean_smoothness', 'mean_texture']",500,3.04807186126709,6.479741364913453,3.0,0.0,0.9789476240829875,10.862584251138102,98.86395020532882,6.479741364913453
breast_cancer,RandomForest,13,12,Wachter's CE,True,"['mean_area', 'mean_compactness', 'mean_concave_points', 'mean_concavity', 'mean_fractal_dimension', 'mean_perimeter', 'mean_radius', 'mean_smoothness', 'mean_symmetry', 'mean_texture']",500,0.04834866523742676,24.106683952216745,10.0,,8.456942986176513,116.64458286182001,75.65407710939708,24.106683952216745
breast_cancer,RandomForest,13,12,SHAP-Targeted CE,True,"['mean_concave_points', 'mean_concavity', 'mean_perimeter']",343,0.01627326011657715,12.39901370730886,3.0,0.2057410162006277,2.5236918082637736,110.75173182194531,100.0,12.39901370730886
breast_cancer,RandomForest,14,13,Actionable CBFI (Proposed),True,"['mean_area', 'mean_concave_points']",500,2.430569887161255,2.4022273958351557,2.0,0.0,0.3017579090203638,5.52374254712141,100.0,2.4022273958351557
breast_cancer,RandomForest,14,13,Untargeted Causal (Karimi 2021),True,"['mean_area', 'mean_concave_points']",500,2.7379541397094727,2.4022273958351557,2.0,0.0,0.3017579090203638,5.52374254712141,100.0,2.4022273958351557
breast_cancer,RandomForest,14,13,Wachter's CE,True,"['mean_area', 'mean_compactness', 'mean_concave_points', 'mean_concavity', 'mean_fractal_dimension', 'mean_perimeter', 'mean_radius', 'mean_smoothness', 'mean_symmetry', 'mean_texture']",500,0.048033714294433594,18.47185401195347,10.0,,3.332228374645594,136.9001607083627,75.68721478563172,18.47185401195347
breast_cancer,RandomForest,14,13,SHAP-Targeted CE,True,"['mean_concave_points', 'mean_concavity', 'mean_perimeter']",343,0.016530990600585938,6.539357564401186,3.0,0.06336909773788744,0.7810654913767552,65.02122619717605,100.0,6.539357564401186
breast_cancer,RandomForest,15,14,Actionable CBFI (Proposed),True,['mean_concave_points'],500,2.6950950622558594,2.5952333664349556,1.0,0.0,1.8505656392317984,8.167233150426624,100.0,2.5952333664349556
breast_cancer,RandomForest,15,14,Untargeted Causal (Karimi 2021),True,['mean_concave_points'],500,2.7337427139282227,2.5952333664349556,1.0,0.0,1.8505656392317984,8.167233150426624,100.0,2.5952333664349556
breast_cancer,RandomForest,15,14,Wachter's CE,True,"['mean_area', 'mean_compactness', 'mean_concave_points', 'mean_concavity', 'mean_fractal_dimension', 'mean_perimeter', 'mean_radius', 'mean_smoothness', 'mean_symmetry', 'mean_texture']",500,0.04810667037963867,20.21865944195369,10.0,,8.456942986176513,116.64458286182001,68.50515981790475,20.21865944195369
breast_cancer,RandomForest,15,14,SHAP-Targeted CE,True,"['mean_concave_points', 'mean_concavity', 'mean_perimeter']",343,0.01865077018737793,2.4582126657301497,3.0,0.00012244897869819032,1.8443528763841,7.784925473393222,94.9643476316038,2.4582126657301497
breast_cancer,RandomForest,16,15,Actionable CBFI (Proposed),True,['mean_concave_points'],500,2.706490993499756,2.267030784508441,1.0,0.0,0.6667651221201467,7.024708465755855,100.0,2.267030784508441
breast_cancer,RandomForest,16,15,Untargeted Causal (Karimi 2021),True,['mean_concave_points'],500,2.898956298828125,2.267030784508441,1.0,0.0,0.6667651221201467,7.024708465755855,100.0,2.267030784508441
breast_cancer,RandomForest,16,15,Wachter's CE,True,"['mean_area', 'mean_compactness', 'mean_concave_points', 'mean_concavity', 'mean_fractal_dimension', 'mean_perimeter', 'mean_radius', 'mean_smoothness', 'mean_symmetry', 'mean_texture']",500,0.04838705062866211,22.549774295961367,10.0,,4.605729381948628,121.19165240217171,85.3515697109728,22.549774295961367
breast_cancer,RandomForest,16,15,SHAP-Targeted CE,True,"['mean_concave_points', 'mean_concavity', 'mean_perimeter']",343,0.018952608108520508,2.896127869835992,3.0,0.0010942717749873514,0.665635281298191,9.200377541129127,100.0,2.896127869835992
breast_cancer,RandomForest,17,16,Actionable CBFI (Proposed),True,['mean_concave_points'],500,2.2910048961639404,0.2121151936444881,1.0,0.0,0.12827462438406004,1.8865355048435692,100.0,0.2121151936444881
breast_cancer,RandomForest,17,16,Untargeted Causal (Karimi 2021),True,['mean_concave_points'],500,2.4192757606506348,0.2121151936444881,1.0,0.0,0.12827462438406004,1.8865355048435692,100.0,0.2121151936444881
breast_cancer,RandomForest,17,16,Wachter's CE,True,"['mean_area', 'mean_compactness', 'mean_concave_points', 'mean_concavity', 'mean_fractal_dimension', 'mean_perimeter', 'mean_radius', 'mean_smoothness', 'mean_symmetry', 'mean_texture']",500,0.047902822494506836,19.184543230044905,10.0,,2.5291177383368373,14.07278516154014,58.101745242959524,19.184543230044905
breast_cancer,RandomForest,17,16,SHAP-Targeted CE,True,"['mean_concave_points', 'mean_concavity', 'mean_perimeter']",343,0.0186917781829834,1.2293061453282803,3.0,0.0003641832604204362,0.13308369692972388,4.885102188271399,100.0,1.2293061453282803
breast_cancer,RandomForest,18,17,Actionable CBFI (Proposed),True,"['mean_area', 'mean_concavity']",500,2.618455648422241,4.3753837715585835,2.0,0.0,1.2900350369837907,8.538243121296642,100.0,4.3753837715585835
breast_cancer,RandomForest,18,17,Untargeted Causal (Karimi 2021),True,"['mean_area', 'mean_concavity']",500,2.8490166664123535,4.3753837715585835,2.0,0.0,1.2900350369837907,8.538243121296642,100.0,4.3753837715585835
breast_cancer,RandomForest,18,17,Wachter's CE,True,"['mean_area', 'mean_compactness', 'mean_concave_points', 'mean_concavity', 'mean_fractal_dimension', 'mean_perimeter', 'mean_radius', 'mean_smoothness', 'mean_symmetry', 'mean_texture']",500,0.048749685287475586,22.289440083583123,10.0,,8.456942986176513,116.64458286182001,77.17106642698886,22.289440083583123
breast_cancer,RandomForest,18,17,SHAP-Targeted CE,True,"['mean_concave_points', 'mean_concavity', 'mean_perimeter']",343,0.01636815071105957,9.192510536407344,3.0,0.07990716285765077,1.7897303081620404,71.8319140824083,100.0,9.192510536407344
breast_cancer,RandomForest,19,18,Actionable CBFI (Proposed),True,"['mean_concave_points', 'mean_smoothness', 'mean_texture']",500,2.7807393074035645,4.680193317242361,3.0,0.0,0.19113129913809726,5.78129649301491,100.0,4.680193317242361
breast_cancer,RandomForest,19,18,Untargeted Causal (Karimi 2021),True,"['mean_concave_points', 'mean_smoothness', 'mean_texture']",500,2.930229663848877,4.680193317242361,3.0,0.0,0.19113129913809726,5.78129649301491,100.0,4.680193317242361
breast_cancer,RandomForest,19,18,Wachter's CE,True,"['mean_area', 'mean_compactness', 'mean_concave_points', 'mean_concavity', 'mean_fractal_dimension', 'mean_perimeter', 'mean_radius', 'mean_smoothness', 'mean_symmetry', 'mean_texture']",500,0.04832124710083008,19.939189432968334,10.0,,3.9385848863877846,64.18462831376875,75.45731134541526,19.939189432968334
breast_cancer,RandomForest,19,18,SHAP-Targeted CE,True,"['mean_concave_points', 'mean_concavity', 'mean_perimeter']",343,0.016671419143676758,8.075469610685701,3.0,0.1907130071175429,2.0788450092126904,112.4956345050127,100.0,8.075469610685701
breast_cancer,RandomForest,20,22,Actionable CBFI (Proposed),True,"['mean_area', 'mean_concave_points']",500,2.667844533920288,3.062467165587786,2.0,0.0,1.101564330404846,7.187053643665731,100.0,3.062467165587786
breast_cancer,RandomForest,20,22,Untargeted Causal (Karimi 2021),True,"['mean_area', 'mean_concave_points']",500,2.7929208278656006,3.062467165587786,2.0,0.0,1.101564330404846,7.187053643665731,100.0,3.062467165587786
breast_cancer,RandomForest,20,22,Wachter's CE,True,"['mean_area', 'mean_compactness', 'mean_concave_points', 'mean_concavity', 'mean_fractal_dimension', 'mean_perimeter', 'mean_radius', 'mean_smoothness', 'mean_symmetry', 'mean_texture']",500,0.04987621307373047,20.81172667434945,10.0,,3.0338574186639913,73.6103791013193,70.88899930491334,20.81172667434945
breast_cancer,RandomForest,20,22,SHAP-Targeted CE,True,"['mean_concave_points', 'mean_concavity', 'mean_perimeter']",343,0.020051240921020508,4.143982735213749,3.0,0.005426046750848584,1.0697889929980913,22.014733335431117,100.0,4.143982735213749
breast_cancer,RandomForest,21,23,Actionable CBFI (Proposed),True,"['mean_concave_points', 'mean_smoothness', 'mean_texture']",500,2.7854602336883545,4.574094104847713,3.0,0.0,0.2944022725024926,6.100132701705645,100.0,4.574094104847713
breast_cancer,RandomForest,21,23,Untargeted Causal (Karimi 2021),True,"['mean_concave_points', 'mean_smoothness', 'mean_texture']",500,2.920203685760498,4.574094104847713,3.0,0.0,0.2944022725024926,6.100132701705645,100.0,4.574094104847713
breast_cancer,RandomForest,21,23,Wachter's CE,True,"['mean_area', 'mean_compactness', 'mean_concave_points', 'mean_concavity', 'mean_fractal_dimension', 'mean_perimeter', 'mean_radius', 'mean_smoothness', 'mean_symmetry', 'mean_texture']",500,0.048111915588378906,21.443806714423545,10.0,,3.9385848863877846,64.18462831376875,70.85821384139842,21.443806714423545
breast_cancer,RandomForest,21,23,SHAP-Targeted CE,True,"['mean_concave_points', 'mean_concavity', 'mean_perimeter']",343,0.016721487045288086,10.542652246845918,3.0,0.23750660643365482,2.777712471170948,128.65668013854824,100.0,10.542652246845918
breast_cancer,RandomForest,22,24,Actionable CBFI (Proposed),True,"['mean_concave_points', 'mean_smoothness', 'mean_texture']",500,2.8808889389038086,4.237113157348903,3.0,0.0,0.3646227177966057,4.924438239323258,100.0,4.237113157348903
breast_cancer,RandomForest,22,24,Untargeted Causal (Karimi 2021),True,"['mean_concave_points', 'mean_smoothness', 'mean_texture']",500,3.0103673934936523,4.237113157348903,3.0,0.0,0.3646227177966057,4.924438239323258,100.0,4.237113157348903
breast_cancer,RandomForest,22,24,Wachter's CE,True,"['mean_area', 'mean_compactness', 'mean_concave_points', 'mean_concavity', 'mean_fractal_dimension', 'mean_perimeter', 'mean_radius', 'mean_smoothness', 'mean_symmetry', 'mean_texture']",500,0.05056905746459961,23.507276024541056,10.0,,3.9385848863877846,64.18462831376875,72.72766208938793,23.507276024541056
breast_cancer,RandomForest,22,24,SHAP-Targeted CE,False,[],343,0.017337322235107422,,,,,,,
breast_cancer,RandomForest,23,25,Actionable CBFI (Proposed),True,"['mean_area', 'mean_concavity', 'mean_perimeter']",500,2.645512104034424,6.344510098735977,3.0,0.0,1.717070683653421,44.268266196577976,100.0,6.344510098735977
breast_cancer,RandomForest,23,25,Untargeted Causal (Karimi 2021),True,"['mean_concave_points', 'mean_smoothness', 'mean_texture']",500,2.6896371841430664,5.837689679301329,3.0,0.0,1.52947184067868,11.689645110669309,95.4644954113815,5.837689679301329
breast_cancer,RandomForest,23,25,Wachter's CE,True,"['mean_area', 'mean_compactness', 'mean_concave_points', 'mean_concavity', 'mean_fractal_dimension', 'mean_perimeter', 'mean_radius', 'mean_smoothness', 'mean_texture']",500,0.04815101623535156,20.944365634146827,9.0,,3.0338574186639913,73.6103791013193,84.89000813675455,20.944365634146827
breast_cancer,RandomForest,23,25,SHAP-Targeted CE,True,"['mean_concave_points', 'mean_concavity', 'mean_perimeter']",343,0.01773667335510254,7.412272937481867,3.0,0.028429585473386088,1.7052378949489064,43.42965407214213,100.0,7.412272937481867
breast_cancer,RandomForest,24,26,Actionable CBFI (Proposed),True,['mean_concavity'],500,2.63808536529541,2.4080573405832926,1.0,0.0,0.6789157477079171,6.543163495930584,99.99999999999997,2.4080573405832926
breast_cancer,RandomForest,24,26,Untargeted Causal (Karimi 2021),True,['mean_concavity'],500,2.802809476852417,2.4080573405832926,1.0,0.0,0.6789157477079171,6.543163495930584,99.99999999999997,2.4080573405832926
breast_cancer,RandomForest,24,26,Wachter's CE,True,"['mean_area', 'mean_compactness', 'mean_concave_points', 'mean_concavity', 'mean_fractal_dimension', 'mean_perimeter', 'mean_radius', 'mean_smoothness', 'mean_symmetry', 'mean_texture']",500,0.0491490364074707,21.230430317438262,10.0,,4.605729381948628,121.19165240217171,88.38646741614991,21.230430317438262
breast_cancer,RandomForest,24,26,SHAP-Targeted CE,True,"['mean_concave_points', 'mean_concavity', 'mean_perimeter']",343,0.01897883415222168,3.1252796245095773,3.0,0.0014335611510031675,0.6756274184298474,10.938205966339794,100.0,3.1252796245095773
breast_cancer,RandomForest,25,27,Actionable CBFI (Proposed),True,"['mean_concave_points', 'mean_smoothness', 'mean_texture']",500,2.683682680130005,3.1113824350744803,3.0,0.0,0.09519150018416048,4.720529992088254,100.0,3.1113824350744803
breast_cancer,RandomForest,25,27,Untargeted Causal (Karimi 2021),True,"['mean_concave_points', 'mean_smoothness', 'mean_texture']",500,2.874005079269409,3.1113824350744803,3.0,0.0,0.09519150018416048,4.720529992088254,100.0,3.1113824350744803
breast_cancer,RandomForest,25,27,Wachter's CE,True,"['mean_area', 'mean_compactness', 'mean_concave_points', 'mean_concavity', 'mean_fractal_dimension', 'mean_perimeter', 'mean_radius', 'mean_smoothness', 'mean_symmetry', 'mean_texture']",500,0.048021554946899414,21.00967761132929,10.0,,3.9385848863877846,64.18462831376875,76.36674555435347,21.00967761132929
breast_cancer,RandomForest,25,27,SHAP-Targeted CE,True,"['mean_concave_points', 'mean_concavity', 'mean_perimeter']",343,0.01688694953918457,6.603740637164599,3.0,0.14527092279429352,1.4826732615274079,97.94971110476574,100.0,6.603740637164599
breast_cancer,RandomForest,26,28,Actionable CBFI (Proposed),True,"['mean_area', 'mean_concave_points', 'mean_concavity']",500,2.552446126937866,4.007522956913677,3.0,0.0,0.5391545058527342,6.5314899996179765,100.0,4.007522956913677
breast_cancer,RandomForest,26,28,Untargeted Causal (Karimi 2021),True,"['mean_area', 'mean_concave_points', 'mean_concavity']",500,2.8409876823425293,4.007522956913677,3.0,0.0,0.5391545058527342,6.5314899996179765,100.0,4.007522956913677
breast_cancer,RandomForest,26,28,Wachter's CE,True,"['mean_area', 'mean_compactness', 'mean_concave_points', 'mean_concavity', 'mean_fractal_dimension', 'mean_perimeter', 'mean_radius', 'mean_smoothness', 'mean_symmetry', 'mean_texture']",500,0.04833173751831055,22.032734686012724,10.0,,4.605729381948628,121.19165240217171,77.9656924621298,22.032734686012724
breast_cancer,RandomForest,26,28,SHAP-Targeted CE,False,[],343,0.01642441749572754,,,,,,,
breast_cancer,RandomForest,27,29,Actionable CBFI (Proposed),True,['mean_concave_points'],500,2.5008816719055176,1.5497517378351537,1.0,0.0,0.026446699335987006,3.3572992926365397,100.0,1.5497517378351537
breast_cancer,RandomForest,27,29,Untargeted Causal (Karimi 2021),True,['mean_concave_points'],500,2.724302053451538,1.5497517378351537,1.0,0.0,0.026446699335987006,3.3572992926365397,100.0,1.5497517378351537
breast_cancer,RandomForest,27,29,Wachter's CE,True,"['mean_area', 'mean_compactness', 'mean_concave_points', 'mean_concavity', 'mean_fractal_dimension', 'mean_perimeter', 'mean_radius', 'mean_smoothness', 'mean_symmetry', 'mean_texture']",500,0.04968667030334473,21.115955408463822,10.0,,9.745433945723818,180.2067869780691,85.47612357214264,21.115955408463822
breast_cancer,RandomForest,27,29,SHAP-Targeted CE,True,"['mean_concave_points', 'mean_concavity', 'mean_perimeter']",343,0.019449949264526367,3.0565000990056275,3.0,6.485219094190676e-05,0.02713645910554017,5.3067720685006705,100.0,3.0565000990056275
breast_cancer,RandomForest,28,30,Actionable CBFI (Proposed),True,"['mean_concave_points', 'mean_smoothness', 'mean_texture']",500,2.8622419834136963,7.885437637604385,3.0,0.0,0.23772299482842632,8.104671180737169,100.0,7.885437637604385
breast_cancer,RandomForest,28,30,Untargeted Causal (Karimi 2021),True,"['mean_concave_points', 'mean_fractal_dimension', 'mean_smoothness', 'mean_texture']",500,2.9845731258392334,7.4973248562813595,4.0,0.0,0.3676825372537158,8.388184474546705,96.27671303054974,7.4973248562813595
breast_cancer,RandomForest,28,30,Wachter's CE,True,"['mean_area', 'mean_compactness', 'mean_concave_points', 'mean_concavity', 'mean_fractal_dimension', 'mean_perimeter', 'mean_radius', 'mean_smoothness', 'mean_symmetry', 'mean_texture']",500,0.051760196685791016,23.78923248156604,10.0,,3.0338574186639913,73.6103791013193,77.98057759620254,23.78923248156604
breast_cancer,RandomForest,28,30,SHAP-Targeted CE,False,[],343,0.03267359733581543,,,,,,,
breast_cancer,RandomForest,29,31,Actionable CBFI (Proposed),True,['mean_concave_points'],500,2.4754478931427,0.17388282025819232,1.0,0.0,0.6420615496819992,2.861623458209268,100.0,0.17388282025819232
breast_cancer,RandomForest,29,31,Untargeted Causal (Karimi 2021),True,['mean_concave_points'],500,2.5837836265563965,0.17388282025819232,1.0,0.0,0.6420615496819992,2.861623458209268,100.0,0.17388282025819232
breast_cancer,RandomForest,29,31,Wachter's CE,True,"['mean_area', 'mean_compactness', 'mean_concave_points', 'mean_concavity', 'mean_fractal_dimension', 'mean_perimeter', 'mean_radius', 'mean_smoothness', 'mean_symmetry', 'mean_texture']",500,0.04878425598144531,18.626525012029717,10.0,,2.5291177383368373,14.07278516154014,85.85153186450863,18.626525012029717
breast_cancer,RandomForest,29,31,SHAP-Targeted CE,True,"['mean_concave_points', 'mean_concavity', 'mean_perimeter']",343,0.02039361000061035,2.202313645315318,3.0,0.004968137262650381,0.6746353338535165,18.88803794777411,64.19734502791908,2.202313645315318
breast_cancer,RandomForest,30,32,Actionable CBFI (Proposed),True,"['mean_area', 'mean_concave_points']",500,2.9371445178985596,6.472658708026205,2.0,0.0,0.9863157430350682,12.92977173468404,100.0,6.472658708026205
breast_cancer,RandomForest,30,32,Untargeted Causal (Karimi 2021),True,"['mean_area', 'mean_concave_points']",500,3.008791446685791,6.472658708026205,2.0,0.0,0.9863157430350682,12.92977173468404,100.0,6.472658708026205
breast_cancer,RandomForest,30,32,Wachter's CE,True,"['mean_area', 'mean_compactness', 'mean_concave_points', 'mean_concavity', 'mean_fractal_dimension', 'mean_perimeter', 'mean_radius', 'mean_smoothness', 'mean_symmetry', 'mean_texture']",500,0.049651145935058594,24.774539794852625,10.0,,3.0338574186639913,73.6103791013193,75.34546981675547,24.774539794852625
breast_cancer,RandomForest,30,32,SHAP-Targeted CE,False,[],343,0.017579317092895508,,,,,,,
breast_cancer,RandomForest,31,33,Actionable CBFI (Proposed),True,"['mean_concave_points', 'mean_smoothness', 'mean_texture']",500,2.852473258972168,5.306458854294577,3.0,0.0,0.07744181761002131,6.2335521107738305,100.0,5.306458854294577
breast_cancer,RandomForest,31,33,Untargeted Causal (Karimi 2021),True,"['mean_concave_points', 'mean_smoothness', 'mean_texture']",500,2.993767261505127,5.306458854294577,3.0,0.0,0.07744181761002131,6.2335521107738305,100.0,5.306458854294577
breast_cancer,RandomForest,31,33,Wachter's CE,True,"['mean_area', 'mean_compactness', 'mean_concave_points', 'mean_concavity', 'mean_fractal_dimension', 'mean_perimeter', 'mean_radius', 'mean_smoothness', 'mean_symmetry', 'mean_texture']",500,0.048802852630615234,21.9874236732002,10.0,,2.515629131025222,60.6688019981255,76.97864123125223,21.9874236732002
breast_cancer,RandomForest,31,33,SHAP-Targeted CE,False,[],343,0.016572237014770508,,,,,,,
breast_cancer,RandomForest,32,34,Actionable CBFI (Proposed),True,"['mean_concave_points', 'mean_smoothness', 'mean_texture']",500,2.4708054065704346,2.2593135680525576,3.0,0.0,0.19641357176345092,3.906875453815746,100.0,2.2593135680525576
breast_cancer,RandomForest,32,34,Untargeted Causal (Karimi 2021),True,"['mean_concave_points', 'mean_smoothness', 'mean_texture']",500,2.684755325317383,2.2593135680525576,3.0,0.0,0.19641357176345092,3.906875453815746,100.0,2.2593135680525576
breast_cancer,RandomForest,32,34,Wachter's CE,True,"['mean_area', 'mean_compactness', 'mean_concave_points', 'mean_concavity', 'mean_fractal_dimension', 'mean_perimeter', 'mean_radius', 'mean_smoothness', 'mean_symmetry', 'mean_texture']",500,0.05091214179992676,22.76950260030883,10.0,,8.456942986176513,116.64458286182001,64.26053245307463,22.76950260030883
breast_cancer,RandomForest,32,34,SHAP-Targeted CE,True,"['mean_concave_points', 'mean_concavity', 'mean_perimeter']",343,0.018988609313964844,4.9505200906711275,3.0,0.011090488225845395,0.27082832831245096,26.311726157701468,100.0,4.9505200906711275
breast_cancer,RandomForest,33,35,Actionable CBFI (Proposed),True,"['mean_concave_points', 'mean_smoothness', 'mean_texture']",500,2.803492307662964,2.7484921555468027,3.0,0.0,0.011878148005185527,4.005476336340059,100.0,2.7484921555468027
breast_cancer,RandomForest,33,35,Untargeted Causal (Karimi 2021),True,"['mean_concave_points', 'mean_smoothness', 'mean_texture']",500,2.8991074562072754,2.7484921555468027,3.0,0.0,0.011878148005185527,4.005476336340059,100.0,2.7484921555468027
breast_cancer,RandomForest,33,35,Wachter's CE,True,"['mean_area', 'mean_compactness', 'mean_concave_points', 'mean_concavity', 'mean_fractal_dimension', 'mean_perimeter', 'mean_radius', 'mean_smoothness', 'mean_symmetry', 'mean_texture']",500,0.04816246032714844,20.785813806043393,10.0,,3.332228374645594,136.9001607083627,69.3930307266219,20.785813806043393
breast_cancer,RandomForest,33,35,SHAP-Targeted CE,True,"['mean_concave_points', 'mean_concavity', 'mean_perimeter']",343,0.016896486282348633,6.4921924693444595,3.0,0.08805764002439291,0.7955408556682104,77.24475829361559,100.0,6.4921924693444595
breast_cancer,RandomForest,34,36,Actionable CBFI (Proposed),True,['mean_concave_points'],500,2.4430935382843018,1.3901688182720953,1.0,0.0,0.010315668379414144,4.398490991072866,100.0,1.3901688182720953
breast_cancer,RandomForest,34,36,Untargeted Causal (Karimi 2021),True,['mean_concave_points'],500,2.7130541801452637,1.3901688182720953,1.0,0.0,0.010315668379414144,4.398490991072866,100.0,1.3901688182720953
breast_cancer,RandomForest,34,36,Wachter's CE,True,"['mean_area', 'mean_compactness', 'mean_concave_points', 'mean_concavity', 'mean_fractal_dimension', 'mean_perimeter', 'mean_radius', 'mean_smoothness', 'mean_symmetry', 'mean_texture']",500,0.048189401626586914,21.38255696195589,10.0,,4.605729381948628,121.19165240217171,70.90277933503756,21.38255696195589
breast_cancer,RandomForest,34,36,SHAP-Targeted CE,True,"['mean_concave_points', 'mean_concavity', 'mean_perimeter']",343,0.018460512161254883,1.4968991376680227,3.0,0.00012716316324597852,0.009349435371573801,4.353686257351926,100.0,1.4968991376680227
breast_cancer,RandomForest,35,38,Actionable CBFI (Proposed),True,"['mean_area', 'mean_perimeter']",500,2.254481792449951,0.43926797647100996,2.0,0.0,0.3437185814942541,8.069294645378053,100.0,0.43926797647100996
breast_cancer,RandomForest,35,38,Untargeted Causal (Karimi 2021),True,"['mean_area', 'mean_perimeter']",500,2.633396625518799,0.43926797647100996,2.0,0.0,0.3437185814942541,8.069294645378053,100.0,0.43926797647100996
breast_cancer,RandomForest,35,38,Wachter's CE,True,"['mean_area', 'mean_compactness', 'mean_concave_points', 'mean_concavity', 'mean_fractal_dimension', 'mean_perimeter', 'mean_radius', 'mean_smoothness', 'mean_symmetry', 'mean_texture']",500,0.04949617385864258,17.260917765221446,10.0,,0.9023159759620214,59.90571895576332,87.96578302224151,17.260917765221446
breast_cancer,RandomForest,35,38,SHAP-Targeted CE,True,"['mean_concave_points', 'mean_concavity', 'mean_perimeter']",343,0.017323017120361328,4.206118130160189,3.0,0.03776833518354645,0.7210113058707708,50.30555727433669,85.90899936388739,4.206118130160189
breast_cancer,RandomForest,36,39,Actionable CBFI (Proposed),True,"['mean_area', 'mean_concave_points']",500,2.4058005809783936,0.7108829193687243,2.0,0.0,0.11726913599947952,2.2357196361605687,100.0,0.7108829193687243
breast_cancer,RandomForest,36,39,Untargeted Causal (Karimi 2021),True,"['mean_area', 'mean_concave_points']",500,2.6198151111602783,0.7108829193687243,2.0,0.0,0.11726913599947952,2.2357196361605687,100.0,0.7108829193687243
breast_cancer,RandomForest,36,39,Wachter's CE,True,"['mean_area', 'mean_compactness', 'mean_concave_points', 'mean_concavity', 'mean_fractal_dimension', 'mean_perimeter', 'mean_radius', 'mean_smoothness', 'mean_symmetry', 'mean_texture']",500,0.0480649471282959,19.343941942721838,10.0,,2.5291177383368373,14.07278516154014,52.00830885041457,19.343941942721838
breast_cancer,RandomForest,36,39,SHAP-Targeted CE,True,"['mean_concave_points', 'mean_concavity', 'mean_perimeter']",343,0.018526315689086914,2.1900950691086836,3.0,0.0006506223240453151,0.11128175606083118,7.447824567414384,100.0,2.1900950691086836
breast_cancer,RandomForest,37,40,Actionable CBFI (Proposed),True,['mean_fractal_dimension'],500,2.0259222984313965,0.23554502369668187,1.0,0.0,0.4051500645573453,1.5975530806512723,100.0,0.23554502369668187
breast_cancer,RandomForest,37,40,Untargeted Causal (Karimi 2021),True,['mean_fractal_dimension'],500,2.132507562637329,0.23554502369668187,1.0,0.0,0.4051500645573453,1.5975530806512723,100.0,0.23554502369668187
breast_cancer,RandomForest,37,40,Wachter's CE,True,"['mean_area', 'mean_compactness', 'mean_concave_points', 'mean_concavity', 'mean_fractal_dimension', 'mean_perimeter', 'mean_radius', 'mean_smoothness', 'mean_symmetry', 'mean_texture']",500,0.049555063247680664,17.67950351239969,10.0,,1.613496192966163,61.08765642426023,84.72482321330648,17.67950351239969
breast_cancer,RandomForest,37,40,SHAP-Targeted CE,True,"['mean_concave_points', 'mean_concavity', 'mean_perimeter']",343,0.019763946533203125,1.8852363225152744,3.0,0.0016909483721840165,0.41764250663184715,11.476276663916265,65.17303087567653,1.8852363225152744
breast_cancer,RandomForest,38,41,Actionable CBFI (Proposed),True,['mean_concave_points'],500,2.284341812133789,0.4156901688182716,1.0,0.0,1.046359883756326,3.0725520557098838,100.0,0.4156901688182716
breast_cancer,RandomForest,38,41,Untargeted Causal (Karimi 2021),True,['mean_concave_points'],500,2.4729626178741455,0.4156901688182716,1.0,0.0,1.046359883756326,3.0725520557098838,100.0,0.4156901688182716
breast_cancer,RandomForest,38,41,Wachter's CE,True,"['mean_area', 'mean_compactness', 'mean_concave_points', 'mean_concavity', 'mean_fractal_dimension', 'mean_perimeter', 'mean_radius', 'mean_smoothness', 'mean_symmetry', 'mean_texture']",500,0.04912257194519043,18.563018616563184,10.0,,2.5291177383368373,14.07278516154014,62.332193361696554,18.563018616563184
breast_cancer,RandomForest,38,41,SHAP-Targeted CE,True,"['mean_concave_points', 'mean_concavity', 'mean_perimeter']",343,0.01944708824157715,1.6514951563765037,3.0,0.0007881741990417795,1.0491494011662643,7.685549352955471,80.98346388621225,1.6514951563765037
breast_cancer,RandomForest,39,42,Actionable CBFI (Proposed),True,"['mean_concave_points', 'mean_smoothness', 'mean_texture']",500,2.8324902057647705,5.87811743013241,3.0,0.0,0.5749784328959422,8.322711086065484,100.0,5.87811743013241
breast_cancer,RandomForest,39,42,Untargeted Causal (Karimi 2021),True,"['mean_concave_points', 'mean_smoothness', 'mean_texture']",500,3.0278077125549316,5.87811743013241,3.0,0.0,0.5749784328959422,8.322711086065484,100.0,5.87811743013241
breast_cancer,RandomForest,39,42,Wachter's CE,True,"['mean_area', 'mean_compactness', 'mean_concave_points', 'mean_concavity', 'mean_fractal_dimension', 'mean_perimeter', 'mean_radius', 'mean_smoothness', 'mean_symmetry', 'mean_texture']",500,0.047777652740478516,23.984799779918667,10.0,,4.605729381948628,121.19165240217171,88.0116173762157,23.984799779918667
breast_cancer,RandomForest,39,42,SHAP-Targeted CE,False,[],343,0.016066551208496094,,,,,,,
breast_cancer,RandomForest,40,43,Actionable CBFI (Proposed),True,"['mean_area', 'mean_concavity', 'mean_smoothness', 'mean_texture']",500,2.4545843601226807,0.7345787988529054,4.0,0.0,0.27826652686168774,2.3583723575009494,100.0,0.7345787988529054
breast_cancer,RandomForest,40,43,Untargeted Causal (Karimi 2021),True,"['mean_area', 'mean_concavity', 'mean_smoothness', 'mean_texture']",500,2.604734420776367,0.7345787988529054,4.0,0.0,0.27826652686168774,2.3583723575009494,100.0,0.7345787988529054
breast_cancer,RandomForest,40,43,Wachter's CE,True,"['mean_area', 'mean_compactness', 'mean_concave_points', 'mean_concavity', 'mean_fractal_dimension', 'mean_perimeter', 'mean_radius', 'mean_smoothness', 'mean_symmetry', 'mean_texture']",500,0.048258304595947266,20.520122074912834,10.0,,2.5291177383368373,14.07278516154014,49.009174319283304,20.520122074912834
breast_cancer,RandomForest,40,43,SHAP-Targeted CE,True,"['mean_concave_points', 'mean_concavity', 'mean_perimeter']",343,0.01892852783203125,1.3183851683887196,3.0,0.0010958233831228803,0.28478131170332177,8.990978799609895,100.0,1.3183851683887196
breast_cancer,RandomForest,41,44,Actionable CBFI (Proposed),True,['mean_concave_points'],500,2.3650622367858887,0.20863952333664298,1.0,0.0,0.008131428060243551,1.449135390932241,100.0,0.20863952333664298
breast_cancer,RandomForest,41,44,Untargeted Causal (Karimi 2021),True,['mean_concave_points'],500,2.464787244796753,0.20863952333664298,1.0,0.0,0.008131428060243551,1.449135390932241,100.0,0.20863952333664298
breast_cancer,RandomForest,41,44,Wachter's CE,True,"['mean_area', 'mean_compactness', 'mean_concave_points', 'mean_concavity', 'mean_fractal_dimension', 'mean_perimeter', 'mean_radius', 'mean_smoothness', 'mean_symmetry', 'mean_texture']",500,0.04975080490112305,20.530018425179534,10.0,,2.5291177383368373,14.07278516154014,54.35200797543084,20.530018425179534
breast_cancer,RandomForest,41,44,SHAP-Targeted CE,True,"['mean_concave_points', 'mean_concavity', 'mean_perimeter']",343,0.018896818161010742,1.5252383964226848,3.0,0.00215912840148123,0.03181236080184454,12.01925550924981,100.0,1.5252383964226848
breast_cancer,RandomForest,42,45,Actionable CBFI (Proposed),True,"['mean_concave_points', 'mean_smoothness', 'mean_texture']",500,2.516484022140503,4.328021080551354,3.0,0.0,0.3099506006792103,9.68730480919083,100.0,4.328021080551354
breast_cancer,RandomForest,42,45,Untargeted Causal (Karimi 2021),True,"['mean_concave_points', 'mean_fractal_dimension', 'mean_smoothness', 'mean_texture']",500,2.8396246433258057,3.948147023594599,4.0,0.0,0.3099506006792103,7.193220705734894,84.04674861039605,3.948147023594599
breast_cancer,RandomForest,42,45,Wachter's CE,True,"['mean_area', 'mean_compactness', 'mean_concave_points', 'mean_concavity', 'mean_fractal_dimension', 'mean_perimeter', 'mean_radius', 'mean_smoothness', 'mean_symmetry', 'mean_texture']",500,0.0616915225982666,22.062860704896714,10.0,,3.0338574186639913,73.6103791013193,66.61410385030004,22.062860704896714
breast_cancer,RandomForest,42,45,SHAP-Targeted CE,True,"['mean_concave_points', 'mean_concavity', 'mean_perimeter']",343,0.018208742141723633,8.129959450313855,3.0,0.15397575772422786,1.6901787480009167,102.28807971719486,100.0,8.129959450313855
breast_cancer,RandomForest,43,47,Actionable CBFI (Proposed),True,['mean_concavity'],500,2.529000997543335,0.8993573900148295,1.0,0.0,0.5386872720034462,2.9053034344305106,100.0,0.8993573900148295
breast_cancer,RandomForest,43,47,Untargeted Causal (Karimi 2021),True,['mean_concavity'],500,2.751372814178467,0.8993573900148295,1.0,0.0,0.5386872720034462,2.9053034344305106,100.0,0.8993573900148295
breast_cancer,RandomForest,43,47,Wachter's CE,True,"['mean_area', 'mean_compactness', 'mean_concave_points', 'mean_concavity', 'mean_fractal_dimension', 'mean_perimeter', 'mean_radius', 'mean_smoothness', 'mean_symmetry', 'mean_texture']",500,0.051935672760009766,19.678491239298438,10.0,,2.5291177383368373,14.07278516154014,69.17619921680298,19.678491239298438
breast_cancer,RandomForest,43,47,SHAP-Targeted CE,True,"['mean_concave_points', 'mean_concavity', 'mean_perimeter']",343,0.018829822540283203,2.0622445223016834,3.0,0.0018086133632054084,0.561598101854439,11.577474111000628,100.0,2.0622445223016834
breast_cancer,RandomForest,44,53,Actionable CBFI (Proposed),True,"['mean_concave_points', 'mean_concavity', 'mean_smoothness', 'mean_texture']",500,2.556035280227661,4.649537531007028,4.0,0.0,0.4452529927584573,6.046337700501408,100.0,4.649537531007028
breast_cancer,RandomForest,44,53,Untargeted Causal (Karimi 2021),True,"['mean_concave_points', 'mean_concavity', 'mean_smoothness', 'mean_texture']",500,2.794843912124634,4.649537531007028,4.0,0.0,0.4452529927584573,6.046337700501408,100.0,4.649537531007028
breast_cancer,RandomForest,44,53,Wachter's CE,True,"['mean_area', 'mean_compactness', 'mean_concave_points', 'mean_concavity', 'mean_fractal_dimension', 'mean_perimeter', 'mean_radius', 'mean_smoothness', 'mean_symmetry', 'mean_texture']",500,0.04848647117614746,23.00082806535528,10.0,,3.0338574186639913,73.6103791013193,70.07315445972156,23.00082806535528
breast_cancer,RandomForest,44,53,SHAP-Targeted CE,True,"['mean_concave_points', 'mean_concavity', 'mean_perimeter']",343,0.017486095428466797,8.304688462291795,3.0,0.0008539958015490479,0.4507289119266162,9.035980810481812,100.0,8.304688462291795
breast_cancer,RandomForest,45,54,Actionable CBFI (Proposed),True,"['mean_area', 'mean_perimeter']",500,2.1929638385772705,0.6226516948035674,2.0,0.0,0.21416495973086302,10.396621231289767,100.0,0.6226516948035674
breast_cancer,RandomForest,45,54,Untargeted Causal (Karimi 2021),True,"['mean_area', 'mean_perimeter']",500,2.465775728225708,0.6226516948035674,2.0,0.0,0.21416495973086302,10.396621231289767,100.0,0.6226516948035674
breast_cancer,RandomForest,45,54,Wachter's CE,True,"['mean_area', 'mean_compactness', 'mean_concave_points', 'mean_concavity', 'mean_fractal_dimension', 'mean_perimeter', 'mean_radius', 'mean_smoothness', 'mean_symmetry', 'mean_texture']",500,0.04956507682800293,18.22599593384733,10.0,,0.9023159759620214,59.90571895576332,71.06504548264225,18.22599593384733
breast_cancer,RandomForest,45,54,SHAP-Targeted CE,False,[],343,0.0169675350189209,,,,,,,
breast_cancer,RandomForest,46,56,Actionable CBFI (Proposed),True,"['mean_concave_points', 'mean_smoothness', 'mean_texture']",500,2.6171352863311768,3.1271031803750944,3.0,0.0,0.12437851027418728,5.4885427569457494,100.0,3.1271031803750944
breast_cancer,RandomForest,46,56,Untargeted Causal (Karimi 2021),True,"['mean_concave_points', 'mean_smoothness', 'mean_texture']",500,2.790452003479004,3.1271031803750944,3.0,0.0,0.12437851027418728,5.4885427569457494,100.0,3.1271031803750944
breast_cancer,RandomForest,46,56,Wachter's CE,True,"['mean_area', 'mean_compactness', 'mean_concave_points', 'mean_concavity', 'mean_fractal_dimension', 'mean_perimeter', 'mean_radius', 'mean_smoothness', 'mean_symmetry', 'mean_texture']",500,0.05285382270812988,23.20169366781785,10.0,,3.9385848863877846,64.18462831376875,73.07539340516988,23.20169366781785
breast_cancer,RandomForest,46,56,SHAP-Targeted CE,True,"['mean_concave_points', 'mean_concavity', 'mean_perimeter']",343,0.033341407775878906,6.806659047865876,3.0,0.004329136335139801,0.17652034411113937,18.033615085912977,100.0,6.806659047865876
breast_cancer,RandomForest,47,57,Actionable CBFI (Proposed),True,['mean_concavity'],500,2.661162853240967,2.0818091942659422,1.0,0.0,0.46342530149204697,4.805478919751553,100.0,2.0818091942659422
breast_cancer,RandomForest,47,57,Untargeted Causal (Karimi 2021),True,['mean_concavity'],500,2.808462142944336,2.0818091942659422,1.0,0.0,0.46342530149204697,4.805478919751553,100.0,2.0818091942659422
breast_cancer,RandomForest,47,57,Wachter's CE,True,"['mean_area', 'mean_compactness', 'mean_concave_points', 'mean_concavity', 'mean_fractal_dimension', 'mean_perimeter', 'mean_radius', 'mean_smoothness', 'mean_symmetry', 'mean_texture']",500,0.0642392635345459,22.12736277336358,10.0,,2.5291177383368373,14.07278516154014,72.95369876353995,22.12736277336358
breast_cancer,RandomForest,47,57,SHAP-Targeted CE,True,"['mean_concave_points', 'mean_concavity', 'mean_perimeter']",343,0.018578529357910156,2.9659462244406156,3.0,0.00061407461488067,0.4671593925995056,9.498529440485305,90.65358825440966,2.9659462244406156
breast_cancer,RandomForest,48,62,Actionable CBFI (Proposed),True,['mean_concave_points'],500,2.5488061904907227,2.9070506454816285,1.0,0.0,0.9247616203412492,7.585785891380884,100.0,2.9070506454816285
breast_cancer,RandomForest,48,62,Untargeted Causal (Karimi 2021),True,['mean_concave_points'],500,2.7400872707366943,2.9070506454816285,1.0,0.0,0.9247616203412492,7.585785891380884,100.0,2.9070506454816285
breast_cancer,RandomForest,48,62,Wachter's CE,True,"['mean_area', 'mean_compactness', 'mean_concave_points', 'mean_concavity', 'mean_fractal_dimension', 'mean_perimeter', 'mean_radius', 'mean_smoothness', 'mean_symmetry', 'mean_texture']",500,0.04792523384094238,19.901869901272317,10.0,,8.456942986176513,116.64458286182001,73.9471962745759,19.901869901272317
breast_cancer,RandomForest,48,62,SHAP-Targeted CE,True,"['mean_concave_points', 'mean_concavity', 'mean_perimeter']",343,0.018558979034423828,2.9795446017526785,3.0,0.0009547770920358606,0.9174267586411691,9.807797706632082,100.0,2.9795446017526785
breast_cancer,RandomForest,49,64,Actionable CBFI (Proposed),True,"['mean_area', 'mean_compactness', 'mean_concavity', 'mean_perimeter']",500,2.4936583042144775,1.2724103322932723,4.0,0.0,0.3535360910587708,3.2844029771606125,98.34872006287225,1.2724103322932723
breast_cancer,RandomForest,49,64,Untargeted Causal (Karimi 2021),True,"['mean_area', 'mean_compactness', 'mean_concavity', 'mean_perimeter']",500,2.640150785446167,1.2724103322932723,4.0,0.0,0.3535360910587708,3.2844029771606125,98.34872006287225,1.2724103322932723
breast_cancer,RandomForest,49,64,Wachter's CE,True,"['mean_area', 'mean_compactness', 'mean_concave_points', 'mean_concavity', 'mean_fractal_dimension', 'mean_perimeter', 'mean_radius', 'mean_smoothness', 'mean_symmetry', 'mean_texture']",500,0.04817390441894531,20.37628093639397,10.0,,2.5291177383368373,14.07278516154014,59.59260434113285,20.37628093639397
breast_cancer,RandomForest,49,64,SHAP-Targeted CE,True,"['mean_concave_points', 'mean_concavity', 'mean_perimeter']",343,0.019685029983520508,1.8470044256538758,3.0,0.0043121850299999535,0.47750493058320076,16.83251849275419,100.0,1.8470044256538758
breast_cancer,RandomForest,50,65,Actionable CBFI (Proposed),True,['mean_concavity'],500,2.7328646183013916,2.017548195748888,1.0,0.0,0.7091270350815703,5.54690639710444,100.0,2.017548195748888
breast_cancer,RandomForest,50,65,Untargeted Causal (Karimi 2021),True,['mean_concavity'],500,2.8604838848114014,2.017548195748888,1.0,0.0,0.7091270350815703,5.54690639710444,100.0,2.017548195748888
breast_cancer,RandomForest,50,65,Wachter's CE,True,"['mean_area', 'mean_compactness', 'mean_concave_points', 'mean_concavity', 'mean_fractal_dimension', 'mean_perimeter', 'mean_radius', 'mean_smoothness', 'mean_symmetry', 'mean_texture']",500,0.04810214042663574,23.168022189950467,10.0,,3.9385848863877846,64.18462831376875,68.04494990252351,23.168022189950467
breast_cancer,RandomForest,50,65,SHAP-Targeted CE,True,"['mean_concave_points', 'mean_concavity', 'mean_perimeter']",343,0.018515825271606445,3.6256129470120277,3.0,0.0014282401739007895,0.7130427040206699,11.073046375457059,100.0,3.6256129470120277
breast_cancer,RandomForest,51,70,Actionable CBFI (Proposed),True,"['mean_concave_points', 'mean_smoothness', 'mean_texture']",500,2.689211130142212,3.6063754376583086,3.0,0.0,0.1776684871289863,3.741178361538958,100.0,3.6063754376583086
breast_cancer,RandomForest,51,70,Untargeted Causal (Karimi 2021),True,"['mean_concave_points', 'mean_smoothness', 'mean_texture']",500,2.837481737136841,3.6063754376583086,3.0,0.0,0.1776684871289863,3.741178361538958,100.0,3.6063754376583086
breast_cancer,RandomForest,51,70,Wachter's CE,True,"['mean_area', 'mean_compactness', 'mean_concave_points', 'mean_concavity', 'mean_fractal_dimension', 'mean_perimeter', 'mean_radius', 'mean_smoothness', 'mean_symmetry', 'mean_texture']",500,0.04833340644836426,18.891129033405186,10.0,,3.9385848863877846,64.18462831376875,74.89115447273316,18.891129033405186
breast_cancer,RandomForest,51,70,SHAP-Targeted CE,True,"['mean_concave_points', 'mean_concavity', 'mean_perimeter']",343,0.016835927963256836,7.511500796018716,3.0,0.15342428552345558,1.6850152760005288,101.92960313500924,100.0,7.511500796018716
breast_cancer,RandomForest,52,72,Actionable CBFI (Proposed),True,"['mean_concave_points', 'mean_smoothness', 'mean_texture']",500,2.967949628829956,4.741836680602333,3.0,0.0,0.42720635536828944,5.906981204032665,100.0,4.741836680602333
breast_cancer,RandomForest,52,72,Untargeted Causal (Karimi 2021),True,"['mean_concave_points', 'mean_smoothness', 'mean_texture']",500,3.0499234199523926,4.741836680602333,3.0,0.0,0.42720635536828944,5.906981204032665,100.0,4.741836680602333
breast_cancer,RandomForest,52,72,Wachter's CE,True,"['mean_area', 'mean_compactness', 'mean_concave_points', 'mean_concavity', 'mean_fractal_dimension', 'mean_perimeter', 'mean_radius', 'mean_smoothness', 'mean_symmetry', 'mean_texture']",500,0.04837965965270996,21.88574854160219,10.0,,2.515629131025222,60.6688019981255,73.83087723039522,21.88574854160219
breast_cancer,RandomForest,52,72,SHAP-Targeted CE,False,[],343,0.016435623168945312,,,,,,,
breast_cancer,RandomForest,53,73,Actionable CBFI (Proposed),True,['mean_concave_points'],500,2.1904075145721436,0.11777557100297871,1.0,0.0,0.08606541386850002,1.8995318353309678,100.0,0.11777557100297871
breast_cancer,RandomForest,53,73,Untargeted Causal (Karimi 2021),True,['mean_concave_points'],500,2.3612358570098877,0.11777557100297871,1.0,0.0,0.08606541386850002,1.8995318353309678,100.0,0.11777557100297871
breast_cancer,RandomForest,53,73,Wachter's CE,True,"['mean_area', 'mean_compactness', 'mean_concave_points', 'mean_concavity', 'mean_fractal_dimension', 'mean_perimeter', 'mean_radius', 'mean_smoothness', 'mean_symmetry', 'mean_texture']",500,0.04803586006164551,18.656073172674155,10.0,,2.5291177383368373,14.07278516154014,68.85291845944278,18.656073172674155
breast_cancer,RandomForest,53,73,SHAP-Targeted CE,True,"['mean_concave_points', 'mean_concavity', 'mean_perimeter']",343,0.019034624099731445,1.1057604233065743,3.0,0.00012610787184668342,0.08935675021900034,4.355362025919682,100.0,1.1057604233065743
breast_cancer,RandomForest,54,75,Actionable CBFI (Proposed),True,"['mean_concave_points', 'mean_smoothness', 'mean_texture']",500,2.491602897644043,2.350327955899319,3.0,0.0,0.13813420604264748,2.32170007187943,100.0,2.350327955899319
breast_cancer,RandomForest,54,75,Untargeted Causal (Karimi 2021),True,"['mean_concave_points', 'mean_smoothness', 'mean_texture']",500,2.7734344005584717,2.350327955899319,3.0,0.0,0.13813420604264748,2.32170007187943,100.0,2.350327955899319
breast_cancer,RandomForest,54,75,Wachter's CE,True,"['mean_area', 'mean_compactness', 'mean_concave_points', 'mean_concavity', 'mean_fractal_dimension', 'mean_perimeter', 'mean_radius', 'mean_smoothness', 'mean_symmetry', 'mean_texture']",500,0.049040794372558594,19.405627279869467,10.0,,3.332228374645594,136.9001607083627,70.03676655898249,19.405627279869467
breast_cancer,RandomForest,54,75,SHAP-Targeted CE,False,[],343,0.016775131225585938,,,,,,,
breast_cancer,RandomForest,55,77,Actionable CBFI (Proposed),True,"['mean_concave_points', 'mean_smoothness', 'mean_texture']",500,2.5641820430755615,3.1431341262851973,3.0,0.0,0.7100700773376818,7.324793987555056,99.87347310318547,3.1431341262851973
breast_cancer,RandomForest,55,77,Untargeted Causal (Karimi 2021),True,"['mean_concave_points', 'mean_smoothness', 'mean_texture']",500,2.7080914974212646,3.1431341262851973,3.0,0.0,0.7100700773376818,7.324793987555056,99.87347310318547,3.1431341262851973
breast_cancer,RandomForest,55,77,Wachter's CE,True,"['mean_area', 'mean_compactness', 'mean_concave_points', 'mean_concavity', 'mean_fractal_dimension', 'mean_perimeter', 'mean_radius', 'mean_smoothness', 'mean_symmetry', 'mean_texture']",500,0.04958963394165039,22.733452396870664,10.0,,3.0338574186639913,73.6103791013193,71.34797888416726,22.733452396870664
breast_cancer,RandomForest,55,77,SHAP-Targeted CE,True,"['mean_concave_points', 'mean_concavity', 'mean_perimeter']",343,0.02296590805053711,4.662396721984637,3.0,0.0008133835716043103,0.7105065432610622,12.095581269532651,100.0,4.662396721984637
breast_cancer,RandomForest,56,78,Actionable CBFI (Proposed),True,"['mean_concave_points', 'mean_smoothness', 'mean_texture']",500,2.8289406299591064,9.600525965642698,3.0,0.0,4.813064438531567,20.234654138966533,100.0,9.600525965642698
breast_cancer,RandomForest,56,78,Untargeted Causal (Karimi 2021),True,"['mean_concave_points', 'mean_smoothness', 'mean_texture']",500,2.9744772911071777,9.600525965642698,3.0,0.0,4.813064438531567,20.234654138966533,100.0,9.600525965642698
breast_cancer,RandomForest,56,78,Wachter's CE,True,"['mean_area', 'mean_concave_points', 'mean_concavity', 'mean_fractal_dimension', 'mean_perimeter', 'mean_radius', 'mean_smoothness', 'mean_symmetry', 'mean_texture']",500,0.04811692237854004,29.90990415577594,9.0,3.59977447174437,14.873913393710282,176.1324220637575,94.0921306732847,29.90990415577594
breast_cancer,RandomForest,56,78,SHAP-Targeted CE,True,"['mean_concave_points', 'mean_concavity', 'mean_perimeter']",343,0.016438961029052734,19.875679005702168,3.0,0.28415584518412884,6.748743567435037,128.4692479663989,100.0,19.875679005702168
breast_cancer,RandomForest,57,82,Actionable CBFI (Proposed),True,"['mean_concave_points', 'mean_smoothness', 'mean_texture']",500,2.9132087230682373,10.129504696026054,3.0,0.0,0.714133974834642,15.956303067437437,100.0,10.129504696026054
breast_cancer,RandomForest,57,82,Untargeted Causal (Karimi 2021),True,"['mean_concave_points', 'mean_smoothness', 'mean_texture']",500,2.9971518516540527,10.129504696026054,3.0,0.0,0.714133974834642,15.956303067437437,100.0,10.129504696026054
breast_cancer,RandomForest,57,82,Wachter's CE,True,"['mean_area', 'mean_compactness', 'mean_concave_points', 'mean_concavity', 'mean_fractal_dimension', 'mean_perimeter', 'mean_radius', 'mean_smoothness', 'mean_symmetry', 'mean_texture']",500,0.0866091251373291,26.317635010221448,10.0,,3.60616291076711,124.30673983510006,78.82259043770557,26.317635010221448
breast_cancer,RandomForest,57,82,SHAP-Targeted CE,True,"['mean_concave_points', 'mean_concavity', 'mean_perimeter']",343,0.016365528106689453,23.80576053188448,3.0,0.5308396084583497,5.589562121627717,185.9567484882128,100.0,23.80576053188448
breast_cancer,RandomForest,58,83,Actionable CBFI (Proposed),True,"['mean_concave_points', 'mean_smoothness', 'mean_texture']",500,2.7951364517211914,8.764786006073312,3.0,0.0,0.9627847416193942,9.622634417297595,100.0,8.764786006073312
breast_cancer,RandomForest,58,83,Untargeted Causal (Karimi 2021),True,"['mean_concave_points', 'mean_smoothness', 'mean_texture']",500,3.0668089389801025,8.764786006073312,3.0,0.0,0.9627847416193942,9.622634417297595,100.0,8.764786006073312
breast_cancer,RandomForest,58,83,Wachter's CE,True,"['mean_area', 'mean_compactness', 'mean_concave_points', 'mean_concavity', 'mean_fractal_dimension', 'mean_perimeter', 'mean_radius', 'mean_smoothness', 'mean_symmetry', 'mean_texture']",500,0.04792022705078125,24.03819919240748,10.0,,3.9385848863877846,64.18462831376875,86.6671079728791,24.03819919240748
breast_cancer,RandomForest,58,83,SHAP-Targeted CE,True,"['mean_concave_points', 'mean_concavity', 'mean_perimeter']",343,0.016342878341674805,13.565814185423367,3.0,0.18522442006088172,2.511296994023458,105.98601353654003,100.0,13.565814185423367
breast_cancer,RandomForest,59,85,Actionable CBFI (Proposed),True,"['mean_concave_points', 'mean_smoothness', 'mean_texture']",500,2.6097166538238525,3.010098723197885,3.0,0.0,0.0984472640292216,5.150241034537931,100.0,3.010098723197885
breast_cancer,RandomForest,59,85,Untargeted Causal (Karimi 2021),True,"['mean_concave_points', 'mean_smoothness', 'mean_texture']",500,2.814220428466797,3.010098723197885,3.0,0.0,0.0984472640292216,5.150241034537931,100.0,3.010098723197885
breast_cancer,RandomForest,59,85,Wachter's CE,True,"['mean_area', 'mean_compactness', 'mean_concave_points', 'mean_concavity', 'mean_fractal_dimension', 'mean_perimeter', 'mean_radius', 'mean_smoothness', 'mean_symmetry', 'mean_texture']",500,0.04944276809692383,20.470197965087667,10.0,,3.332228374645594,136.9001607083627,75.6632093064175,20.470197965087667
breast_cancer,RandomForest,59,85,SHAP-Targeted CE,True,"['mean_concave_points', 'mean_concavity', 'mean_perimeter']",343,0.01790308952331543,5.20603251241784,3.0,0.041812230375688854,0.5029934194575121,51.94593768980044,100.0,5.20603251241784
breast_cancer,RandomForest,60,86,Actionable CBFI (Proposed),True,"['mean_concave_points', 'mean_smoothness', 'mean_texture']",500,2.392460584640503,0.8586391063268859,3.0,0.0,0.03391152919017056,2.7676308631511906,100.0,0.8586391063268859
breast_cancer,RandomForest,60,86,Untargeted Causal (Karimi 2021),True,"['mean_concave_points', 'mean_smoothness', 'mean_texture']",500,2.659574031829834,0.8586391063268859,3.0,0.0,0.03391152919017056,2.7676308631511906,100.0,0.8586391063268859
breast_cancer,RandomForest,60,86,Wachter's CE,True,"['mean_area', 'mean_compactness', 'mean_concave_points', 'mean_concavity', 'mean_fractal_dimension', 'mean_perimeter', 'mean_radius', 'mean_smoothness', 'mean_symmetry', 'mean_texture']",500,0.04795718193054199,19.71688855460129,10.0,,3.332228374645594,136.9001607083627,78.14822212428697,19.71688855460129
breast_cancer,RandomForest,60,86,SHAP-Targeted CE,True,"['mean_concave_points', 'mean_concavity', 'mean_perimeter']",343,0.018572330474853516,1.50220490747074,3.0,0.00024452475799006924,0.013373901918836587,6.186588195630097,100.0,1.50220490747074
breast_cancer,RandomForest,61,87,Actionable CBFI (Proposed),True,"['mean_concave_points', 'mean_smoothness', 'mean_texture']",500,2.8738226890563965,4.958928404451403,3.0,0.0,0.08950158781027945,6.925255129616444,100.0,4.958928404451403
breast_cancer,RandomForest,61,87,Untargeted Causal (Karimi 2021),True,"['mean_concave_points', 'mean_smoothness', 'mean_texture']",500,3.0048632621765137,4.958928404451403,3.0,0.0,0.08950158781027945,6.925255129616444,100.0,4.958928404451403
breast_cancer,RandomForest,61,87,Wachter's CE,True,"['mean_area', 'mean_compactness', 'mean_concave_points', 'mean_concavity', 'mean_fractal_dimension', 'mean_perimeter', 'mean_radius', 'mean_smoothness', 'mean_symmetry', 'mean_texture']",500,0.04793381690979004,21.1950241780467,10.0,,3.9385848863877846,64.18462831376875,66.70314537908057,21.1950241780467
breast_cancer,RandomForest,61,87,SHAP-Targeted CE,False,[],343,0.016200780868530273,,,,,,,
breast_cancer,RandomForest,62,91,Actionable CBFI (Proposed),True,"['mean_area', 'mean_concavity', 'mean_perimeter', 'mean_smoothness', 'mean_texture']",500,2.5940685272216797,3.6069790304038998,5.0,0.0,0.07444721032972894,15.850325985153248,99.99999999999999,3.6069790304038998
breast_cancer,RandomForest,62,91,Untargeted Causal (Karimi 2021),True,"['mean_area', 'mean_concavity', 'mean_perimeter', 'mean_smoothness', 'mean_texture']",500,2.8230905532836914,3.6113505545395235,5.0,0.0,0.07026135816676433,15.837650359246801,100.0,3.6113505545395235
breast_cancer,RandomForest,62,91,Wachter's CE,True,"['mean_area', 'mean_compactness', 'mean_concave_points', 'mean_concavity', 'mean_fractal_dimension', 'mean_perimeter', 'mean_radius', 'mean_smoothness', 'mean_symmetry', 'mean_texture']",500,0.04843449592590332,19.6261995430755,10.0,,3.9385848863877846,64.18462831376875,79.37878024281989,19.6261995430755
breast_cancer,RandomForest,62,91,SHAP-Targeted CE,False,[],343,0.01690506935119629,,,,,,,
breast_cancer,RandomForest,63,94,Actionable CBFI (Proposed),True,"['mean_area', 'mean_concave_points']",500,2.5170724391937256,3.6127974368591422,2.0,0.0,0.28994007739376343,6.883176610851115,99.99999999999999,3.6127974368591422
breast_cancer,RandomForest,63,94,Untargeted Causal (Karimi 2021),True,"['mean_area', 'mean_concave_points']",500,2.7641026973724365,3.6127974368591422,2.0,0.0,0.28994007739376343,6.883176610851115,99.99999999999999,3.6127974368591422
breast_cancer,RandomForest,63,94,Wachter's CE,True,"['mean_area', 'mean_compactness', 'mean_concave_points', 'mean_concavity', 'mean_fractal_dimension', 'mean_perimeter', 'mean_radius', 'mean_smoothness', 'mean_symmetry', 'mean_texture']",500,0.050008296966552734,23.37197447554508,10.0,,9.745433945723818,180.2067869780691,77.23001627675082,23.37197447554508
breast_cancer,RandomForest,63,94,SHAP-Targeted CE,True,"['mean_concave_points', 'mean_concavity', 'mean_perimeter']",343,0.017194271087646484,7.797037694487625,3.0,0.051901542902455196,0.6558187074155971,57.39922973237279,100.0,7.797037694487625
breast_cancer,RandomForest,64,95,Actionable CBFI (Proposed),True,"['mean_concave_points', 'mean_smoothness', 'mean_texture']",500,2.80216383934021,4.5957776225483205,3.0,0.0,0.07144331576825727,6.220852312101845,100.0,4.5957776225483205
breast_cancer,RandomForest,64,95,Untargeted Causal (Karimi 2021),True,"['mean_concave_points', 'mean_smoothness', 'mean_texture']",500,2.9571475982666016,4.5957776225483205,3.0,0.0,0.07144331576825727,6.220852312101845,100.0,4.5957776225483205
breast_cancer,RandomForest,64,95,Wachter's CE,True,"['mean_area', 'mean_compactness', 'mean_concave_points', 'mean_concavity', 'mean_fractal_dimension', 'mean_perimeter', 'mean_radius', 'mean_smoothness', 'mean_symmetry', 'mean_texture']",500,0.06374144554138184,22.877631307275617,10.0,,3.9385848863877846,64.18462831376875,64.29607872257816,22.877631307275617
breast_cancer,RandomForest,64,95,SHAP-Targeted CE,False,[],343,0.01607227325439453,,,,,,,
breast_cancer,RandomForest,65,99,Actionable CBFI (Proposed),True,['mean_concave_points'],500,2.3853728771209717,0.500099304865938,1.0,0.0,0.010825568283415094,1.3490283867327761,100.0,0.500099304865938
breast_cancer,RandomForest,65,99,Untargeted Causal (Karimi 2021),True,['mean_concave_points'],500,2.5904762744903564,0.500099304865938,1.0,0.0,0.010825568283415094,1.3490283867327761,100.0,0.500099304865938
breast_cancer,RandomForest,65,99,Wachter's CE,True,"['mean_area', 'mean_compactness', 'mean_concave_points', 'mean_concavity', 'mean_fractal_dimension', 'mean_perimeter', 'mean_radius', 'mean_smoothness', 'mean_symmetry', 'mean_texture']",500,0.06340456008911133,20.984224261884613,10.0,,2.5291177383368373,14.07278516154014,52.666069776503186,20.984224261884613
breast_cancer,RandomForest,65,99,SHAP-Targeted CE,True,"['mean_concave_points', 'mean_concavity', 'mean_perimeter']",343,0.018764495849609375,1.1860428269141081,3.0,0.00029773288012108413,0.01072383160039064,4.436550413469715,100.0,1.1860428269141081
breast_cancer,RandomForest,66,100,Actionable CBFI (Proposed),True,"['mean_area', 'mean_perimeter']",500,2.1547577381134033,0.8278330954510873,2.0,0.0,0.05554968549384032,7.376516226893216,100.0,0.8278330954510873
breast_cancer,RandomForest,66,100,Untargeted Causal (Karimi 2021),True,"['mean_area', 'mean_perimeter']",500,2.403318166732788,0.8278330954510873,2.0,0.0,0.05554968549384032,7.376516226893216,100.0,0.8278330954510873
breast_cancer,RandomForest,66,100,Wachter's CE,True,"['mean_area', 'mean_compactness', 'mean_concave_points', 'mean_concavity', 'mean_fractal_dimension', 'mean_perimeter', 'mean_radius', 'mean_smoothness', 'mean_symmetry', 'mean_texture']",500,0.04843854904174805,19.020189667072913,10.0,,0.9023159759620214,59.90571895576332,77.12234702488259,19.020189667072913
breast_cancer,RandomForest,66,100,SHAP-Targeted CE,True,"['mean_concave_points', 'mean_concavity', 'mean_perimeter']",343,0.018102169036865234,1.2503831664079246,3.0,0.0007822616816433071,0.03069072717941629,7.729453928618931,100.0,1.2503831664079246
breast_cancer,RandomForest,67,105,Actionable CBFI (Proposed),True,['mean_concave_points'],500,2.6623170375823975,2.3680238331678245,1.0,0.0,2.935250805550489,6.918173962034866,100.0,2.3680238331678245
breast_cancer,RandomForest,67,105,Untargeted Causal (Karimi 2021),True,['mean_concave_points'],500,2.8985214233398438,2.3680238331678245,1.0,0.0,2.935250805550489,6.918173962034866,100.0,2.3680238331678245
breast_cancer,RandomForest,67,105,Wachter's CE,True,"['mean_area', 'mean_compactness', 'mean_concave_points', 'mean_concavity', 'mean_fractal_dimension', 'mean_perimeter', 'mean_radius', 'mean_smoothness', 'mean_symmetry', 'mean_texture']",500,0.0479588508605957,18.705639406816033,10.0,,5.769763162971222,124.71402213068829,71.47732049042705,18.705639406816033
breast_cancer,RandomForest,67,105,SHAP-Targeted CE,True,"['mean_concave_points', 'mean_concavity', 'mean_perimeter']",343,0.01902294158935547,3.6367945392599763,3.0,0.001147643137506698,2.957941764910643,12.361656656118008,100.0,3.6367945392599763
breast_cancer,RandomForest,68,108,Actionable CBFI (Proposed),True,"['mean_area', 'mean_concave_points']",500,2.7961432933807373,13.528278501889254,2.0,0.0,4.3012311968381365,27.382104769714093,100.0,13.528278501889254
breast_cancer,RandomForest,68,108,Untargeted Causal (Karimi 2021),True,"['mean_concave_points', 'mean_smoothness', 'mean_texture']",500,2.939891815185547,8.113316431918168,3.0,0.0,2.777463656673495,18.292181390944364,82.39351610557165,8.113316431918168
breast_cancer,RandomForest,68,108,Wachter's CE,True,"['mean_area', 'mean_compactness', 'mean_concave_points', 'mean_concavity', 'mean_fractal_dimension', 'mean_perimeter', 'mean_radius', 'mean_smoothness', 'mean_symmetry', 'mean_texture']",500,0.048430681228637695,31.882739395517927,10.0,,5.1645887417914595,65.20947341813402,64.16016505808946,31.882739395517927
breast_cancer,RandomForest,68,108,SHAP-Targeted CE,True,"['mean_concave_points', 'mean_concavity', 'mean_perimeter']",343,0.017452239990234375,15.74064888705716,3.0,0.3564870841399759,5.800573164887767,153.70171599021327,100.0,15.74064888705716
breast_cancer,RandomForest,69,117,Actionable CBFI (Proposed),True,['mean_concave_points'],500,2.5660932064056396,2.031380337636544,1.0,0.0,0.7657974874932288,4.794909320629601,100.0,2.031380337636544
breast_cancer,RandomForest,69,117,Untargeted Causal (Karimi 2021),True,['mean_concave_points'],500,2.67507266998291,2.031380337636544,1.0,0.0,0.7657974874932288,4.794909320629601,100.0,2.031380337636544
breast_cancer,RandomForest,69,117,Wachter's CE,True,"['mean_area', 'mean_compactness', 'mean_concave_points', 'mean_concavity', 'mean_fractal_dimension', 'mean_perimeter', 'mean_radius', 'mean_smoothness', 'mean_symmetry', 'mean_texture']",500,0.04807710647583008,22.485661484308174,10.0,,5.433213964369273,60.86469041542715,67.74738144892783,22.485661484308174
breast_cancer,RandomForest,69,117,SHAP-Targeted CE,True,"['mean_concave_points', 'mean_concavity', 'mean_perimeter']",343,0.019057035446166992,3.5037232590103486,3.0,0.0021634880740745645,0.7712223046243543,12.842718565603981,100.0,3.5037232590103486
breast_cancer,RandomForest,70,118,Actionable CBFI (Proposed),True,"['mean_area', 'mean_concave_points']",500,2.6894330978393555,4.947056708714149,2.0,0.0,0.881417105161223,11.136442387428712,100.0,4.947056708714149
breast_cancer,RandomForest,70,118,Untargeted Causal (Karimi 2021),True,"['mean_area', 'mean_concave_points']",500,2.8353214263916016,4.947056708714149,2.0,0.0,0.881417105161223,11.136442387428712,100.0,4.947056708714149
breast_cancer,RandomForest,70,118,Wachter's CE,True,"['mean_area', 'mean_compactness', 'mean_concave_points', 'mean_concavity', 'mean_fractal_dimension', 'mean_perimeter', 'mean_radius', 'mean_smoothness', 'mean_symmetry', 'mean_texture']",500,0.048059701919555664,21.89958787505063,10.0,,8.456942986176513,116.64458286182001,74.53156752106895,21.89958787505063
breast_cancer,RandomForest,70,118,SHAP-Targeted CE,True,"['mean_concave_points', 'mean_concavity', 'mean_perimeter']",343,0.01621699333190918,9.621784945538028,3.0,0.07064895950021126,1.3427205873758439,66.15695128464522,100.0,9.621784945538028
breast_cancer,RandomForest,71,119,Actionable CBFI (Proposed),True,"['mean_concave_points', 'mean_smoothness', 'mean_texture']",500,2.607966661453247,1.9639616364530759,3.0,0.0,0.5927397515881159,4.7637958785778105,98.21526292159072,1.9639616364530759
breast_cancer,RandomForest,71,119,Untargeted Causal (Karimi 2021),True,"['mean_concave_points', 'mean_smoothness', 'mean_texture']",500,2.808309555053711,1.9639616364530759,3.0,0.0,0.5927397515881159,4.7637958785778105,98.21526292159072,1.9639616364530759
breast_cancer,RandomForest,71,119,Wachter's CE,True,"['mean_area', 'mean_compactness', 'mean_concave_points', 'mean_concavity', 'mean_fractal_dimension', 'mean_perimeter', 'mean_radius', 'mean_smoothness', 'mean_symmetry', 'mean_texture']",500,0.048075199127197266,16.254064878008474,10.0,,3.332228374645594,136.9001607083627,76.29098708544805,16.254064878008474
breast_cancer,RandomForest,71,119,SHAP-Targeted CE,True,"['mean_concave_points', 'mean_concavity', 'mean_perimeter']",343,0.02175307273864746,6.469392868827247,3.0,0.10600328249260658,1.7150840679634145,87.91696554740595,100.0,6.469392868827247
breast_cancer,RandomForest,72,121,Actionable CBFI (Proposed),True,"['mean_concave_points', 'mean_smoothness', 'mean_texture']",500,2.4582011699676514,3.0623787650150023,3.0,0.0,0.08521001522856962,5.357856873273598,100.0,3.0623787650150023
breast_cancer,RandomForest,72,121,Untargeted Causal (Karimi 2021),True,"['mean_concave_points', 'mean_fractal_dimension', 'mean_smoothness', 'mean_texture']",500,2.7093801498413086,2.6772915519089096,4.0,0.0,0.1756813978762171,5.759556376619137,90.98969152925638,2.6772915519089096
breast_cancer,RandomForest,72,121,Wachter's CE,True,"['mean_area', 'mean_compactness', 'mean_concave_points', 'mean_concavity', 'mean_fractal_dimension', 'mean_perimeter', 'mean_radius', 'mean_smoothness', 'mean_symmetry', 'mean_texture']",500,0.04911041259765625,22.572126278057812,10.0,,3.332228374645594,136.9001607083627,70.98547452135435,22.572126278057812
breast_cancer,RandomForest,72,121,SHAP-Targeted CE,True,"['mean_concave_points', 'mean_concavity', 'mean_perimeter']",343,0.01800990104675293,4.893798187575132,3.0,0.001366026486272592,0.1946730510072768,11.069483568939855,100.0,4.893798187575132
breast_cancer,RandomForest,73,122,Actionable CBFI (Proposed),True,"['mean_area', 'mean_concave_points']",500,2.911614179611206,16.110545101445783,2.0,0.0,6.26136021640638,31.613618745152717,100.0,16.110545101445783
breast_cancer,RandomForest,73,122,Untargeted Causal (Karimi 2021),True,"['mean_concave_points', 'mean_smoothness', 'mean_texture']",500,2.987083911895752,9.244626240062118,3.0,0.0,3.992713246008017,20.451208721724733,82.50787204867093,9.244626240062118
breast_cancer,RandomForest,73,122,Wachter's CE,True,"['mean_area', 'mean_compactness', 'mean_concave_points', 'mean_concavity', 'mean_fractal_dimension', 'mean_perimeter', 'mean_radius', 'mean_smoothness', 'mean_symmetry', 'mean_texture']",500,0.04844093322753906,35.086731680320646,10.0,,13.049329515761508,181.48528629467924,79.6139333113696,35.086731680320646
breast_cancer,RandomForest,73,122,SHAP-Targeted CE,True,"['mean_concave_points', 'mean_concavity', 'mean_perimeter']",343,0.016520023345947266,23.184033407361078,3.0,0.4779110561035085,8.217454672498862,174.82679567685562,100.0,23.184033407361078
breast_cancer,RandomForest,74,126,Actionable CBFI (Proposed),True,"['mean_concavity', 'mean_smoothness']",500,2.0699262619018555,0.2714465749147951,2.0,0.0,0.06596725854361647,1.9299915825220575,100.0,0.2714465749147951
breast_cancer,RandomForest,74,126,Untargeted Causal (Karimi 2021),True,"['mean_compactness', 'mean_concavity']",500,2.301841974258423,0.22017712639309303,2.0,0.0,0.05535140036692783,1.9131009634302263,87.33363148479427,0.22017712639309303
breast_cancer,RandomForest,74,126,Wachter's CE,True,"['mean_area', 'mean_compactness', 'mean_concave_points', 'mean_concavity', 'mean_fractal_dimension', 'mean_perimeter', 'mean_radius', 'mean_smoothness', 'mean_symmetry', 'mean_texture']",500,0.047812461853027344,17.875769160635354,10.0,,0.9023159759620214,59.90571895576332,73.00583556573994,17.875769160635354
breast_cancer,RandomForest,74,126,SHAP-Targeted CE,True,"['mean_concave_points', 'mean_concavity', 'mean_perimeter']",343,0.019001245498657227,0.9208143449925793,3.0,0.0009005153273983599,0.06699054011428984,8.355110593419132,100.0,0.9208143449925793
breast_cancer,RandomForest,75,127,Actionable CBFI (Proposed),True,"['mean_concave_points', 'mean_smoothness', 'mean_texture']",500,2.4948344230651855,1.5790393481672014,3.0,0.0,0.5924634154378041,3.6444470948649537,98.34101133776792,1.5790393481672014
breast_cancer,RandomForest,75,127,Untargeted Causal (Karimi 2021),True,"['mean_concave_points', 'mean_smoothness', 'mean_texture']",500,2.699146032333374,1.5790393481672014,3.0,0.0,0.5924634154378041,3.6444470948649537,98.34101133776792,1.5790393481672014
breast_cancer,RandomForest,75,127,Wachter's CE,True,"['mean_area', 'mean_compactness', 'mean_concave_points', 'mean_concavity', 'mean_fractal_dimension', 'mean_perimeter', 'mean_radius', 'mean_smoothness', 'mean_symmetry', 'mean_texture']",500,0.04909491539001465,16.755741880362894,10.0,,3.332228374645594,136.9001607083627,77.25471206312498,16.755741880362894
breast_cancer,RandomForest,75,127,SHAP-Targeted CE,True,"['mean_concave_points', 'mean_concavity', 'mean_perimeter']",343,0.017061233520507812,4.130612306607755,3.0,0.048689465491325405,1.1085655142217732,57.17477547026439,100.0,4.130612306607755
breast_cancer,RandomForest,76,129,Actionable CBFI (Proposed),True,"['mean_concave_points', 'mean_smoothness', 'mean_texture']",500,2.769920587539673,7.7598509236181945,3.0,0.0,0.05244562135712927,11.592509733482915,100.0,7.7598509236181945
breast_cancer,RandomForest,76,129,Untargeted Causal (Karimi 2021),True,"['mean_concave_points', 'mean_smoothness', 'mean_texture']",500,3.012683629989624,7.7598509236181945,3.0,0.0,0.05244562135712927,11.592509733482915,100.0,7.7598509236181945
breast_cancer,RandomForest,76,129,Wachter's CE,True,"['mean_area', 'mean_compactness', 'mean_concave_points', 'mean_concavity', 'mean_fractal_dimension', 'mean_perimeter', 'mean_radius', 'mean_smoothness', 'mean_symmetry', 'mean_texture']",500,0.04807567596435547,25.79189530160944,10.0,,3.0338574186639913,73.6103791013193,77.56523443900359,25.79189530160944
breast_cancer,RandomForest,76,129,SHAP-Targeted CE,True,"['mean_concave_points', 'mean_concavity', 'mean_perimeter']",343,0.016432762145996094,11.364093698768817,3.0,0.19317810187058346,1.861377404404529,116.01915623394798,100.0,11.364093698768817
breast_cancer,RandomForest,77,131,Actionable CBFI (Proposed),True,"['mean_concave_points', 'mean_smoothness', 'mean_texture']",500,2.5883917808532715,3.007924916690456,3.0,0.0,0.21807586114879476,4.4200673468521625,100.0,3.007924916690456
breast_cancer,RandomForest,77,131,Untargeted Causal (Karimi 2021),True,"['mean_concave_points', 'mean_smoothness', 'mean_texture']",500,2.782180070877075,3.007924916690456,3.0,0.0,0.21807586114879476,4.4200673468521625,100.0,3.007924916690456
breast_cancer,RandomForest,77,131,Wachter's CE,True,"['mean_area', 'mean_compactness', 'mean_concave_points', 'mean_concavity', 'mean_fractal_dimension', 'mean_perimeter', 'mean_radius', 'mean_smoothness', 'mean_symmetry', 'mean_texture']",500,0.04965066909790039,20.77222451103082,10.0,,3.4401838638770323,123.27438355023922,72.33905474523549,20.77222451103082
breast_cancer,RandomForest,77,131,SHAP-Targeted CE,True,"['mean_concave_points', 'mean_concavity', 'mean_perimeter']",343,0.01688408851623535,5.209253473699745,3.0,0.05648497025029925,0.7053865560620101,60.61541466259814,100.0,5.209253473699745
breast_cancer,RandomForest,78,132,Actionable CBFI (Proposed),True,"['mean_concave_points', 'mean_concavity']",500,2.602677822113037,1.8517997841113196,2.0,0.0,0.038042945887538725,3.585815808676873,100.0,1.8517997841113196
breast_cancer,RandomForest,78,132,Untargeted Causal (Karimi 2021),True,"['mean_concave_points', 'mean_concavity']",500,2.850053071975708,1.8517997841113196,2.0,0.0,0.038042945887538725,3.585815808676873,100.0,1.8517997841113196
breast_cancer,RandomForest,78,132,Wachter's CE,True,"['mean_area', 'mean_compactness', 'mean_concave_points', 'mean_concavity', 'mean_fractal_dimension', 'mean_perimeter', 'mean_radius', 'mean_smoothness', 'mean_symmetry', 'mean_texture']",500,0.05951714515686035,19.28529216917915,10.0,,4.605729381948628,121.19165240217171,76.15790626410379,19.28529216917915
breast_cancer,RandomForest,78,132,SHAP-Targeted CE,False,[],343,0.016144275665283203,,,,,,,
breast_cancer,RandomForest,79,134,Actionable CBFI (Proposed),True,"['mean_concave_points', 'mean_smoothness', 'mean_texture']",500,2.7153966426849365,3.276565964499805,3.0,0.0,0.1492890229251614,3.7150134744460805,100.0,3.276565964499805
breast_cancer,RandomForest,79,134,Untargeted Causal (Karimi 2021),True,"['mean_concave_points', 'mean_smoothness', 'mean_texture']",500,2.9175779819488525,3.276565964499805,3.0,0.0,0.1492890229251614,3.7150134744460805,100.0,3.276565964499805
breast_cancer,RandomForest,79,134,Wachter's CE,True,"['mean_area', 'mean_compactness', 'mean_concave_points', 'mean_concavity', 'mean_fractal_dimension', 'mean_perimeter', 'mean_radius', 'mean_smoothness', 'mean_symmetry', 'mean_texture']",500,0.048272132873535156,19.750218903317087,10.0,,3.9385848863877846,64.18462831376875,75.64159385871098,19.750218903317087
breast_cancer,RandomForest,79,134,SHAP-Targeted CE,True,"['mean_concave_points', 'mean_concavity', 'mean_perimeter']",343,0.016291141510009766,8.605529730478825,3.0,0.1352628854308706,1.4779261966490878,94.81798121486224,100.0,8.605529730478825
breast_cancer,RandomForest,80,135,Actionable CBFI (Proposed),True,"['mean_smoothness', 'mean_symmetry', 'mean_texture']",500,2.1621716022491455,0.026122347703653796,3.0,0.0,0.15903308349278936,1.882647792459471,99.07545539094853,0.026122347703653796
breast_cancer,RandomForest,80,135,Untargeted Causal (Karimi 2021),True,"['mean_smoothness', 'mean_symmetry', 'mean_texture']",500,1.9791204929351807,0.026122347703653796,3.0,0.0,0.15903308349278936,1.882647792459471,99.07545539094853,0.026122347703653796
breast_cancer,RandomForest,80,135,Wachter's CE,True,"['mean_area', 'mean_compactness', 'mean_concave_points', 'mean_concavity', 'mean_fractal_dimension', 'mean_perimeter', 'mean_radius', 'mean_smoothness', 'mean_symmetry', 'mean_texture']",500,0.048369646072387695,18.2891251409822,10.0,,0.9023159759620214,59.90571895576332,69.12383555871263,18.2891251409822
breast_cancer,RandomForest,80,135,SHAP-Targeted CE,True,"['mean_concave_points', 'mean_concavity', 'mean_perimeter']",343,0.01934027671813965,1.7270749917828943,3.0,0.005254726787744298,0.2020117229913902,19.23817690112493,100.0,1.7270749917828943
breast_cancer,RandomForest,81,138,Actionable CBFI (Proposed),True,"['mean_concavity', 'mean_smoothness', 'mean_texture']",500,2.499567747116089,2.369508253046533,3.0,0.0,0.5589553433553048,4.071883424616814,100.0,2.369508253046533
breast_cancer,RandomForest,81,138,Untargeted Causal (Karimi 2021),True,"['mean_concavity', 'mean_smoothness', 'mean_texture']",500,2.7571890354156494,2.369508253046533,3.0,0.0,0.5589553433553048,4.071883424616814,100.0,2.369508253046533
breast_cancer,RandomForest,81,138,Wachter's CE,True,"['mean_area', 'mean_compactness', 'mean_concave_points', 'mean_concavity', 'mean_fractal_dimension', 'mean_perimeter', 'mean_radius', 'mean_smoothness', 'mean_symmetry', 'mean_texture']",500,0.05087137222290039,22.019165039607373,10.0,,2.5291177383368373,14.07278516154014,62.507313610054894,22.019165039607373
breast_cancer,RandomForest,81,138,SHAP-Targeted CE,True,"['mean_concave_points', 'mean_concavity', 'mean_perimeter']",343,0.022753238677978516,3.138141937831131,3.0,0.0011508222028470654,0.5683167215639515,12.039942632727776,100.0,3.138141937831131
breast_cancer,RandomForest,82,141,Actionable CBFI (Proposed),True,"['mean_concave_points', 'mean_smoothness', 'mean_texture']",500,2.4319756031036377,1.4229678485722457,3.0,0.0,0.006233383647862932,2.2064049800227883,100.0,1.4229678485722457
breast_cancer,RandomForest,82,141,Untargeted Causal (Karimi 2021),True,"['mean_concave_points', 'mean_smoothness', 'mean_texture']",500,2.659012794494629,1.4229678485722457,3.0,0.0,0.006233383647862932,2.2064049800227883,100.0,1.4229678485722457
breast_cancer,RandomForest,82,141,Wachter's CE,True,"['mean_area', 'mean_compactness', 'mean_concave_points', 'mean_concavity', 'mean_fractal_dimension', 'mean_perimeter', 'mean_radius', 'mean_smoothness', 'mean_symmetry', 'mean_texture']",500,0.05208945274353027,20.56745620190545,10.0,,3.332228374645594,136.9001607083627,64.21744469695611,20.56745620190545
breast_cancer,RandomForest,82,141,SHAP-Targeted CE,True,"['mean_concave_points', 'mean_concavity', 'mean_perimeter']",343,0.03298640251159668,2.891202575327517,3.0,0.008454469243975275,0.08276337913437244,23.66693144633135,100.0,2.891202575327517
breast_cancer,RandomForest,83,146,Actionable CBFI (Proposed),True,['mean_concave_points'],500,2.450479745864868,1.282621648460774,1.0,0.0,0.8260609006860113,4.349175494350573,100.0,1.282621648460774
breast_cancer,RandomForest,83,146,Untargeted Causal (Karimi 2021),True,['mean_concave_points'],500,2.570838212966919,1.282621648460774,1.0,0.0,0.8260609006860113,4.349175494350573,100.0,1.282621648460774
breast_cancer,RandomForest,83,146,Wachter's CE,True,"['mean_area', 'mean_compactness', 'mean_concave_points', 'mean_concavity', 'mean_fractal_dimension', 'mean_perimeter', 'mean_radius', 'mean_smoothness', 'mean_symmetry', 'mean_texture']",500,0.06357288360595703,19.454792554535288,10.0,,1.6078205302131927,66.77240925441862,76.9496245382048,19.454792554535288
breast_cancer,RandomForest,83,146,SHAP-Targeted CE,True,"['mean_concave_points', 'mean_concavity', 'mean_perimeter']",343,0.018874406814575195,3.472717972780963,3.0,0.006074686143880466,0.8529544664455435,19.92518362525831,74.89327779640553,3.472717972780963
breast_cancer,RandomForest,84,156,Actionable CBFI (Proposed),True,"['mean_concave_points', 'mean_smoothness', 'mean_texture']",500,2.7653191089630127,5.694173086612711,3.0,0.0,0.4104448163185418,8.91325544805771,100.0,5.694173086612711
breast_cancer,RandomForest,84,156,Untargeted Causal (Karimi 2021),True,"['mean_concave_points', 'mean_fractal_dimension', 'mean_smoothness', 'mean_texture']",500,2.9653749465942383,5.037047844821834,4.0,0.0,0.4104448163185418,6.4876949196170735,92.99973623570847,5.037047844821834
breast_cancer,RandomForest,84,156,Wachter's CE,True,"['mean_area', 'mean_compactness', 'mean_concave_points', 'mean_concavity', 'mean_fractal_dimension', 'mean_perimeter', 'mean_radius', 'mean_smoothness', 'mean_symmetry', 'mean_texture']",500,0.04766106605529785,22.53170666589525,10.0,,3.0338574186639913,73.6103791013193,69.91474447440605,22.53170666589525
breast_cancer,RandomForest,84,156,SHAP-Targeted CE,True,"['mean_concave_points', 'mean_concavity', 'mean_perimeter']",343,0.015933752059936523,10.382033902383867,3.0,0.12116518167197687,1.45963973879873,88.95197556711767,100.0,10.382033902383867
breast_cancer,RandomForest,85,161,Actionable CBFI (Proposed),True,['mean_concave_points'],500,2.443119764328003,2.400794438927507,1.0,0.0,0.17147677742719358,4.534750254386763,100.0,2.400794438927507
breast_cancer,RandomForest,85,161,Untargeted Causal (Karimi 2021),True,['mean_concave_points'],500,2.750274896621704,2.400794438927507,1.0,0.0,0.17147677742719358,4.534750254386763,100.0,2.400794438927507
breast_cancer,RandomForest,85,161,Wachter's CE,True,"['mean_area', 'mean_compactness', 'mean_concave_points', 'mean_concavity', 'mean_fractal_dimension', 'mean_perimeter', 'mean_radius', 'mean_smoothness', 'mean_symmetry', 'mean_texture']",500,0.048618316650390625,20.41567949139984,10.0,,3.332228374645594,136.9001607083627,72.85421854180586,20.41567949139984
breast_cancer,RandomForest,85,161,SHAP-Targeted CE,True,"['mean_concave_points', 'mean_concavity', 'mean_perimeter']",343,0.018748760223388672,4.501505113120565,3.0,0.00510121390514895,0.22426766591403838,19.261101017230843,100.0,4.501505113120565
breast_cancer,RandomForest,86,162,Actionable CBFI (Proposed),True,"['mean_concave_points', 'mean_smoothness', 'mean_texture']",500,2.5569169521331787,5.903550745051785,3.0,0.0,0.3462406648904035,11.889199763102978,100.0,5.903550745051785
breast_cancer,RandomForest,86,162,Untargeted Causal (Karimi 2021),True,"['mean_concave_points', 'mean_fractal_dimension', 'mean_smoothness', 'mean_texture']",500,2.836939811706543,5.831259626483657,4.0,0.0,0.3462406648904035,9.866413964688485,83.92387205611132,5.831259626483657
breast_cancer,RandomForest,86,162,Wachter's CE,True,"['mean_area', 'mean_compactness', 'mean_concave_points', 'mean_concavity', 'mean_fractal_dimension', 'mean_perimeter', 'mean_radius', 'mean_smoothness', 'mean_symmetry', 'mean_texture']",500,0.04790186882019043,24.509457660572675,10.0,,3.0338574186639913,73.6103791013193,72.8789445081431,24.509457660572675
breast_cancer,RandomForest,86,162,SHAP-Targeted CE,True,"['mean_concave_points', 'mean_concavity', 'mean_perimeter']",343,0.01721668243408203,10.261796634653168,3.0,0.07398384397459477,1.0089809218603998,71.24919052656631,100.0,10.261796634653168
breast_cancer,RandomForest,87,164,Actionable CBFI (Proposed),True,"['mean_concave_points', 'mean_smoothness', 'mean_texture']",500,2.6759536266326904,4.709427332515807,3.0,0.0,0.5540234076565559,7.877439046535692,100.0,4.709427332515807
breast_cancer,RandomForest,87,164,Untargeted Causal (Karimi 2021),True,"['mean_concave_points', 'mean_smoothness', 'mean_texture']",500,2.874546766281128,4.741452826248928,3.0,0.0,0.533432384175824,7.892237355428554,100.0,4.741452826248928
breast_cancer,RandomForest,87,164,Wachter's CE,True,"['mean_area', 'mean_compactness', 'mean_concave_points', 'mean_concavity', 'mean_fractal_dimension', 'mean_perimeter', 'mean_radius', 'mean_smoothness', 'mean_symmetry', 'mean_texture']",500,0.0485074520111084,24.32699072858926,10.0,,2.4925957191159447,125.6811916668699,79.39700714883465,24.32699072858926
breast_cancer,RandomForest,87,164,SHAP-Targeted CE,True,"['mean_concave_points', 'mean_concavity', 'mean_perimeter']",343,0.016797304153442383,9.787603400786667,3.0,0.17851599735460635,2.4867137472540595,111.20400399425597,100.0,9.787603400786667
breast_cancer,RandomForest,88,167,Actionable CBFI (Proposed),True,"['mean_concave_points', 'mean_smoothness', 'mean_texture']",500,2.4836366176605225,2.0102094827944237,3.0,0.0,0.17341884932442522,2.2403851673242485,100.0,2.0102094827944237
breast_cancer,RandomForest,88,167,Untargeted Causal (Karimi 2021),True,"['mean_concave_points', 'mean_smoothness', 'mean_texture']",500,2.711010456085205,2.0102094827944237,3.0,0.0,0.17341884932442522,2.2403851673242485,100.0,2.0102094827944237
breast_cancer,RandomForest,88,167,Wachter's CE,True,"['mean_area', 'mean_compactness', 'mean_concave_points', 'mean_concavity', 'mean_fractal_dimension', 'mean_perimeter', 'mean_radius', 'mean_smoothness', 'mean_symmetry', 'mean_texture']",500,0.04935288429260254,18.3020088464043,10.0,,3.332228374645594,136.9001607083627,70.68322451214145,18.3020088464043
breast_cancer,RandomForest,88,167,SHAP-Targeted CE,True,"['mean_concave_points', 'mean_concavity', 'mean_perimeter']",343,0.01663374900817871,5.180201514706947,3.0,0.08474996104472778,0.9772236050237195,74.70042160995486,100.0,5.180201514706947
breast_cancer,RandomForest,89,168,Actionable CBFI (Proposed),True,"['mean_concave_points', 'mean_smoothness', 'mean_texture']",500,2.8489904403686523,6.06367744028001,3.0,0.0,0.18615443477631344,6.94563967343488,100.0,6.06367744028001
breast_cancer,RandomForest,89,168,Untargeted Causal (Karimi 2021),True,"['mean_concave_points', 'mean_smoothness', 'mean_texture']",500,2.9840590953826904,6.06367744028001,3.0,0.0,0.18615443477631344,6.94563967343488,100.0,6.06367744028001
breast_cancer,RandomForest,89,168,Wachter's CE,True,"['mean_area', 'mean_compactness', 'mean_concave_points', 'mean_concavity', 'mean_fractal_dimension', 'mean_perimeter', 'mean_radius', 'mean_smoothness', 'mean_symmetry', 'mean_texture']",500,0.04826807975769043,20.336071462338463,10.0,,3.9385848863877846,64.18462831376875,78.8464445307546,20.336071462338463
breast_cancer,RandomForest,89,168,SHAP-Targeted CE,True,"['mean_concave_points', 'mean_concavity', 'mean_perimeter']",343,0.017354965209960938,12.548402085841301,3.0,0.11488347717303295,1.2071856159763605,86.72861904893244,100.0,12.548402085841301
breast_cancer,RandomForest,90,171,Actionable CBFI (Proposed),True,"['mean_area', 'mean_perimeter']",500,1.9488234519958496,0.4160251563567674,2.0,0.0,0.17294956125322145,7.63214024158278,100.0,0.4160251563567674
breast_cancer,RandomForest,90,171,Untargeted Causal (Karimi 2021),True,"['mean_area', 'mean_perimeter']",500,2.112579822540283,0.4160251563567674,2.0,0.0,0.17294956125322145,7.63214024158278,100.0,0.4160251563567674
breast_cancer,RandomForest,90,171,Wachter's CE,True,"['mean_area', 'mean_compactness', 'mean_concave_points', 'mean_concavity', 'mean_fractal_dimension', 'mean_perimeter', 'mean_radius', 'mean_smoothness', 'mean_symmetry', 'mean_texture']",500,0.048744916915893555,19.148665135525235,10.0,,2.5291177383368373,14.07278516154014,38.10997300671664,19.148665135525235
breast_cancer,RandomForest,90,171,SHAP-Targeted CE,True,"['mean_concave_points', 'mean_concavity', 'mean_perimeter']",343,0.019304513931274414,0.8390601777978465,3.0,0.0018933334758550544,0.17436289970275667,10.841976598290383,100.0,0.8390601777978465
breast_cancer,RandomForest,91,172,Actionable CBFI (Proposed),True,"['mean_compactness', 'mean_concave_points']",500,2.681724786758423,3.464560001533852,2.0,0.0,1.1228812097977132,7.31231794491516,100.0,3.464560001533852
breast_cancer,RandomForest,91,172,Untargeted Causal (Karimi 2021),True,"['mean_compactness', 'mean_concave_points']",500,2.808281898498535,3.464560001533852,2.0,0.0,1.1228812097977132,7.31231794491516,100.0,3.464560001533852
breast_cancer,RandomForest,91,172,Wachter's CE,True,"['mean_area', 'mean_compactness', 'mean_concave_points', 'mean_concavity', 'mean_fractal_dimension', 'mean_perimeter', 'mean_radius', 'mean_smoothness', 'mean_symmetry', 'mean_texture']",500,0.05264115333557129,20.50839355062297,10.0,,5.769763162971222,124.71402213068829,75.27492603942211,20.50839355062297
breast_cancer,RandomForest,91,172,SHAP-Targeted CE,True,"['mean_concave_points', 'mean_concavity', 'mean_perimeter']",343,0.020133495330810547,4.5399894000445284,3.0,0.005426046750848586,1.2350112058013305,18.486688331757613,100.0,4.5399894000445284
breast_cancer,RandomForest,92,177,Actionable CBFI (Proposed),True,"['mean_concave_points', 'mean_smoothness', 'mean_texture']",500,2.620248794555664,3.6239884256833603,3.0,0.0,0.11366535214004617,4.887629981512782,100.0,3.6239884256833603
breast_cancer,RandomForest,92,177,Untargeted Causal (Karimi 2021),True,"['mean_concave_points', 'mean_smoothness', 'mean_texture']",500,2.8352692127227783,3.6239884256833603,3.0,0.0,0.11366535214004617,4.887629981512782,100.0,3.6239884256833603
breast_cancer,RandomForest,92,177,Wachter's CE,True,"['mean_area', 'mean_compactness', 'mean_concave_points', 'mean_concavity', 'mean_fractal_dimension', 'mean_perimeter', 'mean_radius', 'mean_smoothness', 'mean_symmetry', 'mean_texture']",500,0.05271029472351074,22.888316343726625,10.0,,3.9385848863877846,64.18462831376875,75.72763969921677,22.888316343726625
breast_cancer,RandomForest,92,177,SHAP-Targeted CE,True,"['mean_concave_points', 'mean_concavity', 'mean_perimeter']",343,0.016476154327392578,8.501614500720326,3.0,0.08474996104472778,0.81773185363909,75.50322186350947,100.0,8.501614500720326
breast_cancer,RandomForest,93,180,Actionable CBFI (Proposed),True,"['mean_concave_points', 'mean_smoothness', 'mean_texture']",500,2.7427120208740234,9.187033898261515,3.0,0.0,0.4221949174305908,16.37378755949691,100.0,9.187033898261515
breast_cancer,RandomForest,93,180,Untargeted Causal (Karimi 2021),True,"['mean_concave_points', 'mean_smoothness', 'mean_texture']",500,2.98162841796875,9.187033898261515,3.0,0.0,0.4221949174305908,16.37378755949691,100.0,9.187033898261515
breast_cancer,RandomForest,93,180,Wachter's CE,True,"['mean_area', 'mean_compactness', 'mean_concave_points', 'mean_concavity', 'mean_fractal_dimension', 'mean_perimeter', 'mean_radius', 'mean_smoothness', 'mean_symmetry', 'mean_texture']",500,0.04921865463256836,28.334021449300934,10.0,,3.60616291076711,124.30673983510006,80.58749264963845,28.334021449300934
breast_cancer,RandomForest,93,180,SHAP-Targeted CE,True,"['mean_concave_points', 'mean_concavity', 'mean_perimeter']",343,0.016668081283569336,16.70754795472887,3.0,0.6450338450010249,7.0335863951068704,208.59144194837143,100.0,16.70754795472887
breast_cancer,RandomForest,94,181,Actionable CBFI (Proposed),True,"['mean_concave_points', 'mean_smoothness', 'mean_texture']",500,2.8313958644866943,10.01047769913559,3.0,0.0,1.8574565239291663,14.363483305309801,100.0,10.01047769913559
breast_cancer,RandomForest,94,181,Untargeted Causal (Karimi 2021),True,"['mean_concave_points', 'mean_smoothness', 'mean_texture']",500,3.0197298526763916,10.01047769913559,3.0,0.0,1.8574565239291663,14.363483305309801,100.0,10.01047769913559
breast_cancer,RandomForest,94,181,Wachter's CE,True,"['mean_area', 'mean_compactness', 'mean_concave_points', 'mean_concavity', 'mean_fractal_dimension', 'mean_perimeter', 'mean_radius', 'mean_smoothness', 'mean_symmetry', 'mean_texture']",500,0.048014163970947266,28.38926903708308,10.0,,8.456942986176513,116.64458286182001,85.94498564190353,28.38926903708308
breast_cancer,RandomForest,94,181,SHAP-Targeted CE,False,[],343,0.016429662704467773,,,,,,,
breast_cancer,RandomForest,95,182,Actionable CBFI (Proposed),True,"['mean_area', 'mean_concave_points']",500,2.4816079139709473,1.2005809302268333,2.0,0.0,0.14864807792921203,3.8675052633149223,100.0,1.2005809302268333
breast_cancer,RandomForest,95,182,Untargeted Causal (Karimi 2021),True,"['mean_area', 'mean_concave_points']",500,2.7782247066497803,1.2005809302268333,2.0,0.0,0.14864807792921203,3.8675052633149223,100.0,1.2005809302268333
breast_cancer,RandomForest,95,182,Wachter's CE,True,"['mean_area', 'mean_compactness', 'mean_concave_points', 'mean_concavity', 'mean_fractal_dimension', 'mean_perimeter', 'mean_radius', 'mean_smoothness', 'mean_symmetry', 'mean_texture']",500,0.04858517646789551,20.54459000181514,10.0,,0.9023159759620214,59.90571895576332,82.12763375917555,20.54459000181514
breast_cancer,RandomForest,95,182,SHAP-Targeted CE,False,[],343,0.017704486846923828,,,,,,,
breast_cancer,RandomForest,96,184,Actionable CBFI (Proposed),True,"['mean_area', 'mean_perimeter']",500,2.366058588027954,0.7996383066826633,2.0,0.0,0.08094821778391283,14.080641386211148,100.0,0.7996383066826633
breast_cancer,RandomForest,96,184,Untargeted Causal (Karimi 2021),True,"['mean_area', 'mean_perimeter']",500,2.574493408203125,0.7996383066826633,2.0,0.0,0.08094821778391283,14.080641386211148,100.0,0.7996383066826633
breast_cancer,RandomForest,96,184,Wachter's CE,True,"['mean_area', 'mean_compactness', 'mean_concave_points', 'mean_concavity', 'mean_fractal_dimension', 'mean_perimeter', 'mean_radius', 'mean_smoothness', 'mean_symmetry', 'mean_texture']",500,0.05095076560974121,16.493043718756173,10.0,,0.9023159759620214,59.90571895576332,70.71746571114716,16.493043718756173
breast_cancer,RandomForest,96,184,SHAP-Targeted CE,False,[],343,0.018971681594848633,,,,,,,
breast_cancer,RandomForest,97,186,Actionable CBFI (Proposed),True,"['mean_concave_points', 'mean_smoothness', 'mean_texture']",500,2.6043128967285156,1.5517950350677343,3.0,0.0,0.380156456224545,2.7080605051594846,98.48308295268652,1.5517950350677343
breast_cancer,RandomForest,97,186,Untargeted Causal (Karimi 2021),True,"['mean_concave_points', 'mean_smoothness', 'mean_texture']",500,2.8087992668151855,1.5517950350677343,3.0,0.0,0.380156456224545,2.7080605051594846,98.48308295268652,1.5517950350677343
breast_cancer,RandomForest,97,186,Wachter's CE,True,"['mean_area', 'mean_compactness', 'mean_concave_points', 'mean_concavity', 'mean_fractal_dimension', 'mean_perimeter', 'mean_radius', 'mean_smoothness', 'mean_symmetry', 'mean_texture']",500,0.04791402816772461,19.44438270232876,10.0,,3.332228374645594,136.9001607083627,66.64775765654952,19.44438270232876
breast_cancer,RandomForest,97,186,SHAP-Targeted CE,True,"['mean_concave_points', 'mean_concavity', 'mean_perimeter']",343,0.017711400985717773,4.809721944558875,3.0,0.034930576227317774,0.7464153076856316,49.46654674028057,100.0,4.809721944558875
breast_cancer,RandomForest,98,190,Actionable CBFI (Proposed),True,['mean_concave_points'],500,2.555452823638916,1.8966236345580934,1.0,0.0,1.8415059131995064,9.269959131871712,100.0,1.8966236345580934
breast_cancer,RandomForest,98,190,Untargeted Causal (Karimi 2021),True,['mean_concave_points'],500,2.8187448978424072,1.8966236345580934,1.0,0.0,1.8415059131995064,9.269959131871712,100.0,1.8966236345580934
breast_cancer,RandomForest,98,190,Wachter's CE,True,"['mean_area', 'mean_compactness', 'mean_concave_points', 'mean_concavity', 'mean_fractal_dimension', 'mean_perimeter', 'mean_radius', 'mean_smoothness', 'mean_symmetry', 'mean_texture']",500,0.054837942123413086,20.60916521578305,10.0,,8.456942986176513,116.64458286182001,78.64986858798717,20.60916521578305
breast_cancer,RandomForest,98,190,SHAP-Targeted CE,True,"['mean_concave_points', 'mean_concavity', 'mean_perimeter']",343,0.01862478256225586,2.1835069518866597,3.0,0.00027163255580945966,1.8380300041470201,11.683882565851945,100.0,2.1835069518866597
breast_cancer,RandomForest,99,193,Actionable CBFI (Proposed),True,['mean_concavity'],500,2.258842706680298,0.5508650519031143,1.0,0.0,0.2524657306587068,2.4841195777262097,100.0,0.5508650519031143
breast_cancer,RandomForest,99,193,Untargeted Causal (Karimi 2021),True,['mean_concavity'],500,2.499854564666748,0.5508650519031143,1.0,0.0,0.2524657306587068,2.4841195777262097,100.0,0.5508650519031143
breast_cancer,RandomForest,99,193,Wachter's CE,True,"['mean_area', 'mean_compactness', 'mean_concave_points', 'mean_concavity', 'mean_fractal_dimension', 'mean_perimeter', 'mean_radius', 'mean_smoothness', 'mean_symmetry', 'mean_texture']",500,0.04827737808227539,19.015833771004864,10.0,,1.613496192966163,61.08765642426023,82.54980048437781,19.015833771004864
breast_cancer,RandomForest,99,193,SHAP-Targeted CE,True,"['mean_concave_points', 'mean_concavity', 'mean_perimeter']",343,0.019072294235229492,2.290458150336622,3.0,0.005852013475281178,0.32210446984280716,20.13837726118676,100.0,2.290458150336622
breast_cancer,RandomForest,100,194,Actionable CBFI (Proposed),True,['mean_concave_points'],500,2.571488618850708,3.0187686196623633,1.0,0.0,0.7998456136116985,7.2807420961269305,100.0,3.0187686196623633
breast_cancer,RandomForest,100,194,Untargeted Causal (Karimi 2021),True,['mean_concave_points'],500,2.8026492595672607,3.0187686196623633,1.0,0.0,0.7998456136116985,7.2807420961269305,100.0,3.0187686196623633
breast_cancer,RandomForest,100,194,Wachter's CE,True,"['mean_area', 'mean_compactness', 'mean_concave_points', 'mean_concavity', 'mean_fractal_dimension', 'mean_perimeter', 'mean_radius', 'mean_smoothness', 'mean_symmetry', 'mean_texture']",500,0.050383806228637695,23.233627280218656,10.0,,3.9385848863877846,64.18462831376875,75.48981610375426,23.233627280218656
breast_cancer,RandomForest,100,194,SHAP-Targeted CE,True,"['mean_concave_points', 'mean_concavity', 'mean_perimeter']",343,0.01949620246887207,4.079966179742689,3.0,0.0034682503601628535,0.7979179760718464,15.155472313353316,100.0,4.079966179742689
breast_cancer,SVM (RBF Kernel),1,0,Actionable CBFI (Proposed),True,['mean_smoothness'],500,0.4272749423980713,6.923157894736845,1.0,0.0,4.3715177906845355,11.030555326927205,100.0,6.923157894736845
breast_cancer,SVM (RBF Kernel),1,0,Untargeted Causal (Karimi 2021),True,['mean_smoothness'],500,0.46258544921875,6.923157894736845,1.0,0.0,4.3715177906845355,11.030555326927205,100.0,6.923157894736845
breast_cancer,SVM (RBF Kernel),1,0,Wachter's CE,True,"['mean_area', 'mean_compactness', 'mean_concave_points', 'mean_concavity', 'mean_fractal_dimension', 'mean_perimeter', 'mean_radius', 'mean_smoothness', 'mean_symmetry', 'mean_texture']",500,0.05055069923400879,20.673417949314462,10.0,,2.681171564417821,62.69115207597905,79.15084461909494,20.673417949314462
breast_cancer,SVM (RBF Kernel),1,0,SHAP-Targeted CE,True,"['mean_perimeter', 'mean_radius', 'mean_texture']",343,0.014856100082397461,18.12053625998381,3.0,0.1160702568156285,5.923507324717788,178.90273400841437,8.937228241897373,18.12053625998381
breast_cancer,SVM (RBF Kernel),2,1,Actionable CBFI (Proposed),True,"['mean_smoothness', 'mean_texture']",500,0.4251539707183838,2.933213829637295,2.0,0.0,0.6837155540755561,4.821245710842037,97.78787257695132,2.933213829637295
breast_cancer,SVM (RBF Kernel),2,1,Untargeted Causal (Karimi 2021),True,"['mean_smoothness', 'mean_texture']",500,0.43995046615600586,2.933213829637295,2.0,0.0,0.6837155540755561,4.821245710842037,97.78787257695132,2.933213829637295
breast_cancer,SVM (RBF Kernel),2,1,Wachter's CE,True,"['mean_area', 'mean_compactness', 'mean_concave_points', 'mean_concavity', 'mean_fractal_dimension', 'mean_perimeter', 'mean_radius', 'mean_smoothness', 'mean_symmetry', 'mean_texture']",500,0.05102086067199707,21.069757611462627,10.0,,3.332228374645594,136.9001607083627,69.90189817125739,21.069757611462627
breast_cancer,SVM (RBF Kernel),2,1,SHAP-Targeted CE,True,"['mean_perimeter', 'mean_radius', 'mean_texture']",343,0.015579700469970703,4.448159693327415,3.0,0.00611610446381437,0.9955150874350469,37.68471616163768,100.0,4.448159693327415
breast_cancer,SVM (RBF Kernel),3,2,Actionable CBFI (Proposed),True,"['mean_concavity', 'mean_smoothness', 'mean_texture']",500,0.46084141731262207,9.078556206766795,3.0,0.0,0.24306207144506192,9.8834143962876,100.0,9.078556206766795
breast_cancer,SVM (RBF Kernel),3,2,Untargeted Causal (Karimi 2021),True,"['mean_concavity', 'mean_smoothness']",500,0.4753084182739258,10.54205062830086,2.0,0.0,5.731945633434008,9.691176340237496,100.0,10.54205062830086
breast_cancer,SVM (RBF Kernel),3,2,Wachter's CE,True,"['mean_area', 'mean_compactness', 'mean_concave_points', 'mean_concavity', 'mean_fractal_dimension', 'mean_perimeter', 'mean_radius', 'mean_smoothness', 'mean_symmetry', 'mean_texture']",500,0.05109453201293945,21.05770224263658,10.0,,11.856975005669835,245.89814715581232,84.91225987728377,21.05770224263658
breast_cancer,SVM (RBF Kernel),3,2,SHAP-Targeted CE,True,"['mean_perimeter', 'mean_radius', 'mean_texture']",343,0.014691829681396484,15.32118866426688,3.0,0.6117228077352762,9.360545818975908,252.9438178372256,100.0,15.32118866426688
breast_cancer,SVM (RBF Kernel),4,3,Actionable CBFI (Proposed),True,['mean_smoothness'],500,0.41267848014831543,5.333894736842106,1.0,0.0,3.628441275746059,8.982216642354757,100.0,5.333894736842106
breast_cancer,SVM (RBF Kernel),4,3,Untargeted Causal (Karimi 2021),True,['mean_smoothness'],500,0.4305837154388428,5.333894736842106,1.0,0.0,3.628441275746059,8.982216642354757,100.0,5.333894736842106
breast_cancer,SVM (RBF Kernel),4,3,Wachter's CE,True,"['mean_area', 'mean_compactness', 'mean_concave_points', 'mean_concavity', 'mean_perimeter', 'mean_radius', 'mean_smoothness', 'mean_symmetry', 'mean_texture']",500,0.051377296447753906,19.729761997580333,9.0,,1.822435805557908,72.09118635838723,67.63763679272064,19.729761997580333
breast_cancer,SVM (RBF Kernel),4,3,SHAP-Targeted CE,True,"['mean_perimeter', 'mean_radius', 'mean_texture']",343,0.015855789184570312,8.792005399750572,3.0,0.6867086373201844,7.894174210185777,18.634775000278648,26.573184196860993,8.792005399750572
breast_cancer,SVM (RBF Kernel),5,4,Actionable CBFI (Proposed),True,"['mean_concavity', 'mean_smoothness', 'mean_texture']",500,0.4102463722229004,6.578682496400541,3.0,0.0,0.048290790772275584,8.741386669830465,100.0,6.578682496400541
breast_cancer,SVM (RBF Kernel),5,4,Untargeted Causal (Karimi 2021),True,"['mean_concavity', 'mean_smoothness', 'mean_texture']",500,0.4294850826263428,6.578682496400541,3.0,0.0,0.048290790772275584,8.741386669830465,100.0,6.578682496400541
breast_cancer,SVM (RBF Kernel),5,4,Wachter's CE,True,"['mean_area', 'mean_compactness', 'mean_concave_points', 'mean_concavity', 'mean_fractal_dimension', 'mean_perimeter', 'mean_radius', 'mean_smoothness', 'mean_symmetry', 'mean_texture']",500,0.05024909973144531,21.556100624201253,10.0,,11.856975005669835,245.89814715581232,76.66080877540942,21.556100624201253
breast_cancer,SVM (RBF Kernel),5,4,SHAP-Targeted CE,True,"['mean_perimeter', 'mean_radius', 'mean_texture']",343,0.01471853256225586,10.143769072170418,3.0,3.9230612282374207,5.064440949266007,119.74974216558697,100.0,10.143769072170418
breast_cancer,SVM (RBF Kernel),6,5,Actionable CBFI (Proposed),True,['mean_concavity'],500,0.40799522399902344,2.7862086010874947,1.0,0.0,1.7842726233077726,5.4578394405982085,100.0,2.7862086010874947
breast_cancer,SVM (RBF Kernel),6,5,Untargeted Causal (Karimi 2021),True,"['mean_area', 'mean_perimeter', 'mean_smoothness', 'mean_symmetry', 'mean_texture']",500,0.41525888442993164,2.7244704822019177,5.0,0.0,1.7832939580577487,3.760250420299791,19.285032931220584,2.7244704822019177
breast_cancer,SVM (RBF Kernel),6,5,Wachter's CE,True,"['mean_area', 'mean_compactness', 'mean_concave_points', 'mean_concavity', 'mean_fractal_dimension', 'mean_perimeter', 'mean_radius', 'mean_smoothness', 'mean_symmetry', 'mean_texture']",500,0.05049562454223633,18.546425346842387,10.0,,2.5291177383368373,14.07278516154014,87.20868931727173,18.546425346842387
breast_cancer,SVM (RBF Kernel),6,5,SHAP-Targeted CE,True,"['mean_perimeter', 'mean_radius', 'mean_texture']",343,0.01477360725402832,4.310226230175285,3.0,0.13157137078101847,2.03586840459497,7.539266503150637,23.78065431517537,4.310226230175285
breast_cancer,SVM (RBF Kernel),7,6,Actionable CBFI (Proposed),True,"['mean_smoothness', 'mean_texture']",500,0.4038734436035156,3.7374821377636507,2.0,0.0,0.068051059466715,3.099272070660612,100.0,3.7374821377636507
breast_cancer,SVM (RBF Kernel),7,6,Untargeted Causal (Karimi 2021),True,"['mean_smoothness', 'mean_texture']",500,0.4192965030670166,3.7374821377636507,2.0,0.0,0.068051059466715,3.099272070660612,100.0,3.7374821377636507
breast_cancer,SVM (RBF Kernel),7,6,Wachter's CE,True,"['mean_area', 'mean_compactness', 'mean_concave_points', 'mean_concavity', 'mean_fractal_dimension', 'mean_perimeter', 'mean_radius', 'mean_smoothness', 'mean_symmetry', 'mean_texture']",500,0.050841569900512695,20.556074064594604,10.0,,3.332228374645594,136.9001607083627,68.82535607319717,20.556074064594604
breast_cancer,SVM (RBF Kernel),7,6,SHAP-Targeted CE,True,"['mean_perimeter', 'mean_radius', 'mean_texture']",343,0.015475034713745117,4.297426946349835,3.0,0.015331835980111825,0.052621442027864826,3.7687677941776587,100.0,4.297426946349835
breast_cancer,SVM (RBF Kernel),8,7,Actionable CBFI (Proposed),True,['mean_concavity'],500,0.40752673149108887,2.314878892733564,1.0,0.0,1.0138795535986347,5.894707413773642,100.0,2.314878892733564
breast_cancer,SVM (RBF Kernel),8,7,Untargeted Causal (Karimi 2021),True,['mean_concavity'],500,0.4237492084503174,2.314878892733564,1.0,0.0,1.0138795535986347,5.894707413773642,100.0,2.314878892733564
breast_cancer,SVM (RBF Kernel),8,7,Wachter's CE,True,"['mean_area', 'mean_compactness', 'mean_concave_points', 'mean_concavity', 'mean_fractal_dimension', 'mean_perimeter', 'mean_radius', 'mean_smoothness', 'mean_symmetry', 'mean_texture']",500,0.051206350326538086,19.78399521688602,10.0,,2.5291177383368373,14.07278516154014,77.57351806574863,19.78399521688602
breast_cancer,SVM (RBF Kernel),8,7,SHAP-Targeted CE,True,"['mean_perimeter', 'mean_radius', 'mean_texture']",343,0.015897750854492188,4.035316846179416,3.0,0.19460789281220184,1.638766019705041,39.18561960689126,96.43847405242849,4.035316846179416
breast_cancer,SVM (RBF Kernel),9,8,Actionable CBFI (Proposed),True,"['mean_smoothness', 'mean_symmetry']",500,0.4388134479522705,6.551415204678362,2.0,0.0,1.0406174589487636,5.183252379724519,100.0,6.551415204678362
breast_cancer,SVM (RBF Kernel),9,8,Untargeted Causal (Karimi 2021),True,"['mean_concave_points', 'mean_smoothness', 'mean_texture']",500,0.44029927253723145,6.387533825499088,3.0,0.0,1.049782970077892,4.801758308842478,78.22716295592862,6.387533825499088
breast_cancer,SVM (RBF Kernel),9,8,Wachter's CE,True,"['mean_area', 'mean_compactness', 'mean_concave_points', 'mean_concavity', 'mean_fractal_dimension', 'mean_perimeter', 'mean_radius', 'mean_smoothness', 'mean_symmetry', 'mean_texture']",500,0.05153965950012207,19.393155192242777,10.0,,1.822435805557908,72.09118635838723,70.1910114655122,19.393155192242777
breast_cancer,SVM (RBF Kernel),9,8,SHAP-Targeted CE,True,"['mean_perimeter', 'mean_radius', 'mean_texture']",343,0.014936447143554688,15.474495635710042,3.0,0.22818666380928318,8.98843298424859,212.29413939165744,8.494452518227176,15.474495635710042
breast_cancer,SVM (RBF Kernel),10,9,Actionable CBFI (Proposed),True,['mean_smoothness'],500,0.4225306510925293,2.8181052631578956,1.0,0.0,1.9931150351002507,5.66782656711866,100.0,2.8181052631578956
breast_cancer,SVM (RBF Kernel),10,9,Untargeted Causal (Karimi 2021),True,['mean_smoothness'],500,0.4305603504180908,2.8181052631578956,1.0,0.0,1.9931150351002507,5.66782656711866,100.0,2.8181052631578956
breast_cancer,SVM (RBF Kernel),10,9,Wachter's CE,True,"['mean_area', 'mean_compactness', 'mean_concave_points', 'mean_concavity', 'mean_fractal_dimension', 'mean_perimeter', 'mean_radius', 'mean_smoothness', 'mean_symmetry', 'mean_texture']",500,0.051804304122924805,15.238683099576074,10.0,,1.822435805557908,72.09118635838723,44.91354253388561,15.238683099576074
breast_cancer,SVM (RBF Kernel),10,9,SHAP-Targeted CE,True,"['mean_perimeter', 'mean_radius', 'mean_texture']",343,0.0182340145111084,7.3936104069107955,3.0,0.14075441990742113,3.026054361672718,11.812650477080242,82.90817271463213,7.3936104069107955
breast_cancer,SVM (RBF Kernel),11,10,Actionable CBFI (Proposed),True,"['mean_compactness', 'mean_smoothness', 'mean_texture']",500,0.40596652030944824,1.5842567142318467,3.0,0.0,0.39038948405964025,2.463787183949914,100.0,1.5842567142318467
breast_cancer,SVM (RBF Kernel),11,10,Untargeted Causal (Karimi 2021),True,"['mean_concave_points', 'mean_concavity', 'mean_smoothness', 'mean_texture']",500,0.41771507263183594,1.2532069246374062,4.0,0.0,0.4955041465422167,3.01740762720823,23.231426779719406,1.2532069246374062
breast_cancer,SVM (RBF Kernel),11,10,Wachter's CE,True,"['mean_area', 'mean_compactness', 'mean_concave_points', 'mean_concavity', 'mean_fractal_dimension', 'mean_perimeter', 'mean_radius', 'mean_smoothness', 'mean_symmetry', 'mean_texture']",500,0.050445556640625,16.541678096787663,10.0,,0.9023159759620214,59.90571895576332,84.14176435324704,16.541678096787663
breast_cancer,SVM (RBF Kernel),11,10,SHAP-Targeted CE,True,"['mean_perimeter', 'mean_radius', 'mean_texture']",343,0.018006086349487305,2.3369042530391724,3.0,0.11844045443092761,0.4123810553054537,4.481811860421073,100.0,2.3369042530391724
breast_cancer,SVM (RBF Kernel),12,11,Actionable CBFI (Proposed),True,"['mean_concave_points', 'mean_smoothness', 'mean_texture']",500,0.40243077278137207,1.6939359093390416,3.0,0.0,0.01708441272800339,2.362136180389669,100.0,1.6939359093390416
breast_cancer,SVM (RBF Kernel),12,11,Untargeted Causal (Karimi 2021),True,"['mean_concave_points', 'mean_smoothness', 'mean_texture']",500,0.4200727939605713,1.6939359093390416,3.0,0.0,0.01708441272800339,2.362136180389669,100.0,1.6939359093390416
breast_cancer,SVM (RBF Kernel),12,11,Wachter's CE,True,"['mean_area', 'mean_compactness', 'mean_concave_points', 'mean_concavity', 'mean_fractal_dimension', 'mean_perimeter', 'mean_radius', 'mean_smoothness', 'mean_symmetry', 'mean_texture']",500,0.05068159103393555,20.46059918346931,10.0,,9.745433945723818,180.2067869780691,70.45223968622393,20.46059918346931
breast_cancer,SVM (RBF Kernel),12,11,SHAP-Targeted CE,True,"['mean_perimeter', 'mean_radius', 'mean_texture']",343,0.016117334365844727,2.991956381710286,3.0,0.10014840433231852,0.09525064735946978,4.670899937851365,100.0,2.991956381710286
breast_cancer,SVM (RBF Kernel),13,12,Actionable CBFI (Proposed),True,['mean_smoothness'],500,0.4391484260559082,4.71263157894737,1.0,0.0,3.351070042207075,10.463819374389615,100.0,4.71263157894737
breast_cancer,SVM (RBF Kernel),13,12,Untargeted Causal (Karimi 2021),True,['mean_smoothness'],500,0.45714259147644043,4.71263157894737,1.0,0.0,3.351070042207075,10.463819374389615,100.0,4.71263157894737
breast_cancer,SVM (RBF Kernel),13,12,Wachter's CE,True,"['mean_area', 'mean_compactness', 'mean_concave_points', 'mean_concavity', 'mean_fractal_dimension', 'mean_perimeter', 'mean_radius', 'mean_smoothness', 'mean_symmetry', 'mean_texture']",500,0.05083966255187988,23.29027257464705,10.0,,3.0935351195682195,16.85423347480492,44.98962731059689,23.29027257464705
breast_cancer,SVM (RBF Kernel),13,12,SHAP-Targeted CE,True,"['mean_perimeter', 'mean_radius', 'mean_texture']",343,0.015094995498657227,14.084548231528398,3.0,2.367849561861755,10.575402668897082,201.34743729578742,63.4136301262618,14.084548231528398
breast_cancer,SVM (RBF Kernel),14,13,Actionable CBFI (Proposed),True,"['mean_concave_points', 'mean_smoothness', 'mean_texture']",500,0.4177975654602051,3.282621898759898,3.0,0.0,0.212216206020332,2.7359963669949465,97.96594828556368,3.282621898759898
breast_cancer,SVM (RBF Kernel),14,13,Untargeted Causal (Karimi 2021),True,"['mean_concave_points', 'mean_smoothness', 'mean_texture']",500,0.41768455505371094,3.236483250697078,3.0,0.0,0.22577184095518657,2.7405721004019825,99.36253095260345,3.236483250697078
breast_cancer,SVM (RBF Kernel),14,13,Wachter's CE,True,"['mean_area', 'mean_compactness', 'mean_concave_points', 'mean_concavity', 'mean_fractal_dimension', 'mean_perimeter', 'mean_radius', 'mean_smoothness', 'mean_symmetry', 'mean_texture']",500,0.05070352554321289,18.47185401195347,10.0,,3.332228374645594,136.9001607083627,75.68721478563172,18.47185401195347
breast_cancer,SVM (RBF Kernel),14,13,SHAP-Targeted CE,True,"['mean_perimeter', 'mean_radius', 'mean_texture']",343,0.01656198501586914,5.124565726954059,3.0,0.0328347406976934,0.5429562552035305,39.9331058327468,100.0,5.124565726954059
breast_cancer,SVM (RBF Kernel),15,14,Actionable CBFI (Proposed),True,['mean_smoothness'],500,0.41779541969299316,3.0414736842105294,1.0,0.0,1.664234140988783,4.729650126487349,100.0,3.0414736842105294
breast_cancer,SVM (RBF Kernel),15,14,Untargeted Causal (Karimi 2021),True,['mean_smoothness'],500,0.4252898693084717,3.0414736842105294,1.0,0.0,1.664234140988783,4.729650126487349,100.0,3.0414736842105294
breast_cancer,SVM (RBF Kernel),15,14,Wachter's CE,True,"['mean_area', 'mean_compactness', 'mean_concave_points', 'mean_concavity', 'mean_fractal_dimension', 'mean_perimeter', 'mean_radius', 'mean_smoothness', 'mean_symmetry', 'mean_texture']",500,0.05105328559875488,16.863108785384036,10.0,,1.822435805557908,72.09118635838723,41.804713933911614,16.863108785384036
breast_cancer,SVM (RBF Kernel),15,14,SHAP-Targeted CE,True,"['mean_perimeter', 'mean_radius', 'mean_texture']",343,0.015935659408569336,8.266639638440806,3.0,0.9193325876315198,4.586413870316238,74.53748118870548,98.50257118084073,8.266639638440806
breast_cancer,SVM (RBF Kernel),16,15,Actionable CBFI (Proposed),True,['mean_smoothness'],500,0.42435789108276367,6.4494736842105285,1.0,0.0,2.600621234168019,7.161853891821344,100.0,6.4494736842105285
breast_cancer,SVM (RBF Kernel),16,15,Untargeted Causal (Karimi 2021),True,['mean_smoothness'],500,0.4218268394470215,6.4494736842105285,1.0,0.0,2.600621234168019,7.161853891821344,100.0,6.4494736842105285
breast_cancer,SVM (RBF Kernel),16,15,Wachter's CE,True,"['mean_area', 'mean_compactness', 'mean_concave_points', 'mean_concavity', 'mean_fractal_dimension', 'mean_perimeter', 'mean_radius', 'mean_smoothness', 'mean_symmetry', 'mean_texture']",500,0.0517270565032959,21.11033673667975,10.0,,1.822435805557908,72.09118635838723,48.04283582417211,21.11033673667975
breast_cancer,SVM (RBF Kernel),16,15,SHAP-Targeted CE,True,"['mean_perimeter', 'mean_radius', 'mean_texture']",343,0.014853239059448242,8.840245559067922,3.0,0.3568720267767003,1.3668120479261174,38.34704024788318,95.8140322340823,8.840245559067922
breast_cancer,SVM (RBF Kernel),17,16,Actionable CBFI (Proposed),True,"['mean_concavity', 'mean_smoothness', 'mean_texture']",500,0.4114959239959717,1.5209710855298164,3.0,0.0,0.12827462438406004,2.2605047217608303,98.82602349440982,1.5209710855298164
breast_cancer,SVM (RBF Kernel),17,16,Untargeted Causal (Karimi 2021),True,"['mean_concavity', 'mean_smoothness', 'mean_texture']",500,0.41062045097351074,1.5209710855298164,3.0,0.0,0.12827462438406004,2.2605047217608303,98.82602349440982,1.5209710855298164
breast_cancer,SVM (RBF Kernel),17,16,Wachter's CE,True,"['mean_area', 'mean_compactness', 'mean_concave_points', 'mean_concavity', 'mean_fractal_dimension', 'mean_perimeter', 'mean_radius', 'mean_smoothness', 'mean_symmetry', 'mean_texture']",500,0.051370859146118164,19.184543230044905,10.0,,2.5291177383368373,14.07278516154014,46.18560126336854,19.184543230044905
breast_cancer,SVM (RBF Kernel),17,16,SHAP-Targeted CE,True,"['mean_perimeter', 'mean_radius', 'mean_texture']",343,0.01755070686340332,2.5130731318273303,3.0,0.012012791144969788,0.09719878195501229,3.5515703281007753,100.0,2.5130731318273303
breast_cancer,SVM (RBF Kernel),18,17,Actionable CBFI (Proposed),True,['mean_smoothness'],500,0.4243605136871338,6.775789473684215,1.0,0.0,3.033669386176089,8.788724763255873,100.0,6.775789473684215
breast_cancer,SVM (RBF Kernel),18,17,Untargeted Causal (Karimi 2021),True,['mean_smoothness'],500,0.4421229362487793,6.775789473684215,1.0,0.0,3.033669386176089,8.788724763255873,100.0,6.775789473684215
breast_cancer,SVM (RBF Kernel),18,17,Wachter's CE,True,"['mean_area', 'mean_compactness', 'mean_concave_points', 'mean_concavity', 'mean_fractal_dimension', 'mean_perimeter', 'mean_radius', 'mean_smoothness', 'mean_symmetry', 'mean_texture']",500,0.05071067810058594,20.167523029049605,10.0,,1.822435805557908,72.09118635838723,44.720021729686266,20.167523029049605
breast_cancer,SVM (RBF Kernel),18,17,SHAP-Targeted CE,True,"['mean_perimeter', 'mean_radius', 'mean_texture']",343,0.014786005020141602,13.778973185306114,3.0,2.8002598478713807,4.019868840904474,25.051715820709397,63.278864334682005,13.778973185306114
breast_cancer,SVM (RBF Kernel),19,18,Actionable CBFI (Proposed),True,"['mean_concave_points', 'mean_concavity', 'mean_smoothness', 'mean_texture']",500,0.4200258255004883,6.584431886586119,4.0,0.0,0.19113129913809726,4.008953944124117,100.0,6.584431886586119
breast_cancer,SVM (RBF Kernel),19,18,Untargeted Causal (Karimi 2021),True,"['mean_concave_points', 'mean_concavity', 'mean_smoothness', 'mean_texture']",500,0.4404289722442627,6.584431886586119,4.0,0.0,0.19113129913809726,4.008953944124117,100.0,6.584431886586119
breast_cancer,SVM (RBF Kernel),19,18,Wachter's CE,True,"['mean_area', 'mean_compactness', 'mean_concave_points', 'mean_concavity', 'mean_fractal_dimension', 'mean_perimeter', 'mean_radius', 'mean_smoothness', 'mean_symmetry', 'mean_texture']",500,0.05121946334838867,19.939189432968334,10.0,,3.9385848863877846,64.18462831376875,75.45731134541526,19.939189432968334
breast_cancer,SVM (RBF Kernel),19,18,SHAP-Targeted CE,True,"['mean_perimeter', 'mean_radius', 'mean_texture']",343,0.015549421310424805,8.562395967266683,3.0,0.8009595252600358,0.7879455520639026,41.91529635945659,100.0,8.562395967266683
breast_cancer,SVM (RBF Kernel),20,22,Actionable CBFI (Proposed),True,"['mean_concave_points', 'mean_smoothness']",500,0.399522066116333,4.875932472691163,2.0,0.0,1.111044246466915,6.9431747559283385,100.0,4.875932472691163
breast_cancer,SVM (RBF Kernel),20,22,Untargeted Causal (Karimi 2021),True,"['mean_concave_points', 'mean_smoothness', 'mean_texture']",500,0.4149918556213379,4.710839723359969,3.0,0.0,1.1222465648483506,6.152907892857665,65.62784605425632,4.710839723359969
breast_cancer,SVM (RBF Kernel),20,22,Wachter's CE,True,"['mean_area', 'mean_compactness', 'mean_concave_points', 'mean_concavity', 'mean_fractal_dimension', 'mean_perimeter', 'mean_radius', 'mean_smoothness', 'mean_symmetry', 'mean_texture']",500,0.053741455078125,16.890926294253553,10.0,,2.9615049178462307,130.26166609141225,82.95813944159968,16.890926294253553
breast_cancer,SVM (RBF Kernel),20,22,SHAP-Targeted CE,True,"['mean_perimeter', 'mean_radius', 'mean_texture']",343,0.030447006225585938,12.959467195726887,3.0,2.197958725238285,9.996770204901775,252.6918245531419,51.862106135004325,12.959467195726887
breast_cancer,SVM (RBF Kernel),21,23,Actionable CBFI (Proposed),True,"['mean_concave_points', 'mean_concavity', 'mean_smoothness', 'mean_texture']",500,0.416928768157959,6.551046465590384,4.0,0.0,0.2944022725024926,5.544680403993955,99.99999999999999,6.551046465590384
breast_cancer,SVM (RBF Kernel),21,23,Untargeted Causal (Karimi 2021),True,"['mean_concave_points', 'mean_concavity', 'mean_smoothness', 'mean_texture']",500,0.43350863456726074,6.551046465590384,4.0,0.0,0.2944022725024926,5.544680403993955,99.99999999999999,6.551046465590384
breast_cancer,SVM (RBF Kernel),21,23,Wachter's CE,True,"['mean_area', 'mean_compactness', 'mean_concave_points', 'mean_concavity', 'mean_fractal_dimension', 'mean_perimeter', 'mean_radius', 'mean_smoothness', 'mean_symmetry', 'mean_texture']",500,0.050852298736572266,21.443806714423545,10.0,,3.9385848863877846,64.18462831376875,70.85821384139842,21.443806714423545
breast_cancer,SVM (RBF Kernel),21,23,SHAP-Targeted CE,True,"['mean_perimeter', 'mean_radius', 'mean_texture']",343,0.01596808433532715,8.346876442304838,3.0,0.10957689791319324,1.3906194545828834,83.7915745812442,100.0,8.346876442304838
breast_cancer,SVM (RBF Kernel),22,24,Actionable CBFI (Proposed),True,"['mean_concave_points', 'mean_concavity', 'mean_smoothness', 'mean_texture']",500,0.4221010208129883,4.6839122803258775,4.0,0.0,0.3646227177966057,2.9505938059360988,100.0,4.6839122803258775
breast_cancer,SVM (RBF Kernel),22,24,Untargeted Causal (Karimi 2021),True,"['mean_concave_points', 'mean_fractal_dimension', 'mean_smoothness', 'mean_texture']",500,0.43617844581604004,4.652704346915547,4.0,0.0,0.3646227177966057,2.9795587986539385,99.2258489974793,4.652704346915547
breast_cancer,SVM (RBF Kernel),22,24,Wachter's CE,True,"['mean_area', 'mean_compactness', 'mean_concave_points', 'mean_concavity', 'mean_fractal_dimension', 'mean_perimeter', 'mean_radius', 'mean_smoothness', 'mean_symmetry', 'mean_texture']",500,0.050662994384765625,22.401641225496775,10.0,,2.9615049178462307,130.26166609141225,57.35976108380425,22.401641225496775
breast_cancer,SVM (RBF Kernel),22,24,SHAP-Targeted CE,True,"['mean_perimeter', 'mean_radius', 'mean_texture']",343,0.014976739883422852,6.038450325472933,3.0,0.0074812790368786125,0.5403467476408027,42.92892783721225,100.0,6.038450325472933
breast_cancer,SVM (RBF Kernel),23,25,Actionable CBFI (Proposed),True,['mean_smoothness'],500,0.468886137008667,6.944210526315792,1.0,0.0,3.36142375684296,11.711432278788248,100.0,6.944210526315792
breast_cancer,SVM (RBF Kernel),23,25,Untargeted Causal (Karimi 2021),True,['mean_smoothness'],500,0.46261119842529297,6.944210526315792,1.0,0.0,3.36142375684296,11.711432278788248,100.0,6.944210526315792
breast_cancer,SVM (RBF Kernel),23,25,Wachter's CE,True,"['mean_area', 'mean_compactness', 'mean_concave_points', 'mean_concavity', 'mean_fractal_dimension', 'mean_perimeter', 'mean_radius', 'mean_smoothness', 'mean_texture']",500,0.05061817169189453,19.180737111441772,9.0,,0.8028642042358929,63.61257423457704,77.80064872985298,19.180737111441772
breast_cancer,SVM (RBF Kernel),23,25,SHAP-Targeted CE,True,"['mean_perimeter', 'mean_radius', 'mean_texture']",343,0.015024900436401367,13.500599199601414,3.0,2.0434328858825066,6.674677221140369,116.70533980663255,39.60447996575601,13.500599199601414
breast_cancer,SVM (RBF Kernel),24,26,Actionable CBFI (Proposed),True,"['mean_smoothness', 'mean_texture']",500,0.421276330947876,4.301561720386208,2.0,0.0,0.6789157477079171,4.068238815592039,100.0,4.301561720386208
breast_cancer,SVM (RBF Kernel),24,26,Untargeted Causal (Karimi 2021),True,"['mean_smoothness', 'mean_texture']",500,0.42455005645751953,4.301561720386208,2.0,0.0,0.6789157477079171,4.068238815592039,100.0,4.301561720386208
breast_cancer,SVM (RBF Kernel),24,26,Wachter's CE,True,"['mean_area', 'mean_compactness', 'mean_concave_points', 'mean_concavity', 'mean_fractal_dimension', 'mean_perimeter', 'mean_radius', 'mean_smoothness', 'mean_symmetry', 'mean_texture']",500,0.05094718933105469,19.949775387206238,10.0,,2.9615049178462307,130.26166609141225,84.43373300842552,19.949775387206238
breast_cancer,SVM (RBF Kernel),24,26,SHAP-Targeted CE,True,"['mean_perimeter', 'mean_radius', 'mean_texture']",343,0.014939069747924805,4.922588282601194,3.0,0.013704613564646568,0.7098238448021414,5.736727714006219,91.39576610132764,4.922588282601194
breast_cancer,SVM (RBF Kernel),25,27,Actionable CBFI (Proposed),True,"['mean_area', 'mean_perimeter', 'mean_smoothness', 'mean_texture']",500,0.4129159450531006,4.946705315917834,4.0,0.0,0.14753752537753856,18.552597139599868,100.0,4.946705315917834
breast_cancer,SVM (RBF Kernel),25,27,Untargeted Causal (Karimi 2021),True,"['mean_area', 'mean_perimeter', 'mean_smoothness', 'mean_texture']",500,0.4303779602050781,4.946705315917834,4.0,0.0,0.14753752537753856,18.552597139599868,100.0,4.946705315917834
breast_cancer,SVM (RBF Kernel),25,27,Wachter's CE,True,"['mean_area', 'mean_compactness', 'mean_concave_points', 'mean_concavity', 'mean_fractal_dimension', 'mean_perimeter', 'mean_radius', 'mean_smoothness', 'mean_symmetry', 'mean_texture']",500,0.05118083953857422,21.00967761132929,10.0,,3.9385848863877846,64.18462831376875,76.36674555435347,21.00967761132929
breast_cancer,SVM (RBF Kernel),25,27,SHAP-Targeted CE,True,"['mean_perimeter', 'mean_radius', 'mean_texture']",343,0.015248775482177734,4.779681555155279,3.0,0.03537807782357433,0.07958934332482617,4.056705148666438,100.0,4.779681555155279
breast_cancer,SVM (RBF Kernel),26,28,Actionable CBFI (Proposed),True,"['mean_smoothness', 'mean_texture']",500,0.42590928077697754,5.662631164907731,2.0,0.0,0.48480042941027446,3.514482307505283,100.0,5.662631164907731
breast_cancer,SVM (RBF Kernel),26,28,Untargeted Causal (Karimi 2021),True,"['mean_smoothness', 'mean_texture']",500,0.42363786697387695,5.662631164907731,2.0,0.0,0.48480042941027446,3.514482307505283,100.0,5.662631164907731
breast_cancer,SVM (RBF Kernel),26,28,Wachter's CE,True,"['mean_area', 'mean_compactness', 'mean_concave_points', 'mean_concavity', 'mean_fractal_dimension', 'mean_perimeter', 'mean_radius', 'mean_smoothness', 'mean_symmetry', 'mean_texture']",500,0.05157351493835449,19.476610098743024,10.0,,1.822435805557908,72.09118635838723,59.005076162597526,19.476610098743024
breast_cancer,SVM (RBF Kernel),26,28,SHAP-Targeted CE,True,"['mean_perimeter', 'mean_radius', 'mean_texture']",343,0.015630483627319336,7.025100753737906,3.0,0.061041097979809306,0.5636700163943988,6.016387017470601,100.0,7.025100753737906
breast_cancer,SVM (RBF Kernel),27,29,Actionable CBFI (Proposed),True,"['mean_concave_points', 'mean_concavity']",500,0.3875868320465088,2.8693699221612827,2.0,0.0,0.026446699335987006,5.221602543279933,100.0,2.8693699221612827
breast_cancer,SVM (RBF Kernel),27,29,Untargeted Causal (Karimi 2021),True,"['mean_smoothness', 'mean_texture']",500,0.4159414768218994,1.9433451427125508,2.0,0.0,0.026446699335987006,3.3942108807319737,2.21212742304868,1.9433451427125508
breast_cancer,SVM (RBF Kernel),27,29,Wachter's CE,True,"['mean_area', 'mean_compactness', 'mean_concave_points', 'mean_concavity', 'mean_fractal_dimension', 'mean_perimeter', 'mean_radius', 'mean_smoothness', 'mean_symmetry', 'mean_texture']",500,0.05134701728820801,21.115955408463822,10.0,,9.745433945723818,180.2067869780691,64.3963128621341,21.115955408463822
breast_cancer,SVM (RBF Kernel),27,29,SHAP-Targeted CE,True,"['mean_perimeter', 'mean_radius', 'mean_texture']",343,0.015452146530151367,2.0033371547549783,3.0,0.0003134977566764977,0.024816555072852402,4.287265988792377,5.140486843386662,2.0033371547549783
breast_cancer,SVM (RBF Kernel),28,30,Actionable CBFI (Proposed),True,"['mean_concave_points', 'mean_smoothness']",500,0.42675232887268066,10.44738828202582,2.0,0.0,2.600720285364557,9.358867768570445,100.0,10.44738828202582
breast_cancer,SVM (RBF Kernel),28,30,Untargeted Causal (Karimi 2021),True,"['mean_concave_points', 'mean_smoothness']",500,0.452254056930542,10.44738828202582,2.0,0.0,2.600720285364557,9.358867768570445,100.0,10.44738828202582
breast_cancer,SVM (RBF Kernel),28,30,Wachter's CE,True,"['mean_area', 'mean_compactness', 'mean_concave_points', 'mean_concavity', 'mean_fractal_dimension', 'mean_perimeter', 'mean_radius', 'mean_smoothness', 'mean_symmetry', 'mean_texture']",500,0.051059722900390625,21.30748092743967,10.0,,9.523010415245547,116.01024362810801,75.41590390447507,21.30748092743967
breast_cancer,SVM (RBF Kernel),28,30,SHAP-Targeted CE,True,"['mean_perimeter', 'mean_radius', 'mean_texture']",343,0.014859437942504883,17.985201156992574,3.0,4.516856910514927,4.432152252362954,32.482500084209036,100.0,17.985201156992574
breast_cancer,SVM (RBF Kernel),29,31,Actionable CBFI (Proposed),True,"['mean_concave_points', 'mean_concavity']",500,0.37838006019592285,1.0534675953446977,2.0,0.0,0.6420615496819992,3.1072683420966776,100.0,1.0534675953446977
breast_cancer,SVM (RBF Kernel),29,31,Untargeted Causal (Karimi 2021),True,"['mean_concave_points', 'mean_concavity']",500,0.4042084217071533,1.0534675953446977,2.0,0.0,0.6420615496819992,3.1072683420966776,100.0,1.0534675953446977
breast_cancer,SVM (RBF Kernel),29,31,Wachter's CE,True,"['mean_area', 'mean_compactness', 'mean_concave_points', 'mean_concavity', 'mean_fractal_dimension', 'mean_perimeter', 'mean_radius', 'mean_smoothness', 'mean_symmetry', 'mean_texture']",500,0.052445411682128906,18.626525012029717,10.0,,2.5291177383368373,14.07278516154014,85.85153186450863,18.626525012029717
breast_cancer,SVM (RBF Kernel),29,31,SHAP-Targeted CE,True,"['mean_perimeter', 'mean_radius', 'mean_texture']",343,0.017091751098632812,2.9378671017178006,3.0,0.061904165896335774,0.7960639732544621,5.042657571234417,23.96117128679671,2.9378671017178006
breast_cancer,SVM (RBF Kernel),30,32,Actionable CBFI (Proposed),True,"['mean_concavity', 'mean_smoothness', 'mean_texture']",500,0.4337193965911865,9.036176820710322,3.0,0.0,0.7643197310487913,6.41049742072235,100.0,9.036176820710322
breast_cancer,SVM (RBF Kernel),30,32,Untargeted Causal (Karimi 2021),True,"['mean_area', 'mean_perimeter', 'mean_smoothness']",500,0.4439423084259033,9.590971755396493,3.0,0.0,2.8321187920378454,57.83376503901854,98.92810697162531,9.590971755396493
breast_cancer,SVM (RBF Kernel),30,32,Wachter's CE,True,"['mean_area', 'mean_compactness', 'mean_concave_points', 'mean_concavity', 'mean_fractal_dimension', 'mean_perimeter', 'mean_radius', 'mean_smoothness', 'mean_symmetry', 'mean_texture']",500,0.06587457656860352,20.595607284697035,10.0,,10.01997718793555,122.3288856096065,84.00618889684549,20.595607284697035
breast_cancer,SVM (RBF Kernel),30,32,SHAP-Targeted CE,True,"['mean_perimeter', 'mean_radius', 'mean_texture']",343,0.014582633972167969,16.684464272740904,3.0,1.0650528580537924,10.889130600726306,250.91315202059752,100.0,16.684464272740904
breast_cancer,SVM (RBF Kernel),31,33,Actionable CBFI (Proposed),True,"['mean_concavity', 'mean_smoothness', 'mean_texture']",500,0.41463732719421387,8.0639449578293,3.0,0.0,0.07744181761002131,5.24409166187179,100.0,8.0639449578293
breast_cancer,SVM (RBF Kernel),31,33,Untargeted Causal (Karimi 2021),True,"['mean_concave_points', 'mean_fractal_dimension', 'mean_smoothness']",500,0.4480569362640381,7.366296493267508,3.0,0.0,2.4341736117265853,8.850285272149357,98.2693046393763,7.366296493267508
breast_cancer,SVM (RBF Kernel),31,33,Wachter's CE,True,"['mean_area', 'mean_compactness', 'mean_concave_points', 'mean_concavity', 'mean_fractal_dimension', 'mean_perimeter', 'mean_radius', 'mean_smoothness', 'mean_symmetry', 'mean_texture']",500,0.052392005920410156,22.583949831898305,10.0,,3.9385848863877846,64.18462831376875,71.0102810631116,22.583949831898305
breast_cancer,SVM (RBF Kernel),31,33,SHAP-Targeted CE,True,"['mean_perimeter', 'mean_radius', 'mean_texture']",343,0.0156862735748291,9.65032775610611,3.0,0.6522187684613725,1.0352125966644388,38.630074826949745,100.0,9.65032775610611
breast_cancer,SVM (RBF Kernel),32,34,Actionable CBFI (Proposed),True,"['mean_smoothness', 'mean_texture']",500,0.4099721908569336,2.9732452838879277,2.0,0.0,0.19641357176345092,3.0502195814617368,99.99999999999999,2.9732452838879277
breast_cancer,SVM (RBF Kernel),32,34,Untargeted Causal (Karimi 2021),True,"['mean_smoothness', 'mean_texture']",500,0.43288397789001465,2.9732452838879277,2.0,0.0,0.19641357176345092,3.0502195814617368,99.99999999999999,2.9732452838879277
breast_cancer,SVM (RBF Kernel),32,34,Wachter's CE,True,"['mean_area', 'mean_compactness', 'mean_concave_points', 'mean_concavity', 'mean_fractal_dimension', 'mean_perimeter', 'mean_radius', 'mean_smoothness', 'mean_symmetry', 'mean_texture']",500,0.05122947692871094,20.613811239769305,10.0,,2.9615049178462307,130.26166609141225,54.356928392404924,20.613811239769305
breast_cancer,SVM (RBF Kernel),32,34,SHAP-Targeted CE,True,"['mean_perimeter', 'mean_radius', 'mean_texture']",343,0.015592098236083984,4.371985504730494,3.0,0.06508172930055338,0.19069899198950968,4.907530652108464,100.0,4.371985504730494
breast_cancer,SVM (RBF Kernel),33,35,Actionable CBFI (Proposed),True,"['mean_smoothness', 'mean_texture']",500,0.3969745635986328,4.3233970590683715,2.0,0.0,0.011878148005185527,3.9678642402765565,100.0,4.3233970590683715
breast_cancer,SVM (RBF Kernel),33,35,Untargeted Causal (Karimi 2021),True,"['mean_smoothness', 'mean_texture']",500,0.41302490234375,4.3233970590683715,2.0,0.0,0.011878148005185527,3.9678642402765565,100.0,4.3233970590683715
breast_cancer,SVM (RBF Kernel),33,35,Wachter's CE,True,"['mean_area', 'mean_compactness', 'mean_concave_points', 'mean_concavity', 'mean_fractal_dimension', 'mean_perimeter', 'mean_radius', 'mean_smoothness', 'mean_symmetry', 'mean_texture']",500,0.05119752883911133,20.785813806043393,10.0,,3.332228374645594,136.9001607083627,69.3930307266219,20.785813806043393
breast_cancer,SVM (RBF Kernel),33,35,SHAP-Targeted CE,True,"['mean_perimeter', 'mean_radius', 'mean_texture']",343,0.015860319137573242,5.127315131636055,3.0,0.023804875022028205,0.03414409480956971,4.655608101618318,100.0,5.127315131636055
breast_cancer,SVM (RBF Kernel),34,36,Actionable CBFI (Proposed),True,"['mean_smoothness', 'mean_texture']",500,0.4064807891845703,2.20682489614399,2.0,0.0,0.010315668379414144,2.308960824161681,100.0,2.20682489614399
breast_cancer,SVM (RBF Kernel),34,36,Untargeted Causal (Karimi 2021),True,"['mean_smoothness', 'mean_texture']",500,0.42350292205810547,2.20682489614399,2.0,0.0,0.010315668379414144,2.308960824161681,100.0,2.20682489614399
breast_cancer,SVM (RBF Kernel),34,36,Wachter's CE,True,"['mean_area', 'mean_compactness', 'mean_concave_points', 'mean_concavity', 'mean_fractal_dimension', 'mean_perimeter', 'mean_radius', 'mean_smoothness', 'mean_symmetry', 'mean_texture']",500,0.050374746322631836,21.38255696195589,10.0,,4.605729381948628,121.19165240217171,70.90277933503756,21.38255696195589
breast_cancer,SVM (RBF Kernel),34,36,SHAP-Targeted CE,True,"['mean_perimeter', 'mean_radius', 'mean_texture']",343,0.01598072052001953,2.7652608324740724,3.0,0.002210819722651983,0.007106279991406072,2.233395477317615,100.0,2.7652608324740724
breast_cancer,SVM (RBF Kernel),35,38,Actionable CBFI (Proposed),True,"['mean_area', 'mean_concavity', 'mean_perimeter']",500,0.37537455558776855,1.497790722712929,3.0,0.0,0.3629914696683742,7.805329280038618,100.0,1.497790722712929
breast_cancer,SVM (RBF Kernel),35,38,Untargeted Causal (Karimi 2021),True,['mean_concave_points'],500,0.3862447738647461,1.439424031777557,1.0,0.0,0.3282535856967248,4.740329268048454,0.0,1.439424031777557
breast_cancer,SVM (RBF Kernel),35,38,Wachter's CE,True,"['mean_area', 'mean_compactness', 'mean_concave_points', 'mean_concavity', 'mean_fractal_dimension', 'mean_perimeter', 'mean_radius', 'mean_smoothness', 'mean_symmetry', 'mean_texture']",500,0.050843000411987305,17.260917765221446,10.0,,0.9023159759620214,59.90571895576332,83.06025070456192,17.260917765221446
breast_cancer,SVM (RBF Kernel),35,38,SHAP-Targeted CE,True,"['mean_perimeter', 'mean_radius', 'mean_texture']",343,0.01772928237915039,2.7895887753408353,3.0,0.024793689225327615,0.2582968769397739,4.613536285392445,100.0,2.7895887753408353
breast_cancer,SVM (RBF Kernel),36,39,Actionable CBFI (Proposed),True,['mean_smoothness'],500,0.40560054779052734,1.0286315789473681,1.0,0.0,0.08860427656754867,1.6322321272128109,100.0,1.0286315789473681
breast_cancer,SVM (RBF Kernel),36,39,Untargeted Causal (Karimi 2021),True,['mean_smoothness'],500,0.4246642589569092,1.0286315789473681,1.0,0.0,0.08860427656754867,1.6322321272128109,100.0,1.0286315789473681
breast_cancer,SVM (RBF Kernel),36,39,Wachter's CE,True,"['mean_area', 'mean_compactness', 'mean_concave_points', 'mean_concavity', 'mean_fractal_dimension', 'mean_perimeter', 'mean_radius', 'mean_smoothness', 'mean_symmetry', 'mean_texture']",500,0.0506284236907959,19.343941942721838,10.0,,2.5291177383368373,14.07278516154014,52.00830885041457,19.343941942721838
breast_cancer,SVM (RBF Kernel),36,39,SHAP-Targeted CE,True,"['mean_perimeter', 'mean_radius', 'mean_texture']",343,0.016861915588378906,2.2984709880193677,3.0,0.1587165095709631,0.5609910230176792,40.461758270386674,100.0,2.2984709880193677
breast_cancer,SVM (RBF Kernel),37,41,Actionable CBFI (Proposed),True,"['mean_concave_points', 'mean_concavity']",500,0.3980896472930908,0.865220569213724,2.0,0.0,1.046359883756326,3.0202616700918745,100.0,0.865220569213724
breast_cancer,SVM (RBF Kernel),37,41,Untargeted Causal (Karimi 2021),True,"['mean_concave_points', 'mean_concavity']",500,0.42619943618774414,0.865220569213724,2.0,0.0,1.046359883756326,3.0202616700918745,100.0,0.865220569213724
breast_cancer,SVM (RBF Kernel),37,41,Wachter's CE,True,"['mean_area', 'mean_compactness', 'mean_concave_points', 'mean_concavity', 'mean_fractal_dimension', 'mean_perimeter', 'mean_radius', 'mean_smoothness', 'mean_symmetry', 'mean_texture']",500,0.05075669288635254,18.563018616563184,10.0,,2.5291177383368373,14.07278516154014,50.844397067129385,18.563018616563184
breast_cancer,SVM (RBF Kernel),37,41,SHAP-Targeted CE,True,"['mean_perimeter', 'mean_radius', 'mean_texture']",343,0.01655745506286621,1.1842216855350438,3.0,0.007631266581083895,1.071466559936012,3.8498168390169107,100.0,1.1842216855350438
breast_cancer,SVM (RBF Kernel),38,42,Actionable CBFI (Proposed),True,"['mean_concave_points', 'mean_smoothness', 'mean_texture']",500,0.4786674976348877,9.051731370396778,3.0,0.0,0.5749784328959422,10.889813220786676,98.65703680018252,9.051731370396778
breast_cancer,SVM (RBF Kernel),38,42,Untargeted Causal (Karimi 2021),True,"['mean_concave_points', 'mean_smoothness']",500,0.43062329292297363,6.565719960278055,2.0,0.0,2.9164242857017246,8.499993148041455,38.788931103743664,6.565719960278055
breast_cancer,SVM (RBF Kernel),38,42,Wachter's CE,True,"['mean_area', 'mean_compactness', 'mean_concave_points', 'mean_concavity', 'mean_fractal_dimension', 'mean_perimeter', 'mean_radius', 'mean_smoothness', 'mean_symmetry', 'mean_texture']",500,0.05082964897155762,23.53871483973351,10.0,,9.20494390356658,129.3858567550348,68.5142857887158,23.53871483973351
breast_cancer,SVM (RBF Kernel),38,42,SHAP-Targeted CE,True,"['mean_perimeter', 'mean_radius', 'mean_texture']",343,0.014779329299926758,12.677550665458863,3.0,2.6680225045373374,7.735680730914961,158.66625725825727,100.0,12.677550665458863
breast_cancer,SVM (RBF Kernel),39,43,Actionable CBFI (Proposed),True,"['mean_smoothness', 'mean_texture']",500,0.4158647060394287,0.8617680333227193,2.0,0.0,0.26730477713586576,1.7419787943963847,100.0,0.8617680333227193
breast_cancer,SVM (RBF Kernel),39,43,Untargeted Causal (Karimi 2021),True,"['mean_smoothness', 'mean_texture']",500,0.4168815612792969,0.8617680333227193,2.0,0.0,0.26730477713586576,1.7419787943963847,100.0,0.8617680333227193
breast_cancer,SVM (RBF Kernel),39,43,Wachter's CE,True,"['mean_area', 'mean_compactness', 'mean_concave_points', 'mean_concavity', 'mean_fractal_dimension', 'mean_perimeter', 'mean_radius', 'mean_smoothness', 'mean_symmetry', 'mean_texture']",500,0.05488014221191406,20.520122074912834,10.0,,2.5291177383368373,14.07278516154014,54.984084527696275,20.520122074912834
breast_cancer,SVM (RBF Kernel),39,43,SHAP-Targeted CE,True,"['mean_perimeter', 'mean_radius', 'mean_texture']",343,0.018352985382080078,2.769601595118721,3.0,0.017946105305025727,0.23462151465658707,2.507858012045441,100.0,2.769601595118721
breast_cancer,SVM (RBF Kernel),40,44,Actionable CBFI (Proposed),True,"['mean_area', 'mean_concave_points']",500,0.40215277671813965,0.4373414150522334,2.0,0.0,0.014752371997021115,1.708515242975523,100.0,0.4373414150522334
breast_cancer,SVM (RBF Kernel),40,44,Untargeted Causal (Karimi 2021),True,"['mean_area', 'mean_concave_points']",500,0.41347765922546387,0.4373414150522334,2.0,0.0,0.014752371997021115,1.708515242975523,100.0,0.4373414150522334
breast_cancer,SVM (RBF Kernel),40,44,Wachter's CE,True,"['mean_area', 'mean_compactness', 'mean_concave_points', 'mean_concavity', 'mean_fractal_dimension', 'mean_perimeter', 'mean_radius', 'mean_smoothness', 'mean_symmetry', 'mean_texture']",500,0.050668954849243164,20.530018425179534,10.0,,2.5291177383368373,14.07278516154014,54.35200797543084,20.530018425179534
breast_cancer,SVM (RBF Kernel),40,44,SHAP-Targeted CE,True,"['mean_perimeter', 'mean_radius', 'mean_texture']",343,0.0171506404876709,2.625599468542644,3.0,0.005760771395271858,0.23254202773851232,41.928867437288226,100.0,2.625599468542644
breast_cancer,SVM (RBF Kernel),41,45,Actionable CBFI (Proposed),True,"['mean_concave_points', 'mean_concavity', 'mean_smoothness', 'mean_texture']",500,0.4167299270629883,6.445958321723209,4.0,0.0,0.3099506006792103,4.726136734564236,100.0,6.445958321723209
breast_cancer,SVM (RBF Kernel),41,45,Untargeted Causal (Karimi 2021),True,"['mean_concave_points', 'mean_concavity', 'mean_smoothness', 'mean_texture']",500,0.43569231033325195,6.445958321723209,4.0,0.0,0.3099506006792103,4.726136734564236,100.0,6.445958321723209
breast_cancer,SVM (RBF Kernel),41,45,Wachter's CE,True,"['mean_area', 'mean_compactness', 'mean_concave_points', 'mean_concavity', 'mean_fractal_dimension', 'mean_perimeter', 'mean_radius', 'mean_smoothness', 'mean_symmetry', 'mean_texture']",500,0.05039525032043457,21.162361661590147,10.0,,8.870825986362455,112.63919850563424,49.49014300270394,21.162361661590147
breast_cancer,SVM (RBF Kernel),41,45,SHAP-Targeted CE,True,"['mean_perimeter', 'mean_radius', 'mean_texture']",343,0.014774799346923828,9.543821976227362,3.0,2.836520656016697,5.081439117281786,118.61460836615112,100.0,9.543821976227362
breast_cancer,SVM (RBF Kernel),42,47,Actionable CBFI (Proposed),True,['mean_concavity'],500,0.42205023765563965,1.9162135442412263,1.0,0.0,0.5386872720034462,4.142208540085758,100.0,1.9162135442412263
breast_cancer,SVM (RBF Kernel),42,47,Untargeted Causal (Karimi 2021),True,['mean_concavity'],500,0.4148678779602051,1.9162135442412263,1.0,0.0,0.5386872720034462,4.142208540085758,100.0,1.9162135442412263
breast_cancer,SVM (RBF Kernel),42,47,Wachter's CE,True,"['mean_area', 'mean_compactness', 'mean_concave_points', 'mean_concavity', 'mean_fractal_dimension', 'mean_perimeter', 'mean_radius', 'mean_smoothness', 'mean_symmetry', 'mean_texture']",500,0.05047440528869629,19.678491239298438,10.0,,2.5291177383368373,14.07278516154014,74.87052444549988,19.678491239298438
breast_cancer,SVM (RBF Kernel),42,47,SHAP-Targeted CE,True,"['mean_perimeter', 'mean_radius', 'mean_texture']",343,0.016731977462768555,3.302518101464481,3.0,0.006092882869546974,0.7268810599235254,42.7446630755233,56.946600395412275,3.302518101464481
breast_cancer,SVM (RBF Kernel),43,53,Actionable CBFI (Proposed),True,"['mean_concave_points', 'mean_smoothness', 'mean_texture']",500,0.4327199459075928,6.135713217741117,3.0,0.0,0.4452529927584573,7.146346989384101,100.0,6.135713217741117
breast_cancer,SVM (RBF Kernel),43,53,Untargeted Causal (Karimi 2021),True,"['mean_concave_points', 'mean_smoothness', 'mean_texture']",500,0.4479515552520752,6.135713217741117,3.0,0.0,0.4452529927584573,7.146346989384101,100.0,6.135713217741117
breast_cancer,SVM (RBF Kernel),43,53,Wachter's CE,True,"['mean_area', 'mean_compactness', 'mean_concave_points', 'mean_concavity', 'mean_fractal_dimension', 'mean_perimeter', 'mean_radius', 'mean_smoothness', 'mean_symmetry', 'mean_texture']",500,0.05075860023498535,23.00082806535528,10.0,,3.0338574186639913,73.6103791013193,70.07315445972156,23.00082806535528
breast_cancer,SVM (RBF Kernel),43,53,SHAP-Targeted CE,True,"['mean_perimeter', 'mean_radius', 'mean_texture']",343,0.014986038208007812,9.573957807761987,3.0,0.38176065585251123,2.852392092514982,131.93363614790445,100.0,9.573957807761987
breast_cancer,SVM (RBF Kernel),44,54,Actionable CBFI (Proposed),True,"['mean_concave_points', 'mean_smoothness', 'mean_texture']",500,0.3963007926940918,1.0128063187790475,3.0,0.0,0.19275475546358434,1.9348818676485384,98.36894060558183,1.0128063187790475
breast_cancer,SVM (RBF Kernel),44,54,Untargeted Causal (Karimi 2021),True,"['mean_concave_points', 'mean_concavity']",500,0.40723562240600586,0.9527013819722645,2.0,0.0,0.19275475546358434,2.8877523811866888,80.64664986368292,0.9527013819722645
breast_cancer,SVM (RBF Kernel),44,54,Wachter's CE,True,"['mean_area', 'mean_compactness', 'mean_concave_points', 'mean_concavity', 'mean_fractal_dimension', 'mean_perimeter', 'mean_radius', 'mean_smoothness', 'mean_symmetry', 'mean_texture']",500,0.050353050231933594,18.22599593384733,10.0,,0.9023159759620214,59.90571895576332,85.00671204582865,18.22599593384733
breast_cancer,SVM (RBF Kernel),44,54,SHAP-Targeted CE,True,"['mean_perimeter', 'mean_radius', 'mean_texture']",343,0.01726365089416504,1.851137428873639,3.0,0.03329735799397234,0.1473195136181208,3.301063092660474,100.0,1.851137428873639
breast_cancer,SVM (RBF Kernel),45,56,Actionable CBFI (Proposed),True,"['mean_concave_points', 'mean_concavity', 'mean_smoothness', 'mean_texture']",500,0.4075801372528076,4.645775758616528,4.0,0.0,0.12437851027418728,3.8923862312899016,100.0,4.645775758616528
breast_cancer,SVM (RBF Kernel),45,56,Untargeted Causal (Karimi 2021),True,"['mean_concave_points', 'mean_concavity', 'mean_smoothness', 'mean_texture']",500,0.4254002571105957,4.645775758616528,4.0,0.0,0.12437851027418728,3.8923862312899016,100.0,4.645775758616528
breast_cancer,SVM (RBF Kernel),45,56,Wachter's CE,True,"['mean_area', 'mean_compactness', 'mean_concave_points', 'mean_concavity', 'mean_fractal_dimension', 'mean_perimeter', 'mean_radius', 'mean_smoothness', 'mean_symmetry', 'mean_texture']",500,0.05064558982849121,23.20169366781785,10.0,,3.9385848863877846,64.18462831376875,73.07539340516988,23.20169366781785
breast_cancer,SVM (RBF Kernel),45,56,SHAP-Targeted CE,True,"['mean_perimeter', 'mean_radius', 'mean_texture']",343,0.015174150466918945,6.618533213653256,3.0,0.6143387621476805,0.7207610242288096,41.20947719374816,100.0,6.618533213653256
breast_cancer,SVM (RBF Kernel),46,57,Actionable CBFI (Proposed),True,"['mean_smoothness', 'mean_texture']",500,0.4191102981567383,4.3233970590683715,2.0,0.0,0.46342530149204697,3.6605867174721793,100.0,4.3233970590683715
breast_cancer,SVM (RBF Kernel),46,57,Untargeted Causal (Karimi 2021),True,"['mean_smoothness', 'mean_texture']",500,0.43311357498168945,4.3233970590683715,2.0,0.0,0.46342530149204697,3.6605867174721793,100.0,4.3233970590683715
breast_cancer,SVM (RBF Kernel),46,57,Wachter's CE,True,"['mean_area', 'mean_compactness', 'mean_concave_points', 'mean_concavity', 'mean_fractal_dimension', 'mean_perimeter', 'mean_radius', 'mean_smoothness', 'mean_symmetry', 'mean_texture']",500,0.05086374282836914,20.599204019931527,10.0,,2.9615049178462307,130.26166609141225,73.12921024436456,20.599204019931527
breast_cancer,SVM (RBF Kernel),46,57,SHAP-Targeted CE,True,"['mean_perimeter', 'mean_radius', 'mean_texture']",343,0.015767335891723633,4.866020184985398,3.0,0.015171714122623803,0.447043392826205,3.106471119393713,100.0,4.866020184985398
breast_cancer,SVM (RBF Kernel),47,62,Actionable CBFI (Proposed),True,"['mean_smoothness', 'mean_symmetry']",500,0.4088742733001709,2.7291929824561403,2.0,0.0,1.008004405428234,4.089106733243267,100.0,2.7291929824561403
breast_cancer,SVM (RBF Kernel),47,62,Untargeted Causal (Karimi 2021),True,"['mean_smoothness', 'mean_symmetry']",500,0.4293375015258789,2.7291929824561403,2.0,0.0,1.008004405428234,4.089106733243267,100.0,2.7291929824561403
breast_cancer,SVM (RBF Kernel),47,62,Wachter's CE,True,"['mean_area', 'mean_compactness', 'mean_concave_points', 'mean_concavity', 'mean_fractal_dimension', 'mean_perimeter', 'mean_radius', 'mean_smoothness', 'mean_symmetry', 'mean_texture']",500,0.05150866508483887,17.08143564494868,10.0,,1.822435805557908,72.09118635838723,59.35185054813606,17.08143564494868
breast_cancer,SVM (RBF Kernel),47,62,SHAP-Targeted CE,True,"['mean_perimeter', 'mean_radius', 'mean_texture']",343,0.016020536422729492,4.891653217394364,3.0,0.005078096102209984,0.926492065589416,6.341086656423783,100.0,4.891653217394364
breast_cancer,SVM (RBF Kernel),48,64,Actionable CBFI (Proposed),True,['mean_concavity'],500,0.4086802005767822,2.7879387048937225,1.0,0.0,0.4293146954478153,5.872517014586728,100.0,2.7879387048937225
breast_cancer,SVM (RBF Kernel),48,64,Untargeted Causal (Karimi 2021),True,['mean_concavity'],500,0.43162059783935547,2.7879387048937225,1.0,0.0,0.4293146954478153,5.872517014586728,100.0,2.7879387048937225
breast_cancer,SVM (RBF Kernel),48,64,Wachter's CE,True,"['mean_area', 'mean_compactness', 'mean_concave_points', 'mean_concavity', 'mean_fractal_dimension', 'mean_perimeter', 'mean_radius', 'mean_smoothness', 'mean_symmetry', 'mean_texture']",500,0.05163288116455078,20.37628093639397,10.0,,2.5291177383368373,14.07278516154014,53.571432417082974,20.37628093639397
breast_cancer,SVM (RBF Kernel),48,64,SHAP-Targeted CE,True,"['mean_perimeter', 'mean_radius', 'mean_texture']",343,0.016849040985107422,4.716575077807526,3.0,0.06090002167921633,0.3947365027035084,3.644312375167488,100.0,4.716575077807526
breast_cancer,SVM (RBF Kernel),49,65,Actionable CBFI (Proposed),True,"['mean_smoothness', 'mean_texture']",500,0.4298872947692871,5.17861449078644,2.0,0.0,0.7091270350815703,3.560387234431769,100.0,5.17861449078644
breast_cancer,SVM (RBF Kernel),49,65,Untargeted Causal (Karimi 2021),True,"['mean_smoothness', 'mean_texture']",500,0.43755030632019043,5.17861449078644,2.0,0.0,0.7091270350815703,3.560387234431769,100.0,5.17861449078644
breast_cancer,SVM (RBF Kernel),49,65,Wachter's CE,True,"['mean_area', 'mean_compactness', 'mean_concave_points', 'mean_concavity', 'mean_fractal_dimension', 'mean_perimeter', 'mean_radius', 'mean_smoothness', 'mean_symmetry', 'mean_texture']",500,0.05446028709411621,21.22694797975391,10.0,,1.822435805557908,72.09118635838723,58.540857947073945,21.22694797975391
breast_cancer,SVM (RBF Kernel),49,65,SHAP-Targeted CE,True,"['mean_perimeter', 'mean_radius', 'mean_texture']",343,0.03062272071838379,5.884715903986163,3.0,0.02121452095643242,0.6895229092056517,4.12886782650876,100.0,5.884715903986163
breast_cancer,SVM (RBF Kernel),50,70,Actionable CBFI (Proposed),True,"['mean_smoothness', 'mean_texture']",500,0.42774009704589844,4.22149881188494,2.0,0.0,0.1776684871289863,3.4544071261219442,97.7878725769513,4.22149881188494
breast_cancer,SVM (RBF Kernel),50,70,Untargeted Causal (Karimi 2021),True,"['mean_smoothness', 'mean_texture']",500,0.43030810356140137,4.22149881188494,2.0,0.0,0.1776684871289863,3.4544071261219442,97.7878725769513,4.22149881188494
breast_cancer,SVM (RBF Kernel),50,70,Wachter's CE,True,"['mean_area', 'mean_compactness', 'mean_concave_points', 'mean_concavity', 'mean_fractal_dimension', 'mean_perimeter', 'mean_radius', 'mean_smoothness', 'mean_symmetry', 'mean_texture']",500,0.051618099212646484,18.891129033405186,10.0,,3.9385848863877846,64.18462831376875,77.96423065945042,18.891129033405186
breast_cancer,SVM (RBF Kernel),50,70,SHAP-Targeted CE,True,"['mean_perimeter', 'mean_radius', 'mean_texture']",343,0.015904903411865234,5.4486072741752025,3.0,0.059127200913764166,0.16652904291838888,4.9387552744814815,100.0,5.4486072741752025
breast_cancer,SVM (RBF Kernel),51,72,Actionable CBFI (Proposed),True,['mean_smoothness'],500,0.42187047004699707,5.733684210526318,1.0,0.0,2.655003996965783,6.498821545729489,100.0,5.733684210526318
breast_cancer,SVM (RBF Kernel),51,72,Untargeted Causal (Karimi 2021),True,['mean_smoothness'],500,0.42885255813598633,5.733684210526318,1.0,0.0,2.655003996965783,6.498821545729489,100.0,5.733684210526318
breast_cancer,SVM (RBF Kernel),51,72,Wachter's CE,True,"['mean_area', 'mean_compactness', 'mean_concave_points', 'mean_concavity', 'mean_fractal_dimension', 'mean_perimeter', 'mean_radius', 'mean_smoothness', 'mean_symmetry', 'mean_texture']",500,0.0509486198425293,22.120400661578017,10.0,,4.605729381948628,121.19165240217171,80.32084158784136,22.120400661578017
breast_cancer,SVM (RBF Kernel),51,72,SHAP-Targeted CE,True,"['mean_perimeter', 'mean_radius', 'mean_texture']",343,0.01525425910949707,7.095070691756651,3.0,0.19193314822912752,1.0203090539815383,38.737198385084724,100.0,7.095070691756651
breast_cancer,SVM (RBF Kernel),52,75,Actionable CBFI (Proposed),True,"['mean_concavity', 'mean_smoothness', 'mean_texture']",500,0.4219179153442383,3.2518250393404418,3.0,0.0,0.13813420604264748,3.7931808022497813,99.01121991333794,3.2518250393404418
breast_cancer,SVM (RBF Kernel),52,75,Untargeted Causal (Karimi 2021),True,"['mean_concavity', 'mean_smoothness', 'mean_texture']",500,0.4235515594482422,3.2518250393404418,3.0,0.0,0.13813420604264748,3.7931808022497813,99.01121991333794,3.2518250393404418
breast_cancer,SVM (RBF Kernel),52,75,Wachter's CE,True,"['mean_area', 'mean_compactness', 'mean_concave_points', 'mean_concavity', 'mean_fractal_dimension', 'mean_perimeter', 'mean_radius', 'mean_smoothness', 'mean_symmetry', 'mean_texture']",500,0.05060410499572754,19.405627279869467,10.0,,3.332228374645594,136.9001607083627,68.69948766198594,19.405627279869467
breast_cancer,SVM (RBF Kernel),52,75,SHAP-Targeted CE,True,"['mean_perimeter', 'mean_radius', 'mean_texture']",343,0.01599907875061035,3.8102615832990585,3.0,0.1296699025407332,0.12410706039557715,5.269932525819733,100.0,3.8102615832990585
breast_cancer,SVM (RBF Kernel),53,77,Actionable CBFI (Proposed),True,['mean_smoothness'],500,0.4196147918701172,5.670526315789476,1.0,0.0,3.0339173314612693,9.171369281600864,100.0,5.670526315789476
breast_cancer,SVM (RBF Kernel),53,77,Untargeted Causal (Karimi 2021),True,"['mean_concavity', 'mean_smoothness', 'mean_texture']",500,0.4366910457611084,5.391855434106671,3.0,0.0,0.7100700773376818,8.531456798853991,57.494873988606344,5.391855434106671
breast_cancer,SVM (RBF Kernel),53,77,Wachter's CE,True,"['mean_area', 'mean_compactness', 'mean_concave_points', 'mean_concavity', 'mean_fractal_dimension', 'mean_perimeter', 'mean_radius', 'mean_smoothness', 'mean_symmetry', 'mean_texture']",500,0.05190229415893555,22.202888734237334,10.0,,2.9615049178462307,130.26166609141225,74.21456687290105,22.202888734237334
breast_cancer,SVM (RBF Kernel),53,77,SHAP-Targeted CE,True,"['mean_perimeter', 'mean_radius', 'mean_texture']",343,0.014571905136108398,12.231818949545497,3.0,3.4824383675785104,4.6261621130186725,36.793617459288804,81.26349845372445,12.231818949545497
breast_cancer,SVM (RBF Kernel),54,78,Actionable CBFI (Proposed),True,['mean_smoothness'],500,0.4566483497619629,7.996842105263161,1.0,0.0,5.849456804331148,12.38624244715012,100.0,7.996842105263161
breast_cancer,SVM (RBF Kernel),54,78,Untargeted Causal (Karimi 2021),True,['mean_smoothness'],500,0.4498887062072754,7.996842105263161,1.0,0.0,5.849456804331148,12.38624244715012,100.0,7.996842105263161
breast_cancer,SVM (RBF Kernel),54,78,Wachter's CE,True,"['mean_area', 'mean_compactness', 'mean_concave_points', 'mean_concavity', 'mean_fractal_dimension', 'mean_perimeter', 'mean_radius', 'mean_smoothness', 'mean_symmetry', 'mean_texture']",500,0.050943851470947266,23.135034275296277,10.0,,6.780521916787629,71.56144725509371,68.24787456545842,23.135034275296277
breast_cancer,SVM (RBF Kernel),54,78,SHAP-Targeted CE,True,"['mean_perimeter', 'mean_radius', 'mean_texture']",343,0.015439748764038086,11.878393055234838,3.0,0.19468467704122938,6.910854724941991,140.95098983178545,50.201675813642524,11.878393055234838
breast_cancer,SVM (RBF Kernel),55,82,Actionable CBFI (Proposed),True,"['mean_compactness', 'mean_concavity', 'mean_smoothness']",500,0.3841667175292969,10.363588819547351,3.0,0.0,4.616319893533452,12.225378703827388,100.0,10.363588819547351
breast_cancer,SVM (RBF Kernel),55,82,Untargeted Causal (Karimi 2021),True,"['mean_fractal_dimension', 'mean_smoothness']",500,0.424818754196167,9.344641556497876,2.0,0.0,0.7520353392093573,13.133395237484551,24.887891059974727,9.344641556497876
breast_cancer,SVM (RBF Kernel),55,82,Wachter's CE,True,"['mean_area', 'mean_compactness', 'mean_concave_points', 'mean_concavity', 'mean_fractal_dimension', 'mean_perimeter', 'mean_radius', 'mean_smoothness', 'mean_symmetry', 'mean_texture']",500,0.05090665817260742,18.86026723829801,10.0,,9.595403685511252,259.403766888223,83.33326403480812,18.86026723829801
breast_cancer,SVM (RBF Kernel),55,82,SHAP-Targeted CE,True,"['mean_perimeter', 'mean_radius', 'mean_texture']",343,0.0160672664642334,11.084690021278039,3.0,6.096723344104028,16.77972486959184,238.49703183567263,98.66765031357019,11.084690021278039
breast_cancer,SVM (RBF Kernel),56,83,Actionable CBFI (Proposed),True,"['mean_smoothness', 'mean_texture']",500,0.4637477397918701,9.033302116501222,2.0,0.0,6.081035561379976,10.017822003243458,100.0,9.033302116501222
breast_cancer,SVM (RBF Kernel),56,83,Untargeted Causal (Karimi 2021),True,"['mean_smoothness', 'mean_symmetry']",500,0.4640927314758301,7.767251461988305,2.0,0.0,5.909786850020509,9.81521764171177,56.78361692516189,7.767251461988305
breast_cancer,SVM (RBF Kernel),56,83,Wachter's CE,True,"['mean_area', 'mean_compactness', 'mean_concave_points', 'mean_concavity', 'mean_fractal_dimension', 'mean_perimeter', 'mean_radius', 'mean_smoothness', 'mean_symmetry', 'mean_texture']",500,0.05139470100402832,20.967210285255756,10.0,,6.734781720887018,66.63114926314728,72.85121056891568,20.967210285255756
breast_cancer,SVM (RBF Kernel),56,83,SHAP-Targeted CE,True,"['mean_perimeter', 'mean_radius', 'mean_texture']",343,0.015067577362060547,15.674682297875194,3.0,1.9307595305555472,12.026971846642939,248.53761692306983,100.0,15.674682297875194
breast_cancer,SVM (RBF Kernel),57,85,Actionable CBFI (Proposed),True,"['mean_area', 'mean_perimeter', 'mean_smoothness', 'mean_texture']",500,0.4023096561431885,4.202524398340458,4.0,0.0,0.14107982121635973,16.3774427970626,100.0,4.202524398340458
breast_cancer,SVM (RBF Kernel),57,85,Untargeted Causal (Karimi 2021),True,"['mean_area', 'mean_perimeter', 'mean_smoothness', 'mean_texture']",500,0.42104148864746094,4.202524398340458,4.0,0.0,0.14107982121635973,16.3774427970626,100.0,4.202524398340458
breast_cancer,SVM (RBF Kernel),57,85,Wachter's CE,True,"['mean_area', 'mean_compactness', 'mean_concave_points', 'mean_concavity', 'mean_fractal_dimension', 'mean_perimeter', 'mean_radius', 'mean_smoothness', 'mean_symmetry', 'mean_texture']",500,0.050554513931274414,20.470197965087667,10.0,,3.332228374645594,136.9001607083627,75.6632093064175,20.470197965087667
breast_cancer,SVM (RBF Kernel),57,85,SHAP-Targeted CE,True,"['mean_perimeter', 'mean_radius', 'mean_texture']",343,0.015101194381713867,5.859818670239583,3.0,0.42616000029961193,0.47830036339519816,42.53959030973668,100.0,5.859818670239583
breast_cancer,SVM (RBF Kernel),58,86,Actionable CBFI (Proposed),True,"['mean_smoothness', 'mean_texture']",500,0.4132528305053711,2.1122050951879485,2.0,0.0,0.012391816466103517,3.025337598283989,100.0,2.1122050951879485
breast_cancer,SVM (RBF Kernel),58,86,Untargeted Causal (Karimi 2021),True,"['mean_smoothness', 'mean_texture']",500,0.4237070083618164,2.1122050951879485,2.0,0.0,0.012391816466103517,3.025337598283989,100.0,2.1122050951879485
breast_cancer,SVM (RBF Kernel),58,86,Wachter's CE,True,"['mean_area', 'mean_compactness', 'mean_concave_points', 'mean_concavity', 'mean_fractal_dimension', 'mean_perimeter', 'mean_radius', 'mean_smoothness', 'mean_symmetry', 'mean_texture']",500,0.05141854286193848,19.71688855460129,10.0,,3.332228374645594,136.9001607083627,78.14822212428697,19.71688855460129
breast_cancer,SVM (RBF Kernel),58,86,SHAP-Targeted CE,True,"['mean_perimeter', 'mean_radius', 'mean_texture']",343,0.017876386642456055,2.84256726146644,3.0,0.006434215357890985,0.008309492139762472,3.3595217815770986,100.0,2.84256726146644
breast_cancer,SVM (RBF Kernel),59,87,Actionable CBFI (Proposed),True,"['mean_concavity', 'mean_smoothness', 'mean_texture']",500,0.4371037483215332,6.912642984773186,3.0,0.0,0.08950158781027945,6.1783882490290845,98.267083545903,6.912642984773186
breast_cancer,SVM (RBF Kernel),59,87,Untargeted Causal (Karimi 2021),True,"['mean_concavity', 'mean_smoothness', 'mean_texture']",500,0.45924830436706543,6.912642984773186,3.0,0.0,0.08950158781027945,6.1783882490290845,98.267083545903,6.912642984773186
breast_cancer,SVM (RBF Kernel),59,87,Wachter's CE,True,"['mean_area', 'mean_compactness', 'mean_concave_points', 'mean_concavity', 'mean_fractal_dimension', 'mean_perimeter', 'mean_radius', 'mean_smoothness', 'mean_symmetry', 'mean_texture']",500,0.05241894721984863,21.1950241780467,10.0,,3.9385848863877846,64.18462831376875,67.4645594231984,21.1950241780467
breast_cancer,SVM (RBF Kernel),59,87,SHAP-Targeted CE,True,"['mean_perimeter', 'mean_radius', 'mean_texture']",343,0.017336606979370117,8.385508246622505,3.0,0.544107276982902,0.5605793773374603,41.305373530056954,100.0,8.385508246622505
breast_cancer,SVM (RBF Kernel),60,89,Actionable CBFI (Proposed),True,['mean_concavity'],500,0.4062042236328125,0.33237765694513083,1.0,0.0,0.4112112130181826,2.5443293721134985,100.0,0.33237765694513083
breast_cancer,SVM (RBF Kernel),60,89,Untargeted Causal (Karimi 2021),True,['mean_concavity'],500,0.4020087718963623,0.33237765694513083,1.0,0.0,0.4112112130181826,2.5443293721134985,100.0,0.33237765694513083
breast_cancer,SVM (RBF Kernel),60,89,Wachter's CE,True,"['mean_area', 'mean_compactness', 'mean_concave_points', 'mean_concavity', 'mean_fractal_dimension', 'mean_perimeter', 'mean_radius', 'mean_smoothness', 'mean_symmetry', 'mean_texture']",500,0.05094504356384277,18.782646550708915,10.0,,2.9615049178462307,130.26166609141225,55.03846657442089,18.782646550708915
breast_cancer,SVM (RBF Kernel),60,89,SHAP-Targeted CE,True,"['mean_perimeter', 'mean_radius', 'mean_texture']",343,0.01616978645324707,0.832845529437718,3.0,0.011881309806917989,0.42698281461599746,2.5929471631159475,100.0,0.832845529437718
breast_cancer,SVM (RBF Kernel),61,91,Actionable CBFI (Proposed),True,"['mean_concave_points', 'mean_smoothness', 'mean_texture']",500,0.40927743911743164,3.9016894028479987,3.0,0.0,0.035184995212574226,2.0609375997126476,100.0,3.9016894028479987
breast_cancer,SVM (RBF Kernel),61,91,Untargeted Causal (Karimi 2021),True,"['mean_concave_points', 'mean_smoothness', 'mean_texture']",500,0.4252207279205322,3.9016894028479987,3.0,0.0,0.035184995212574226,2.0609375997126476,100.0,3.9016894028479987
breast_cancer,SVM (RBF Kernel),61,91,Wachter's CE,True,"['mean_area', 'mean_compactness', 'mean_concave_points', 'mean_concavity', 'mean_fractal_dimension', 'mean_perimeter', 'mean_radius', 'mean_smoothness', 'mean_symmetry', 'mean_texture']",500,0.051987409591674805,19.6261995430755,10.0,,3.9385848863877846,64.18462831376875,79.37878024281989,19.6261995430755
breast_cancer,SVM (RBF Kernel),61,91,SHAP-Targeted CE,True,"['mean_perimeter', 'mean_radius', 'mean_texture']",343,0.01630234718322754,4.24175709256987,3.0,0.057343644358076575,0.04141870626349055,3.6745861948774245,100.0,4.24175709256987
breast_cancer,SVM (RBF Kernel),62,94,Actionable CBFI (Proposed),True,"['mean_smoothness', 'mean_texture']",500,0.41115403175354004,3.6828937910582407,2.0,0.0,0.2521861638159804,3.7831448323364087,99.99999999999999,3.6828937910582407
breast_cancer,SVM (RBF Kernel),62,94,Untargeted Causal (Karimi 2021),True,"['mean_smoothness', 'mean_texture']",500,0.4323601722717285,3.6828937910582407,2.0,0.0,0.2521861638159804,3.7831448323364087,99.99999999999999,3.6828937910582407
breast_cancer,SVM (RBF Kernel),62,94,Wachter's CE,True,"['mean_area', 'mean_compactness', 'mean_concave_points', 'mean_concavity', 'mean_fractal_dimension', 'mean_perimeter', 'mean_radius', 'mean_smoothness', 'mean_symmetry', 'mean_texture']",500,0.05392003059387207,22.54727359909669,10.0,,1.822435805557908,72.09118635838723,54.89645097722329,22.54727359909669
breast_cancer,SVM (RBF Kernel),62,94,SHAP-Targeted CE,True,"['mean_perimeter', 'mean_radius', 'mean_texture']",343,0.01973414421081543,4.797617670878508,3.0,0.039304414702467046,0.3060208441142208,5.5614638699143875,100.0,4.797617670878508
breast_cancer,SVM (RBF Kernel),63,95,Actionable CBFI (Proposed),True,"['mean_concavity', 'mean_smoothness', 'mean_texture']",500,0.42139220237731934,7.354365602665209,3.0,0.0,0.07144331576825727,5.9337090420898,100.0,7.354365602665209
breast_cancer,SVM (RBF Kernel),63,95,Untargeted Causal (Karimi 2021),True,"['mean_concavity', 'mean_smoothness', 'mean_texture']",500,0.4582328796386719,7.354365602665209,3.0,0.0,0.07144331576825727,5.9337090420898,100.0,7.354365602665209
breast_cancer,SVM (RBF Kernel),63,95,Wachter's CE,True,"['mean_area', 'mean_compactness', 'mean_concave_points', 'mean_concavity', 'mean_fractal_dimension', 'mean_perimeter', 'mean_radius', 'mean_smoothness', 'mean_symmetry', 'mean_texture']",500,0.050310611724853516,22.877631307275617,10.0,,3.9385848863877846,64.18462831376875,64.29607872257816,22.877631307275617
breast_cancer,SVM (RBF Kernel),63,95,SHAP-Targeted CE,True,"['mean_perimeter', 'mean_radius', 'mean_texture']",343,0.015186071395874023,9.301233027044882,3.0,0.9455766255876864,0.9138313098820547,40.60181551767839,100.0,9.301233027044882
breast_cancer,SVM (RBF Kernel),64,99,Actionable CBFI (Proposed),True,"['mean_concave_points', 'mean_smoothness', 'mean_texture']",500,0.3976936340332031,1.176266959390267,3.0,0.0,0.010825568283415094,1.388577350251589,100.0,1.176266959390267
breast_cancer,SVM (RBF Kernel),64,99,Untargeted Causal (Karimi 2021),True,"['mean_concave_points', 'mean_smoothness', 'mean_texture']",500,0.41449832916259766,1.176266959390267,3.0,0.0,0.010825568283415094,1.388577350251589,100.0,1.176266959390267
breast_cancer,SVM (RBF Kernel),64,99,Wachter's CE,True,"['mean_area', 'mean_compactness', 'mean_concave_points', 'mean_concavity', 'mean_fractal_dimension', 'mean_perimeter', 'mean_radius', 'mean_smoothness', 'mean_symmetry', 'mean_texture']",500,0.05125617980957031,20.984224261884613,10.0,,2.5291177383368373,14.07278516154014,52.666069776503186,20.984224261884613
breast_cancer,SVM (RBF Kernel),64,99,SHAP-Targeted CE,True,"['mean_perimeter', 'mean_radius', 'mean_texture']",343,0.01637434959411621,2.2276608139650214,3.0,0.005209616510003173,0.011109460846385139,1.6926333266920413,100.0,2.2276608139650214
breast_cancer,SVM (RBF Kernel),65,100,Actionable CBFI (Proposed),True,['mean_concave_points'],500,0.418825626373291,1.3418073485600794,1.0,0.0,0.02325717927038582,3.689465462846484,100.0,1.3418073485600794
breast_cancer,SVM (RBF Kernel),65,100,Untargeted Causal (Karimi 2021),True,['mean_smoothness'],500,0.4132664203643799,1.1235789473684228,1.0,0.0,0.19576084635503815,2.1328877316424353,0.0,1.1235789473684228
breast_cancer,SVM (RBF Kernel),65,100,Wachter's CE,True,"['mean_area', 'mean_compactness', 'mean_concave_points', 'mean_concavity', 'mean_fractal_dimension', 'mean_perimeter', 'mean_radius', 'mean_smoothness', 'mean_symmetry', 'mean_texture']",500,0.05088400840759277,19.020189667072913,10.0,,0.9023159759620214,59.90571895576332,87.74140138618432,19.020189667072913
breast_cancer,SVM (RBF Kernel),65,100,SHAP-Targeted CE,True,"['mean_perimeter', 'mean_radius', 'mean_texture']",343,0.016810894012451172,3.383862352780464,3.0,0.010337520101939626,0.26536844574950114,41.375490367744334,100.0,3.383862352780464
breast_cancer,SVM (RBF Kernel),66,105,Actionable CBFI (Proposed),True,"['mean_concavity', 'mean_symmetry']",500,0.39483046531677246,4.415222311834951,2.0,0.0,2.935250805550489,6.754489349824634,100.0,4.415222311834951
breast_cancer,SVM (RBF Kernel),66,105,Untargeted Causal (Karimi 2021),True,"['mean_concavity', 'mean_symmetry']",500,0.41684675216674805,4.415222311834951,2.0,0.0,2.935250805550489,6.754489349824634,100.0,4.415222311834951
breast_cancer,SVM (RBF Kernel),66,105,Wachter's CE,True,"['mean_area', 'mean_compactness', 'mean_concave_points', 'mean_concavity', 'mean_fractal_dimension', 'mean_perimeter', 'mean_radius', 'mean_smoothness', 'mean_symmetry', 'mean_texture']",500,0.05098366737365723,19.594587269490937,10.0,,2.5291177383368373,14.07278516154014,87.54329373786842,19.594587269490937
breast_cancer,SVM (RBF Kernel),66,105,SHAP-Targeted CE,True,"['mean_perimeter', 'mean_radius', 'mean_texture']",343,0.014996051788330078,8.723847717956243,3.0,1.2612568187679807,4.413621730815948,17.59094374777931,36.97668251412261,8.723847717956243
breast_cancer,SVM (RBF Kernel),67,108,Actionable CBFI (Proposed),True,['mean_smoothness'],500,0.44379615783691406,8.417894736842108,1.0,0.0,3.5300105694035935,9.729501813602994,100.0,8.417894736842108
breast_cancer,SVM (RBF Kernel),67,108,Untargeted Causal (Karimi 2021),True,['mean_smoothness'],500,0.4525883197784424,8.417894736842108,1.0,0.0,3.5300105694035935,9.729501813602994,100.0,8.417894736842108
breast_cancer,SVM (RBF Kernel),67,108,Wachter's CE,True,"['mean_area', 'mean_compactness', 'mean_concave_points', 'mean_concavity', 'mean_fractal_dimension', 'mean_perimeter', 'mean_radius', 'mean_smoothness', 'mean_symmetry', 'mean_texture']",500,0.05067729949951172,23.9700193610006,10.0,,1.0467274379137916,62.88439852387608,45.02526407933909,23.9700193610006
breast_cancer,SVM (RBF Kernel),67,108,SHAP-Targeted CE,True,"['mean_perimeter', 'mean_radius', 'mean_texture']",343,0.015613079071044922,13.441024168508612,3.0,0.24593077209337114,10.886573656742987,262.6832723986888,86.67788492491418,13.441024168508612
breast_cancer,SVM (RBF Kernel),68,117,Actionable CBFI (Proposed),True,['mean_concavity'],500,0.4109776020050049,4.1769649036085035,1.0,0.0,0.7657974874932288,7.3627992308191565,100.0,4.1769649036085035
breast_cancer,SVM (RBF Kernel),68,117,Untargeted Causal (Karimi 2021),True,"['mean_concave_points', 'mean_concavity', 'mean_smoothness', 'mean_texture']",500,0.42151403427124023,3.2550068672387704,4.0,0.0,0.7657974874932288,3.1098486048433402,23.905895488839025,3.2550068672387704
breast_cancer,SVM (RBF Kernel),68,117,Wachter's CE,True,"['mean_area', 'mean_compactness', 'mean_concave_points', 'mean_concavity', 'mean_fractal_dimension', 'mean_perimeter', 'mean_radius', 'mean_smoothness', 'mean_symmetry', 'mean_texture']",500,0.05529189109802246,19.456004926315906,10.0,,2.9615049178462307,130.26166609141225,78.5015763203856,19.456004926315906
breast_cancer,SVM (RBF Kernel),68,117,SHAP-Targeted CE,True,"['mean_perimeter', 'mean_radius', 'mean_texture']",343,0.015856027603149414,5.295877741180484,3.0,0.4259199792538914,1.5796722775209107,37.81799593978252,43.40516006727005,5.295877741180484
breast_cancer,SVM (RBF Kernel),69,118,Actionable CBFI (Proposed),True,['mean_smoothness'],500,0.4402658939361572,6.617894736842108,1.0,0.0,2.7026538583182735,7.580148335986173,100.0,6.617894736842108
breast_cancer,SVM (RBF Kernel),69,118,Untargeted Causal (Karimi 2021),True,['mean_smoothness'],500,0.4392518997192383,6.617894736842108,1.0,0.0,2.7026538583182735,7.580148335986173,100.0,6.617894736842108
breast_cancer,SVM (RBF Kernel),69,118,Wachter's CE,True,"['mean_area', 'mean_compactness', 'mean_concave_points', 'mean_concavity', 'mean_fractal_dimension', 'mean_perimeter', 'mean_radius', 'mean_smoothness', 'mean_symmetry', 'mean_texture']",500,0.050553321838378906,17.39403875222188,10.0,,1.822435805557908,72.09118635838723,37.2581528175184,17.39403875222188
breast_cancer,SVM (RBF Kernel),69,118,SHAP-Targeted CE,True,"['mean_perimeter', 'mean_radius', 'mean_texture']",343,0.01547384262084961,12.30194206863312,3.0,2.13414528064521,3.163063552121271,35.733920077264536,75.82999071473118,12.30194206863312
breast_cancer,SVM (RBF Kernel),70,119,Actionable CBFI (Proposed),True,"['mean_concave_points', 'mean_concavity', 'mean_smoothness', 'mean_texture']",500,0.42159485816955566,3.150318532152532,4.0,0.0,0.5927397515881159,4.66220931126102,98.88736484346676,3.150318532152532
breast_cancer,SVM (RBF Kernel),70,119,Untargeted Causal (Karimi 2021),True,"['mean_concave_points', 'mean_concavity', 'mean_smoothness', 'mean_texture']",500,0.4329187870025635,3.150318532152532,4.0,0.0,0.5927397515881159,4.66220931126102,98.88736484346676,3.150318532152532
breast_cancer,SVM (RBF Kernel),70,119,Wachter's CE,True,"['mean_area', 'mean_compactness', 'mean_concave_points', 'mean_concavity', 'mean_fractal_dimension', 'mean_perimeter', 'mean_radius', 'mean_smoothness', 'mean_symmetry', 'mean_texture']",500,0.050920963287353516,16.254064878008474,10.0,,3.332228374645594,136.9001607083627,82.2156521142877,16.254064878008474
breast_cancer,SVM (RBF Kernel),70,119,SHAP-Targeted CE,True,"['mean_perimeter', 'mean_radius', 'mean_texture']",343,0.01632380485534668,3.869077975864257,3.0,0.0421617754683887,0.8110569179947178,39.15261891813867,100.0,3.869077975864257
breast_cancer,SVM (RBF Kernel),71,121,Actionable CBFI (Proposed),True,"['mean_concavity', 'mean_smoothness', 'mean_texture']",500,0.414351224899292,4.166955973317384,3.0,0.0,0.1756813978762171,4.1441665138346675,100.0,4.166955973317384
breast_cancer,SVM (RBF Kernel),71,121,Untargeted Causal (Karimi 2021),True,"['mean_concavity', 'mean_smoothness', 'mean_texture']",500,0.4308147430419922,4.166955973317384,3.0,0.0,0.1756813978762171,4.1441665138346675,100.0,4.166955973317384
breast_cancer,SVM (RBF Kernel),71,121,Wachter's CE,True,"['mean_area', 'mean_compactness', 'mean_concave_points', 'mean_concavity', 'mean_fractal_dimension', 'mean_perimeter', 'mean_radius', 'mean_smoothness', 'mean_symmetry', 'mean_texture']",500,0.05069255828857422,22.278787774612734,10.0,,2.9615049178462307,130.26166609141225,60.02982720502287,22.278787774612734
breast_cancer,SVM (RBF Kernel),71,121,SHAP-Targeted CE,True,"['mean_perimeter', 'mean_radius', 'mean_texture']",343,0.01580357551574707,5.490464649405995,3.0,0.46576534257193475,0.568318638240115,42.2679377841597,100.0,5.490464649405995
breast_cancer,SVM (RBF Kernel),72,122,Actionable CBFI (Proposed),True,['mean_compactness'],500,0.4343082904815674,8.192460925528652,1.0,0.0,5.3407626013938625,25.204203268000253,100.0,8.192460925528652
breast_cancer,SVM (RBF Kernel),72,122,Untargeted Causal (Karimi 2021),True,['mean_compactness'],500,0.4313979148864746,8.192460925528652,1.0,0.0,5.3407626013938625,25.204203268000253,100.0,8.192460925528652
breast_cancer,SVM (RBF Kernel),72,122,Wachter's CE,True,"['mean_area', 'mean_compactness', 'mean_fractal_dimension', 'mean_perimeter', 'mean_radius', 'mean_smoothness', 'mean_symmetry', 'mean_texture']",500,0.05066704750061035,25.638967692819207,8.0,,4.127739391467711,78.98598134891537,42.92805637145956,25.638967692819207
breast_cancer,SVM (RBF Kernel),72,122,SHAP-Targeted CE,True,"['mean_perimeter', 'mean_radius', 'mean_texture']",343,0.015991926193237305,11.788397914597727,3.0,0.6776309072466712,10.694103227922394,225.5587553552413,83.21026469430572,11.788397914597727
breast_cancer,SVM (RBF Kernel),73,127,Actionable CBFI (Proposed),True,"['mean_smoothness', 'mean_texture']",500,0.413193941116333,3.348085264598402,2.0,0.0,0.5924634154378041,4.06795785943181,97.78787257695132,3.348085264598402
breast_cancer,SVM (RBF Kernel),73,127,Untargeted Causal (Karimi 2021),True,"['mean_smoothness', 'mean_texture']",500,0.43582725524902344,3.348085264598402,2.0,0.0,0.5924634154378041,4.06795785943181,97.78787257695132,3.348085264598402
breast_cancer,SVM (RBF Kernel),73,127,Wachter's CE,True,"['mean_area', 'mean_compactness', 'mean_concave_points', 'mean_concavity', 'mean_fractal_dimension', 'mean_perimeter', 'mean_radius', 'mean_smoothness', 'mean_symmetry', 'mean_texture']",500,0.05068397521972656,16.755741880362894,10.0,,3.332228374645594,136.9001607083627,77.25471206312498,16.755741880362894
breast_cancer,SVM (RBF Kernel),73,127,SHAP-Targeted CE,True,"['mean_perimeter', 'mean_radius', 'mean_texture']",343,0.016105175018310547,4.610358053625853,3.0,0.06211836596590086,0.5480151426322922,5.775170435406262,100.0,4.610358053625853
breast_cancer,SVM (RBF Kernel),74,128,Actionable CBFI (Proposed),True,['mean_concavity'],500,0.40401625633239746,2.196490360850223,1.0,0.0,0.87012635295245,6.667896547116212,100.0,2.196490360850223
breast_cancer,SVM (RBF Kernel),74,128,Untargeted Causal (Karimi 2021),True,"['mean_concavity', 'mean_smoothness', 'mean_texture']",500,0.41425538063049316,1.9658337565747928,3.0,0.0,0.87012635295245,5.989558998018589,86.71250996992055,1.9658337565747928
breast_cancer,SVM (RBF Kernel),74,128,Wachter's CE,True,"['mean_area', 'mean_compactness', 'mean_concave_points', 'mean_concavity', 'mean_fractal_dimension', 'mean_perimeter', 'mean_radius', 'mean_smoothness', 'mean_symmetry', 'mean_texture']",500,0.050420522689819336,20.267930740574553,10.0,,2.9615049178462307,130.26166609141225,75.83461286432305,20.267930740574553
breast_cancer,SVM (RBF Kernel),74,128,SHAP-Targeted CE,True,"['mean_perimeter', 'mean_radius', 'mean_texture']",343,0.015444517135620117,3.5378227057826597,3.0,0.03913185645496814,0.9420072857653352,6.350057649565082,32.80544569396808,3.5378227057826597
breast_cancer,SVM (RBF Kernel),75,129,Actionable CBFI (Proposed),True,"['mean_concavity', 'mean_smoothness', 'mean_texture']",500,0.44628071784973145,10.356474121307903,3.0,0.0,2.40760451145558,10.766759736639576,100.0,10.356474121307903
breast_cancer,SVM (RBF Kernel),75,129,Untargeted Causal (Karimi 2021),True,"['mean_concavity', 'mean_fractal_dimension', 'mean_smoothness']",500,0.45180797576904297,9.880936518636334,3.0,0.0,2.385085787268614,10.742685096281468,95.1603873658051,9.880936518636334
breast_cancer,SVM (RBF Kernel),75,129,Wachter's CE,True,"['mean_area', 'mean_compactness', 'mean_concave_points', 'mean_concavity', 'mean_fractal_dimension', 'mean_perimeter', 'mean_radius', 'mean_smoothness', 'mean_symmetry', 'mean_texture']",500,0.05057406425476074,21.769499812037303,10.0,,5.9349528094522315,120.0296257007341,91.84797375436389,21.769499812037303
breast_cancer,SVM (RBF Kernel),75,129,SHAP-Targeted CE,True,"['mean_perimeter', 'mean_radius', 'mean_texture']",343,0.014539957046508789,16.67725256706253,3.0,0.5915245692322106,9.20592030875802,253.20286596535527,100.0,16.67725256706253
breast_cancer,SVM (RBF Kernel),76,131,Actionable CBFI (Proposed),True,"['mean_smoothness', 'mean_texture']",500,0.41440534591674805,3.5555209820789546,2.0,0.0,0.21807586114879476,3.713167974519507,100.0,3.5555209820789546
breast_cancer,SVM (RBF Kernel),76,131,Untargeted Causal (Karimi 2021),True,"['mean_smoothness', 'mean_texture']",500,0.4363837242126465,3.5555209820789546,2.0,0.0,0.21807586114879476,3.713167974519507,100.0,3.5555209820789546
breast_cancer,SVM (RBF Kernel),76,131,Wachter's CE,True,"['mean_area', 'mean_compactness', 'mean_concave_points', 'mean_concavity', 'mean_fractal_dimension', 'mean_perimeter', 'mean_radius', 'mean_smoothness', 'mean_symmetry', 'mean_texture']",500,0.05051684379577637,20.77222451103082,10.0,,3.4401838638770323,123.27438355023922,72.33905474523549,20.77222451103082
breast_cancer,SVM (RBF Kernel),76,131,SHAP-Targeted CE,True,"['mean_perimeter', 'mean_radius', 'mean_texture']",343,0.015491724014282227,4.9937383151172945,3.0,0.06852352027537055,0.23797245423745889,5.233147592232956,100.0,4.9937383151172945
breast_cancer,SVM (RBF Kernel),77,132,Actionable CBFI (Proposed),True,"['mean_concave_points', 'mean_concavity', 'mean_smoothness', 'mean_texture']",500,0.4158620834350586,2.976262509982422,4.0,0.0,0.038042945887538725,3.2757823959654355,100.0,2.976262509982422
breast_cancer,SVM (RBF Kernel),77,132,Untargeted Causal (Karimi 2021),True,"['mean_concave_points', 'mean_concavity', 'mean_smoothness', 'mean_texture']",500,0.44292497634887695,2.976262509982422,4.0,0.0,0.038042945887538725,3.2757823959654355,100.0,2.976262509982422
breast_cancer,SVM (RBF Kernel),77,132,Wachter's CE,True,"['mean_area', 'mean_compactness', 'mean_concave_points', 'mean_concavity', 'mean_fractal_dimension', 'mean_perimeter', 'mean_radius', 'mean_smoothness', 'mean_symmetry', 'mean_texture']",500,0.05187678337097168,19.28529216917915,10.0,,4.605729381948628,121.19165240217171,76.15790626410379,19.28529216917915
breast_cancer,SVM (RBF Kernel),77,132,SHAP-Targeted CE,True,"['mean_perimeter', 'mean_radius', 'mean_texture']",343,0.017390012741088867,4.300452102007864,3.0,0.017007951247957037,0.268370519291065,41.12167212156003,100.0,4.300452102007864
breast_cancer,SVM (RBF Kernel),78,134,Actionable CBFI (Proposed),True,"['mean_smoothness', 'mean_texture']",500,0.40250396728515625,4.439852198706576,2.0,0.0,0.1492890229251614,3.262360453711252,100.0,4.439852198706576
breast_cancer,SVM (RBF Kernel),78,134,Untargeted Causal (Karimi 2021),True,"['mean_smoothness', 'mean_texture']",500,0.4424881935119629,4.439852198706576,2.0,0.0,0.1492890229251614,3.262360453711252,100.0,4.439852198706576
breast_cancer,SVM (RBF Kernel),78,134,Wachter's CE,True,"['mean_area', 'mean_compactness', 'mean_concave_points', 'mean_concavity', 'mean_fractal_dimension', 'mean_perimeter', 'mean_radius', 'mean_smoothness', 'mean_symmetry', 'mean_texture']",500,0.05082392692565918,19.750218903317087,10.0,,3.9385848863877846,64.18462831376875,75.64159385871098,19.750218903317087
breast_cancer,SVM (RBF Kernel),78,134,SHAP-Targeted CE,True,"['mean_perimeter', 'mean_radius', 'mean_texture']",343,0.0155181884765625,5.136729768140235,3.0,0.024315556512092492,0.1219265842307529,4.197566642101087,100.0,5.136729768140235
breast_cancer,SVM (RBF Kernel),79,138,Actionable CBFI (Proposed),True,"['mean_smoothness', 'mean_texture']",500,0.4173738956451416,2.860429367363417,2.0,0.0,0.5589553433553048,4.479674866945772,100.0,2.860429367363417
breast_cancer,SVM (RBF Kernel),79,138,Untargeted Causal (Karimi 2021),True,"['mean_smoothness', 'mean_texture']",500,0.43004322052001953,2.860429367363417,2.0,0.0,0.5589553433553048,4.479674866945772,100.0,2.860429367363417
breast_cancer,SVM (RBF Kernel),79,138,Wachter's CE,True,"['mean_area', 'mean_compactness', 'mean_concave_points', 'mean_concavity', 'mean_fractal_dimension', 'mean_perimeter', 'mean_radius', 'mean_smoothness', 'mean_symmetry', 'mean_texture']",500,0.051491498947143555,21.239217969528656,10.0,,2.9615049178462307,130.26166609141225,54.901123176782384,21.239217969528656
breast_cancer,SVM (RBF Kernel),79,138,SHAP-Targeted CE,True,"['mean_perimeter', 'mean_radius', 'mean_texture']",343,0.015282869338989258,3.664012660230645,3.0,0.025846722689889728,0.5540089324843952,4.122950174069131,100.0,3.664012660230645
breast_cancer,SVM (RBF Kernel),80,141,Actionable CBFI (Proposed),True,"['mean_concave_points', 'mean_concavity', 'mean_smoothness', 'mean_texture']",500,0.4082639217376709,1.6270706661698728,4.0,0.0,0.006233383647862932,2.1473682123959104,100.0,1.6270706661698728
breast_cancer,SVM (RBF Kernel),80,141,Untargeted Causal (Karimi 2021),True,"['mean_concave_points', 'mean_concavity', 'mean_smoothness', 'mean_texture']",500,0.41984057426452637,1.6270706661698728,4.0,0.0,0.006233383647862932,2.1473682123959104,100.0,1.6270706661698728
breast_cancer,SVM (RBF Kernel),80,141,Wachter's CE,True,"['mean_area', 'mean_compactness', 'mean_concave_points', 'mean_concavity', 'mean_fractal_dimension', 'mean_perimeter', 'mean_radius', 'mean_smoothness', 'mean_symmetry', 'mean_texture']",500,0.050753116607666016,20.56745620190545,10.0,,3.332228374645594,136.9001607083627,64.21744469695611,20.56745620190545
breast_cancer,SVM (RBF Kernel),80,141,SHAP-Targeted CE,True,"['mean_perimeter', 'mean_radius', 'mean_texture']",343,0.016097307205200195,2.9982289821686807,3.0,0.019348598099511737,0.2708597093462285,40.08923934085645,100.0,2.9982289821686807
breast_cancer,SVM (RBF Kernel),81,146,Actionable CBFI (Proposed),True,['mean_smoothness'],500,0.38219189643859863,2.620421052631581,1.0,0.0,0.8206719333532073,5.4514306305425935,100.0,2.620421052631581
breast_cancer,SVM (RBF Kernel),81,146,Untargeted Causal (Karimi 2021),True,['mean_smoothness'],500,0.4029107093811035,2.620421052631581,1.0,0.0,0.8206719333532073,5.4514306305425935,100.0,2.620421052631581
breast_cancer,SVM (RBF Kernel),81,146,Wachter's CE,True,"['mean_area', 'mean_compactness', 'mean_concave_points', 'mean_concavity', 'mean_fractal_dimension', 'mean_perimeter', 'mean_radius', 'mean_smoothness', 'mean_symmetry', 'mean_texture']",500,0.05056357383728027,18.15393519846537,10.0,,2.9615049178462307,130.26166609141225,59.618763361724646,18.15393519846537
breast_cancer,SVM (RBF Kernel),81,146,SHAP-Targeted CE,True,"['mean_perimeter', 'mean_radius', 'mean_texture']",343,0.014972925186157227,7.750628503143814,3.0,0.7917737420882539,1.9340261584496552,15.726182695145688,32.72400152381066,7.750628503143814
breast_cancer,SVM (RBF Kernel),82,156,Actionable CBFI (Proposed),True,"['mean_concavity', 'mean_smoothness', 'mean_texture']",500,0.436901330947876,6.468042333158714,3.0,0.0,0.4104448163185418,5.380251132611512,100.0,6.468042333158714
breast_cancer,SVM (RBF Kernel),82,156,Untargeted Causal (Karimi 2021),True,"['mean_concavity', 'mean_smoothness', 'mean_texture']",500,0.43947887420654297,6.468042333158714,3.0,0.0,0.4104448163185418,5.380251132611512,100.0,6.468042333158714
breast_cancer,SVM (RBF Kernel),82,156,Wachter's CE,True,"['mean_area', 'mean_compactness', 'mean_concave_points', 'mean_concavity', 'mean_fractal_dimension', 'mean_perimeter', 'mean_radius', 'mean_smoothness', 'mean_symmetry', 'mean_texture']",500,0.05072593688964844,22.53170666589525,10.0,,3.0338574186639913,73.6103791013193,69.91474447440605,22.53170666589525
breast_cancer,SVM (RBF Kernel),82,156,SHAP-Targeted CE,True,"['mean_perimeter', 'mean_radius', 'mean_texture']",343,0.014716386795043945,9.65506068419535,3.0,2.2860360653431004,4.749186207586788,119.22806095982199,100.0,9.65506068419535
breast_cancer,SVM (RBF Kernel),83,157,Actionable CBFI (Proposed),True,"['mean_compactness', 'mean_smoothness', 'mean_texture']",500,0.3930659294128418,0.7870722406047828,3.0,0.0,0.7963232331432673,3.3074326120303246,100.0,0.7870722406047828
breast_cancer,SVM (RBF Kernel),83,157,Untargeted Causal (Karimi 2021),True,"['mean_concavity', 'mean_smoothness', 'mean_texture']",500,0.41135406494140625,0.7222741304862246,3.0,0.0,0.8606069564368372,3.0538641950782845,77.99694246567825,0.7222741304862246
breast_cancer,SVM (RBF Kernel),83,157,Wachter's CE,True,"['mean_area', 'mean_compactness', 'mean_concave_points', 'mean_concavity', 'mean_fractal_dimension', 'mean_perimeter', 'mean_radius', 'mean_smoothness', 'mean_symmetry', 'mean_texture']",500,0.05100870132446289,17.453914007665986,10.0,,3.332228374645594,136.9001607083627,60.813405237898735,17.453914007665986
breast_cancer,SVM (RBF Kernel),83,157,SHAP-Targeted CE,True,"['mean_perimeter', 'mean_radius', 'mean_texture']",343,0.017998933792114258,2.6965741069173808,3.0,0.021762687210973342,0.9568746730749706,6.929876040508045,100.0,2.6965741069173808
breast_cancer,SVM (RBF Kernel),84,161,Actionable CBFI (Proposed),True,"['mean_concave_points', 'mean_symmetry']",500,0.43825650215148926,6.383250579278384,2.0,0.0,0.17147677742719358,5.419717167751767,100.0,6.383250579278384
breast_cancer,SVM (RBF Kernel),84,161,Untargeted Causal (Karimi 2021),True,"['mean_concavity', 'mean_fractal_dimension', 'mean_smoothness', 'mean_texture']",500,0.4368908405303955,3.5115716376269903,4.0,0.0,0.17147677742719358,5.388425753984421,35.43529126566716,3.5115716376269903
breast_cancer,SVM (RBF Kernel),84,161,Wachter's CE,True,"['mean_area', 'mean_compactness', 'mean_concave_points', 'mean_concavity', 'mean_fractal_dimension', 'mean_perimeter', 'mean_radius', 'mean_smoothness', 'mean_symmetry', 'mean_texture']",500,0.05133461952209473,20.41567949139984,10.0,,3.332228374645594,136.9001607083627,91.91738559018131,20.41567949139984
breast_cancer,SVM (RBF Kernel),84,161,SHAP-Targeted CE,True,"['mean_perimeter', 'mean_radius', 'mean_texture']",343,0.01581096649169922,5.735006402275081,3.0,0.6169254046914391,0.7461070917695461,41.40807160125845,61.341248901582915,5.735006402275081
breast_cancer,SVM (RBF Kernel),85,162,Actionable CBFI (Proposed),True,"['mean_concavity', 'mean_smoothness', 'mean_texture']",500,0.45945191383361816,9.270219087987323,3.0,0.0,0.3462406648904035,10.25241051418218,100.0,9.270219087987323
breast_cancer,SVM (RBF Kernel),85,162,Untargeted Causal (Karimi 2021),True,"['mean_concavity', 'mean_smoothness']",500,0.47338223457336426,10.59944896844187,2.0,0.0,2.4709157145785197,9.790287768899557,100.0,10.59944896844187
breast_cancer,SVM (RBF Kernel),85,162,Wachter's CE,True,"['mean_area', 'mean_compactness', 'mean_concave_points', 'mean_concavity', 'mean_fractal_dimension', 'mean_perimeter', 'mean_radius', 'mean_smoothness', 'mean_symmetry', 'mean_texture']",500,0.05146193504333496,20.461331213268902,10.0,,8.870825986362455,112.63919850563424,44.41257454763704,20.461331213268902
breast_cancer,SVM (RBF Kernel),85,162,SHAP-Targeted CE,True,"['mean_perimeter', 'mean_radius', 'mean_texture']",343,0.014739513397216797,16.477797403692882,3.0,5.267638448676958,4.707504843997129,33.865953102166074,100.0,16.477797403692882
breast_cancer,SVM (RBF Kernel),86,164,Actionable CBFI (Proposed),True,"['mean_concave_points', 'mean_concavity', 'mean_smoothness', 'mean_texture']",500,0.4503498077392578,9.056638689400097,4.0,0.0,0.533432384175824,9.70908930652034,98.90398914302627,9.056638689400097
breast_cancer,SVM (RBF Kernel),86,164,Untargeted Causal (Karimi 2021),True,"['mean_compactness', 'mean_smoothness', 'mean_texture']",500,0.45134806632995605,7.907582921157306,3.0,0.0,2.9256110571762353,7.785927886588154,57.72212662111977,7.907582921157306
breast_cancer,SVM (RBF Kernel),86,164,Wachter's CE,True,"['mean_area', 'mean_compactness', 'mean_concave_points', 'mean_concavity', 'mean_fractal_dimension', 'mean_perimeter', 'mean_radius', 'mean_smoothness', 'mean_symmetry', 'mean_texture']",500,0.05051064491271973,20.95274022125774,10.0,,5.130839453959895,59.98455406541489,70.05334235538511,20.95274022125774
breast_cancer,SVM (RBF Kernel),86,164,SHAP-Targeted CE,True,"['mean_perimeter', 'mean_radius', 'mean_texture']",343,0.015131711959838867,13.5593180819337,3.0,0.16467634573513154,7.221982547528422,209.3666215066899,100.0,13.5593180819337
breast_cancer,SVM (RBF Kernel),87,167,Actionable CBFI (Proposed),True,"['mean_concave_points', 'mean_concavity', 'mean_smoothness', 'mean_texture']",500,0.42706966400146484,2.977831825849293,4.0,0.0,0.17341884932442522,2.5268942872052484,99.15003470776139,2.977831825849293
breast_cancer,SVM (RBF Kernel),87,167,Untargeted Causal (Karimi 2021),True,"['mean_concave_points', 'mean_concavity', 'mean_smoothness', 'mean_texture']",500,0.4177744388580322,2.977831825849293,4.0,0.0,0.17341884932442522,2.5268942872052484,99.15003470776139,2.977831825849293
breast_cancer,SVM (RBF Kernel),87,167,Wachter's CE,True,"['mean_area', 'mean_compactness', 'mean_concave_points', 'mean_concavity', 'mean_fractal_dimension', 'mean_perimeter', 'mean_radius', 'mean_smoothness', 'mean_symmetry', 'mean_texture']",500,0.05243372917175293,18.3020088464043,10.0,,3.332228374645594,136.9001607083627,72.85950238722022,18.3020088464043
breast_cancer,SVM (RBF Kernel),87,167,SHAP-Targeted CE,True,"['mean_perimeter', 'mean_radius', 'mean_texture']",343,0.019141435623168945,4.176322502689046,3.0,0.02308651525238224,0.24694514290553932,5.676344432496405,100.0,4.176322502689046
breast_cancer,SVM (RBF Kernel),88,168,Actionable CBFI (Proposed),True,"['mean_area', 'mean_compactness', 'mean_perimeter', 'mean_radius', 'mean_smoothness']",500,0.40642523765563965,6.283303302986559,5.0,,2.4605217845883898,6.947095277557962,98.51278261109198,6.283303302986559
breast_cancer,SVM (RBF Kernel),88,168,Untargeted Causal (Karimi 2021),True,"['mean_area', 'mean_compactness', 'mean_perimeter', 'mean_radius', 'mean_smoothness']",500,0.4219694137573242,6.283303302986559,5.0,,2.4605217845883898,6.947095277557962,98.51278261109198,6.283303302986559
breast_cancer,SVM (RBF Kernel),88,168,Wachter's CE,True,"['mean_area', 'mean_compactness', 'mean_concave_points', 'mean_concavity', 'mean_fractal_dimension', 'mean_perimeter', 'mean_radius', 'mean_smoothness', 'mean_symmetry', 'mean_texture']",500,0.05073833465576172,20.336071462338463,10.0,,3.9385848863877846,64.18462831376875,78.8464445307546,20.336071462338463
breast_cancer,SVM (RBF Kernel),88,168,SHAP-Targeted CE,True,"['mean_perimeter', 'mean_radius', 'mean_texture']",343,0.01483154296875,10.851468970296953,3.0,2.1767999389215924,4.497439901776566,119.12352891277202,100.0,10.851468970296953
breast_cancer,SVM (RBF Kernel),89,172,Actionable CBFI (Proposed),True,['mean_concavity'],500,0.40387892723083496,3.9083044982698967,1.0,0.0,1.2065303944464187,7.217851713332671,100.0,3.9083044982698967
breast_cancer,SVM (RBF Kernel),89,172,Untargeted Causal (Karimi 2021),True,"['mean_concavity', 'mean_smoothness', 'mean_texture']",500,0.4140350818634033,3.6847989828287733,3.0,0.0,1.2065303944464187,5.988338794990631,78.94591495061151,3.6847989828287733
breast_cancer,SVM (RBF Kernel),89,172,Wachter's CE,True,"['mean_area', 'mean_compactness', 'mean_concave_points', 'mean_concavity', 'mean_fractal_dimension', 'mean_perimeter', 'mean_radius', 'mean_smoothness', 'mean_symmetry', 'mean_texture']",500,0.050766944885253906,19.307596146247676,10.0,,2.9615049178462307,130.26166609141225,90.28558227530128,19.307596146247676
breast_cancer,SVM (RBF Kernel),89,172,SHAP-Targeted CE,True,"['mean_perimeter', 'mean_radius', 'mean_texture']",343,0.01475381851196289,9.857629772988547,3.0,2.386899692476829,3.2712134850729138,21.758856634485568,45.270837733992394,9.857629772988547
breast_cancer,SVM (RBF Kernel),90,177,Actionable CBFI (Proposed),True,"['mean_concave_points', 'mean_smoothness', 'mean_texture']",500,0.4088926315307617,4.003560657904034,3.0,0.0,0.11366535214004617,3.476906711287034,100.0,4.003560657904034
breast_cancer,SVM (RBF Kernel),90,177,Untargeted Causal (Karimi 2021),True,"['mean_concave_points', 'mean_smoothness', 'mean_texture']",500,0.4288899898529053,4.003560657904034,3.0,0.0,0.11366535214004617,3.476906711287034,100.0,4.003560657904034
breast_cancer,SVM (RBF Kernel),90,177,Wachter's CE,True,"['mean_area', 'mean_compactness', 'mean_concave_points', 'mean_concavity', 'mean_fractal_dimension', 'mean_perimeter', 'mean_radius', 'mean_smoothness', 'mean_symmetry', 'mean_texture']",500,0.05206799507141113,22.888316343726625,10.0,,3.9385848863877846,64.18462831376875,75.72763969921677,22.888316343726625
breast_cancer,SVM (RBF Kernel),90,177,SHAP-Targeted CE,True,"['mean_perimeter', 'mean_radius', 'mean_texture']",343,0.015436410903930664,5.52172519982334,3.0,0.09409284506173717,0.5212290877509504,40.27376400687931,100.0,5.52172519982334
breast_cancer,SVM (RBF Kernel),91,180,Actionable CBFI (Proposed),True,"['mean_compactness', 'mean_smoothness']",500,0.4019765853881836,10.695372679323194,2.0,0.0,4.390518883002514,19.253785483798513,100.0,10.695372679323194
breast_cancer,SVM (RBF Kernel),91,180,Untargeted Causal (Karimi 2021),True,['mean_fractal_dimension'],500,0.4305441379547119,9.417061611374402,1.0,0.0,0.4221949174305908,15.387040105849408,0.0,9.417061611374402
breast_cancer,SVM (RBF Kernel),91,180,Wachter's CE,True,"['mean_area', 'mean_compactness', 'mean_concave_points', 'mean_concavity', 'mean_fractal_dimension', 'mean_perimeter', 'mean_radius', 'mean_smoothness', 'mean_symmetry', 'mean_texture']",500,0.05096864700317383,21.618937202544505,10.0,,9.595403685511252,259.403766888223,71.51394920252011,21.618937202544505
breast_cancer,SVM (RBF Kernel),91,180,SHAP-Targeted CE,True,"['mean_perimeter', 'mean_radius', 'mean_texture']",343,0.016533851623535156,11.975337360132748,3.0,7.894366505262089,16.690090758710223,241.4506054764537,93.15516921946983,11.975337360132748
breast_cancer,SVM (RBF Kernel),92,181,Actionable CBFI (Proposed),True,"['mean_compactness', 'mean_smoothness']",500,0.4492511749267578,8.376747584560544,2.0,0.0,5.54891378915268,13.64996920706486,100.0,8.376747584560544
breast_cancer,SVM (RBF Kernel),92,181,Untargeted Causal (Karimi 2021),True,"['mean_compactness', 'mean_smoothness']",500,0.4566311836242676,8.376747584560544,2.0,0.0,5.54891378915268,13.64996920706486,100.0,8.376747584560544
breast_cancer,SVM (RBF Kernel),92,181,Wachter's CE,True,"['mean_area', 'mean_compactness', 'mean_concave_points', 'mean_concavity', 'mean_fractal_dimension', 'mean_perimeter', 'mean_radius', 'mean_smoothness', 'mean_symmetry', 'mean_texture']",500,0.051047325134277344,23.015268378154452,10.0,,8.870825986362455,112.63919850563424,52.66610965806072,23.015268378154452
breast_cancer,SVM (RBF Kernel),92,181,SHAP-Targeted CE,True,"['mean_perimeter', 'mean_radius', 'mean_texture']",343,0.01488041877746582,12.317298304756552,3.0,0.48918082372106925,6.099949035052424,181.39747349872536,63.17993748674255,12.317298304756552
breast_cancer,SVM (RBF Kernel),93,182,Actionable CBFI (Proposed),True,"['mean_smoothness', 'mean_texture']",500,0.4315605163574219,1.6936944371131475,2.0,0.0,0.0757060553697575,2.092387616506485,97.78787257695133,1.6936944371131475
breast_cancer,SVM (RBF Kernel),93,182,Untargeted Causal (Karimi 2021),True,"['mean_smoothness', 'mean_texture']",500,0.4291203022003174,1.6936944371131475,2.0,0.0,0.0757060553697575,2.092387616506485,97.78787257695133,1.6936944371131475
breast_cancer,SVM (RBF Kernel),93,182,Wachter's CE,True,"['mean_area', 'mean_compactness', 'mean_concave_points', 'mean_concavity', 'mean_fractal_dimension', 'mean_perimeter', 'mean_radius', 'mean_smoothness', 'mean_symmetry', 'mean_texture']",500,0.0513763427734375,20.54459000181514,10.0,,0.9023159759620214,59.90571895576332,88.26593866103794,20.54459000181514
breast_cancer,SVM (RBF Kernel),93,182,SHAP-Targeted CE,True,"['mean_perimeter', 'mean_radius', 'mean_texture']",343,0.01648402214050293,3.622233388236643,3.0,0.08456895910032199,0.051162042129703926,4.155349104418384,100.0,3.622233388236643
breast_cancer,SVM (RBF Kernel),94,184,Actionable CBFI (Proposed),True,"['mean_compactness', 'mean_concave_points']",500,0.39846301078796387,0.33927362888222545,2.0,0.0,0.046966501005949825,2.9756662622189722,100.0,0.33927362888222545
breast_cancer,SVM (RBF Kernel),94,184,Untargeted Causal (Karimi 2021),True,"['mean_compactness', 'mean_concave_points']",500,0.414095401763916,0.33927362888222545,2.0,0.0,0.046966501005949825,2.9756662622189722,100.0,0.33927362888222545
breast_cancer,SVM (RBF Kernel),94,184,Wachter's CE,True,"['mean_area', 'mean_compactness', 'mean_concave_points', 'mean_concavity', 'mean_fractal_dimension', 'mean_perimeter', 'mean_radius', 'mean_smoothness', 'mean_symmetry', 'mean_texture']",500,0.051349639892578125,16.493043718756173,10.0,,0.9023159759620214,59.90571895576332,70.71746571114716,16.493043718756173
breast_cancer,SVM (RBF Kernel),94,184,SHAP-Targeted CE,True,"['mean_perimeter', 'mean_radius', 'mean_texture']",343,0.017439603805541992,1.9454006151115901,3.0,0.047409447687953195,0.04523186768556403,2.830973345232522,100.0,1.9454006151115901
breast_cancer,SVM (RBF Kernel),95,186,Actionable CBFI (Proposed),True,"['mean_smoothness', 'mean_texture']",500,0.42862462997436523,3.227990901846502,2.0,0.0,0.380156456224545,3.337472835089171,97.78787257695132,3.227990901846502
breast_cancer,SVM (RBF Kernel),95,186,Untargeted Causal (Karimi 2021),True,"['mean_smoothness', 'mean_texture']",500,0.43170642852783203,3.227990901846502,2.0,0.0,0.380156456224545,3.337472835089171,97.78787257695132,3.227990901846502
breast_cancer,SVM (RBF Kernel),95,186,Wachter's CE,True,"['mean_area', 'mean_compactness', 'mean_concave_points', 'mean_concavity', 'mean_fractal_dimension', 'mean_perimeter', 'mean_radius', 'mean_smoothness', 'mean_symmetry', 'mean_texture']",500,0.05089259147644043,19.44438270232876,10.0,,3.332228374645594,136.9001607083627,66.64775765654952,19.44438270232876
breast_cancer,SVM (RBF Kernel),95,186,SHAP-Targeted CE,True,"['mean_perimeter', 'mean_radius', 'mean_texture']",343,0.016346454620361328,3.7521070470119593,3.0,0.01562795305802143,0.35030854840198994,4.794958668649622,100.0,3.7521070470119593
breast_cancer,SVM (RBF Kernel),96,190,Actionable CBFI (Proposed),True,"['mean_concave_points', 'mean_smoothness']",500,0.41379284858703613,3.338891757696129,2.0,0.0,1.854149048152857,7.886583875656007,100.0,3.338891757696129
breast_cancer,SVM (RBF Kernel),96,190,Untargeted Causal (Karimi 2021),True,"['mean_concave_points', 'mean_smoothness']",500,0.4282395839691162,3.338891757696129,2.0,0.0,1.854149048152857,7.886583875656007,100.0,3.338891757696129
breast_cancer,SVM (RBF Kernel),96,190,Wachter's CE,True,"['mean_area', 'mean_compactness', 'mean_concave_points', 'mean_concavity', 'mean_fractal_dimension', 'mean_perimeter', 'mean_radius', 'mean_smoothness', 'mean_symmetry', 'mean_texture']",500,0.053244829177856445,19.91645675882991,10.0,,1.822435805557908,72.09118635838723,49.79157927622471,19.91645675882991
breast_cancer,SVM (RBF Kernel),96,190,SHAP-Targeted CE,True,"['mean_perimeter', 'mean_radius', 'mean_texture']",343,0.01571345329284668,10.664198457608505,3.0,1.3784062998211883,4.302112998369841,32.89340282914041,80.47714065898182,10.664198457608505
breast_cancer,SVM (RBF Kernel),97,193,Actionable CBFI (Proposed),True,['mean_concave_points'],500,0.40500926971435547,0.8757696127110229,1.0,0.0,0.2524657306587068,3.4888823635757675,99.99999999999997,0.8757696127110229
breast_cancer,SVM (RBF Kernel),97,193,Untargeted Causal (Karimi 2021),True,['mean_concave_points'],500,0.42264366149902344,0.8757696127110229,1.0,0.0,0.2524657306587068,3.4888823635757675,99.99999999999997,0.8757696127110229
breast_cancer,SVM (RBF Kernel),97,193,Wachter's CE,True,"['mean_area', 'mean_compactness', 'mean_concave_points', 'mean_concavity', 'mean_fractal_dimension', 'mean_perimeter', 'mean_radius', 'mean_smoothness', 'mean_symmetry', 'mean_texture']",500,0.06627941131591797,19.015833771004864,10.0,,1.613496192966163,61.08765642426023,65.64772498765082,19.015833771004864
breast_cancer,SVM (RBF Kernel),97,193,SHAP-Targeted CE,True,"['mean_perimeter', 'mean_radius', 'mean_texture']",343,0.016737937927246094,2.8505728534301706,3.0,0.11433873251961689,0.43990216487783806,5.759153396843251,29.525188583178714,2.8505728534301706
breast_cancer,SVM (RBF Kernel),98,194,Actionable CBFI (Proposed),True,"['mean_concave_points', 'mean_smoothness']",500,0.3905935287475586,4.134720953326715,2.0,0.0,0.8897157159782388,4.958773707353643,100.0,4.134720953326715
breast_cancer,SVM (RBF Kernel),98,194,Untargeted Causal (Karimi 2021),True,"['mean_concave_points', 'mean_smoothness']",500,0.42919087409973145,4.134720953326715,2.0,0.0,0.8897157159782388,4.958773707353643,100.0,4.134720953326715
breast_cancer,SVM (RBF Kernel),98,194,Wachter's CE,True,"['mean_area', 'mean_compactness', 'mean_concave_points', 'mean_concavity', 'mean_fractal_dimension', 'mean_perimeter', 'mean_radius', 'mean_smoothness', 'mean_symmetry', 'mean_texture']",500,0.05060124397277832,20.81242910670532,10.0,,1.822435805557908,72.09118635838723,53.929335799823384,20.81242910670532
breast_cancer,SVM (RBF Kernel),98,194,SHAP-Targeted CE,True,"['mean_perimeter', 'mean_radius', 'mean_texture']",343,0.0160977840423584,5.903069308686431,3.0,0.03026376302156848,0.869829165753129,7.481956512286981,100.0,5.903069308686431
breast_cancer,SVM (RBF Kernel),99,196,Actionable CBFI (Proposed),True,"['mean_concave_points', 'mean_smoothness', 'mean_texture']",500,0.41989850997924805,3.2554721329889915,3.0,0.0,0.7808790331993035,3.915238997785787,100.0,3.2554721329889915
breast_cancer,SVM (RBF Kernel),99,196,Untargeted Causal (Karimi 2021),True,"['mean_concave_points', 'mean_smoothness', 'mean_texture']",500,0.42447662353515625,3.2554721329889915,3.0,0.0,0.7808790331993035,3.915238997785787,100.0,3.2554721329889915
breast_cancer,SVM (RBF Kernel),99,196,Wachter's CE,True,"['mean_area', 'mean_compactness', 'mean_concave_points', 'mean_concavity', 'mean_fractal_dimension', 'mean_perimeter', 'mean_radius', 'mean_smoothness', 'mean_symmetry', 'mean_texture']",500,0.05109691619873047,18.998509384746647,10.0,,2.5291177383368373,14.07278516154014,56.79023074100302,18.998509384746647
breast_cancer,SVM (RBF Kernel),99,196,SHAP-Targeted CE,True,"['mean_perimeter', 'mean_radius', 'mean_texture']",343,0.015860557556152344,4.552637118645625,3.0,0.20448888286317632,1.2433460164926484,40.5116935795095,100.0,4.552637118645625
breast_cancer,SVM (RBF Kernel),100,197,Actionable CBFI (Proposed),True,"['mean_smoothness', 'mean_texture']",500,0.42981410026550293,4.414377636910718,2.0,0.0,0.8461293516127797,3.869496786782032,97.78787257695133,4.414377636910718
breast_cancer,SVM (RBF Kernel),100,197,Untargeted Causal (Karimi 2021),True,"['mean_smoothness', 'mean_texture']",500,0.425494909286499,4.414377636910718,2.0,0.0,0.8461293516127797,3.869496786782032,97.78787257695133,4.414377636910718
breast_cancer,SVM (RBF Kernel),100,197,Wachter's CE,True,"['mean_area', 'mean_compactness', 'mean_concave_points', 'mean_concavity', 'mean_fractal_dimension', 'mean_perimeter', 'mean_radius', 'mean_smoothness', 'mean_symmetry', 'mean_texture']",500,0.051311492919921875,18.904913751939265,10.0,,3.332228374645594,136.9001607083627,69.99975690483555,18.904913751939265
breast_cancer,SVM (RBF Kernel),100,197,SHAP-Targeted CE,True,"['mean_perimeter', 'mean_radius', 'mean_texture']",343,0.016571760177612305,4.696782916823181,3.0,0.008250613777864325,0.8668195460189396,4.92716057466458,100.0,4.696782916823181
breast_cancer,XGBoost,1,0,Actionable CBFI (Proposed),True,['mean_concave_points'],500,0.713385820388794,4.904766633565045,1.0,0.0,2.45178633668894,11.60138817625222,100.0,4.904766633565045
breast_cancer,XGBoost,1,0,Untargeted Causal (Karimi 2021),True,['mean_concave_points'],500,0.7241706848144531,4.904766633565045,1.0,0.0,2.45178633668894,11.60138817625222,100.0,4.904766633565045
breast_cancer,XGBoost,1,0,Wachter's CE,True,"['mean_area', 'mean_compactness', 'mean_concave_points', 'mean_concavity', 'mean_fractal_dimension', 'mean_perimeter', 'mean_radius', 'mean_smoothness', 'mean_symmetry', 'mean_texture']",500,0.04524636268615723,24.989458312242114,10.0,,9.861176374415816,25.23049973081229,74.72423547150028,24.989458312242114
breast_cancer,XGBoost,1,0,SHAP-Targeted CE,True,"['mean_area', 'mean_concave_points', 'mean_perimeter']",343,0.016016244888305664,6.629957699291335,3.0,0.0,2.4595691616256747,17.474720279574974,100.0,6.629957699291335
breast_cancer,XGBoost,2,1,Actionable CBFI (Proposed),True,"['mean_concavity', 'mean_smoothness', 'mean_texture']",500,0.7232069969177246,1.8031923692996492,3.0,0.0,0.6837155540755561,4.694769349818266,99.05619615162209,1.8031923692996492
breast_cancer,XGBoost,2,1,Untargeted Causal (Karimi 2021),True,"['mean_concavity', 'mean_smoothness', 'mean_texture']",500,0.8054044246673584,1.8031923692996492,3.0,0.0,0.6837155540755561,4.694769349818266,99.05619615162209,1.8031923692996492
breast_cancer,XGBoost,2,1,Wachter's CE,True,"['mean_area', 'mean_compactness', 'mean_concave_points', 'mean_concavity', 'mean_fractal_dimension', 'mean_perimeter', 'mean_radius', 'mean_smoothness', 'mean_symmetry', 'mean_texture']",500,0.07048797607421875,21.069757611462627,10.0,,3.332228374645594,136.9001607083627,69.90189817125739,21.069757611462627
breast_cancer,XGBoost,2,1,SHAP-Targeted CE,True,"['mean_area', 'mean_concave_points', 'mean_perimeter']",343,0.024106502532958984,4.087906918834892,3.0,0.0,0.6808125641280199,15.839402477961292,100.0,4.087906918834892
breast_cancer,XGBoost,3,2,Actionable CBFI (Proposed),True,"['mean_concavity', 'mean_smoothness', 'mean_texture']",500,0.7386171817779541,5.800734449839922,3.0,0.0,0.24306207144506192,7.879860743049232,100.0,5.800734449839922
breast_cancer,XGBoost,3,2,Untargeted Causal (Karimi 2021),True,"['mean_concavity', 'mean_smoothness', 'mean_texture']",500,0.7824149131774902,5.800734449839922,3.0,0.0,0.24306207144506192,7.879860743049232,100.0,5.800734449839922
breast_cancer,XGBoost,3,2,Wachter's CE,True,"['mean_area', 'mean_compactness', 'mean_concave_points', 'mean_concavity', 'mean_fractal_dimension', 'mean_perimeter', 'mean_radius', 'mean_smoothness', 'mean_symmetry', 'mean_texture']",500,0.04558157920837402,24.988707315600237,10.0,,3.0338574186639913,73.6103791013193,72.77320322173533,24.988707315600237
breast_cancer,XGBoost,3,2,SHAP-Targeted CE,True,"['mean_area', 'mean_concave_points', 'mean_perimeter']",343,0.01475834846496582,11.506274708039516,3.0,0.0,1.30464961528612,29.320957363104245,100.0,11.506274708039516
breast_cancer,XGBoost,4,3,Actionable CBFI (Proposed),True,['mean_concave_points'],500,0.752662181854248,2.8243296921549153,1.0,0.0,6.3085638754944275,8.803848707317627,100.0,2.8243296921549153
breast_cancer,XGBoost,4,3,Untargeted Causal (Karimi 2021),True,['mean_concave_points'],500,0.787459135055542,2.8243296921549153,1.0,0.0,6.3085638754944275,8.803848707317627,100.0,2.8243296921549153
breast_cancer,XGBoost,4,3,Wachter's CE,True,"['mean_area', 'mean_compactness', 'mean_concave_points', 'mean_concavity', 'mean_perimeter', 'mean_radius', 'mean_smoothness', 'mean_symmetry', 'mean_texture']",500,0.045589447021484375,20.460932437688605,9.0,,7.130845324461967,52.42593249456177,96.08556288106043,20.460932437688605
breast_cancer,XGBoost,4,3,SHAP-Targeted CE,True,"['mean_area', 'mean_concave_points', 'mean_perimeter']",343,0.01844644546508789,5.299912994143699,3.0,0.0,6.372298606963785,23.603674791687823,85.64222875869434,5.299912994143699
breast_cancer,XGBoost,5,4,Actionable CBFI (Proposed),True,['mean_concave_points'],500,0.6719450950622559,2.7796425024826212,1.0,0.0,0.048290790772275584,7.927131141093068,100.0,2.7796425024826212
breast_cancer,XGBoost,5,4,Untargeted Causal (Karimi 2021),True,['mean_concave_points'],500,0.7278194427490234,2.7796425024826212,1.0,0.0,0.048290790772275584,7.927131141093068,100.0,2.7796425024826212
breast_cancer,XGBoost,5,4,Wachter's CE,True,"['mean_area', 'mean_compactness', 'mean_concave_points', 'mean_concavity', 'mean_fractal_dimension', 'mean_perimeter', 'mean_radius', 'mean_smoothness', 'mean_symmetry', 'mean_texture']",500,0.04564237594604492,23.367223717423528,10.0,,2.4925957191159447,125.6811916668699,83.54974698698712,23.367223717423528
breast_cancer,XGBoost,5,4,SHAP-Targeted CE,True,"['mean_area', 'mean_concave_points', 'mean_perimeter']",343,0.01684880256652832,4.084688696979252,3.0,0.0,0.06320960766693762,15.010431200507432,100.0,4.084688696979252
breast_cancer,XGBoost,6,5,Actionable CBFI (Proposed),True,['mean_concave_points'],500,0.7507438659667969,1.617279046673287,1.0,0.0,1.7842726233077726,4.160381344599933,100.0,1.617279046673287
breast_cancer,XGBoost,6,5,Untargeted Causal (Karimi 2021),True,['mean_concave_points'],500,0.7956254482269287,1.617279046673287,1.0,0.0,1.7842726233077726,4.160381344599933,100.0,1.617279046673287
breast_cancer,XGBoost,6,5,Wachter's CE,True,"['mean_area', 'mean_compactness', 'mean_concave_points', 'mean_concavity', 'mean_fractal_dimension', 'mean_perimeter', 'mean_radius', 'mean_smoothness', 'mean_symmetry', 'mean_texture']",500,0.04572033882141113,18.23240371313027,10.0,,5.769763162971222,124.71402213068829,71.73710405093331,18.23240371313027
breast_cancer,XGBoost,6,5,SHAP-Targeted CE,True,"['mean_area', 'mean_concave_points', 'mean_perimeter']",343,0.016019582748413086,3.4823392284065635,3.0,0.0,1.8384568502331953,17.75658214766133,78.63408701545698,3.4823392284065635
breast_cancer,XGBoost,7,6,Actionable CBFI (Proposed),True,"['mean_concave_points', 'mean_smoothness', 'mean_texture']",500,0.7253553867340088,2.848773857876641,3.0,0.0,0.068051059466715,3.6509675657347556,98.7780694252788,2.848773857876641
breast_cancer,XGBoost,7,6,Untargeted Causal (Karimi 2021),True,"['mean_concave_points', 'mean_smoothness', 'mean_texture']",500,0.764775276184082,2.848773857876641,3.0,0.0,0.068051059466715,3.6509675657347556,98.7780694252788,2.848773857876641
breast_cancer,XGBoost,7,6,Wachter's CE,True,"['mean_area', 'mean_compactness', 'mean_concave_points', 'mean_concavity', 'mean_fractal_dimension', 'mean_perimeter', 'mean_radius', 'mean_smoothness', 'mean_symmetry', 'mean_texture']",500,0.0630340576171875,20.556074064594604,10.0,,3.332228374645594,136.9001607083627,62.708647649175795,20.556074064594604
breast_cancer,XGBoost,7,6,SHAP-Targeted CE,True,"['mean_area', 'mean_concave_points', 'mean_perimeter']",343,0.014580488204956055,5.5660549070639185,3.0,1.5407439555097887e-33,0.5944444792801291,11.49375618131453,100.0,5.5660549070639185
breast_cancer,XGBoost,8,7,Actionable CBFI (Proposed),True,"['mean_area', 'mean_perimeter', 'mean_smoothness', 'mean_texture']",500,0.7009356021881104,1.1945825910420376,4.0,0.0,1.0351084696467185,15.60240577613151,100.0,1.1945825910420376
breast_cancer,XGBoost,8,7,Untargeted Causal (Karimi 2021),True,"['mean_area', 'mean_perimeter', 'mean_smoothness', 'mean_texture']",500,0.8258044719696045,1.1945825910420376,4.0,0.0,1.0351084696467185,15.60240577613151,100.0,1.1945825910420376
breast_cancer,XGBoost,8,7,Wachter's CE,True,"['mean_area', 'mean_compactness', 'mean_concave_points', 'mean_concavity', 'mean_fractal_dimension', 'mean_perimeter', 'mean_radius', 'mean_smoothness', 'mean_symmetry', 'mean_texture']",500,0.07013821601867676,20.219684311820746,10.0,,5.433213964369273,60.86469041542715,80.10392915773356,20.219684311820746
breast_cancer,XGBoost,8,7,SHAP-Targeted CE,True,"['mean_area', 'mean_concave_points', 'mean_perimeter']",343,0.021213054656982422,1.7210076890321386,3.0,0.0,1.0300087641583158,5.824462685863321,100.0,1.7210076890321386
breast_cancer,XGBoost,9,8,Actionable CBFI (Proposed),True,['mean_concave_points'],500,0.7921934127807617,3.7569016881827215,1.0,0.0,2.0867177063196003,8.806923224872145,100.0,3.7569016881827215
breast_cancer,XGBoost,9,8,Untargeted Causal (Karimi 2021),True,['mean_concave_points'],500,0.76708984375,3.7569016881827215,1.0,0.0,2.0867177063196003,8.806923224872145,100.0,3.7569016881827215
breast_cancer,XGBoost,9,8,Wachter's CE,True,"['mean_area', 'mean_compactness', 'mean_concave_points', 'mean_concavity', 'mean_fractal_dimension', 'mean_perimeter', 'mean_radius', 'mean_smoothness', 'mean_symmetry', 'mean_texture']",500,0.04546213150024414,22.73040220779178,10.0,,5.769763162971222,124.71402213068829,77.82841038251304,22.73040220779178
breast_cancer,XGBoost,9,8,SHAP-Targeted CE,True,"['mean_area', 'mean_concave_points', 'mean_perimeter']",343,0.027457475662231445,4.628810787549542,3.0,0.0,2.1998703156663364,35.62674819763947,64.35736103225085,4.628810787549542
breast_cancer,XGBoost,10,9,Actionable CBFI (Proposed),True,['mean_concave_points'],500,0.7578225135803223,3.354716981132076,1.0,0.0,2.6179706908596074,9.6001234505784,100.0,3.354716981132076
breast_cancer,XGBoost,10,9,Untargeted Causal (Karimi 2021),True,['mean_concave_points'],500,0.7400071620941162,3.354716981132076,1.0,0.0,2.6179706908596074,9.6001234505784,100.0,3.354716981132076
breast_cancer,XGBoost,10,9,Wachter's CE,True,"['mean_area', 'mean_compactness', 'mean_concave_points', 'mean_concavity', 'mean_fractal_dimension', 'mean_perimeter', 'mean_radius', 'mean_smoothness', 'mean_symmetry', 'mean_texture']",500,0.04575300216674805,23.32968244564934,10.0,,5.769763162971222,124.71402213068829,72.33968671580634,23.32968244564934
breast_cancer,XGBoost,10,9,SHAP-Targeted CE,True,"['mean_area', 'mean_concave_points', 'mean_perimeter']",343,0.014392852783203125,4.235258614270734,3.0,0.0,2.6984801642066136,32.64465561794092,60.84152108940539,4.235258614270734
breast_cancer,XGBoost,11,10,Actionable CBFI (Proposed),True,['mean_area'],500,0.7108876705169678,1.2267449445531635,1.0,0.0,0.5928011521175993,5.197187606913685,100.0,1.2267449445531635
breast_cancer,XGBoost,11,10,Untargeted Causal (Karimi 2021),True,['mean_area'],500,0.8576302528381348,1.2267449445531635,1.0,0.0,0.5928011521175993,5.197187606913685,100.0,1.2267449445531635
breast_cancer,XGBoost,11,10,Wachter's CE,True,"['mean_area', 'mean_compactness', 'mean_concave_points', 'mean_concavity', 'mean_fractal_dimension', 'mean_perimeter', 'mean_radius', 'mean_smoothness', 'mean_symmetry', 'mean_texture']",500,0.07062768936157227,16.541678096787663,10.0,,0.9023159759620214,59.90571895576332,69.99867309583341,16.541678096787663
breast_cancer,XGBoost,11,10,SHAP-Targeted CE,True,"['mean_area', 'mean_concave_points', 'mean_perimeter']",343,0.022406339645385742,2.5598645330760976,3.0,6.162975822039155e-33,0.6881936519955649,19.205761861643804,100.0,2.5598645330760976
breast_cancer,XGBoost,12,11,Actionable CBFI (Proposed),True,"['mean_area', 'mean_concavity']",500,0.6862537860870361,2.1856413798396077,2.0,0.0,0.2245158389684982,6.4562541530794,100.0,2.1856413798396077
breast_cancer,XGBoost,12,11,Untargeted Causal (Karimi 2021),True,"['mean_area', 'mean_concavity']",500,0.7115423679351807,2.1856413798396077,2.0,0.0,0.2245158389684982,6.4562541530794,100.0,2.1856413798396077
breast_cancer,XGBoost,12,11,Wachter's CE,True,"['mean_area', 'mean_compactness', 'mean_concave_points', 'mean_concavity', 'mean_fractal_dimension', 'mean_perimeter', 'mean_radius', 'mean_smoothness', 'mean_symmetry', 'mean_texture']",500,0.04864358901977539,20.46059918346931,10.0,,9.745433945723818,180.2067869780691,70.45223968622393,20.46059918346931
breast_cancer,XGBoost,12,11,SHAP-Targeted CE,True,"['mean_area', 'mean_concave_points', 'mean_perimeter']",343,0.016079425811767578,2.5560080886917653,3.0,0.0,0.17818849080846433,20.103486855003073,100.0,2.5560080886917653
breast_cancer,XGBoost,13,12,Actionable CBFI (Proposed),True,"['mean_concave_points', 'mean_smoothness', 'mean_texture']",500,0.7541816234588623,7.991757253692005,3.0,0.0,0.9789476240829875,13.705769107548067,100.0,7.991757253692005
breast_cancer,XGBoost,13,12,Untargeted Causal (Karimi 2021),True,"['mean_concave_points', 'mean_smoothness', 'mean_texture']",500,0.791039228439331,7.991757253692005,3.0,0.0,0.9789476240829875,13.705769107548067,100.0,7.991757253692005
breast_cancer,XGBoost,13,12,Wachter's CE,True,"['mean_area', 'mean_compactness', 'mean_concave_points', 'mean_concavity', 'mean_fractal_dimension', 'mean_perimeter', 'mean_radius', 'mean_smoothness', 'mean_symmetry', 'mean_texture']",500,0.04676413536071777,23.604548693173314,10.0,,9.20494390356658,129.3858567550348,77.33370200022787,23.604548693173314
breast_cancer,XGBoost,13,12,SHAP-Targeted CE,True,"['mean_area', 'mean_concave_points', 'mean_perimeter']",343,0.01478123664855957,8.331178680291796,3.0,0.0,1.9560409986538612,28.97078781543643,92.57400441564543,8.331178680291796
breast_cancer,XGBoost,14,13,Actionable CBFI (Proposed),True,"['mean_area', 'mean_concave_points']",500,0.7370905876159668,2.1315692306496405,2.0,0.0,0.42600102745124757,6.866629099679344,100.0,2.1315692306496405
breast_cancer,XGBoost,14,13,Untargeted Causal (Karimi 2021),True,"['mean_area', 'mean_concave_points']",500,0.7353823184967041,2.1315692306496405,2.0,0.0,0.42600102745124757,6.866629099679344,100.0,2.1315692306496405
breast_cancer,XGBoost,14,13,Wachter's CE,True,"['mean_area', 'mean_compactness', 'mean_concave_points', 'mean_concavity', 'mean_fractal_dimension', 'mean_perimeter', 'mean_radius', 'mean_smoothness', 'mean_symmetry', 'mean_texture']",500,0.04564619064331055,18.47185401195347,10.0,,3.332228374645594,136.9001607083627,75.68721478563172,18.47185401195347
breast_cancer,XGBoost,14,13,SHAP-Targeted CE,True,"['mean_area', 'mean_concave_points', 'mean_perimeter']",343,0.014761686325073242,3.5233267462712234,3.0,3.851859888774472e-34,0.3820968195352321,19.775032843475273,100.0,3.5233267462712234
breast_cancer,XGBoost,15,14,Actionable CBFI (Proposed),True,"['mean_area', 'mean_concave_points']",500,0.7035818099975586,3.6315030274056816,2.0,0.0,1.882693925608853,9.447755119687585,100.0,3.6315030274056816
breast_cancer,XGBoost,15,14,Untargeted Causal (Karimi 2021),True,"['mean_area', 'mean_concave_points']",500,0.7742083072662354,3.6315030274056816,2.0,0.0,1.882693925608853,9.447755119687585,100.0,3.6315030274056816
breast_cancer,XGBoost,15,14,Wachter's CE,True,"['mean_area', 'mean_compactness', 'mean_concave_points', 'mean_concavity', 'mean_fractal_dimension', 'mean_perimeter', 'mean_radius', 'mean_smoothness', 'mean_symmetry', 'mean_texture']",500,0.0453336238861084,22.210014450668847,10.0,,9.20494390356658,129.3858567550348,80.15074233950327,22.210014450668847
breast_cancer,XGBoost,15,14,SHAP-Targeted CE,True,"['mean_area', 'mean_concave_points', 'mean_perimeter']",343,0.014315366744995117,4.381606357833714,3.0,0.0,1.856263700043315,11.357915085722082,100.0,4.381606357833714
breast_cancer,XGBoost,16,15,Actionable CBFI (Proposed),True,"['mean_concave_points', 'mean_smoothness']",500,0.75197434425354,3.7998728897715996,2.0,0.0,0.26521001017136925,6.254914146022482,100.0,3.7998728897715996
breast_cancer,XGBoost,16,15,Untargeted Causal (Karimi 2021),True,"['mean_area', 'mean_concave_points']",500,0.7436058521270752,3.326130588813725,2.0,0.0,0.7496295687029019,8.272656840705103,68.15820136866559,3.326130588813725
breast_cancer,XGBoost,16,15,Wachter's CE,True,"['mean_area', 'mean_compactness', 'mean_concave_points', 'mean_concavity', 'mean_fractal_dimension', 'mean_perimeter', 'mean_radius', 'mean_smoothness', 'mean_symmetry', 'mean_texture']",500,0.045957326889038086,24.50498470885491,10.0,,7.109713055582621,24.389134191069463,72.71872065930572,24.50498470885491
breast_cancer,XGBoost,16,15,SHAP-Targeted CE,True,"['mean_area', 'mean_concave_points', 'mean_perimeter']",343,0.014597415924072266,4.82478071636684,3.0,0.0,0.7082314249220572,12.081367648402393,75.78386208205495,4.82478071636684
breast_cancer,XGBoost,17,16,Actionable CBFI (Proposed),True,"['mean_concave_points', 'mean_concavity']",500,0.731194019317627,0.9259065925569945,2.0,0.0,0.12827462438406004,2.036309813667093,100.0,0.9259065925569945
breast_cancer,XGBoost,17,16,Untargeted Causal (Karimi 2021),True,"['mean_compactness', 'mean_concave_points', 'mean_smoothness', 'mean_texture']",500,0.7483246326446533,0.5018398388555599,4.0,0.0,0.08396433900676577,1.519010805136488,54.01536249184652,0.5018398388555599
breast_cancer,XGBoost,17,16,Wachter's CE,True,"['mean_area', 'mean_compactness', 'mean_concave_points', 'mean_concavity', 'mean_fractal_dimension', 'mean_perimeter', 'mean_radius', 'mean_smoothness', 'mean_symmetry', 'mean_texture']",500,0.07062101364135742,20.66899886387419,10.0,,0.9023159759620214,59.90571895576332,78.23893398184235,20.66899886387419
breast_cancer,XGBoost,17,16,SHAP-Targeted CE,True,"['mean_area', 'mean_concave_points', 'mean_perimeter']",343,0.022108078002929688,2.125660926832609,3.0,0.0,0.18272502927155287,5.442826194669579,100.0,2.125660926832609
breast_cancer,XGBoost,18,17,Actionable CBFI (Proposed),True,"['mean_concavity', 'mean_smoothness', 'mean_texture']",500,0.7343780994415283,4.970461362117154,3.0,0.0,1.16910271192891,7.323289110411583,100.0,4.970461362117154
breast_cancer,XGBoost,18,17,Untargeted Causal (Karimi 2021),True,"['mean_concavity', 'mean_smoothness', 'mean_texture']",500,0.7757503986358643,4.970461362117154,3.0,0.0,1.16910271192891,7.323289110411583,100.0,4.970461362117154
breast_cancer,XGBoost,18,17,Wachter's CE,True,"['mean_area', 'mean_compactness', 'mean_concave_points', 'mean_concavity', 'mean_fractal_dimension', 'mean_perimeter', 'mean_radius', 'mean_smoothness', 'mean_symmetry', 'mean_texture']",500,0.04540514945983887,22.65123161308311,10.0,,5.433213964369273,60.86469041542715,81.81225496930227,22.65123161308311
breast_cancer,XGBoost,18,17,SHAP-Targeted CE,True,"['mean_area', 'mean_concave_points', 'mean_perimeter']",343,0.014605998992919922,5.7837924241547,3.0,0.0,1.467178387494351,19.64642359214467,100.0,5.7837924241547
breast_cancer,XGBoost,19,18,Actionable CBFI (Proposed),True,"['mean_concave_points', 'mean_smoothness', 'mean_texture']",500,0.8028979301452637,4.680193317242361,3.0,0.0,0.19113129913809726,5.78129649301491,100.0,4.680193317242361
breast_cancer,XGBoost,19,18,Untargeted Causal (Karimi 2021),True,"['mean_concave_points', 'mean_smoothness', 'mean_texture']",500,0.8352396488189697,4.680193317242361,3.0,0.0,0.19113129913809726,5.78129649301491,100.0,4.680193317242361
breast_cancer,XGBoost,19,18,Wachter's CE,True,"['mean_area', 'mean_compactness', 'mean_concave_points', 'mean_concavity', 'mean_fractal_dimension', 'mean_perimeter', 'mean_radius', 'mean_smoothness', 'mean_symmetry', 'mean_texture']",500,0.04570150375366211,25.289698794547167,10.0,,3.332228374645594,136.9001607083627,73.77311493192005,25.289698794547167
breast_cancer,XGBoost,19,18,SHAP-Targeted CE,True,"['mean_area', 'mean_concave_points', 'mean_perimeter']",343,0.014422893524169922,8.578524989986306,3.0,2.949080227342955e-34,1.2645551502994121,28.793119241616424,100.0,8.578524989986306
breast_cancer,XGBoost,20,22,Actionable CBFI (Proposed),True,"['mean_area', 'mean_perimeter', 'mean_smoothness']",500,0.6721835136413574,2.019437588230417,3.0,0.0,0.9520057385684675,22.15341779564378,100.0,2.019437588230417
breast_cancer,XGBoost,20,22,Untargeted Causal (Karimi 2021),True,"['mean_area', 'mean_perimeter', 'mean_smoothness']",500,0.7379050254821777,2.019437588230417,3.0,0.0,0.9520057385684675,22.15341779564378,100.0,2.019437588230417
breast_cancer,XGBoost,20,22,Wachter's CE,True,"['mean_area', 'mean_compactness', 'mean_concave_points', 'mean_concavity', 'mean_fractal_dimension', 'mean_perimeter', 'mean_radius', 'mean_smoothness', 'mean_symmetry', 'mean_texture']",500,0.04575634002685547,20.81172667434945,10.0,,3.0338574186639913,73.6103791013193,75.9747437842952,20.81172667434945
breast_cancer,XGBoost,20,22,SHAP-Targeted CE,True,"['mean_area', 'mean_concave_points', 'mean_perimeter']",343,0.016411781311035156,3.433872959953848,3.0,0.0,1.1503385459744668,20.384947652198033,100.0,3.433872959953848
breast_cancer,XGBoost,21,23,Actionable CBFI (Proposed),True,"['mean_concavity', 'mean_smoothness', 'mean_texture']",500,0.7174458503723145,4.284582475673584,3.0,0.0,0.2944022725024926,5.072720441047228,100.0,4.284582475673584
breast_cancer,XGBoost,21,23,Untargeted Causal (Karimi 2021),True,"['mean_concavity', 'mean_smoothness', 'mean_texture']",500,0.7778387069702148,4.284582475673584,3.0,0.0,0.2944022725024926,5.072720441047228,100.0,4.284582475673584
breast_cancer,XGBoost,21,23,Wachter's CE,True,"['mean_area', 'mean_compactness', 'mean_concave_points', 'mean_concavity', 'mean_fractal_dimension', 'mean_perimeter', 'mean_radius', 'mean_smoothness', 'mean_symmetry', 'mean_texture']",500,0.04572916030883789,23.505317925714397,10.0,,3.332228374645594,136.9001607083627,77.67927030343417,23.505317925714397
breast_cancer,XGBoost,21,23,SHAP-Targeted CE,True,"['mean_area', 'mean_concave_points', 'mean_perimeter']",343,0.015502691268920898,8.521386474251996,3.0,8.666684749742561e-34,1.6121414778266614,19.75994046079688,100.0,8.521386474251996
breast_cancer,XGBoost,22,24,Actionable CBFI (Proposed),True,"['mean_concave_points', 'mean_smoothness', 'mean_texture']",500,0.7280104160308838,4.237113157348903,3.0,0.0,0.3646227177966057,4.924438239323258,100.0,4.237113157348903
breast_cancer,XGBoost,22,24,Untargeted Causal (Karimi 2021),True,"['mean_concave_points', 'mean_smoothness', 'mean_texture']",500,0.8071117401123047,4.237113157348903,3.0,0.0,0.3646227177966057,4.924438239323258,100.0,4.237113157348903
breast_cancer,XGBoost,22,24,Wachter's CE,True,"['mean_area', 'mean_compactness', 'mean_concave_points', 'mean_concavity', 'mean_fractal_dimension', 'mean_perimeter', 'mean_radius', 'mean_smoothness', 'mean_symmetry', 'mean_texture']",500,0.07094144821166992,24.36038724611726,10.0,,3.0338574186639913,73.6103791013193,68.86799194881945,24.36038724611726
breast_cancer,XGBoost,22,24,SHAP-Targeted CE,True,"['mean_area', 'mean_concave_points', 'mean_perimeter']",343,0.024272918701171875,5.773311859152084,3.0,0.0,0.7019241804175753,17.009009220692942,100.0,5.773311859152084
breast_cancer,XGBoost,23,25,Actionable CBFI (Proposed),True,"['mean_concavity', 'mean_smoothness', 'mean_texture']",500,0.7393972873687744,4.665963340538708,3.0,0.0,1.52947184067868,11.33212080110386,100.0,4.665963340538708
breast_cancer,XGBoost,23,25,Untargeted Causal (Karimi 2021),True,"['mean_concavity', 'mean_smoothness', 'mean_texture']",500,0.8006739616394043,4.665963340538708,3.0,0.0,1.52947184067868,11.33212080110386,100.0,4.665963340538708
breast_cancer,XGBoost,23,25,Wachter's CE,True,"['mean_area', 'mean_compactness', 'mean_concave_points', 'mean_concavity', 'mean_fractal_dimension', 'mean_perimeter', 'mean_radius', 'mean_smoothness', 'mean_texture']",500,0.04557609558105469,20.944365634146827,9.0,,3.0338574186639913,73.6103791013193,79.46833624763403,20.944365634146827
breast_cancer,XGBoost,23,25,SHAP-Targeted CE,True,"['mean_area', 'mean_concave_points', 'mean_perimeter']",343,0.015021562576293945,7.757257951426231,3.0,0.0,1.8985320372024375,13.964057939349539,100.0,7.757257951426231
breast_cancer,XGBoost,24,26,Actionable CBFI (Proposed),True,"['mean_concave_points', 'mean_smoothness', 'mean_texture']",500,0.7167680263519287,3.2785378540141012,3.0,0.0,0.6789157477079171,4.114672877616844,99.99999999999999,3.2785378540141012
breast_cancer,XGBoost,24,26,Untargeted Causal (Karimi 2021),True,"['mean_concave_points', 'mean_smoothness', 'mean_texture']",500,0.8101508617401123,3.2785378540141012,3.0,0.0,0.6789157477079171,4.114672877616844,99.99999999999999,3.2785378540141012
breast_cancer,XGBoost,24,26,Wachter's CE,True,"['mean_area', 'mean_compactness', 'mean_concave_points', 'mean_concavity', 'mean_fractal_dimension', 'mean_perimeter', 'mean_radius', 'mean_smoothness', 'mean_symmetry', 'mean_texture']",500,0.07116985321044922,23.614735302003783,10.0,,3.0338574186639913,73.6103791013193,73.69653825647443,23.614735302003783
breast_cancer,XGBoost,24,26,SHAP-Targeted CE,True,"['mean_area', 'mean_concave_points', 'mean_perimeter']",343,0.021476030349731445,3.826514133892165,3.0,2.465190328815662e-32,0.7176313478527909,10.503358996113425,88.93115261349296,3.826514133892165
breast_cancer,XGBoost,25,27,Actionable CBFI (Proposed),True,"['mean_concave_points', 'mean_smoothness', 'mean_texture']",500,0.7130155563354492,3.1113824350744803,3.0,0.0,0.09519150018416048,4.720529992088254,98.81134337025848,3.1113824350744803
breast_cancer,XGBoost,25,27,Untargeted Causal (Karimi 2021),True,"['mean_concave_points', 'mean_smoothness', 'mean_texture']",500,0.7868099212646484,3.1113824350744803,3.0,0.0,0.09519150018416048,4.720529992088254,98.81134337025848,3.1113824350744803
breast_cancer,XGBoost,25,27,Wachter's CE,True,"['mean_area', 'mean_compactness', 'mean_concave_points', 'mean_concavity', 'mean_fractal_dimension', 'mean_perimeter', 'mean_radius', 'mean_smoothness', 'mean_symmetry', 'mean_texture']",500,0.04590630531311035,22.426313342466614,10.0,,3.332228374645594,136.9001607083627,63.85146730894612,22.426313342466614
breast_cancer,XGBoost,25,27,SHAP-Targeted CE,True,"['mean_area', 'mean_concave_points', 'mean_perimeter']",343,0.014421939849853516,6.279350464771063,3.0,1.179632090937182e-33,0.6859615668867163,14.135667642460046,100.0,6.279350464771063
breast_cancer,XGBoost,26,28,Actionable CBFI (Proposed),True,"['mean_area', 'mean_concave_points']",500,0.740837574005127,4.997198216528657,2.0,0.0,0.6434237411416208,9.682713626599407,100.0,4.997198216528657
breast_cancer,XGBoost,26,28,Untargeted Causal (Karimi 2021),True,"['mean_area', 'mean_concave_points', 'mean_symmetry']",500,0.7899324893951416,4.91128847361792,3.0,0.0,0.6434237411416208,8.76561980731503,91.52209707813958,4.91128847361792
breast_cancer,XGBoost,26,28,Wachter's CE,True,"['mean_area', 'mean_compactness', 'mean_concave_points', 'mean_concavity', 'mean_fractal_dimension', 'mean_perimeter', 'mean_radius', 'mean_smoothness', 'mean_symmetry', 'mean_texture']",500,0.04564690589904785,25.0864623826244,10.0,,3.0338574186639913,73.6103791013193,69.10884745873204,25.0864623826244
breast_cancer,XGBoost,26,28,SHAP-Targeted CE,True,"['mean_area', 'mean_concave_points', 'mean_perimeter']",343,0.014394760131835938,6.4396697609614115,3.0,0.0,0.5856662447924526,19.16141991249967,100.0,6.4396697609614115
breast_cancer,XGBoost,27,29,Actionable CBFI (Proposed),True,['mean_concave_points'],500,0.6738235950469971,1.5497517378351537,1.0,0.0,0.026446699335987006,3.3572992926365397,100.0,1.5497517378351537
breast_cancer,XGBoost,27,29,Untargeted Causal (Karimi 2021),True,['mean_concave_points'],500,0.7824366092681885,1.5497517378351537,1.0,0.0,0.026446699335987006,3.3572992926365397,100.0,1.5497517378351537
breast_cancer,XGBoost,27,29,Wachter's CE,True,"['mean_area', 'mean_compactness', 'mean_concave_points', 'mean_concavity', 'mean_fractal_dimension', 'mean_perimeter', 'mean_radius', 'mean_smoothness', 'mean_symmetry', 'mean_texture']",500,0.0448451042175293,21.115955408463822,10.0,,9.745433945723818,180.2067869780691,73.01437970450657,21.115955408463822
breast_cancer,XGBoost,27,29,SHAP-Targeted CE,True,"['mean_area', 'mean_concave_points', 'mean_perimeter']",343,0.016896963119506836,2.5420129718958524,3.0,3.851859888774472e-34,0.032785888229275736,5.66905936678373,100.0,2.5420129718958524
breast_cancer,XGBoost,28,30,Actionable CBFI (Proposed),True,"['mean_concave_points', 'mean_smoothness', 'mean_texture']",500,0.7581954002380371,7.218177936850079,3.0,0.0,0.3676825372537158,8.478758651745112,100.0,7.218177936850079
breast_cancer,XGBoost,28,30,Untargeted Causal (Karimi 2021),True,"['mean_concave_points', 'mean_smoothness', 'mean_texture']",500,0.7861154079437256,7.218177936850079,3.0,0.0,0.3676825372537158,8.478758651745112,100.0,7.218177936850079
breast_cancer,XGBoost,28,30,Wachter's CE,True,"['mean_area', 'mean_compactness', 'mean_concave_points', 'mean_concavity', 'mean_fractal_dimension', 'mean_perimeter', 'mean_radius', 'mean_smoothness', 'mean_symmetry', 'mean_texture']",500,0.045684814453125,23.78923248156604,10.0,,3.0338574186639913,73.6103791013193,77.98057759620254,23.78923248156604
breast_cancer,XGBoost,28,30,SHAP-Targeted CE,True,"['mean_area', 'mean_concave_points', 'mean_perimeter']",343,0.014509201049804688,10.455787332180211,3.0,0.0,0.9602666957807859,20.245491937665108,100.0,10.455787332180211
breast_cancer,XGBoost,29,31,Actionable CBFI (Proposed),True,['mean_concave_points'],500,0.7113895416259766,0.17388282025819232,1.0,0.0,0.6420615496819992,2.861623458209268,100.0,0.17388282025819232
breast_cancer,XGBoost,29,31,Untargeted Causal (Karimi 2021),True,['mean_concave_points'],500,0.7603921890258789,0.17388282025819232,1.0,0.0,0.6420615496819992,2.861623458209268,100.0,0.17388282025819232
breast_cancer,XGBoost,29,31,Wachter's CE,True,"['mean_area', 'mean_compactness', 'mean_concave_points', 'mean_concavity', 'mean_fractal_dimension', 'mean_perimeter', 'mean_radius', 'mean_smoothness', 'mean_symmetry', 'mean_texture']",500,0.08681225776672363,21.119629064214777,10.0,,7.109713055582621,24.389134191069463,66.73156502547647,21.119629064214777
breast_cancer,XGBoost,29,31,SHAP-Targeted CE,True,"['mean_area', 'mean_concave_points', 'mean_perimeter']",343,0.01443028450012207,2.321491426554056,3.0,6.162975822039155e-33,0.7113699325378446,19.40563853063827,66.03533630078037,2.321491426554056
breast_cancer,XGBoost,30,32,Actionable CBFI (Proposed),True,"['mean_concave_points', 'mean_smoothness', 'mean_texture']",500,0.7581040859222412,6.603370749828885,3.0,0.0,0.7643197310487913,8.630684598809415,100.0,6.603370749828885
breast_cancer,XGBoost,30,32,Untargeted Causal (Karimi 2021),True,"['mean_concave_points', 'mean_smoothness', 'mean_texture']",500,0.7980825901031494,6.603370749828885,3.0,0.0,0.7643197310487913,8.630684598809415,100.0,6.603370749828885
breast_cancer,XGBoost,30,32,Wachter's CE,True,"['mean_area', 'mean_compactness', 'mean_concave_points', 'mean_concavity', 'mean_fractal_dimension', 'mean_perimeter', 'mean_radius', 'mean_smoothness', 'mean_symmetry', 'mean_texture']",500,0.0471343994140625,24.774539794852625,10.0,,3.0338574186639913,73.6103791013193,75.34546981675547,24.774539794852625
breast_cancer,XGBoost,30,32,SHAP-Targeted CE,True,"['mean_area', 'mean_concave_points', 'mean_perimeter']",343,0.015561342239379883,8.60351131725315,3.0,0.0,1.1277544305012008,18.681843819595297,100.0,8.60351131725315
breast_cancer,XGBoost,31,33,Actionable CBFI (Proposed),True,"['mean_concave_points', 'mean_smoothness', 'mean_texture']",500,0.7790601253509521,5.306458854294577,3.0,0.0,0.07744181761002131,6.2335521107738305,100.0,5.306458854294577
breast_cancer,XGBoost,31,33,Untargeted Causal (Karimi 2021),True,"['mean_concave_points', 'mean_smoothness', 'mean_texture']",500,0.8669791221618652,5.306458854294577,3.0,0.0,0.07744181761002131,6.2335521107738305,100.0,5.306458854294577
breast_cancer,XGBoost,31,33,Wachter's CE,True,"['mean_area', 'mean_compactness', 'mean_concave_points', 'mean_concavity', 'mean_fractal_dimension', 'mean_perimeter', 'mean_radius', 'mean_smoothness', 'mean_symmetry', 'mean_texture']",500,0.04530191421508789,25.52304115521518,10.0,,2.4925957191159447,125.6811916668699,91.18832483321975,25.52304115521518
breast_cancer,XGBoost,31,33,SHAP-Targeted CE,True,"['mean_area', 'mean_concave_points', 'mean_perimeter']",343,0.014682292938232422,8.775749978585292,3.0,0.0,0.8050779070136596,23.33175056036753,100.0,8.775749978585292
breast_cancer,XGBoost,32,34,Actionable CBFI (Proposed),True,"['mean_concavity', 'mean_smoothness', 'mean_texture']",500,0.7313923835754395,3.0419386035799407,3.0,0.0,0.19641357176345092,4.795162016240922,100.0,3.0419386035799407
breast_cancer,XGBoost,32,34,Untargeted Causal (Karimi 2021),True,"['mean_concavity', 'mean_smoothness', 'mean_texture']",500,0.7660117149353027,3.0419386035799407,3.0,0.0,0.19641357176345092,4.795162016240922,100.0,3.0419386035799407
breast_cancer,XGBoost,32,34,Wachter's CE,True,"['mean_area', 'mean_compactness', 'mean_concave_points', 'mean_concavity', 'mean_fractal_dimension', 'mean_perimeter', 'mean_radius', 'mean_smoothness', 'mean_symmetry', 'mean_texture']",500,0.0466763973236084,22.808647680279968,10.0,,3.0338574186639913,73.6103791013193,66.2753933430666,22.808647680279968
breast_cancer,XGBoost,32,34,SHAP-Targeted CE,True,"['mean_area', 'mean_concave_points', 'mean_perimeter']",343,0.01461648941040039,4.669919465991468,3.0,6.162975822039155e-33,0.4991966638646845,20.937125927133888,100.0,4.669919465991468
breast_cancer,XGBoost,33,35,Actionable CBFI (Proposed),True,"['mean_concave_points', 'mean_smoothness', 'mean_texture']",500,0.7145018577575684,2.7484921555468027,3.0,0.0,0.011878148005185527,4.005476336340059,98.26191159659791,2.7484921555468027
breast_cancer,XGBoost,33,35,Untargeted Causal (Karimi 2021),True,"['mean_concave_points', 'mean_smoothness', 'mean_texture']",500,0.7840888500213623,2.7484921555468027,3.0,0.0,0.011878148005185527,4.005476336340059,98.26191159659791,2.7484921555468027
breast_cancer,XGBoost,33,35,Wachter's CE,True,"['mean_area', 'mean_compactness', 'mean_concave_points', 'mean_concavity', 'mean_fractal_dimension', 'mean_perimeter', 'mean_radius', 'mean_smoothness', 'mean_symmetry', 'mean_texture']",500,0.04522109031677246,20.785813806043393,10.0,,3.332228374645594,136.9001607083627,79.6622084632284,20.785813806043393
breast_cancer,XGBoost,33,35,SHAP-Targeted CE,True,"['mean_area', 'mean_concave_points', 'mean_perimeter']",343,0.014587163925170898,5.636448118912501,3.0,0.0,0.35214854920845856,17.419463642950298,100.0,5.636448118912501
breast_cancer,XGBoost,34,36,Actionable CBFI (Proposed),True,"['mean_concave_points', 'mean_smoothness', 'mean_texture']",500,0.7095508575439453,1.766253103104771,3.0,0.0,0.010315668379414144,2.517826420391698,100.0,1.766253103104771
breast_cancer,XGBoost,34,36,Untargeted Causal (Karimi 2021),True,"['mean_concave_points', 'mean_smoothness', 'mean_texture']",500,0.7735116481781006,1.766253103104771,3.0,0.0,0.010315668379414144,2.517826420391698,100.0,1.766253103104771
breast_cancer,XGBoost,34,36,Wachter's CE,True,"['mean_area', 'mean_compactness', 'mean_concave_points', 'mean_concavity', 'mean_fractal_dimension', 'mean_perimeter', 'mean_radius', 'mean_smoothness', 'mean_symmetry', 'mean_texture']",500,0.04611349105834961,22.78785476712657,10.0,,0.9023159759620214,59.90571895576332,77.38586447093748,22.78785476712657
breast_cancer,XGBoost,34,36,SHAP-Targeted CE,True,"['mean_area', 'mean_concave_points', 'mean_perimeter']",343,0.014656782150268555,3.5357188551374144,3.0,0.0,0.040173915918792824,7.738886921112212,100.0,3.5357188551374144
breast_cancer,XGBoost,35,38,Actionable CBFI (Proposed),True,"['mean_area', 'mean_concave_points', 'mean_perimeter']",500,0.6918275356292725,0.991601640820563,3.0,0.0,0.3437185814942541,8.17808547342957,100.0,0.991601640820563
breast_cancer,XGBoost,35,38,Untargeted Causal (Karimi 2021),True,"['mean_area', 'mean_concave_points', 'mean_perimeter']",500,0.7397632598876953,0.991601640820563,3.0,0.0,0.3437185814942541,8.17808547342957,100.0,0.991601640820563
breast_cancer,XGBoost,35,38,Wachter's CE,True,"['mean_area', 'mean_compactness', 'mean_concave_points', 'mean_concavity', 'mean_fractal_dimension', 'mean_perimeter', 'mean_radius', 'mean_smoothness', 'mean_symmetry', 'mean_texture']",500,0.04521369934082031,17.260917765221446,10.0,,0.9023159759620214,59.90571895576332,70.61011076288808,17.260917765221446
breast_cancer,XGBoost,35,38,SHAP-Targeted CE,True,"['mean_area', 'mean_concave_points', 'mean_perimeter']",343,0.01486515998840332,2.7750988073120055,3.0,0.0,0.40292044433005003,7.998998125220461,100.0,2.7750988073120055
breast_cancer,XGBoost,36,39,Actionable CBFI (Proposed),True,['mean_concave_points'],500,0.6892294883728027,0.3014895729890761,1.0,0.0,0.10025331406434666,1.5395702710123018,100.0,0.3014895729890761
breast_cancer,XGBoost,36,39,Untargeted Causal (Karimi 2021),True,['mean_concave_points'],500,0.725346565246582,0.3014895729890761,1.0,0.0,0.10025331406434666,1.5395702710123018,100.0,0.3014895729890761
breast_cancer,XGBoost,36,39,Wachter's CE,True,"['mean_area', 'mean_compactness', 'mean_concave_points', 'mean_concavity', 'mean_fractal_dimension', 'mean_perimeter', 'mean_radius', 'mean_smoothness', 'mean_symmetry', 'mean_texture']",500,0.04577755928039551,21.75467784078659,10.0,,9.745433945723818,180.2067869780691,73.49767092818482,21.75467784078659
breast_cancer,XGBoost,36,39,SHAP-Targeted CE,True,"['mean_area', 'mean_concave_points', 'mean_perimeter']",343,0.014778852462768555,1.4695431362753837,3.0,0.0,0.11704843184105598,7.543734191525111,100.0,1.4695431362753837
breast_cancer,XGBoost,37,40,Actionable CBFI (Proposed),True,['mean_area'],500,0.6513328552246094,0.43418134377038503,1.0,0.0,0.4193805589291276,2.349699804181323,100.0,0.43418134377038503
breast_cancer,XGBoost,37,40,Untargeted Causal (Karimi 2021),True,"['mean_concave_points', 'mean_fractal_dimension']",500,0.7475552558898926,0.35689556987344473,2.0,0.0,0.4051500645573453,1.686613572315992,65.9983041482432,0.35689556987344473
breast_cancer,XGBoost,37,40,Wachter's CE,True,"['mean_area', 'mean_compactness', 'mean_concave_points', 'mean_concavity', 'mean_fractal_dimension', 'mean_perimeter', 'mean_radius', 'mean_smoothness', 'mean_symmetry', 'mean_texture']",500,0.045654296875,18.77809916875834,10.0,,0.9023159759620214,59.90571895576332,83.40469619695199,18.77809916875834
breast_cancer,XGBoost,37,40,SHAP-Targeted CE,True,"['mean_area', 'mean_concave_points', 'mean_perimeter']",343,0.01543426513671875,1.2899831796250263,3.0,0.0,0.42386942744441525,11.300986282788582,49.10238502847933,1.2899831796250263
breast_cancer,XGBoost,38,41,Actionable CBFI (Proposed),True,['mean_concave_points'],500,0.7205593585968018,0.4156901688182716,1.0,0.0,1.046359883756326,3.0725520557098838,100.0,0.4156901688182716
breast_cancer,XGBoost,38,41,Untargeted Causal (Karimi 2021),True,['mean_concave_points'],500,0.7769105434417725,0.4156901688182716,1.0,0.0,1.046359883756326,3.0725520557098838,100.0,0.4156901688182716
breast_cancer,XGBoost,38,41,Wachter's CE,True,"['mean_area', 'mean_compactness', 'mean_concave_points', 'mean_concavity', 'mean_fractal_dimension', 'mean_perimeter', 'mean_radius', 'mean_smoothness', 'mean_symmetry', 'mean_texture']",500,0.045743465423583984,22.864766473069572,10.0,,7.109713055582621,24.389134191069463,76.78994043833433,22.864766473069572
breast_cancer,XGBoost,38,41,SHAP-Targeted CE,True,"['mean_area', 'mean_concave_points', 'mean_perimeter']",343,0.01457071304321289,2.542228618070793,3.0,0.0,1.1304305887398327,9.415180806138485,87.64638354719962,2.542228618070793
breast_cancer,XGBoost,39,42,Actionable CBFI (Proposed),True,"['mean_area', 'mean_concave_points']",500,0.7405617237091064,7.282924162305481,2.0,0.0,1.1653113940828397,14.775299568586876,100.0,7.282924162305481
breast_cancer,XGBoost,39,42,Untargeted Causal (Karimi 2021),True,"['mean_area', 'mean_concave_points']",500,0.7843184471130371,7.282924162305481,2.0,0.0,1.1653113940828397,14.775299568586876,100.0,7.282924162305481
breast_cancer,XGBoost,39,42,Wachter's CE,True,"['mean_area', 'mean_compactness', 'mean_concave_points', 'mean_concavity', 'mean_fractal_dimension', 'mean_perimeter', 'mean_radius', 'mean_smoothness', 'mean_symmetry', 'mean_texture']",500,0.04563331604003906,23.53871483973351,10.0,,9.20494390356658,129.3858567550348,68.5142857887158,23.53871483973351
breast_cancer,XGBoost,39,42,SHAP-Targeted CE,True,"['mean_area', 'mean_concave_points', 'mean_perimeter']",343,0.015149116516113281,9.589567766172356,3.0,0.0,1.5542538922251412,31.053126198584177,100.0,9.589567766172356
breast_cancer,XGBoost,40,43,Actionable CBFI (Proposed),True,['mean_concave_points'],500,0.6656723022460938,0.6584905660377357,1.0,0.0,0.26730477713586576,1.587656734997034,100.0,0.6584905660377357
breast_cancer,XGBoost,40,43,Untargeted Causal (Karimi 2021),True,['mean_concave_points'],500,0.7367563247680664,0.6584905660377357,1.0,0.0,0.26730477713586576,1.587656734997034,100.0,0.6584905660377357
breast_cancer,XGBoost,40,43,Wachter's CE,True,"['mean_area', 'mean_compactness', 'mean_concave_points', 'mean_concavity', 'mean_fractal_dimension', 'mean_perimeter', 'mean_radius', 'mean_smoothness', 'mean_symmetry', 'mean_texture']",500,0.04541015625,23.604933350868222,10.0,,5.433213964369273,60.86469041542715,75.26199789123329,23.604933350868222
breast_cancer,XGBoost,40,43,SHAP-Targeted CE,True,"['mean_area', 'mean_concave_points', 'mean_perimeter']",343,0.014593839645385742,1.8201923910386544,3.0,0.0,0.2867619856260651,9.018043517552172,100.0,1.8201923910386544
breast_cancer,XGBoost,41,44,Actionable CBFI (Proposed),True,"['mean_concave_points', 'mean_smoothness', 'mean_texture']",500,0.741093635559082,0.8789844208790616,3.0,0.0,0.008131428060243551,1.303576765584,100.0,0.8789844208790616
breast_cancer,XGBoost,41,44,Untargeted Causal (Karimi 2021),True,"['mean_area', 'mean_concave_points', 'mean_symmetry']",500,0.738710880279541,0.5893881986779654,3.0,0.0,0.014752371997021115,1.747511918461066,35.39933846735215,0.5893881986779654
breast_cancer,XGBoost,41,44,Wachter's CE,True,"['mean_area', 'mean_compactness', 'mean_concave_points', 'mean_concavity', 'mean_fractal_dimension', 'mean_perimeter', 'mean_radius', 'mean_smoothness', 'mean_symmetry', 'mean_texture']",500,0.04569363594055176,20.742744790148244,10.0,,0.9023159759620214,59.90571895576332,87.71870926209094,20.742744790148244
breast_cancer,XGBoost,41,44,SHAP-Targeted CE,True,"['mean_area', 'mean_concave_points', 'mean_perimeter']",343,0.014622688293457031,1.494607065459728,3.0,1.3541694921472752e-35,0.030718629112262724,11.796636842923974,97.85413903442432,1.494607065459728
breast_cancer,XGBoost,42,45,Actionable CBFI (Proposed),True,"['mean_concave_points', 'mean_smoothness', 'mean_texture']",500,0.8509435653686523,4.328021080551354,3.0,0.0,0.3099506006792103,9.68730480919083,100.0,4.328021080551354
breast_cancer,XGBoost,42,45,Untargeted Causal (Karimi 2021),True,"['mean_concave_points', 'mean_smoothness', 'mean_texture']",500,0.7758498191833496,4.328021080551354,3.0,0.0,0.3099506006792103,9.68730480919083,100.0,4.328021080551354
breast_cancer,XGBoost,42,45,Wachter's CE,True,"['mean_area', 'mean_compactness', 'mean_concave_points', 'mean_concavity', 'mean_fractal_dimension', 'mean_perimeter', 'mean_radius', 'mean_smoothness', 'mean_symmetry', 'mean_texture']",500,0.08535957336425781,22.062860704896714,10.0,,3.0338574186639913,73.6103791013193,66.61410385030004,22.062860704896714
breast_cancer,XGBoost,42,45,SHAP-Targeted CE,True,"['mean_area', 'mean_concave_points', 'mean_perimeter']",343,0.014678478240966797,7.4591196585883015,3.0,6.162975822039155e-33,0.9068056687536267,17.002576917003147,100.0,7.4591196585883015
breast_cancer,XGBoost,43,47,Actionable CBFI (Proposed),True,['mean_concavity'],500,0.7220563888549805,0.8993573900148295,1.0,0.0,0.5386872720034462,2.9053034344305106,100.0,0.8993573900148295
breast_cancer,XGBoost,43,47,Untargeted Causal (Karimi 2021),True,['mean_concavity'],500,0.7390589714050293,0.8993573900148295,1.0,0.0,0.5386872720034462,2.9053034344305106,100.0,0.8993573900148295
breast_cancer,XGBoost,43,47,Wachter's CE,True,"['mean_area', 'mean_compactness', 'mean_concave_points', 'mean_concavity', 'mean_fractal_dimension', 'mean_perimeter', 'mean_radius', 'mean_smoothness', 'mean_symmetry', 'mean_texture']",500,0.045734405517578125,21.487586191012685,10.0,,7.109713055582621,24.389134191069463,79.24682409947728,21.487586191012685
breast_cancer,XGBoost,43,47,SHAP-Targeted CE,True,"['mean_area', 'mean_concave_points', 'mean_perimeter']",343,0.014543533325195312,2.4670682830752084,3.0,0.0,0.5612053657888796,11.849872957700333,80.71634702189475,2.4670682830752084
breast_cancer,XGBoost,44,53,Actionable CBFI (Proposed),True,"['mean_concavity', 'mean_smoothness', 'mean_texture']",500,0.7298328876495361,4.373474028907785,3.0,0.0,0.4452529927584573,6.006695817800416,100.0,4.373474028907785
breast_cancer,XGBoost,44,53,Untargeted Causal (Karimi 2021),True,"['mean_concavity', 'mean_smoothness', 'mean_texture']",500,0.7861030101776123,4.373474028907785,3.0,0.0,0.4452529927584573,6.006695817800416,100.0,4.373474028907785
breast_cancer,XGBoost,44,53,Wachter's CE,True,"['mean_area', 'mean_compactness', 'mean_concave_points', 'mean_concavity', 'mean_fractal_dimension', 'mean_perimeter', 'mean_radius', 'mean_smoothness', 'mean_symmetry', 'mean_texture']",500,0.04661870002746582,23.00082806535528,10.0,,3.0338574186639913,73.6103791013193,70.07315445972156,23.00082806535528
breast_cancer,XGBoost,44,53,SHAP-Targeted CE,True,"['mean_area', 'mean_concave_points', 'mean_perimeter']",343,0.015816688537597656,7.1643454059180245,3.0,0.0,0.9661921407131624,13.569054110079273,100.0,7.1643454059180245
breast_cancer,XGBoost,45,54,Actionable CBFI (Proposed),True,"['mean_area', 'mean_compactness', 'mean_perimeter']",500,0.8337416648864746,0.8898904321618266,3.0,0.0,0.15693182650724496,10.911681011857512,100.0,0.8898904321618266
breast_cancer,XGBoost,45,54,Untargeted Causal (Karimi 2021),True,"['mean_area', 'mean_concavity', 'mean_perimeter']",500,0.7564623355865479,0.8070313290101913,3.0,0.0,0.21416495973086302,10.333878954874256,77.15334862739938,0.8070313290101913
breast_cancer,XGBoost,45,54,Wachter's CE,True,"['mean_area', 'mean_compactness', 'mean_concave_points', 'mean_concavity', 'mean_fractal_dimension', 'mean_perimeter', 'mean_radius', 'mean_smoothness', 'mean_symmetry', 'mean_texture']",500,0.04524588584899902,18.22599593384733,10.0,,0.9023159759620214,59.90571895576332,68.99864809613011,18.22599593384733
breast_cancer,XGBoost,45,54,SHAP-Targeted CE,True,"['mean_area', 'mean_concave_points', 'mean_perimeter']",343,0.015395879745483398,1.5719249613772068,3.0,0.0,0.2784557128613925,9.209202693180439,100.0,1.5719249613772068
breast_cancer,XGBoost,46,56,Actionable CBFI (Proposed),True,"['mean_concavity', 'mean_smoothness', 'mean_texture']",500,0.7219967842102051,3.216426115577565,3.0,0.0,0.12437851027418728,4.674177808414443,100.0,3.216426115577565
breast_cancer,XGBoost,46,56,Untargeted Causal (Karimi 2021),True,"['mean_concavity', 'mean_smoothness', 'mean_texture']",500,0.8073544502258301,3.216426115577565,3.0,0.0,0.12437851027418728,4.674177808414443,100.0,3.216426115577565
breast_cancer,XGBoost,46,56,Wachter's CE,True,"['mean_area', 'mean_compactness', 'mean_concave_points', 'mean_concavity', 'mean_fractal_dimension', 'mean_perimeter', 'mean_radius', 'mean_smoothness', 'mean_symmetry', 'mean_texture']",500,0.0455164909362793,23.40206849042498,10.0,,2.4925957191159447,125.6811916668699,81.41302324665772,23.40206849042498
breast_cancer,XGBoost,46,56,SHAP-Targeted CE,True,"['mean_area', 'mean_concave_points', 'mean_perimeter']",343,0.014595985412597656,7.552309712106862,3.0,0.0,0.8377572489389721,19.355098544905296,100.0,7.552309712106862
breast_cancer,XGBoost,47,57,Actionable CBFI (Proposed),True,"['mean_concavity', 'mean_smoothness', 'mean_texture']",500,0.7335751056671143,3.224468035705514,3.0,0.0,0.46342530149204697,3.525748291950438,100.0,3.224468035705514
breast_cancer,XGBoost,47,57,Untargeted Causal (Karimi 2021),True,"['mean_concavity', 'mean_smoothness', 'mean_texture']",500,0.7638533115386963,3.224468035705514,3.0,0.0,0.46342530149204697,3.525748291950438,100.0,3.224468035705514
breast_cancer,XGBoost,47,57,Wachter's CE,True,"['mean_area', 'mean_compactness', 'mean_concave_points', 'mean_concavity', 'mean_fractal_dimension', 'mean_perimeter', 'mean_radius', 'mean_smoothness', 'mean_symmetry', 'mean_texture']",500,0.04660916328430176,23.586355030844707,10.0,,7.109713055582621,24.389134191069463,82.17517584273378,23.586355030844707
breast_cancer,XGBoost,47,57,SHAP-Targeted CE,True,"['mean_area', 'mean_concave_points', 'mean_perimeter']",343,0.014542579650878906,5.096408400666274,3.0,0.0,0.5152836578911335,11.412231038430686,94.56068814554246,5.096408400666274
breast_cancer,XGBoost,48,62,Actionable CBFI (Proposed),True,"['mean_concave_points', 'mean_smoothness', 'mean_texture']",500,0.7048072814941406,3.439621524203143,3.0,0.0,0.9247616203412492,5.462413593717966,100.0,3.439621524203143
breast_cancer,XGBoost,48,62,Untargeted Causal (Karimi 2021),True,"['mean_concave_points', 'mean_smoothness', 'mean_texture']",500,0.7735223770141602,3.439621524203143,3.0,0.0,0.9247616203412492,5.462413593717966,100.0,3.439621524203143
breast_cancer,XGBoost,48,62,Wachter's CE,True,"['mean_area', 'mean_compactness', 'mean_concave_points', 'mean_concavity', 'mean_fractal_dimension', 'mean_perimeter', 'mean_radius', 'mean_smoothness', 'mean_symmetry', 'mean_texture']",500,0.0455021858215332,22.55258021581652,10.0,,9.20494390356658,129.3858567550348,72.64939784948847,22.55258021581652
breast_cancer,XGBoost,48,62,SHAP-Targeted CE,True,"['mean_area', 'mean_concave_points', 'mean_perimeter']",343,0.014518976211547852,5.3549569740116265,3.0,0.0,0.9494977827819093,12.359179537248071,93.54505391349268,5.3549569740116265
breast_cancer,XGBoost,49,64,Actionable CBFI (Proposed),True,['mean_concave_points'],500,0.7374246120452881,2.023237338629593,1.0,0.0,0.4293146954478153,4.0695929670526,100.0,2.023237338629593
breast_cancer,XGBoost,49,64,Untargeted Causal (Karimi 2021),True,['mean_concave_points'],500,0.7537839412689209,2.023237338629593,1.0,0.0,0.4293146954478153,4.0695929670526,100.0,2.023237338629593
breast_cancer,XGBoost,49,64,Wachter's CE,True,"['mean_area', 'mean_compactness', 'mean_concave_points', 'mean_concavity', 'mean_fractal_dimension', 'mean_perimeter', 'mean_radius', 'mean_smoothness', 'mean_symmetry', 'mean_texture']",500,0.045575618743896484,24.022277597989866,10.0,,0.9023159759620214,59.90571895576332,88.18445738715111,24.022277597989866
breast_cancer,XGBoost,49,64,SHAP-Targeted CE,True,"['mean_area', 'mean_concave_points', 'mean_perimeter']",343,0.014555931091308594,3.154669948322753,3.0,1.5407439555097887e-33,0.5274399009373208,27.91663838199752,63.13417770802692,3.154669948322753
breast_cancer,XGBoost,50,65,Actionable CBFI (Proposed),True,"['mean_concavity', 'mean_smoothness', 'mean_texture']",500,0.8135049343109131,4.015424468906531,3.0,0.0,0.7091270350815703,3.8861278350915693,100.0,4.015424468906531
breast_cancer,XGBoost,50,65,Untargeted Causal (Karimi 2021),True,"['mean_concavity', 'mean_smoothness', 'mean_texture']",500,0.8447721004486084,4.015424468906531,3.0,0.0,0.7091270350815703,3.8861278350915693,100.0,4.015424468906531
breast_cancer,XGBoost,50,65,Wachter's CE,True,"['mean_area', 'mean_compactness', 'mean_concave_points', 'mean_concavity', 'mean_fractal_dimension', 'mean_perimeter', 'mean_radius', 'mean_smoothness', 'mean_symmetry', 'mean_texture']",500,0.0726165771484375,24.75969766663571,10.0,,5.433213964369273,60.86469041542715,72.66734142682864,24.75969766663571
breast_cancer,XGBoost,50,65,SHAP-Targeted CE,True,"['mean_area', 'mean_concave_points', 'mean_perimeter']",343,0.02200150489807129,5.766178116892844,3.0,0.0,0.7652611517036305,12.560384737138047,92.66820727573904,5.766178116892844
breast_cancer,XGBoost,51,70,Actionable CBFI (Proposed),True,"['mean_concave_points', 'mean_smoothness', 'mean_texture']",500,0.7301533222198486,3.6063754376583086,3.0,0.0,0.1776684871289863,3.741178361538958,98.73787116340887,3.6063754376583086
breast_cancer,XGBoost,51,70,Untargeted Causal (Karimi 2021),True,"['mean_concave_points', 'mean_smoothness', 'mean_texture']",500,0.7817089557647705,3.6063754376583086,3.0,0.0,0.1776684871289863,3.741178361538958,98.73787116340887,3.6063754376583086
breast_cancer,XGBoost,51,70,Wachter's CE,True,"['mean_area', 'mean_compactness', 'mean_concave_points', 'mean_concavity', 'mean_fractal_dimension', 'mean_perimeter', 'mean_radius', 'mean_smoothness', 'mean_symmetry', 'mean_texture']",500,0.045496225357055664,21.731383723213277,10.0,,3.332228374645594,136.9001607083627,64.28376271129247,21.731383723213277
breast_cancer,XGBoost,51,70,SHAP-Targeted CE,True,"['mean_area', 'mean_concave_points', 'mean_perimeter']",343,0.014329910278320312,6.741436785999882,3.0,2.1666711874356403e-34,0.8327794673714188,15.693035862553863,100.0,6.741436785999882
breast_cancer,XGBoost,52,72,Actionable CBFI (Proposed),True,"['mean_area', 'mean_concave_points']",500,0.7379388809204102,5.881565052460566,2.0,0.0,0.8720186711859259,12.36904040299674,100.0,5.881565052460566
breast_cancer,XGBoost,52,72,Untargeted Causal (Karimi 2021),True,"['mean_area', 'mean_concave_points']",500,0.7840266227722168,5.881565052460566,2.0,0.0,0.8720186711859259,12.36904040299674,100.0,5.881565052460566
breast_cancer,XGBoost,52,72,Wachter's CE,True,"['mean_area', 'mean_compactness', 'mean_concave_points', 'mean_concavity', 'mean_fractal_dimension', 'mean_perimeter', 'mean_radius', 'mean_smoothness', 'mean_symmetry', 'mean_texture']",500,0.04658079147338867,23.328468552896016,10.0,,3.0338574186639913,73.6103791013193,68.93132734681105,23.328468552896016
breast_cancer,XGBoost,52,72,SHAP-Targeted CE,True,"['mean_area', 'mean_concave_points', 'mean_perimeter']",343,0.014477729797363281,6.660910449502813,3.0,0.0,0.8177925930706291,14.473511782708261,100.0,6.660910449502813
breast_cancer,XGBoost,53,73,Actionable CBFI (Proposed),True,['mean_concave_points'],500,0.6331005096435547,0.11777557100297871,1.0,0.0,0.08606541386850002,1.8995318353309678,100.0,0.11777557100297871
breast_cancer,XGBoost,53,73,Untargeted Causal (Karimi 2021),True,['mean_concave_points'],500,0.7169907093048096,0.11777557100297871,1.0,0.0,0.08606541386850002,1.8995318353309678,100.0,0.11777557100297871
breast_cancer,XGBoost,53,73,Wachter's CE,True,"['mean_area', 'mean_compactness', 'mean_concave_points', 'mean_concavity', 'mean_fractal_dimension', 'mean_perimeter', 'mean_radius', 'mean_smoothness', 'mean_symmetry', 'mean_texture']",500,0.062005043029785156,20.167187412037624,10.0,,9.745433945723818,180.2067869780691,64.11988657268267,20.167187412037624
breast_cancer,XGBoost,53,73,SHAP-Targeted CE,True,"['mean_area', 'mean_concave_points', 'mean_perimeter']",343,0.014889955520629883,1.2885389903127877,3.0,0.0,0.10329091615613556,4.506845755878631,100.0,1.2885389903127877
breast_cancer,XGBoost,54,75,Actionable CBFI (Proposed),True,"['mean_area', 'mean_smoothness', 'mean_texture']",500,0.6913204193115234,2.7281264618305836,3.0,0.0,0.3773059771235791,7.45059685684379,100.0,2.7281264618305836
breast_cancer,XGBoost,54,75,Untargeted Causal (Karimi 2021),True,"['mean_area', 'mean_smoothness', 'mean_texture']",500,0.7087738513946533,2.7281264618305836,3.0,0.0,0.3773059771235791,7.45059685684379,100.0,2.7281264618305836
breast_cancer,XGBoost,54,75,Wachter's CE,True,"['mean_area', 'mean_compactness', 'mean_concave_points', 'mean_concavity', 'mean_fractal_dimension', 'mean_perimeter', 'mean_radius', 'mean_smoothness', 'mean_symmetry', 'mean_texture']",500,0.04550433158874512,19.405627279869467,10.0,,3.332228374645594,136.9001607083627,70.03676655898249,19.405627279869467
breast_cancer,XGBoost,54,75,SHAP-Targeted CE,True,"['mean_area', 'mean_concave_points', 'mean_perimeter']",343,0.015032052993774414,4.413451311196349,3.0,0.0,0.4426836092495365,24.65825576524845,100.0,4.413451311196349
breast_cancer,XGBoost,55,77,Actionable CBFI (Proposed),True,['mean_concavity'],500,0.718010663986206,3.0481957488877907,1.0,0.0,0.7100700773376818,8.191462764712446,100.0,3.0481957488877907
breast_cancer,XGBoost,55,77,Untargeted Causal (Karimi 2021),True,['mean_concavity'],500,0.7665483951568604,3.0481957488877907,1.0,0.0,0.7100700773376818,8.191462764712446,100.0,3.0481957488877907
breast_cancer,XGBoost,55,77,Wachter's CE,True,"['mean_area', 'mean_compactness', 'mean_concave_points', 'mean_concavity', 'mean_fractal_dimension', 'mean_perimeter', 'mean_radius', 'mean_smoothness', 'mean_symmetry', 'mean_texture']",500,0.08511185646057129,22.733452396870664,10.0,,3.0338574186639913,73.6103791013193,67.70728801689462,22.733452396870664
breast_cancer,XGBoost,55,77,SHAP-Targeted CE,True,"['mean_area', 'mean_concave_points', 'mean_perimeter']",343,0.01514577865600586,6.1816116058472055,3.0,0.0,0.729713272672731,14.786335282239994,100.0,6.1816116058472055
breast_cancer,XGBoost,56,78,Actionable CBFI (Proposed),True,"['mean_concave_points', 'mean_smoothness', 'mean_texture']",500,0.8415446281433105,8.590794088780731,3.0,0.0,4.813064438531567,18.069316319545266,100.0,8.590794088780731
breast_cancer,XGBoost,56,78,Untargeted Causal (Karimi 2021),True,"['mean_concave_points', 'mean_smoothness', 'mean_texture']",500,0.8015906810760498,8.590794088780731,3.0,0.0,4.813064438531567,18.069316319545266,100.0,8.590794088780731
breast_cancer,XGBoost,56,78,Wachter's CE,True,"['mean_area', 'mean_concave_points', 'mean_concavity', 'mean_fractal_dimension', 'mean_perimeter', 'mean_radius', 'mean_smoothness', 'mean_symmetry', 'mean_texture']",500,0.04694509506225586,27.143433778131065,9.0,0.14341336989405257,5.908823395667725,22.643147213900143,93.489998105204,27.143433778131065
breast_cancer,XGBoost,56,78,SHAP-Targeted CE,True,"['mean_area', 'mean_concave_points', 'mean_perimeter']",343,0.015491724014282227,12.856841495050839,3.0,0.0,5.902231088762386,25.715529009155006,100.0,12.856841495050839
breast_cancer,XGBoost,57,82,Actionable CBFI (Proposed),True,"['mean_concave_points', 'mean_smoothness', 'mean_texture']",500,0.7445032596588135,10.129504696026054,3.0,0.0,0.714133974834642,15.956303067437437,100.0,10.129504696026054
breast_cancer,XGBoost,57,82,Untargeted Causal (Karimi 2021),True,"['mean_concave_points', 'mean_smoothness', 'mean_texture']",500,0.8011825084686279,10.129504696026054,3.0,0.0,0.714133974834642,15.956303067437437,100.0,10.129504696026054
breast_cancer,XGBoost,57,82,Wachter's CE,True,"['mean_area', 'mean_compactness', 'mean_concave_points', 'mean_concavity', 'mean_fractal_dimension', 'mean_perimeter', 'mean_radius', 'mean_smoothness', 'mean_symmetry', 'mean_texture']",500,0.04599118232727051,26.317635010221448,10.0,,3.60616291076711,124.30673983510006,78.82259043770557,26.317635010221448
breast_cancer,XGBoost,57,82,SHAP-Targeted CE,True,"['mean_area', 'mean_concave_points', 'mean_perimeter']",343,0.014499902725219727,18.472290571256444,3.0,0.0,3.579164596165221,30.950040520788917,100.0,18.472290571256444
breast_cancer,XGBoost,58,83,Actionable CBFI (Proposed),True,"['mean_concave_points', 'mean_smoothness', 'mean_texture']",500,0.7759842872619629,9.774517882935278,3.0,0.0,0.9627847416193942,11.690723476436997,100.0,9.774517882935278
breast_cancer,XGBoost,58,83,Untargeted Causal (Karimi 2021),True,"['mean_concave_points', 'mean_smoothness', 'mean_texture']",500,0.7870063781738281,9.774517882935278,3.0,0.0,0.9627847416193942,11.690723476436997,100.0,9.774517882935278
breast_cancer,XGBoost,58,83,Wachter's CE,True,"['mean_area', 'mean_compactness', 'mean_concave_points', 'mean_concavity', 'mean_fractal_dimension', 'mean_perimeter', 'mean_radius', 'mean_smoothness', 'mean_symmetry', 'mean_texture']",500,0.04546952247619629,29.282945676255277,10.0,,5.769763162971222,124.71402213068829,80.56089085828376,29.282945676255277
breast_cancer,XGBoost,58,83,SHAP-Targeted CE,True,"['mean_area', 'mean_concave_points', 'mean_perimeter']",343,0.02806568145751953,10.39232557263583,3.0,0.0,1.9472214181546161,33.19706437363064,100.0,10.39232557263583
breast_cancer,XGBoost,59,85,Actionable CBFI (Proposed),True,"['mean_concavity', 'mean_smoothness', 'mean_texture']",500,0.7095856666564941,4.126937767648074,3.0,0.0,0.2410043589875702,4.936636032378728,100.0,4.126937767648074
breast_cancer,XGBoost,59,85,Untargeted Causal (Karimi 2021),True,"['mean_concavity', 'mean_fractal_dimension', 'mean_smoothness', 'mean_texture']",500,0.7752170562744141,4.0231495859086905,4.0,0.0,0.0984472640292216,4.832053641173508,80.23288355241489,4.0231495859086905
breast_cancer,XGBoost,59,85,Wachter's CE,True,"['mean_area', 'mean_compactness', 'mean_concave_points', 'mean_concavity', 'mean_fractal_dimension', 'mean_perimeter', 'mean_radius', 'mean_smoothness', 'mean_symmetry', 'mean_texture']",500,0.045636653900146484,20.470197965087667,10.0,,3.332228374645594,136.9001607083627,75.6632093064175,20.470197965087667
breast_cancer,XGBoost,59,85,SHAP-Targeted CE,True,"['mean_area', 'mean_concave_points', 'mean_perimeter']",343,0.014722347259521484,6.605034158472931,3.0,6.018531076210112e-34,0.6617265441148676,13.422399836394607,100.0,6.605034158472931
breast_cancer,XGBoost,60,86,Actionable CBFI (Proposed),True,['mean_concave_points'],500,0.7288122177124023,1.0624627606752728,1.0,0.0,0.012391816466103517,4.39502341136638,100.0,1.0624627606752728
breast_cancer,XGBoost,60,86,Untargeted Causal (Karimi 2021),True,['mean_concave_points'],500,0.799443244934082,1.0624627606752728,1.0,0.0,0.012391816466103517,4.39502341136638,100.0,1.0624627606752728
breast_cancer,XGBoost,60,86,Wachter's CE,True,"['mean_area', 'mean_compactness', 'mean_concave_points', 'mean_concavity', 'mean_fractal_dimension', 'mean_perimeter', 'mean_radius', 'mean_smoothness', 'mean_symmetry', 'mean_texture']",500,0.046502113342285156,19.71688855460129,10.0,,3.332228374645594,136.9001607083627,54.47875265509007,19.71688855460129
breast_cancer,XGBoost,60,86,SHAP-Targeted CE,True,"['mean_area', 'mean_concave_points', 'mean_perimeter']",343,0.05351066589355469,1.690933689340727,3.0,9.62964972193618e-35,0.05280163370263335,5.66257534990061,89.65495338973088,1.690933689340727
breast_cancer,XGBoost,61,87,Actionable CBFI (Proposed),True,"['mean_concave_points', 'mean_smoothness', 'mean_texture']",500,0.7842042446136475,4.958928404451403,3.0,0.0,0.08950158781027945,6.925255129616444,98.54963626608124,4.958928404451403
breast_cancer,XGBoost,61,87,Untargeted Causal (Karimi 2021),True,"['mean_concave_points', 'mean_smoothness', 'mean_texture']",500,0.7776515483856201,4.958928404451403,3.0,0.0,0.08950158781027945,6.925255129616444,98.54963626608124,4.958928404451403
breast_cancer,XGBoost,61,87,Wachter's CE,True,"['mean_area', 'mean_compactness', 'mean_concave_points', 'mean_concavity', 'mean_fractal_dimension', 'mean_perimeter', 'mean_radius', 'mean_smoothness', 'mean_symmetry', 'mean_texture']",500,0.046919822692871094,22.624254878869,10.0,,3.332228374645594,136.9001607083627,86.06182111431465,22.624254878869
breast_cancer,XGBoost,61,87,SHAP-Targeted CE,True,"['mean_area', 'mean_concave_points', 'mean_perimeter']",343,0.01563715934753418,6.422188952445541,3.0,0.0,0.7525839150147627,17.562718277841352,100.0,6.422188952445541
breast_cancer,XGBoost,62,91,Actionable CBFI (Proposed),True,"['mean_area', 'mean_smoothness', 'mean_texture']",500,0.716794490814209,3.3580373028383472,3.0,0.0,0.08648774895938018,4.4947116575564605,100.0,3.3580373028383472
breast_cancer,XGBoost,62,91,Untargeted Causal (Karimi 2021),True,"['mean_area', 'mean_smoothness', 'mean_texture']",500,0.834251880645752,3.3580373028383472,3.0,0.0,0.08648774895938018,4.4947116575564605,100.0,3.3580373028383472
breast_cancer,XGBoost,62,91,Wachter's CE,True,"['mean_area', 'mean_compactness', 'mean_concave_points', 'mean_concavity', 'mean_fractal_dimension', 'mean_perimeter', 'mean_radius', 'mean_smoothness', 'mean_symmetry', 'mean_texture']",500,0.04558444023132324,20.411329191191452,10.0,,0.9023159759620214,59.90571895576332,80.17198341249212,20.411329191191452
breast_cancer,XGBoost,62,91,SHAP-Targeted CE,True,"['mean_area', 'mean_concave_points', 'mean_perimeter']",343,0.014931917190551758,3.944576011568914,3.0,5.416677968589101e-35,0.14577796943875565,14.32382568783475,100.0,3.944576011568914
breast_cancer,XGBoost,63,94,Actionable CBFI (Proposed),True,"['mean_concave_points', 'mean_smoothness', 'mean_texture']",500,0.7863008975982666,3.496767437685631,3.0,0.0,0.2521861638159804,4.5202473245996115,100.0,3.496767437685631
breast_cancer,XGBoost,63,94,Untargeted Causal (Karimi 2021),True,"['mean_concave_points', 'mean_smoothness', 'mean_texture']",500,0.7784357070922852,3.496767437685631,3.0,0.0,0.2521861638159804,4.5202473245996115,100.0,3.496767437685631
breast_cancer,XGBoost,63,94,Wachter's CE,True,"['mean_area', 'mean_compactness', 'mean_concave_points', 'mean_concavity', 'mean_fractal_dimension', 'mean_perimeter', 'mean_radius', 'mean_smoothness', 'mean_symmetry', 'mean_texture']",500,0.04632759094238281,23.37197447554508,10.0,,9.745433945723818,180.2067869780691,77.23001627675082,23.37197447554508
breast_cancer,XGBoost,63,94,SHAP-Targeted CE,True,"['mean_area', 'mean_concave_points', 'mean_perimeter']",343,0.01460409164428711,4.46639088642975,3.0,6.162975822039155e-33,0.3307112640685599,14.566168681662699,100.0,4.46639088642975
breast_cancer,XGBoost,64,95,Actionable CBFI (Proposed),True,"['mean_concave_points', 'mean_smoothness', 'mean_texture']",500,0.9247136116027832,4.5957776225483205,3.0,0.0,0.07144331576825727,6.220852312101845,98.70829616536696,4.5957776225483205
breast_cancer,XGBoost,64,95,Untargeted Causal (Karimi 2021),True,"['mean_concave_points', 'mean_smoothness', 'mean_texture']",500,0.786238431930542,4.5957776225483205,3.0,0.0,0.07144331576825727,6.220852312101845,98.70829616536696,4.5957776225483205
breast_cancer,XGBoost,64,95,Wachter's CE,True,"['mean_area', 'mean_compactness', 'mean_concave_points', 'mean_concavity', 'mean_fractal_dimension', 'mean_perimeter', 'mean_radius', 'mean_smoothness', 'mean_symmetry', 'mean_texture']",500,0.04578256607055664,22.923461868431094,10.0,,3.332228374645594,136.9001607083627,84.38150161491355,22.923461868431094
breast_cancer,XGBoost,64,95,SHAP-Targeted CE,True,"['mean_area', 'mean_concave_points', 'mean_perimeter']",343,0.014598608016967773,9.676134180958687,3.0,0.0,1.2208972082359484,25.344730187807112,100.0,9.676134180958687
breast_cancer,XGBoost,65,99,Actionable CBFI (Proposed),True,['mean_concave_points'],500,0.6702175140380859,0.500099304865938,1.0,0.0,0.010825568283415094,1.3490283867327761,100.0,0.500099304865938
breast_cancer,XGBoost,65,99,Untargeted Causal (Karimi 2021),True,['mean_concave_points'],500,0.7147414684295654,0.500099304865938,1.0,0.0,0.010825568283415094,1.3490283867327761,100.0,0.500099304865938
breast_cancer,XGBoost,65,99,Wachter's CE,True,"['mean_area', 'mean_compactness', 'mean_concave_points', 'mean_concavity', 'mean_fractal_dimension', 'mean_perimeter', 'mean_radius', 'mean_smoothness', 'mean_symmetry', 'mean_texture']",500,0.04534482955932617,21.971200504894732,10.0,,0.9023159759620214,59.90571895576332,78.96333827732566,21.971200504894732
breast_cancer,XGBoost,65,99,SHAP-Targeted CE,True,"['mean_area', 'mean_concave_points', 'mean_perimeter']",343,0.014855623245239258,2.1192161017187394,3.0,0.0,0.04758431926823514,4.521860983238549,100.0,2.1192161017187394
breast_cancer,XGBoost,66,100,Actionable CBFI (Proposed),True,"['mean_area', 'mean_smoothness']",500,0.6873784065246582,1.2999651182751417,2.0,0.0,0.19509114542431352,2.1136223130430984,100.0,1.2999651182751417
breast_cancer,XGBoost,66,100,Untargeted Causal (Karimi 2021),True,"['mean_smoothness', 'mean_symmetry']",500,0.7392535209655762,1.2487251461988313,2.0,0.0,0.19576084635503815,2.1657306111572194,89.97808291028987,1.2487251461988313
breast_cancer,XGBoost,66,100,Wachter's CE,True,"['mean_area', 'mean_compactness', 'mean_concave_points', 'mean_concavity', 'mean_fractal_dimension', 'mean_perimeter', 'mean_radius', 'mean_smoothness', 'mean_symmetry', 'mean_texture']",500,0.046283721923828125,19.020189667072913,10.0,,0.9023159759620214,59.90571895576332,77.12234702488259,19.020189667072913
breast_cancer,XGBoost,66,100,SHAP-Targeted CE,True,"['mean_area', 'mean_concave_points', 'mean_perimeter']",343,0.015649080276489258,1.1786765896058369,3.0,0.0,0.04188819325551966,8.112122547801178,100.0,1.1786765896058369
breast_cancer,XGBoost,67,105,Actionable CBFI (Proposed),True,['mean_concave_points'],500,0.7560772895812988,2.3680238331678245,1.0,0.0,2.935250805550489,6.918173962034866,100.0,2.3680238331678245
breast_cancer,XGBoost,67,105,Untargeted Causal (Karimi 2021),True,['mean_concave_points'],500,0.7385964393615723,2.3680238331678245,1.0,0.0,2.935250805550489,6.918173962034866,100.0,2.3680238331678245
breast_cancer,XGBoost,67,105,Wachter's CE,True,"['mean_area', 'mean_compactness', 'mean_concave_points', 'mean_concavity', 'mean_fractal_dimension', 'mean_perimeter', 'mean_radius', 'mean_smoothness', 'mean_symmetry', 'mean_texture']",500,0.04538679122924805,18.705639406816033,10.0,,5.769763162971222,124.71402213068829,83.99758834730086,18.705639406816033
breast_cancer,XGBoost,67,105,SHAP-Targeted CE,True,"['mean_area', 'mean_concave_points', 'mean_perimeter']",343,0.015935420989990234,3.5216374906763743,3.0,0.0,2.9566467852601312,12.225260111151437,100.0,3.5216374906763743
breast_cancer,XGBoost,68,108,Actionable CBFI (Proposed),True,"['mean_concave_points', 'mean_smoothness', 'mean_texture']",500,0.7388076782226562,8.113316431918168,3.0,0.0,2.777463656673495,18.292181390944364,100.0,8.113316431918168
breast_cancer,XGBoost,68,108,Untargeted Causal (Karimi 2021),True,"['mean_concave_points', 'mean_smoothness', 'mean_texture']",500,0.8427984714508057,8.113316431918168,3.0,0.0,2.777463656673495,18.292181390944364,100.0,8.113316431918168
breast_cancer,XGBoost,68,108,Wachter's CE,True,"['mean_area', 'mean_compactness', 'mean_concave_points', 'mean_concavity', 'mean_fractal_dimension', 'mean_perimeter', 'mean_radius', 'mean_smoothness', 'mean_symmetry', 'mean_texture']",500,0.045481204986572266,31.882739395517927,10.0,,5.1645887417914595,65.20947341813402,66.20244348177607,31.882739395517927
breast_cancer,XGBoost,68,108,SHAP-Targeted CE,True,"['mean_area', 'mean_concave_points', 'mean_perimeter']",343,0.014718055725097656,14.64216568342944,3.0,0.0,4.867754422864432,40.226180363493235,100.0,14.64216568342944
breast_cancer,XGBoost,69,117,Actionable CBFI (Proposed),True,['mean_concave_points'],500,0.7092273235321045,2.031380337636544,1.0,0.0,0.7657974874932288,4.794909320629601,100.0,2.031380337636544
breast_cancer,XGBoost,69,117,Untargeted Causal (Karimi 2021),True,['mean_concave_points'],500,0.7659368515014648,2.031380337636544,1.0,0.0,0.7657974874932288,4.794909320629601,100.0,2.031380337636544
breast_cancer,XGBoost,69,117,Wachter's CE,True,"['mean_area', 'mean_compactness', 'mean_concave_points', 'mean_concavity', 'mean_fractal_dimension', 'mean_perimeter', 'mean_radius', 'mean_smoothness', 'mean_symmetry', 'mean_texture']",500,0.046159982681274414,22.485661484308174,10.0,,5.433213964369273,60.86469041542715,75.97990480405315,22.485661484308174
breast_cancer,XGBoost,69,117,SHAP-Targeted CE,True,"['mean_area', 'mean_concave_points', 'mean_perimeter']",343,0.021532297134399414,4.238724760342398,3.0,0.0,0.8285441207596267,12.928182765360633,100.0,4.238724760342398
breast_cancer,XGBoost,70,118,Actionable CBFI (Proposed),True,"['mean_concave_points', 'mean_smoothness', 'mean_texture']",500,0.728168249130249,4.947340311618948,3.0,0.0,0.7892862067961672,6.715045475346047,100.0,4.947340311618948
breast_cancer,XGBoost,70,118,Untargeted Causal (Karimi 2021),True,"['mean_concave_points', 'mean_smoothness', 'mean_texture']",500,0.779930830001831,4.947340311618948,3.0,0.0,0.7892862067961672,6.715045475346047,100.0,4.947340311618948
breast_cancer,XGBoost,70,118,Wachter's CE,True,"['mean_area', 'mean_compactness', 'mean_concave_points', 'mean_concavity', 'mean_fractal_dimension', 'mean_perimeter', 'mean_radius', 'mean_smoothness', 'mean_symmetry', 'mean_texture']",500,0.045845985412597656,23.53615906613171,10.0,,9.20494390356658,129.3858567550348,76.30249806075035,23.53615906613171
breast_cancer,XGBoost,70,118,SHAP-Targeted CE,True,"['mean_area', 'mean_concave_points', 'mean_perimeter']",343,0.014672994613647461,7.1342405695965,3.0,0.0,1.0809817108381345,26.26278351279832,100.0,7.1342405695965
breast_cancer,XGBoost,71,119,Actionable CBFI (Proposed),True,"['mean_smoothness', 'mean_texture']",500,0.6750631332397461,1.5845177437023314,2.0,0.0,0.5927397515881159,4.683097515452901,97.78787257695132,1.5845177437023314
breast_cancer,XGBoost,71,119,Untargeted Causal (Karimi 2021),True,"['mean_smoothness', 'mean_texture']",500,0.7365765571594238,1.5845177437023314,2.0,0.0,0.5927397515881159,4.683097515452901,97.78787257695132,1.5845177437023314
breast_cancer,XGBoost,71,119,Wachter's CE,True,"['mean_area', 'mean_compactness', 'mean_concave_points', 'mean_concavity', 'mean_fractal_dimension', 'mean_perimeter', 'mean_radius', 'mean_smoothness', 'mean_symmetry', 'mean_texture']",500,0.04674530029296875,16.254064878008474,10.0,,3.332228374645594,136.9001607083627,82.2156521142877,16.254064878008474
breast_cancer,XGBoost,71,119,SHAP-Targeted CE,True,"['mean_area', 'mean_concave_points', 'mean_perimeter']",343,0.016003131866455078,4.173177806963408,3.0,6.162975822039155e-33,1.063701260500011,11.153513583361885,100.0,4.173177806963408
breast_cancer,XGBoost,72,121,Actionable CBFI (Proposed),True,"['mean_concavity', 'mean_smoothness', 'mean_texture']",500,0.7523634433746338,3.0199300641413793,3.0,0.0,0.1756813978762171,4.656789081745699,100.0,3.0199300641413793
breast_cancer,XGBoost,72,121,Untargeted Causal (Karimi 2021),True,"['mean_concavity', 'mean_smoothness', 'mean_texture']",500,0.7731373310089111,3.0199300641413793,3.0,0.0,0.1756813978762171,4.656789081745699,100.0,3.0199300641413793
breast_cancer,XGBoost,72,121,Wachter's CE,True,"['mean_area', 'mean_compactness', 'mean_concave_points', 'mean_concavity', 'mean_fractal_dimension', 'mean_perimeter', 'mean_radius', 'mean_smoothness', 'mean_symmetry', 'mean_texture']",500,0.04603004455566406,22.572126278057812,10.0,,3.332228374645594,136.9001607083627,70.98547452135435,22.572126278057812
breast_cancer,XGBoost,72,121,SHAP-Targeted CE,True,"['mean_area', 'mean_concave_points', 'mean_perimeter']",343,0.014563322067260742,6.577135771870198,3.0,9.62964972193618e-35,0.7742101449017422,15.045428093086251,100.0,6.577135771870198
breast_cancer,XGBoost,73,122,Actionable CBFI (Proposed),True,"['mean_concave_points', 'mean_smoothness', 'mean_texture']",500,0.7512376308441162,9.244626240062118,3.0,0.0,3.992713246008017,20.451208721724733,100.0,9.244626240062118
breast_cancer,XGBoost,73,122,Untargeted Causal (Karimi 2021),True,"['mean_concave_points', 'mean_smoothness', 'mean_texture']",500,0.8399858474731445,9.244626240062118,3.0,0.0,3.992713246008017,20.451208721724733,100.0,9.244626240062118
breast_cancer,XGBoost,73,122,Wachter's CE,True,"['mean_area', 'mean_compactness', 'mean_concave_points', 'mean_concavity', 'mean_fractal_dimension', 'mean_perimeter', 'mean_radius', 'mean_smoothness', 'mean_symmetry', 'mean_texture']",500,0.04508519172668457,35.086731680320646,10.0,,13.049329515761508,181.48528629467924,81.14255853238006,35.086731680320646
breast_cancer,XGBoost,73,122,SHAP-Targeted CE,True,"['mean_area', 'mean_concave_points', 'mean_perimeter']",343,0.014449834823608398,16.4562707304027,3.0,0.0,6.546093428430736,31.334332551568398,100.0,16.4562707304027
breast_cancer,XGBoost,74,126,Actionable CBFI (Proposed),True,"['mean_concave_points', 'mean_concavity']",500,0.6757347583770752,0.3346918579336634,2.0,0.0,0.0588391055943768,2.019588106195276,100.0,0.3346918579336634
breast_cancer,XGBoost,74,126,Untargeted Causal (Karimi 2021),True,"['mean_concave_points', 'mean_concavity']",500,0.6992630958557129,0.3346918579336634,2.0,0.0,0.0588391055943768,2.019588106195276,100.0,0.3346918579336634
breast_cancer,XGBoost,74,126,Wachter's CE,True,"['mean_area', 'mean_compactness', 'mean_concave_points', 'mean_concavity', 'mean_fractal_dimension', 'mean_perimeter', 'mean_radius', 'mean_smoothness', 'mean_symmetry', 'mean_texture']",500,0.049007415771484375,17.875769160635354,10.0,,0.9023159759620214,59.90571895576332,73.00583556573994,17.875769160635354
breast_cancer,XGBoost,74,126,SHAP-Targeted CE,True,"['mean_area', 'mean_concave_points', 'mean_perimeter']",343,0.015380859375,0.7049572796308451,3.0,0.0,0.07648351009904852,8.789088256275633,100.0,0.7049572796308451
breast_cancer,XGBoost,75,127,Actionable CBFI (Proposed),True,"['mean_smoothness', 'mean_texture']",500,0.6646585464477539,1.1842032011960002,2.0,0.0,0.5924634154378041,3.171559636017101,97.78787257695132,1.1842032011960002
breast_cancer,XGBoost,75,127,Untargeted Causal (Karimi 2021),True,"['mean_smoothness', 'mean_texture']",500,0.730787992477417,1.1842032011960002,2.0,0.0,0.5924634154378041,3.171559636017101,97.78787257695132,1.1842032011960002
breast_cancer,XGBoost,75,127,Wachter's CE,True,"['mean_area', 'mean_compactness', 'mean_concave_points', 'mean_concavity', 'mean_fractal_dimension', 'mean_perimeter', 'mean_radius', 'mean_smoothness', 'mean_symmetry', 'mean_texture']",500,0.04543924331665039,16.755741880362894,10.0,,3.332228374645594,136.9001607083627,77.25471206312498,16.755741880362894
breast_cancer,XGBoost,75,127,SHAP-Targeted CE,True,"['mean_area', 'mean_concave_points', 'mean_perimeter']",343,0.015825986862182617,5.03111381058021,3.0,0.0,1.2590099185870574,15.314252363774752,100.0,5.03111381058021
breast_cancer,XGBoost,76,129,Actionable CBFI (Proposed),True,"['mean_concave_points', 'mean_smoothness', 'mean_texture']",500,0.9037611484527588,6.750119046756227,3.0,0.0,0.05244562135712927,9.347604920994423,100.0,6.750119046756227
breast_cancer,XGBoost,76,129,Untargeted Causal (Karimi 2021),True,"['mean_concave_points', 'mean_smoothness', 'mean_texture']",500,0.7790858745574951,6.750119046756227,3.0,0.0,0.05244562135712927,9.347604920994423,100.0,6.750119046756227
breast_cancer,XGBoost,76,129,Wachter's CE,True,"['mean_area', 'mean_compactness', 'mean_concave_points', 'mean_concavity', 'mean_fractal_dimension', 'mean_perimeter', 'mean_radius', 'mean_smoothness', 'mean_symmetry', 'mean_texture']",500,0.04555392265319824,25.79189530160944,10.0,,3.0338574186639913,73.6103791013193,77.56523443900359,25.79189530160944
breast_cancer,XGBoost,76,129,SHAP-Targeted CE,True,"['mean_area', 'mean_concave_points', 'mean_perimeter']",343,0.02796196937561035,10.75756706769598,3.0,0.0,1.1275089112755583,29.190173118041116,100.0,10.75756706769598
breast_cancer,XGBoost,77,131,Actionable CBFI (Proposed),True,"['mean_area', 'mean_concavity']",500,0.7187759876251221,3.4171545491685795,2.0,0.0,0.2796358421284448,5.413117907317597,100.0,3.4171545491685795
breast_cancer,XGBoost,77,131,Untargeted Causal (Karimi 2021),True,"['mean_area', 'mean_concavity']",500,0.7751286029815674,3.4171545491685795,2.0,0.0,0.2796358421284448,5.413117907317597,100.0,3.4171545491685795
breast_cancer,XGBoost,77,131,Wachter's CE,True,"['mean_area', 'mean_compactness', 'mean_concave_points', 'mean_concavity', 'mean_fractal_dimension', 'mean_perimeter', 'mean_radius', 'mean_smoothness', 'mean_symmetry', 'mean_texture']",500,0.04594874382019043,20.77222451103082,10.0,,3.4401838638770323,123.27438355023922,72.33905474523549,20.77222451103082
breast_cancer,XGBoost,77,131,SHAP-Targeted CE,True,"['mean_area', 'mean_concave_points', 'mean_perimeter']",343,0.01484227180480957,4.497523370115762,3.0,0.0,0.33985695456279114,17.016345440555444,100.0,4.497523370115762
breast_cancer,XGBoost,78,132,Actionable CBFI (Proposed),True,"['mean_concave_points', 'mean_smoothness', 'mean_texture']",500,0.6946473121643066,2.5292036864530103,3.0,0.0,0.038042945887538725,3.384515620331953,100.0,2.5292036864530103
breast_cancer,XGBoost,78,132,Untargeted Causal (Karimi 2021),True,"['mean_concave_points', 'mean_smoothness', 'mean_texture']",500,0.8739535808563232,2.5292036864530103,3.0,0.0,0.038042945887538725,3.384515620331953,100.0,2.5292036864530103
breast_cancer,XGBoost,78,132,Wachter's CE,True,"['mean_area', 'mean_compactness', 'mean_concave_points', 'mean_concavity', 'mean_fractal_dimension', 'mean_perimeter', 'mean_radius', 'mean_smoothness', 'mean_symmetry', 'mean_texture']",500,0.07091832160949707,19.5027949612417,10.0,,3.332228374645594,136.9001607083627,73.25738442006207,19.5027949612417
breast_cancer,XGBoost,78,132,SHAP-Targeted CE,True,"['mean_area', 'mean_concave_points', 'mean_perimeter']",343,0.06555461883544922,3.6877566984304977,3.0,0.0,0.34347060993827,21.80787976103992,100.0,3.6877566984304977
breast_cancer,XGBoost,79,134,Actionable CBFI (Proposed),True,"['mean_concave_points', 'mean_smoothness', 'mean_texture']",500,0.7057816982269287,3.276565964499805,3.0,0.0,0.1492890229251614,3.7150134744460805,98.46341077674144,3.276565964499805
breast_cancer,XGBoost,79,134,Untargeted Causal (Karimi 2021),True,"['mean_concave_points', 'mean_smoothness', 'mean_texture']",500,0.7643945217132568,3.276565964499805,3.0,0.0,0.1492890229251614,3.7150134744460805,98.46341077674144,3.276565964499805
breast_cancer,XGBoost,79,134,Wachter's CE,True,"['mean_area', 'mean_compactness', 'mean_concave_points', 'mean_concavity', 'mean_fractal_dimension', 'mean_perimeter', 'mean_radius', 'mean_smoothness', 'mean_symmetry', 'mean_texture']",500,0.04636120796203613,21.712772444857922,10.0,,3.332228374645594,136.9001607083627,62.27175782366471,21.712772444857922
breast_cancer,XGBoost,79,134,SHAP-Targeted CE,True,"['mean_area', 'mean_concave_points', 'mean_perimeter']",343,0.015585660934448242,5.566994378709404,3.0,1.5407439555097887e-33,0.7100468366825137,12.543598080911552,100.0,5.566994378709404
breast_cancer,XGBoost,80,135,Actionable CBFI (Proposed),True,['mean_concave_points'],500,0.6984128952026367,0.455511420059583,1.0,0.0,0.15903308349278936,2.1392078177982263,100.0,0.455511420059583
breast_cancer,XGBoost,80,135,Untargeted Causal (Karimi 2021),True,['mean_concave_points'],500,0.7142298221588135,0.455511420059583,1.0,0.0,0.15903308349278936,2.1392078177982263,100.0,0.455511420059583
breast_cancer,XGBoost,80,135,Wachter's CE,True,"['mean_area', 'mean_compactness', 'mean_concave_points', 'mean_concavity', 'mean_fractal_dimension', 'mean_perimeter', 'mean_radius', 'mean_smoothness', 'mean_symmetry', 'mean_texture']",500,0.04557037353515625,18.2891251409822,10.0,,0.9023159759620214,59.90571895576332,68.64387321198137,18.2891251409822
breast_cancer,XGBoost,80,135,SHAP-Targeted CE,True,"['mean_area', 'mean_concave_points', 'mean_perimeter']",343,0.014677286148071289,2.349967583322176,3.0,0.0,0.1971454657151201,19.648778747823975,91.64006547815693,2.349967583322176
breast_cancer,XGBoost,81,138,Actionable CBFI (Proposed),True,['mean_concavity'],500,0.7300460338592529,1.672960949085517,1.0,0.0,0.5589553433553048,4.017035482827188,100.0,1.672960949085517
breast_cancer,XGBoost,81,138,Untargeted Causal (Karimi 2021),True,['mean_concavity'],500,0.8009335994720459,1.672960949085517,1.0,0.0,0.5589553433553048,4.017035482827188,100.0,1.672960949085517
breast_cancer,XGBoost,81,138,Wachter's CE,True,"['mean_area', 'mean_compactness', 'mean_concave_points', 'mean_concavity', 'mean_fractal_dimension', 'mean_perimeter', 'mean_radius', 'mean_smoothness', 'mean_symmetry', 'mean_texture']",500,0.07160329818725586,22.20231180351458,10.0,,3.4401838638770323,123.27438355023922,69.19100104084764,22.20231180351458
breast_cancer,XGBoost,81,138,SHAP-Targeted CE,True,"['mean_area', 'mean_concave_points', 'mean_perimeter']",343,0.02173137664794922,3.920728105063802,3.0,1.5407439555097887e-33,0.6283416876035108,12.094527646475763,100.0,3.920728105063802
breast_cancer,XGBoost,82,141,Actionable CBFI (Proposed),True,"['mean_concavity', 'mean_smoothness', 'mean_texture']",500,0.69675612449646,1.0753328310159507,3.0,0.0,0.006233383647862932,1.7280364225140796,100.0,1.0753328310159507
breast_cancer,XGBoost,82,141,Untargeted Causal (Karimi 2021),True,"['mean_concavity', 'mean_smoothness', 'mean_texture']",500,0.7818160057067871,1.0753328310159507,3.0,0.0,0.006233383647862932,1.7280364225140796,100.0,1.0753328310159507
breast_cancer,XGBoost,82,141,Wachter's CE,True,"['mean_area', 'mean_compactness', 'mean_concave_points', 'mean_concavity', 'mean_fractal_dimension', 'mean_perimeter', 'mean_radius', 'mean_smoothness', 'mean_symmetry', 'mean_texture']",500,0.045751333236694336,20.56745620190545,10.0,,3.332228374645594,136.9001607083627,64.21744469695611,20.56745620190545
breast_cancer,XGBoost,82,141,SHAP-Targeted CE,True,"['mean_area', 'mean_concave_points', 'mean_perimeter']",343,0.01599407196044922,3.211962059141853,3.0,0.0,0.2141889368530741,22.87975324275076,100.0,3.211962059141853
breast_cancer,XGBoost,83,146,Actionable CBFI (Proposed),True,"['mean_area', 'mean_smoothness', 'mean_texture']",500,0.7034780979156494,0.7284273668620438,3.0,0.0,0.7800349372345105,3.9443722646381754,100.0,0.7284273668620438
breast_cancer,XGBoost,83,146,Untargeted Causal (Karimi 2021),True,"['mean_area', 'mean_smoothness', 'mean_texture']",500,0.7484629154205322,0.7284273668620438,3.0,0.0,0.7800349372345105,3.9443722646381754,100.0,0.7284273668620438
breast_cancer,XGBoost,83,146,Wachter's CE,True,"['mean_area', 'mean_compactness', 'mean_concave_points', 'mean_concavity', 'mean_fractal_dimension', 'mean_perimeter', 'mean_radius', 'mean_smoothness', 'mean_symmetry', 'mean_texture']",500,0.04590606689453125,21.1432651399888,10.0,,3.0338574186639913,73.6103791013193,57.60093206748282,21.1432651399888
breast_cancer,XGBoost,83,146,SHAP-Targeted CE,True,"['mean_area', 'mean_concave_points', 'mean_perimeter']",343,0.014644622802734375,3.569728305251314,3.0,0.0,0.8923379729045761,21.055103749580542,75.5755738312686,3.569728305251314
breast_cancer,XGBoost,84,156,Actionable CBFI (Proposed),True,"['mean_concave_points', 'mean_smoothness', 'mean_texture']",500,0.7875034809112549,4.684441209750744,3.0,0.0,0.4104448163185418,6.595078463532351,100.0,4.684441209750744
breast_cancer,XGBoost,84,156,Untargeted Causal (Karimi 2021),True,"['mean_concave_points', 'mean_smoothness', 'mean_texture']",500,0.8060023784637451,4.684441209750744,3.0,0.0,0.4104448163185418,6.595078463532351,100.0,4.684441209750744
breast_cancer,XGBoost,84,156,Wachter's CE,True,"['mean_area', 'mean_compactness', 'mean_concave_points', 'mean_concavity', 'mean_fractal_dimension', 'mean_perimeter', 'mean_radius', 'mean_smoothness', 'mean_symmetry', 'mean_texture']",500,0.04529547691345215,22.53170666589525,10.0,,3.0338574186639913,73.6103791013193,69.91474447440605,22.53170666589525
breast_cancer,XGBoost,84,156,SHAP-Targeted CE,True,"['mean_area', 'mean_concave_points', 'mean_perimeter']",343,0.014534473419189453,6.454332353818938,3.0,0.0,0.8480256621297876,11.746832082969524,100.0,6.454332353818938
breast_cancer,XGBoost,85,161,Actionable CBFI (Proposed),True,['mean_concavity'],500,0.7323970794677734,1.8346515076618886,1.0,0.0,0.17147677742719358,5.8885120899173655,100.0,1.8346515076618886
breast_cancer,XGBoost,85,161,Untargeted Causal (Karimi 2021),True,['mean_concavity'],500,0.7504827976226807,1.8346515076618886,1.0,0.0,0.17147677742719358,5.8885120899173655,100.0,1.8346515076618886
breast_cancer,XGBoost,85,161,Wachter's CE,True,"['mean_area', 'mean_compactness', 'mean_concave_points', 'mean_concavity', 'mean_fractal_dimension', 'mean_perimeter', 'mean_radius', 'mean_smoothness', 'mean_symmetry', 'mean_texture']",500,0.04580092430114746,20.41567949139984,10.0,,3.332228374645594,136.9001607083627,70.91365989907412,20.41567949139984
breast_cancer,XGBoost,85,161,SHAP-Targeted CE,True,"['mean_area', 'mean_concave_points', 'mean_perimeter']",343,0.01692962646484375,5.01181802152325,3.0,0.0,0.31196177858026997,20.536713516706076,100.0,5.01181802152325
breast_cancer,XGBoost,86,162,Actionable CBFI (Proposed),True,"['mean_concave_points', 'mean_smoothness', 'mean_texture']",500,0.7275540828704834,5.903550745051785,3.0,0.0,0.3462406648904035,11.889199763102978,100.0,5.903550745051785
breast_cancer,XGBoost,86,162,Untargeted Causal (Karimi 2021),True,"['mean_concave_points', 'mean_smoothness', 'mean_texture']",500,0.8154511451721191,5.903550745051785,3.0,0.0,0.3462406648904035,11.889199763102978,100.0,5.903550745051785
breast_cancer,XGBoost,86,162,Wachter's CE,True,"['mean_area', 'mean_compactness', 'mean_concave_points', 'mean_concavity', 'mean_fractal_dimension', 'mean_perimeter', 'mean_radius', 'mean_smoothness', 'mean_symmetry', 'mean_texture']",500,0.04546308517456055,24.509457660572675,10.0,,3.0338574186639913,73.6103791013193,72.8789445081431,24.509457660572675
breast_cancer,XGBoost,86,162,SHAP-Targeted CE,True,"['mean_area', 'mean_concave_points', 'mean_perimeter']",343,0.014652252197265625,9.892699810543421,3.0,0.0,1.3931055435446844,28.63296116533118,100.0,9.892699810543421
breast_cancer,XGBoost,87,164,Actionable CBFI (Proposed),True,"['mean_concavity', 'mean_smoothness', 'mean_texture']",500,0.7664475440979004,4.481708112895394,3.0,0.0,0.533432384175824,6.93503912563,98.85325162881816,4.481708112895394
breast_cancer,XGBoost,87,164,Untargeted Causal (Karimi 2021),True,"['mean_concavity', 'mean_smoothness', 'mean_texture']",500,0.7926595211029053,4.481708112895394,3.0,0.0,0.533432384175824,6.93503912563,98.85325162881816,4.481708112895394
breast_cancer,XGBoost,87,164,Wachter's CE,True,"['mean_area', 'mean_compactness', 'mean_concave_points', 'mean_concavity', 'mean_fractal_dimension', 'mean_perimeter', 'mean_radius', 'mean_smoothness', 'mean_symmetry', 'mean_texture']",500,0.06421923637390137,24.32699072858926,10.0,,2.4925957191159447,125.6811916668699,75.31121157678142,24.32699072858926
breast_cancer,XGBoost,87,164,SHAP-Targeted CE,True,"['mean_area', 'mean_concave_points', 'mean_perimeter']",343,0.014420747756958008,11.582467968211356,3.0,1.5407439555097887e-33,2.4335957629563145,26.577230282604738,100.0,11.582467968211356
breast_cancer,XGBoost,88,167,Actionable CBFI (Proposed),True,"['mean_concave_points', 'mean_smoothness', 'mean_texture']",500,0.7028648853302002,2.0102094827944237,3.0,0.0,0.17341884932442522,2.2403851673242485,100.0,2.0102094827944237
breast_cancer,XGBoost,88,167,Untargeted Causal (Karimi 2021),True,"['mean_concave_points', 'mean_smoothness', 'mean_texture']",500,0.730764627456665,2.0102094827944237,3.0,0.0,0.17341884932442522,2.2403851673242485,100.0,2.0102094827944237
breast_cancer,XGBoost,88,167,Wachter's CE,True,"['mean_area', 'mean_compactness', 'mean_concave_points', 'mean_concavity', 'mean_fractal_dimension', 'mean_perimeter', 'mean_radius', 'mean_smoothness', 'mean_symmetry', 'mean_texture']",500,0.04614710807800293,18.3020088464043,10.0,,3.332228374645594,136.9001607083627,70.68322451214145,18.3020088464043
breast_cancer,XGBoost,88,167,SHAP-Targeted CE,True,"['mean_area', 'mean_concave_points', 'mean_perimeter']",343,0.016199588775634766,2.8857754879102964,3.0,3.851859888774472e-34,0.5189095372945444,17.115234438339083,100.0,2.8857754879102964
breast_cancer,XGBoost,89,168,Actionable CBFI (Proposed),True,"['mean_area', 'mean_concave_points']",500,0.78157639503479,6.736929102285307,2.0,0.0,0.4774771790971153,12.702051265963396,100.0,6.736929102285307
breast_cancer,XGBoost,89,168,Untargeted Causal (Karimi 2021),True,"['mean_area', 'mean_concave_points']",500,0.8325753211975098,6.736929102285307,2.0,0.0,0.4774771790971153,12.702051265963396,100.0,6.736929102285307
breast_cancer,XGBoost,89,168,Wachter's CE,True,"['mean_area', 'mean_compactness', 'mean_concave_points', 'mean_concavity', 'mean_fractal_dimension', 'mean_perimeter', 'mean_radius', 'mean_smoothness', 'mean_symmetry', 'mean_texture']",500,0.06026959419250488,26.531012232040077,10.0,,2.4925957191159447,125.6811916668699,95.44804704328448,26.531012232040077
breast_cancer,XGBoost,89,168,SHAP-Targeted CE,True,"['mean_area', 'mean_concave_points', 'mean_perimeter']",343,0.01465296745300293,6.440848033776206,3.0,0.0,0.6013127862537833,12.52964770241641,100.0,6.440848033776206
breast_cancer,XGBoost,90,171,Actionable CBFI (Proposed),True,"['mean_area', 'mean_perimeter']",500,0.6746420860290527,0.4160251563567674,2.0,0.0,0.17294956125322145,7.63214024158278,100.0,0.4160251563567674
breast_cancer,XGBoost,90,171,Untargeted Causal (Karimi 2021),True,"['mean_area', 'mean_perimeter']",500,0.6846678256988525,0.4160251563567674,2.0,0.0,0.17294956125322145,7.63214024158278,100.0,0.4160251563567674
breast_cancer,XGBoost,90,171,Wachter's CE,True,"['mean_area', 'mean_compactness', 'mean_concave_points', 'mean_concavity', 'mean_fractal_dimension', 'mean_perimeter', 'mean_radius', 'mean_smoothness', 'mean_symmetry', 'mean_texture']",500,0.0455782413482666,20.379803664293572,10.0,,0.9023159759620214,59.90571895576332,67.89406457032206,20.379803664293572
breast_cancer,XGBoost,90,171,SHAP-Targeted CE,True,"['mean_area', 'mean_concave_points', 'mean_perimeter']",343,0.01471853256225586,0.7178577349619957,3.0,0.0,0.18093030091505674,11.12398901395002,100.0,0.7178577349619957
breast_cancer,XGBoost,91,172,Actionable CBFI (Proposed),True,"['mean_area', 'mean_perimeter']",500,0.6663053035736084,2.1922883816011915,2.0,0.0,1.362115682890045,36.795363533881435,100.0,2.1922883816011915
breast_cancer,XGBoost,91,172,Untargeted Causal (Karimi 2021),True,"['mean_area', 'mean_perimeter']",500,0.7262709140777588,2.1922883816011915,2.0,0.0,1.362115682890045,36.795363533881435,100.0,2.1922883816011915
breast_cancer,XGBoost,91,172,Wachter's CE,True,"['mean_area', 'mean_compactness', 'mean_concave_points', 'mean_concavity', 'mean_fractal_dimension', 'mean_perimeter', 'mean_radius', 'mean_smoothness', 'mean_symmetry', 'mean_texture']",500,0.04596114158630371,20.50839355062297,10.0,,5.769763162971222,124.71402213068829,89.8036038800759,20.50839355062297
breast_cancer,XGBoost,91,172,SHAP-Targeted CE,True,"['mean_area', 'mean_concave_points', 'mean_perimeter']",343,0.016425371170043945,4.248656105463008,3.0,0.0,1.3246947965113285,18.51265632855374,100.0,4.248656105463008
breast_cancer,XGBoost,92,177,Actionable CBFI (Proposed),True,"['mean_area', 'mean_concave_points']",500,0.7186069488525391,4.197859925077621,2.0,0.0,0.42080694659751094,9.11713192716039,100.0,4.197859925077621
breast_cancer,XGBoost,92,177,Untargeted Causal (Karimi 2021),True,"['mean_area', 'mean_concave_points']",500,0.7708287239074707,4.197859925077621,2.0,0.0,0.42080694659751094,9.11713192716039,100.0,4.197859925077621
breast_cancer,XGBoost,92,177,Wachter's CE,True,"['mean_area', 'mean_compactness', 'mean_concave_points', 'mean_concavity', 'mean_fractal_dimension', 'mean_perimeter', 'mean_radius', 'mean_smoothness', 'mean_symmetry', 'mean_texture']",500,0.047078847885131836,23.368172799457767,10.0,,9.745433945723818,180.2067869780691,78.39671612598003,23.368172799457767
breast_cancer,XGBoost,92,177,SHAP-Targeted CE,True,"['mean_area', 'mean_concave_points', 'mean_perimeter']",343,0.0156857967376709,5.209732835401538,3.0,0.0,0.4313677577450299,17.629880178416286,100.0,5.209732835401538
breast_cancer,XGBoost,93,180,Actionable CBFI (Proposed),True,"['mean_concavity', 'mean_smoothness', 'mean_texture']",500,0.7605581283569336,8.243370731727303,3.0,0.0,0.4221949174305908,14.234063170222624,100.0,8.243370731727303
breast_cancer,XGBoost,93,180,Untargeted Causal (Karimi 2021),True,"['mean_concavity', 'mean_smoothness', 'mean_texture']",500,0.8162119388580322,8.243370731727303,3.0,0.0,0.4221949174305908,14.234063170222624,100.0,8.243370731727303
breast_cancer,XGBoost,93,180,Wachter's CE,True,"['mean_area', 'mean_compactness', 'mean_concave_points', 'mean_concavity', 'mean_fractal_dimension', 'mean_perimeter', 'mean_radius', 'mean_smoothness', 'mean_symmetry', 'mean_texture']",500,0.04561114311218262,28.334021449300934,10.0,,3.60616291076711,124.30673983510006,80.58749264963845,28.334021449300934
breast_cancer,XGBoost,93,180,SHAP-Targeted CE,True,"['mean_area', 'mean_concave_points', 'mean_perimeter']",343,0.014231204986572266,23.569298089733714,3.0,0.0,7.024645097640463,48.77118063423364,100.0,23.569298089733714
breast_cancer,XGBoost,94,181,Actionable CBFI (Proposed),True,"['mean_concave_points', 'mean_smoothness', 'mean_texture']",500,0.8001635074615479,9.000745822273624,3.0,0.0,1.8574565239291663,12.121102863253585,100.0,9.000745822273624
breast_cancer,XGBoost,94,181,Untargeted Causal (Karimi 2021),True,"['mean_concave_points', 'mean_smoothness', 'mean_texture']",500,0.7906606197357178,9.000745822273624,3.0,0.0,1.8574565239291663,12.121102863253585,100.0,9.000745822273624
breast_cancer,XGBoost,94,181,Wachter's CE,True,"['mean_area', 'mean_compactness', 'mean_concave_points', 'mean_concavity', 'mean_fractal_dimension', 'mean_perimeter', 'mean_radius', 'mean_smoothness', 'mean_symmetry', 'mean_texture']",500,0.046094655990600586,27.486852192880843,10.0,,9.20494390356658,129.3858567550348,85.22249213866343,27.486852192880843
breast_cancer,XGBoost,94,181,SHAP-Targeted CE,True,"['mean_area', 'mean_concave_points', 'mean_perimeter']",343,0.014340877532958984,12.67244538858027,3.0,0.0,3.1663013243883604,22.248112153341868,98.48716994701219,12.67244538858027
breast_cancer,XGBoost,95,182,Actionable CBFI (Proposed),True,"['mean_concave_points', 'mean_smoothness', 'mean_texture']",500,0.6924078464508057,1.0500441932298374,3.0,0.0,0.0757060553697575,1.8829822472851458,98.16151359436874,1.0500441932298374
breast_cancer,XGBoost,95,182,Untargeted Causal (Karimi 2021),True,"['mean_concave_points', 'mean_smoothness', 'mean_texture']",500,0.74198317527771,1.0500441932298374,3.0,0.0,0.0757060553697575,1.8829822472851458,98.16151359436874,1.0500441932298374
breast_cancer,XGBoost,95,182,Wachter's CE,True,"['mean_area', 'mean_compactness', 'mean_concave_points', 'mean_concavity', 'mean_fractal_dimension', 'mean_perimeter', 'mean_radius', 'mean_smoothness', 'mean_symmetry', 'mean_texture']",500,0.04583573341369629,20.54459000181514,10.0,,0.9023159759620214,59.90571895576332,63.04729484966638,20.54459000181514
breast_cancer,XGBoost,95,182,SHAP-Targeted CE,True,"['mean_area', 'mean_concave_points', 'mean_perimeter']",343,0.014923572540283203,3.1347166421826174,3.0,0.0,0.2256758073538481,16.841650143781056,100.0,3.1347166421826174
breast_cancer,XGBoost,96,184,Actionable CBFI (Proposed),True,['mean_area'],500,0.7037050724029541,0.6579256360078278,1.0,0.0,0.09334928442137228,3.823288705639198,100.0,0.6579256360078278
breast_cancer,XGBoost,96,184,Untargeted Causal (Karimi 2021),True,['mean_area'],500,0.7662053108215332,0.6579256360078278,1.0,0.0,0.09334928442137228,3.823288705639198,100.0,0.6579256360078278
breast_cancer,XGBoost,96,184,Wachter's CE,True,"['mean_area', 'mean_compactness', 'mean_concave_points', 'mean_concavity', 'mean_fractal_dimension', 'mean_perimeter', 'mean_radius', 'mean_smoothness', 'mean_symmetry', 'mean_texture']",500,0.04542136192321777,16.493043718756173,10.0,,0.9023159759620214,59.90571895576332,77.97041620472974,16.493043718756173
breast_cancer,XGBoost,96,184,SHAP-Targeted CE,True,"['mean_area', 'mean_concave_points', 'mean_perimeter']",343,0.014645814895629883,1.7234330651148089,3.0,9.62964972193618e-35,0.15050156242608886,12.715414138414452,100.0,1.7234330651148089
breast_cancer,XGBoost,97,186,Actionable CBFI (Proposed),True,"['mean_concave_points', 'mean_concavity']",500,0.7250657081604004,1.3927776449676776,2.0,0.0,0.380156456224545,2.5349792101372275,100.0,1.3927776449676776
breast_cancer,XGBoost,97,186,Untargeted Causal (Karimi 2021),True,"['mean_concave_points', 'mean_concavity']",500,0.7500045299530029,1.3927776449676776,2.0,0.0,0.380156456224545,2.5349792101372275,100.0,1.3927776449676776
breast_cancer,XGBoost,97,186,Wachter's CE,True,"['mean_area', 'mean_compactness', 'mean_concave_points', 'mean_concavity', 'mean_fractal_dimension', 'mean_perimeter', 'mean_radius', 'mean_smoothness', 'mean_symmetry', 'mean_texture']",500,0.046782493591308594,19.44438270232876,10.0,,3.332228374645594,136.9001607083627,89.20913778037986,19.44438270232876
breast_cancer,XGBoost,97,186,SHAP-Targeted CE,True,"['mean_area', 'mean_concave_points', 'mean_perimeter']",343,0.015694379806518555,4.70641227124335,3.0,1.5407439555097887e-33,0.9149832155830769,11.096116429654419,100.0,4.70641227124335
breast_cancer,XGBoost,98,190,Actionable CBFI (Proposed),True,"['mean_concave_points', 'mean_smoothness']",500,0.6785461902618408,2.7557815292949357,2.0,0.0,1.68955954152006,9.126818620481334,100.0,2.7557815292949357
breast_cancer,XGBoost,98,190,Untargeted Causal (Karimi 2021),True,"['mean_concave_points', 'mean_smoothness']",500,0.7329130172729492,2.7557815292949357,2.0,0.0,1.68955954152006,9.126818620481334,100.0,2.7557815292949357
breast_cancer,XGBoost,98,190,Wachter's CE,True,"['mean_area', 'mean_compactness', 'mean_concave_points', 'mean_concavity', 'mean_fractal_dimension', 'mean_perimeter', 'mean_radius', 'mean_smoothness', 'mean_symmetry', 'mean_texture']",500,0.04531717300415039,22.134004962521786,10.0,,9.20494390356658,129.3858567550348,76.00471967704078,22.134004962521786
breast_cancer,XGBoost,98,190,SHAP-Targeted CE,True,"['mean_area', 'mean_concave_points', 'mean_perimeter']",343,0.014388084411621094,3.94971061245787,3.0,0.0,1.8642984612797981,13.699386920294316,95.33208173616704,3.94971061245787
breast_cancer,XGBoost,99,193,Actionable CBFI (Proposed),True,['mean_concave_points'],500,0.6990339756011963,0.8757696127110229,1.0,0.0,0.2524657306587068,3.4888823635757675,99.99999999999997,0.8757696127110229
breast_cancer,XGBoost,99,193,Untargeted Causal (Karimi 2021),True,['mean_concave_points'],500,0.7858097553253174,0.8757696127110229,1.0,0.0,0.2524657306587068,3.4888823635757675,99.99999999999997,0.8757696127110229
breast_cancer,XGBoost,99,193,Wachter's CE,True,"['mean_area', 'mean_compactness', 'mean_concave_points', 'mean_concavity', 'mean_fractal_dimension', 'mean_perimeter', 'mean_radius', 'mean_smoothness', 'mean_symmetry', 'mean_texture']",500,0.04609513282775879,20.644998110794432,10.0,,0.9023159759620214,59.90571895576332,81.84899713615566,20.644998110794432
breast_cancer,XGBoost,99,193,SHAP-Targeted CE,True,"['mean_area', 'mean_concave_points', 'mean_perimeter']",343,0.014470100402832031,2.0269379806480736,3.0,6.162975822039155e-33,0.3337634007269764,24.507621056162638,81.0070659171847,2.0269379806480736
breast_cancer,XGBoost,100,194,Actionable CBFI (Proposed),True,['mean_concave_points'],500,0.7325668334960938,3.5210526315789474,1.0,0.0,0.7998456136116985,8.353717088349049,100.0,3.5210526315789474
breast_cancer,XGBoost,100,194,Untargeted Causal (Karimi 2021),True,['mean_concave_points'],500,0.8160371780395508,3.5210526315789474,1.0,0.0,0.7998456136116985,8.353717088349049,100.0,3.5210526315789474
breast_cancer,XGBoost,100,194,Wachter's CE,True,"['mean_area', 'mean_compactness', 'mean_concave_points', 'mean_concavity', 'mean_fractal_dimension', 'mean_perimeter', 'mean_radius', 'mean_smoothness', 'mean_symmetry', 'mean_texture']",500,0.04543042182922363,23.682041422832718,10.0,,9.745433945723818,180.2067869780691,82.08534559497993,23.682041422832718
breast_cancer,XGBoost,100,194,SHAP-Targeted CE,True,"['mean_area', 'mean_concave_points', 'mean_perimeter']",343,0.014626502990722656,5.947459348865103,3.0,0.0,0.8535367944054221,16.48620343998814,100.0,5.947459348865103
