Dataset,Model_Architecture,Instance,Original_Row_Index,Method,Success,Intervention_Nodes,Evaluations,Time (s),Recourse Cost (Pure MAD),Sparsity (L0),R_SCM,R_0,D_M,RCR (%),Reported_Minimum_Cost
financial_loan,RandomForest,1,0,Actionable CBFI (Proposed),True,"['dti', 'installment', 'int_rate']",272,1.1232373714447021,0.5733284232592583,3.0,0.0,1.8286873168516304,3.9684633733133654,100.0,0.5733284232592583
financial_loan,RandomForest,1,0,Untargeted Causal (Karimi 2021),True,"['dti', 'installment', 'int_rate']",500,1.961902141571045,0.5733284232592583,3.0,0.0,1.8286873168516304,3.9684633733133654,100.0,0.5733284232592583
financial_loan,RandomForest,1,0,Wachter's CE,True,"['dti', 'installment', 'int_rate', 'loan_amount', 'total_acc']",500,0.05976724624633789,2.435276742277919,5.0,,1.1070404093234025,4.074273206403327,88.26768716860356,2.435276742277919
financial_loan,RandomForest,1,0,SHAP-Targeted CE,True,"['dti', 'installment', 'int_rate']",343,0.02655768394470215,0.6903139016503382,3.0,0.0,1.7717716743523497,3.9650073037597675,100.0,0.6903139016503382
financial_loan,RandomForest,2,2,Actionable CBFI (Proposed),True,"['installment', 'loan_amount']",102,0.5092651844024658,0.218806043900527,2.0,0.00020052391290772956,0.549534230195098,2.256844954558197,100.0,0.218806043900527
financial_loan,RandomForest,2,2,Untargeted Causal (Karimi 2021),True,"['installment', 'loan_amount']",456,2.1999447345733643,0.218806043900527,2.0,0.00020052391290772956,0.549534230195098,2.256844954558197,100.0,0.218806043900527
financial_loan,RandomForest,2,2,Wachter's CE,True,"['dti', 'home_ownership', 'installment', 'int_rate', 'loan_amount', 'total_acc']",500,0.08253598213195801,5.648428908437446,6.0,,0.21388353907161314,1.4990452576007558,82.29596200624512,5.648428908437446
financial_loan,RandomForest,2,2,SHAP-Targeted CE,True,"['dti', 'installment', 'int_rate']",343,0.038777828216552734,0.7651962118723772,3.0,0.0,0.3807346981778703,2.1915731850352302,100.0,0.7651962118723772
financial_loan,RandomForest,3,8,Actionable CBFI (Proposed),True,['int_rate'],54,0.2956209182739258,0.3802281368821292,1.0,0.0,1.5900586487786286,3.2682093279311895,100.0,0.3802281368821292
financial_loan,RandomForest,3,8,Untargeted Causal (Karimi 2021),True,['int_rate'],463,2.4135286808013916,0.3802281368821292,1.0,0.0,1.5900586487786286,3.2682093279311895,100.0,0.3802281368821292
financial_loan,RandomForest,3,8,Wachter's CE,True,"['dti', 'home_ownership', 'installment', 'int_rate', 'loan_amount', 'total_acc']",500,0.06446146965026855,6.287700488125343,6.0,,2.5474355814558995,5.659272525296483,84.09593456481342,6.287700488125343
financial_loan,RandomForest,3,8,SHAP-Targeted CE,True,"['dti', 'installment', 'int_rate']",343,0.03429460525512695,1.1550209276799244,3.0,0.0,1.3961203650220906,3.071916846438149,100.0,1.1550209276799244
financial_loan,RandomForest,4,11,Actionable CBFI (Proposed),True,['installment'],300,1.5414345264434814,0.35897184422377365,1.0,0.0,0.5311605442708844,2.28857025314794,100.0,0.35897184422377365
financial_loan,RandomForest,4,11,Untargeted Causal (Karimi 2021),True,['installment'],499,2.739471197128296,0.35897184422377365,1.0,0.0,0.5311605442708844,2.28857025314794,100.0,0.35897184422377365
financial_loan,RandomForest,4,11,Wachter's CE,True,"['dti', 'installment', 'int_rate', 'loan_amount', 'term', 'total_acc']",500,0.08376836776733398,4.6893516311258825,6.0,,1.0554612208394414,3.911871942069177,87.63099246859785,4.6893516311258825
financial_loan,RandomForest,4,11,SHAP-Targeted CE,True,"['dti', 'installment', 'int_rate']",343,0.040999412536621094,1.2453233735513276,3.0,0.0,0.8374823992330753,2.9595140719992172,100.0,1.2453233735513276
financial_loan,RandomForest,5,15,Actionable CBFI (Proposed),True,"['dti', 'int_rate']",54,0.282285213470459,0.14029941964288434,2.0,0.0,0.2501883099755458,2.374446632734251,100.0,0.14029941964288434
financial_loan,RandomForest,5,15,Untargeted Causal (Karimi 2021),True,"['dti', 'int_rate']",403,2.0885188579559326,0.14029941964288434,2.0,0.0,0.2501883099755458,2.374446632734251,100.0,0.14029941964288434
financial_loan,RandomForest,5,15,Wachter's CE,True,"['dti', 'home_ownership', 'installment', 'int_rate', 'loan_amount', 'total_acc']",500,0.06037163734436035,6.139958887903212,6.0,,0.21414401805269806,2.3535033867997806,83.7132459963181,6.139958887903212
financial_loan,RandomForest,5,15,SHAP-Targeted CE,True,"['dti', 'installment', 'int_rate']",343,0.03113555908203125,0.8707913392901762,3.0,1.925929944387236e-34,0.4279248378700682,2.7506791248609006,100.0,0.8707913392901762
financial_loan,RandomForest,6,21,Actionable CBFI (Proposed),True,"['dti', 'int_rate']",78,0.30837082862854004,0.15092816355522465,2.0,0.0,0.8529253783181528,2.9643604068516463,100.0,0.15092816355522465
financial_loan,RandomForest,6,21,Untargeted Causal (Karimi 2021),True,"['dti', 'int_rate']",457,1.7559170722961426,0.15092816355522465,2.0,0.0,0.8529253783181528,2.9643604068516463,100.0,0.15092816355522465
financial_loan,RandomForest,6,21,Wachter's CE,True,"['dti', 'installment', 'int_rate', 'loan_amount', 'term', 'total_acc']",500,0.05318093299865723,7.49079398801382,6.0,,2.6835638310497885,9.786814216227539,92.25681206350083,7.49079398801382
financial_loan,RandomForest,6,21,SHAP-Targeted CE,True,"['dti', 'installment', 'int_rate']",343,0.027848005294799805,1.3236714043336655,3.0,0.0,0.6506770374534476,3.161940784205165,100.0,1.3236714043336655
financial_loan,RandomForest,7,22,Actionable CBFI (Proposed),True,['int_rate'],306,1.1256427764892578,0.05703422053231944,1.0,0.0,0.24903899798524218,2.8168940136314533,100.0,0.05703422053231944
financial_loan,RandomForest,7,22,Untargeted Causal (Karimi 2021),True,['int_rate'],500,1.9536056518554688,0.05703422053231944,1.0,0.0,0.24903899798524218,2.8168940136314533,100.0,0.05703422053231944
financial_loan,RandomForest,7,22,Wachter's CE,True,"['dti', 'home_ownership', 'installment', 'int_rate', 'loan_amount', 'term', 'total_acc']",500,0.05318951606750488,7.586985994794048,7.0,,1.5105825701323878,4.4526827729610075,79.17451992778088,7.586985994794048
financial_loan,RandomForest,7,22,SHAP-Targeted CE,True,"['dti', 'installment', 'int_rate']",343,0.027328014373779297,1.251687686283701,3.0,0.0,0.3364174304680855,3.200108519439881,100.0,1.251687686283701
financial_loan,RandomForest,8,23,Actionable CBFI (Proposed),True,['int_rate'],216,0.7708272933959961,0.038022813688212934,1.0,0.0,0.4205078431849912,1.6388811024291676,100.0,0.038022813688212934
financial_loan,RandomForest,8,23,Untargeted Causal (Karimi 2021),True,['int_rate'],500,1.8315582275390625,0.038022813688212934,1.0,0.0,0.4205078431849912,1.6388811024291676,100.0,0.038022813688212934
financial_loan,RandomForest,8,23,Wachter's CE,True,"['dti', 'home_ownership', 'installment', 'int_rate', 'loan_amount', 'total_acc']",500,0.05426168441772461,4.907148036587596,6.0,,0.6912806561337884,5.746910074116261,79.62156444957397,4.907148036587596
financial_loan,RandomForest,8,23,SHAP-Targeted CE,True,"['dti', 'installment', 'int_rate']",343,0.026619911193847656,0.5318264359485219,3.0,0.0,0.44719205599436185,1.8257227729171752,100.0,0.5318264359485219
financial_loan,RandomForest,9,24,Actionable CBFI (Proposed),True,['int_rate'],30,0.12032914161682129,0.09125475285171097,1.0,0.0,0.6245884541080741,2.760741034159302,100.0,0.09125475285171097
financial_loan,RandomForest,9,24,Untargeted Causal (Karimi 2021),True,['int_rate'],350,1.263744592666626,0.09125475285171097,1.0,0.0,0.6245884541080741,2.760741034159302,100.0,0.09125475285171097
financial_loan,RandomForest,9,24,Wachter's CE,True,"['dti', 'home_ownership', 'installment', 'int_rate', 'loan_amount', 'term', 'total_acc']",500,0.0527496337890625,5.973136853730036,7.0,,1.5229765846302517,4.083454761194035,73.54779749536104,5.973136853730036
financial_loan,RandomForest,9,24,SHAP-Targeted CE,True,"['dti', 'installment', 'int_rate']",343,0.026821136474609375,1.254272625283225,3.0,0.0,0.5209840499466952,3.0573079102396936,100.0,1.254272625283225
financial_loan,RandomForest,10,25,Actionable CBFI (Proposed),True,['total_acc'],54,0.20529651641845703,0.14285714285714338,1.0,0.0,0.6833621322293937,2.3318060183685674,100.0,0.14285714285714338
financial_loan,RandomForest,10,25,Untargeted Causal (Karimi 2021),True,['total_acc'],459,1.6531786918640137,0.14285714285714338,1.0,0.0,0.6833621322293937,2.3318060183685674,100.0,0.14285714285714338
financial_loan,RandomForest,10,25,Wachter's CE,True,"['dti', 'installment', 'int_rate', 'loan_amount', 'term', 'total_acc']",500,0.054419517517089844,6.495356333453827,6.0,,2.7686134019801383,9.58388271340948,91.07013954814904,6.495356333453827
financial_loan,RandomForest,10,25,SHAP-Targeted CE,True,"['dti', 'installment', 'int_rate']",343,0.027107954025268555,1.5612084437826708,3.0,1.232595164407831e-32,0.7359384941011268,2.98116931160176,100.0,1.5612084437826708
financial_loan,RandomForest,11,26,Actionable CBFI (Proposed),True,"['dti', 'int_rate', 'total_acc']",78,0.2906465530395508,0.21088110389611753,3.0,0.0,0.1559802382717504,2.526784918323217,100.0,0.21088110389611753
financial_loan,RandomForest,11,26,Untargeted Causal (Karimi 2021),True,"['dti', 'int_rate', 'total_acc']",457,1.7350025177001953,0.21088110389611753,3.0,0.0,0.1559802382717504,2.526784918323217,100.0,0.21088110389611753
financial_loan,RandomForest,11,26,Wachter's CE,True,"['dti', 'installment', 'int_rate', 'loan_amount']",500,0.05530571937561035,4.05140980350754,4.0,,1.6157372269042574,3.724590074448356,100.0,4.05140980350754
financial_loan,RandomForest,11,26,SHAP-Targeted CE,True,"['dti', 'installment', 'int_rate']",343,0.028015613555908203,0.8924448317017926,3.0,1.925929944387236e-34,0.29436014687219614,3.009993763317687,100.0,0.8924448317017926
financial_loan,RandomForest,12,27,Actionable CBFI (Proposed),True,['total_acc'],114,0.42913818359375,0.14285714285714304,1.0,0.0,0.18235791250777292,1.8458251170205138,100.0,0.14285714285714304
financial_loan,RandomForest,12,27,Untargeted Causal (Karimi 2021),True,['total_acc'],500,1.8555231094360352,0.14285714285714304,1.0,0.0,0.18235791250777292,1.8458251170205138,100.0,0.14285714285714304
financial_loan,RandomForest,12,27,Wachter's CE,True,"['dti', 'installment', 'int_rate', 'loan_amount']",500,0.05225086212158203,4.685731756375284,4.0,,1.6324658740862967,3.301554373971078,100.0,4.685731756375284
financial_loan,RandomForest,12,27,SHAP-Targeted CE,True,"['dti', 'installment', 'int_rate']",343,0.026736974716186523,0.24210459869292889,3.0,0.0,0.21182860924957986,1.8622117574689403,100.0,0.24210459869292889
financial_loan,RandomForest,13,28,Actionable CBFI (Proposed),True,['int_rate'],78,0.2885613441467285,0.09125475285171097,1.0,0.0,0.7064239373347551,2.39203706577704,100.0,0.09125475285171097
financial_loan,RandomForest,13,28,Untargeted Causal (Karimi 2021),True,['int_rate'],457,1.662534475326538,0.09125475285171097,1.0,0.0,0.7064239373347551,2.39203706577704,100.0,0.09125475285171097
financial_loan,RandomForest,13,28,Wachter's CE,True,"['dti', 'home_ownership', 'installment', 'int_rate', 'loan_amount', 'term', 'total_acc']",500,0.053530216217041016,5.771882763895981,7.0,,0.8826481352186967,3.724022821032472,55.30009250072866,5.771882763895981
financial_loan,RandomForest,13,28,SHAP-Targeted CE,True,"['dti', 'installment', 'int_rate']",343,0.0274507999420166,0.9810920865479403,3.0,0.0,0.5495821138490826,2.443253067441876,100.0,0.9810920865479403
financial_loan,RandomForest,14,29,Actionable CBFI (Proposed),True,"['installment', 'loan_amount']",132,0.4819376468658447,0.08752241756021105,2.0,3.2083826065236015e-05,0.3767743166467388,2.025096959335862,100.0,0.08752241756021105
financial_loan,RandomForest,14,29,Untargeted Causal (Karimi 2021),True,"['installment', 'loan_amount']",500,1.8659842014312744,0.08752241756021105,2.0,3.2083826065236015e-05,0.3767743166467388,2.025096959335862,100.0,0.08752241756021105
financial_loan,RandomForest,14,29,Wachter's CE,True,"['dti', 'installment', 'int_rate', 'loan_amount', 'total_acc']",500,0.05271625518798828,7.557721309962093,5.0,,1.5833854987423701,3.277008218510161,100.0,7.557721309962093
financial_loan,RandomForest,14,29,SHAP-Targeted CE,True,"['dti', 'installment', 'int_rate']",343,0.026693105697631836,1.1730363931174055,3.0,0.0,0.3140296373419003,2.390412924687819,100.0,1.1730363931174055
financial_loan,RandomForest,15,30,Actionable CBFI (Proposed),True,['int_rate'],295,1.0807671546936035,0.18631178707224336,1.0,0.0,0.19796278435581188,2.606784027878049,100.0,0.18631178707224336
financial_loan,RandomForest,15,30,Untargeted Causal (Karimi 2021),True,['int_rate'],500,1.8981637954711914,0.18631178707224336,1.0,0.0,0.19796278435581188,2.606784027878049,100.0,0.18631178707224336
financial_loan,RandomForest,15,30,Wachter's CE,True,"['dti', 'installment', 'int_rate', 'loan_amount', 'total_acc']",500,0.05323481559753418,7.322013435171803,5.0,,1.600244679230556,3.730347054849037,90.2446817311944,7.322013435171803
financial_loan,RandomForest,15,30,SHAP-Targeted CE,True,"['dti', 'installment', 'int_rate']",343,0.026877403259277344,0.6535914189246176,3.0,0.0,0.22113694022609046,2.777274927542948,100.0,0.6535914189246176
financial_loan,RandomForest,16,31,Actionable CBFI (Proposed),True,['int_rate'],78,0.3051424026489258,0.19011406844106474,1.0,0.0,0.6689558440833115,2.356337757154235,100.0,0.19011406844106474
financial_loan,RandomForest,16,31,Untargeted Causal (Karimi 2021),True,['int_rate'],457,1.6884284019470215,0.19011406844106474,1.0,0.0,0.6689558440833115,2.356337757154235,100.0,0.19011406844106474
financial_loan,RandomForest,16,31,Wachter's CE,True,"['dti', 'installment', 'int_rate', 'loan_amount', 'total_acc']",500,0.053374528884887695,3.9405000860234893,5.0,,1.6445999450664375,3.255546383801737,100.0,3.9405000860234893
financial_loan,RandomForest,16,31,SHAP-Targeted CE,True,"['dti', 'installment', 'int_rate']",343,0.02701568603515625,0.6393978120207702,3.0,0.0,0.8325028444742307,2.545473268633169,100.0,0.6393978120207702
financial_loan,RandomForest,17,32,Actionable CBFI (Proposed),True,['installment'],54,0.2070906162261963,0.11474806914306812,1.0,0.0,0.9106809398274486,2.731302971243818,100.0,0.11474806914306812
financial_loan,RandomForest,17,32,Untargeted Causal (Karimi 2021),True,['installment'],459,1.6746585369110107,0.11474806914306812,1.0,0.0,0.9106809398274486,2.731302971243818,100.0,0.11474806914306812
financial_loan,RandomForest,17,32,Wachter's CE,True,"['dti', 'installment', 'int_rate', 'loan_amount', 'term', 'total_acc']",500,0.05346941947937012,6.464854797762164,6.0,,2.803835744064254,10.542973960640209,91.02800798204055,6.464854797762164
financial_loan,RandomForest,17,32,SHAP-Targeted CE,True,"['dti', 'installment', 'int_rate']",343,0.027115345001220703,0.46531813133673466,3.0,0.0,0.8014891595001216,2.691164663886539,100.0,0.46531813133673466
financial_loan,RandomForest,18,33,Actionable CBFI (Proposed),True,['int_rate'],213,0.7778432369232178,0.1863117870722429,1.0,0.0,0.36959648791340743,2.8981828696211887,100.0,0.1863117870722429
financial_loan,RandomForest,18,33,Untargeted Causal (Karimi 2021),True,['installment'],456,1.6967685222625732,0.17400187977606232,1.0,0.0,0.4484563060772127,2.940422577157573,1.9914767834110807e-13,0.17400187977606232
financial_loan,RandomForest,18,33,Wachter's CE,True,"['dti', 'home_ownership', 'installment', 'int_rate', 'loan_amount', 'term', 'total_acc']",500,0.052886009216308594,6.271528833230931,7.0,,0.47179507374420604,5.038967956450779,56.171636198062856,6.271528833230931
financial_loan,RandomForest,18,33,SHAP-Targeted CE,True,"['dti', 'installment', 'int_rate']",343,0.02666449546813965,0.494236720927019,3.0,0.0,0.3315188807195189,2.8240492121456024,66.03956667127535,0.494236720927019
financial_loan,RandomForest,19,34,Actionable CBFI (Proposed),True,['int_rate'],54,0.20394015312194824,0.0076045627376427885,1.0,0.0,0.6810204541326977,2.718545221407746,100.0,0.0076045627376427885
financial_loan,RandomForest,19,34,Untargeted Causal (Karimi 2021),True,['int_rate'],459,1.700150728225708,0.0076045627376427885,1.0,0.0,0.6810204541326977,2.718545221407746,100.0,0.0076045627376427885
financial_loan,RandomForest,19,34,Wachter's CE,True,"['dti', 'home_ownership', 'installment', 'int_rate', 'loan_amount', 'total_acc']",500,0.05220746994018555,5.648751369876818,6.0,,1.8353007165095525,7.063472510054934,82.29697264898725,5.648751369876818
financial_loan,RandomForest,19,34,SHAP-Targeted CE,True,"['dti', 'installment', 'int_rate']",343,0.026345014572143555,1.2473140544969452,3.0,0.0,0.4828777343938591,2.885392134443548,100.0,1.2473140544969452
financial_loan,RandomForest,20,35,Actionable CBFI (Proposed),True,"['dti', 'installment', 'int_rate']",138,0.5279688835144043,0.1142898588813988,3.0,0.0,0.6386353717950629,2.2763521483810156,100.0,0.1142898588813988
financial_loan,RandomForest,20,35,Untargeted Causal (Karimi 2021),True,"['dti', 'installment', 'int_rate']",469,1.719254732131958,0.1142898588813988,3.0,0.0,0.6386353717950629,2.2763521483810156,100.0,0.1142898588813988
financial_loan,RandomForest,20,35,Wachter's CE,True,"['dti', 'installment', 'int_rate', 'loan_amount', 'total_acc']",500,0.05262398719787598,3.3076010037029233,5.0,,1.320755909657583,5.59818048941268,99.99999999999999,3.3076010037029233
financial_loan,RandomForest,20,35,SHAP-Targeted CE,True,"['dti', 'installment', 'int_rate']",343,0.026726484298706055,1.7125089456771154,3.0,0.0,0.6523753227542776,2.5824884754709316,100.0,1.7125089456771154
financial_loan,RandomForest,21,36,Actionable CBFI (Proposed),True,['int_rate'],240,0.878180742263794,0.342205323193917,1.0,0.0,0.5155757873337543,4.996706677202652,100.0,0.342205323193917
financial_loan,RandomForest,21,36,Untargeted Causal (Karimi 2021),True,['int_rate'],500,1.8450226783752441,0.342205323193917,1.0,0.0,0.5155757873337543,4.996706677202652,100.0,0.342205323193917
financial_loan,RandomForest,21,36,Wachter's CE,True,"['dti', 'home_ownership', 'installment', 'int_rate', 'loan_amount', 'total_acc']",500,0.05334615707397461,4.497391356356026,6.0,,0.7078821990056126,6.338649041056252,77.76488811482393,4.497391356356026
financial_loan,RandomForest,21,36,SHAP-Targeted CE,True,"['dti', 'installment', 'int_rate']",343,0.027263879776000977,0.941130421613695,3.0,0.0,0.8472966224256451,5.822486596013348,100.0,0.941130421613695
financial_loan,RandomForest,22,37,Actionable CBFI (Proposed),True,"['dti', 'int_rate']",126,0.46119260787963867,0.4534385371107059,2.0,0.0,0.6044393153702654,3.685386826239553,100.0,0.4534385371107059
financial_loan,RandomForest,22,37,Untargeted Causal (Karimi 2021),True,"['dti', 'int_rate']",456,1.6860980987548828,0.4534385371107059,2.0,0.0,0.6044393153702654,3.685386826239553,100.0,0.4534385371107059
financial_loan,RandomForest,22,37,Wachter's CE,True,"['dti', 'home_ownership', 'installment', 'int_rate', 'loan_amount', 'total_acc']",500,0.053548574447631836,4.164069025207207,6.0,,1.5138676291508768,6.932144837586325,75.98502825129708,4.164069025207207
financial_loan,RandomForest,22,37,SHAP-Targeted CE,True,"['dti', 'installment', 'int_rate']",343,0.027575016021728516,0.7672736883482423,3.0,0.0,0.8349898088396184,4.161734090167477,100.0,0.7672736883482423
financial_loan,RandomForest,23,38,Actionable CBFI (Proposed),True,['dti'],252,0.90641188621521,0.2215799614643547,1.0,8.901402819869589e-05,0.25360165600191326,2.6020639023793164,100.0,0.2215799614643547
financial_loan,RandomForest,23,38,Untargeted Causal (Karimi 2021),True,['dti'],500,1.9322316646575928,0.2215799614643547,1.0,8.901402819869589e-05,0.25360165600191326,2.6020639023793164,100.0,0.2215799614643547
financial_loan,RandomForest,23,38,Wachter's CE,True,"['dti', 'installment', 'int_rate', 'loan_amount', 'total_acc']",500,0.05226874351501465,4.874431847212882,5.0,,0.19672901168860368,2.4334355771728378,99.99999999999997,4.874431847212882
financial_loan,RandomForest,23,38,SHAP-Targeted CE,True,"['dti', 'installment', 'int_rate']",343,0.026646852493286133,1.1875360532409442,3.0,0.0,0.27910693984386964,2.830595336088224,100.0,1.1875360532409442
financial_loan,RandomForest,24,39,Actionable CBFI (Proposed),True,['int_rate'],30,0.12082195281982422,0.15589353612167314,1.0,0.0,1.2385129144006854,2.7191247064166006,100.0,0.15589353612167314
financial_loan,RandomForest,24,39,Untargeted Causal (Karimi 2021),True,['int_rate'],318,1.1460583209991455,0.15589353612167314,1.0,0.0,1.2385129144006854,2.7191247064166006,100.0,0.15589353612167314
financial_loan,RandomForest,24,39,Wachter's CE,True,"['dti', 'installment', 'int_rate', 'loan_amount', 'total_acc']",500,0.052507877349853516,4.914679071037128,5.0,,1.9454379182530752,6.858632577605211,100.0,4.914679071037128
financial_loan,RandomForest,24,39,SHAP-Targeted CE,True,"['dti', 'installment', 'int_rate']",343,0.027727603912353516,0.9406803318408592,3.0,0.0,1.0271958434578106,2.615472952071251,100.0,0.9406803318408592
financial_loan,RandomForest,25,40,Actionable CBFI (Proposed),True,"['installment', 'loan_amount']",126,0.4590773582458496,0.18231212455559703,2.0,0.0005133412170437906,0.3172148267449633,1.9354919604341776,100.0,0.18231212455559703
financial_loan,RandomForest,25,40,Untargeted Causal (Karimi 2021),True,"['installment', 'loan_amount']",452,1.6227715015411377,0.18231212455559703,2.0,0.0005133412170437906,0.3172148267449633,1.9354919604341776,100.0,0.18231212455559703
financial_loan,RandomForest,25,40,Wachter's CE,True,"['dti', 'installment', 'int_rate', 'loan_amount', 'total_acc']",500,0.05357527732849121,4.427335294906021,5.0,,1.875663884447134,6.884709139215292,100.0,4.427335294906021
financial_loan,RandomForest,25,40,SHAP-Targeted CE,True,"['dti', 'installment', 'int_rate']",343,0.026870250701904297,0.38190436306083037,3.0,0.0,0.438198866770504,2.014303519690265,100.0,0.38190436306083037
financial_loan,RandomForest,26,41,Actionable CBFI (Proposed),True,['int_rate'],78,0.28813958168029785,0.22433460076045653,1.0,0.0,0.7717384051820628,2.364270644905391,100.0,0.22433460076045653
financial_loan,RandomForest,26,41,Untargeted Causal (Karimi 2021),True,['int_rate'],425,1.522151231765747,0.22433460076045653,1.0,0.0,0.7717384051820628,2.364270644905391,100.0,0.22433460076045653
financial_loan,RandomForest,26,41,Wachter's CE,True,"['dti', 'installment', 'int_rate', 'loan_amount', 'total_acc']",500,0.05264544486999512,2.612223526421067,5.0,,1.0285200177522165,2.779862364950146,100.0,2.612223526421067
financial_loan,RandomForest,26,41,SHAP-Targeted CE,True,"['dti', 'installment', 'int_rate']",343,0.0605776309967041,0.5768538985520437,3.0,0.0,0.7856570402970426,2.7062951625226215,100.0,0.5768538985520437
financial_loan,RandomForest,27,42,Actionable CBFI (Proposed),True,['int_rate'],300,1.0998973846435547,0.3231939163498098,1.0,1.6434602192104412e-32,1.269053740832828,2.9762872503589213,100.0,0.3231939163498098
financial_loan,RandomForest,27,42,Untargeted Causal (Karimi 2021),True,['int_rate'],500,1.900738000869751,0.3231939163498098,1.0,1.6434602192104412e-32,1.269053740832828,2.9762872503589213,100.0,0.3231939163498098
financial_loan,RandomForest,27,42,Wachter's CE,True,"['dti', 'installment', 'int_rate', 'loan_amount', 'total_acc']",500,0.05283522605895996,5.719860942278947,5.0,,0.7223460407801184,5.918426097505022,100.0,5.719860942278947
financial_loan,RandomForest,27,42,SHAP-Targeted CE,True,"['installment', 'int_rate']",343,0.02737879753112793,0.5923608705972498,2.0,2.465190328815662e-32,1.2075502677738632,2.918211204473473,100.0,0.5923608705972498
financial_loan,RandomForest,28,43,Actionable CBFI (Proposed),True,['int_rate'],54,0.20452594757080078,0.14068441064638815,1.0,0.0,0.9317038730392002,2.271325489860673,100.0,0.14068441064638815
financial_loan,RandomForest,28,43,Untargeted Causal (Karimi 2021),True,['int_rate'],403,1.4515416622161865,0.14068441064638815,1.0,0.0,0.9317038730392002,2.271325489860673,100.0,0.14068441064638815
financial_loan,RandomForest,28,43,Wachter's CE,True,"['dti', 'installment', 'int_rate', 'loan_amount', 'total_acc']",500,0.054087162017822266,4.1008263715029445,5.0,,0.7104114772770023,5.7294527506969075,100.0,4.1008263715029445
financial_loan,RandomForest,28,43,SHAP-Targeted CE,True,"['dti', 'installment', 'int_rate']",343,0.027224302291870117,0.8452451287501814,3.0,0.0,1.1981852543152645,2.530695564109807,100.0,0.8452451287501814
financial_loan,RandomForest,29,44,Actionable CBFI (Proposed),True,['int_rate'],126,0.4672098159790039,0.18631178707224336,1.0,0.0,1.4492820629019705,3.4447663261264823,100.0,0.18631178707224336
financial_loan,RandomForest,29,44,Untargeted Causal (Karimi 2021),True,['int_rate'],429,1.5603718757629395,0.18631178707224336,1.0,0.0,1.4492820629019705,3.4447663261264823,100.0,0.18631178707224336
financial_loan,RandomForest,29,44,Wachter's CE,True,"['dti', 'installment', 'int_rate', 'loan_amount', 'term', 'total_acc']",500,0.05300617218017578,6.6609670471340685,6.0,,3.235167367845989,10.584738337455747,91.29216144857749,6.6609670471340685
financial_loan,RandomForest,29,44,SHAP-Targeted CE,True,"['dti', 'installment', 'int_rate']",343,0.027562856674194336,0.7394725558828459,3.0,0.0,1.4698488029007115,3.283981776876587,100.0,0.7394725558828459
financial_loan,RandomForest,30,45,Actionable CBFI (Proposed),True,"['dti', 'int_rate']",114,0.4207947254180908,0.14455091720782054,2.0,0.0,0.01812802943536216,1.2227303451839895,100.0,0.14455091720782054
financial_loan,RandomForest,30,45,Untargeted Causal (Karimi 2021),True,"['dti', 'int_rate']",500,1.8585991859436035,0.14455091720782054,2.0,0.0,0.01812802943536216,1.2227303451839895,100.0,0.14455091720782054
financial_loan,RandomForest,30,45,Wachter's CE,True,"['dti', 'home_ownership', 'installment', 'int_rate', 'loan_amount', 'total_acc']",500,0.052788496017456055,3.259561371058592,6.0,,0.21205111494001336,1.556438650357978,69.32102555641606,3.259561371058592
financial_loan,RandomForest,30,45,SHAP-Targeted CE,True,"['dti', 'installment', 'int_rate']",343,0.027133703231811523,0.9904218132868287,3.0,0.0,0.061829381269990685,2.2411975992141957,100.0,0.9904218132868287
financial_loan,RandomForest,31,46,Actionable CBFI (Proposed),True,['int_rate'],54,0.20304036140441895,0.015209125475285112,1.0,0.0,0.5306451320652842,2.957044533731636,100.0,0.015209125475285112
financial_loan,RandomForest,31,46,Untargeted Causal (Karimi 2021),True,['int_rate'],395,1.4508564472198486,0.015209125475285112,1.0,0.0,0.5306451320652842,2.957044533731636,100.0,0.015209125475285112
financial_loan,RandomForest,31,46,Wachter's CE,True,"['dti', 'home_ownership', 'installment', 'int_rate', 'loan_amount', 'total_acc']",500,0.052666664123535156,5.559235958837773,6.0,,0.254066790397278,3.360801722186563,82.01191661220544,5.559235958837773
financial_loan,RandomForest,31,46,SHAP-Targeted CE,True,"['dti', 'installment', 'int_rate']",343,0.02795577049255371,0.9447251081542932,3.0,0.0,0.755839795207815,3.1819528111821067,100.0,0.9447251081542932
financial_loan,RandomForest,32,47,Actionable CBFI (Proposed),True,['installment'],252,0.9127376079559326,0.09840219034775867,1.0,0.0,0.23176486769038174,2.3707750361436535,100.0,0.09840219034775867
financial_loan,RandomForest,32,47,Untargeted Causal (Karimi 2021),True,['installment'],500,1.883371114730835,0.09840219034775867,1.0,0.0,0.23176486769038174,2.3707750361436535,100.0,0.09840219034775867
financial_loan,RandomForest,32,47,Wachter's CE,True,"['dti', 'installment', 'int_rate', 'loan_amount', 'total_acc']",500,0.05316019058227539,5.559827306266929,5.0,,0.6566318903284982,6.4802663801394536,100.0,5.559827306266929
financial_loan,RandomForest,32,47,SHAP-Targeted CE,True,"['dti', 'installment', 'int_rate']",343,0.027339458465576172,1.2980846844627,3.0,0.0,0.17448463224783992,2.373700813501934,100.0,1.2980846844627
financial_loan,RandomForest,33,48,Actionable CBFI (Proposed),True,['int_rate'],78,0.2907371520996094,0.23954372623574088,1.0,0.0,0.29328726449504006,2.1047060345989723,100.0,0.23954372623574088
financial_loan,RandomForest,33,48,Untargeted Causal (Karimi 2021),True,['int_rate'],457,1.6598026752471924,0.23954372623574088,1.0,0.0,0.29328726449504006,2.1047060345989723,100.0,0.23954372623574088
financial_loan,RandomForest,33,48,Wachter's CE,True,"['dti', 'installment', 'int_rate', 'loan_amount', 'total_acc']",500,0.05219149589538574,4.0321837924763795,5.0,,0.6439880094671881,6.371390721949566,100.0,4.0321837924763795
financial_loan,RandomForest,33,48,SHAP-Targeted CE,True,"['dti', 'installment', 'int_rate']",343,0.027278423309326172,1.2824544786976357,3.0,0.0,0.2707514887643693,2.967769436752412,100.0,1.2824544786976357
financial_loan,RandomForest,34,49,Actionable CBFI (Proposed),True,['int_rate'],54,0.21267151832580566,0.163498098859315,1.0,0.0,0.21961513355037676,1.694724820158697,100.0,0.163498098859315
financial_loan,RandomForest,34,49,Untargeted Causal (Karimi 2021),True,['int_rate'],403,1.4606537818908691,0.163498098859315,1.0,0.0,0.21961513355037676,1.694724820158697,100.0,0.163498098859315
financial_loan,RandomForest,34,49,Wachter's CE,True,"['dti', 'installment', 'int_rate', 'loan_amount', 'total_acc']",500,0.054518938064575195,5.002776819033707,5.0,,0.6639820196794366,6.262738906543644,100.0,5.002776819033707
financial_loan,RandomForest,34,49,SHAP-Targeted CE,True,"['dti', 'installment', 'int_rate']",343,0.027843713760375977,0.973153847843349,3.0,0.0,0.32981559337802835,1.8514921135588014,100.0,0.973153847843349
financial_loan,RandomForest,35,50,Actionable CBFI (Proposed),True,['int_rate'],54,0.20377349853515625,0.13307984790874536,1.0,0.0,0.4446991361386174,2.396943138307894,100.0,0.13307984790874536
financial_loan,RandomForest,35,50,Untargeted Causal (Karimi 2021),True,['int_rate'],435,1.5530335903167725,0.13307984790874536,1.0,0.0,0.4446991361386174,2.396943138307894,100.0,0.13307984790874536
financial_loan,RandomForest,35,50,Wachter's CE,True,"['dti', 'installment', 'int_rate', 'loan_amount', 'total_acc']",500,0.052703857421875,4.107360380109174,5.0,,0.7083856269502913,5.9726288019732685,100.0,4.107360380109174
financial_loan,RandomForest,35,50,SHAP-Targeted CE,True,"['dti', 'installment', 'int_rate']",343,0.02677631378173828,1.271725906021657,3.0,0.0,0.3991177964240693,3.1536570379785633,100.0,1.271725906021657
financial_loan,RandomForest,36,51,Actionable CBFI (Proposed),True,['installment'],162,0.5928313732147217,0.4282783703158829,1.0,0.0,0.08408425754358538,2.219862534743187,100.0,0.4282783703158829
financial_loan,RandomForest,36,51,Untargeted Causal (Karimi 2021),True,['installment'],500,1.8789105415344238,0.4282783703158829,1.0,0.0,0.08408425754358538,2.219862534743187,100.0,0.4282783703158829
financial_loan,RandomForest,36,51,Wachter's CE,True,"['dti', 'home_ownership', 'installment', 'int_rate', 'loan_amount', 'total_acc']",500,0.05285072326660156,3.132275617711142,6.0,,0.2594920506490897,1.843489814488149,68.07432927212412,3.132275617711142
financial_loan,RandomForest,36,51,SHAP-Targeted CE,True,"['dti', 'installment', 'int_rate']",343,0.026892662048339844,1.1509882143512868,3.0,7.52316384526264e-35,0.22099684327459124,2.454197415786747,100.0,1.1509882143512868
financial_loan,RandomForest,37,52,Actionable CBFI (Proposed),True,"['installment', 'total_acc']",150,0.5435302257537842,0.2700280798846447,2.0,0.0,0.27745437758463165,1.8349480728710483,100.0,0.2700280798846447
financial_loan,RandomForest,37,52,Untargeted Causal (Karimi 2021),True,"['installment', 'total_acc']",451,1.6312830448150635,0.2700280798846447,2.0,0.0,0.27745437758463165,1.8349480728710483,100.0,0.2700280798846447
financial_loan,RandomForest,37,52,Wachter's CE,True,"['dti', 'installment', 'int_rate', 'loan_amount', 'total_acc']",500,0.05260920524597168,4.243566471469528,5.0,,0.6503192170633555,6.301338306717936,100.0,4.243566471469528
financial_loan,RandomForest,37,52,SHAP-Targeted CE,True,"['dti', 'installment', 'int_rate']",343,0.02702784538269043,1.4357584440862894,3.0,0.0,0.46714152738503756,2.275628949988224,100.0,1.4357584440862894
financial_loan,RandomForest,38,53,Actionable CBFI (Proposed),True,['int_rate'],240,0.8627033233642578,0.5931558935361206,1.0,0.0,0.6534024957020598,2.1236908859929438,100.0,0.5931558935361206
financial_loan,RandomForest,38,53,Untargeted Causal (Karimi 2021),True,['int_rate'],500,1.8690402507781982,0.5931558935361206,1.0,0.0,0.6534024957020598,2.1236908859929438,100.0,0.5931558935361206
financial_loan,RandomForest,38,53,Wachter's CE,True,"['dti', 'installment', 'int_rate', 'loan_amount', 'total_acc']",500,0.05318641662597656,4.656259518598699,5.0,,0.668970185323855,6.223464703184559,100.0,4.656259518598699
financial_loan,RandomForest,38,53,SHAP-Targeted CE,True,"['dti', 'installment', 'int_rate']",343,0.0282745361328125,1.6481706176390762,3.0,0.0,1.3207159626267644,3.9728060370924134,100.0,1.6481706176390762
financial_loan,RandomForest,39,54,Actionable CBFI (Proposed),True,['installment'],198,0.7204904556274414,0.3085284622614528,1.0,0.0,0.2925328324057837,1.965740316500684,100.0,0.3085284622614528
financial_loan,RandomForest,39,54,Untargeted Causal (Karimi 2021),True,['installment'],499,1.856870174407959,0.3085284622614528,1.0,0.0,0.2925328324057837,1.965740316500684,100.0,0.3085284622614528
financial_loan,RandomForest,39,54,Wachter's CE,True,"['dti', 'installment', 'int_rate', 'loan_amount', 'total_acc']",500,0.05246710777282715,4.9864438311845305,5.0,,1.8876876543429062,3.4425901685423455,100.0,4.9864438311845305
financial_loan,RandomForest,39,54,SHAP-Targeted CE,True,"['dti', 'installment', 'int_rate']",343,0.026903390884399414,0.89786811890286,3.0,0.0,0.3875575241676297,2.078848675486895,100.0,0.89786811890286
financial_loan,RandomForest,40,544,Actionable CBFI (Proposed),True,['installment'],114,0.41788220405578613,0.13902169915410031,1.0,0.0,0.9094917052133974,2.69762274630011,100.0,0.13902169915410031
financial_loan,RandomForest,40,544,Untargeted Causal (Karimi 2021),True,['installment'],500,1.8582665920257568,0.13902169915410031,1.0,0.0,0.9094917052133974,2.69762274630011,100.0,0.13902169915410031
financial_loan,RandomForest,40,544,Wachter's CE,True,"['dti', 'home_ownership', 'installment', 'int_rate', 'loan_amount', 'total_acc']",500,0.05316495895385742,8.07455290456116,6.0,,0.24251001775758463,3.3552713543980777,62.84624008958617,8.07455290456116
financial_loan,RandomForest,40,544,SHAP-Targeted CE,True,"['dti', 'installment', 'int_rate']",343,0.026829004287719727,1.0358734362185378,3.0,0.0,0.5511239524697488,2.437584847693751,100.0,1.0358734362185378
financial_loan,RandomForest,41,545,Actionable CBFI (Proposed),True,['int_rate'],30,0.11972761154174805,0.15589353612167314,1.0,0.0,1.5985946113219505,2.929351616301082,100.0,0.15589353612167314
financial_loan,RandomForest,41,545,Untargeted Causal (Karimi 2021),True,['int_rate'],350,1.248901605606079,0.15589353612167314,1.0,0.0,1.5985946113219505,2.929351616301082,100.0,0.15589353612167314
financial_loan,RandomForest,41,545,Wachter's CE,True,"['dti', 'installment', 'int_rate', 'loan_amount', 'total_acc']",500,0.05315446853637695,5.262272287428168,5.0,,1.73088173183027,3.234123387622416,100.0,5.262272287428168
financial_loan,RandomForest,41,545,SHAP-Targeted CE,True,"['dti', 'installment', 'int_rate']",343,0.026805877685546875,1.2804848143438003,3.0,0.0,1.9607107746276526,3.25929158145077,100.0,1.2804848143438003
financial_loan,RandomForest,42,546,Actionable CBFI (Proposed),True,"['dti', 'installment', 'int_rate']",102,0.3722724914550781,0.18227930020094904,3.0,0.0,0.6360999145312206,2.8976633351988426,100.0,0.18227930020094904
financial_loan,RandomForest,42,546,Untargeted Causal (Karimi 2021),True,"['dti', 'installment', 'int_rate']",456,1.6667366027832031,0.18227930020094904,3.0,0.0,0.6360999145312206,2.8976633351988426,100.0,0.18227930020094904
financial_loan,RandomForest,42,546,Wachter's CE,True,"['dti', 'home_ownership', 'installment', 'int_rate', 'loan_amount', 'total_acc']",500,0.0533292293548584,6.0624315198590635,6.0,,1.2261011158789787,5.974360172853998,83.50496831635556,6.0624315198590635
financial_loan,RandomForest,42,546,SHAP-Targeted CE,True,"['dti', 'installment', 'int_rate']",343,0.02752995491027832,1.301313740536008,3.0,0.0,0.7993597560093508,3.5438605849614166,100.0,1.301313740536008
financial_loan,RandomForest,43,547,Actionable CBFI (Proposed),True,['int_rate'],78,0.2901906967163086,0.14828897338403035,1.0,0.0,0.8872085114791193,3.3432726830700488,100.0,0.14828897338403035
financial_loan,RandomForest,43,547,Untargeted Causal (Karimi 2021),True,['int_rate'],457,1.7305552959442139,0.14828897338403035,1.0,0.0,0.8872085114791193,3.3432726830700488,100.0,0.14828897338403035
financial_loan,RandomForest,43,547,Wachter's CE,True,"['dti', 'home_ownership', 'installment', 'int_rate', 'loan_amount', 'total_acc']",500,0.05327463150024414,5.861919387091163,6.0,,1.2300323394748756,5.960782261457818,82.94074118108564,5.861919387091163
financial_loan,RandomForest,43,547,SHAP-Targeted CE,True,"['dti', 'installment', 'int_rate']",343,0.026839494705200195,1.7224010913811933,3.0,0.0,1.194883864934974,4.153421918020168,100.0,1.7224010913811933
financial_loan,RandomForest,44,548,Actionable CBFI (Proposed),True,"['installment', 'loan_amount']",300,1.1053717136383057,0.2188060439005269,2.0,0.00020052391290772845,0.17498072814854077,2.352889939416933,100.0,0.2188060439005269
financial_loan,RandomForest,44,548,Untargeted Causal (Karimi 2021),True,"['installment', 'loan_amount']",500,1.938481092453003,0.2188060439005269,2.0,0.00020052391290772845,0.17498072814854077,2.352889939416933,100.0,0.2188060439005269
financial_loan,RandomForest,44,548,Wachter's CE,True,"['dti', 'home_ownership', 'installment', 'int_rate', 'loan_amount', 'total_acc']",500,0.05324578285217285,6.966458122644648,6.0,,2.2098348454542984,10.603389102044932,85.64550331897533,6.966458122644648
financial_loan,RandomForest,44,548,SHAP-Targeted CE,True,"['dti', 'installment', 'int_rate']",343,0.02747654914855957,1.3035022664973672,3.0,0.0,0.2728288566721719,2.6805914431026623,100.0,1.3035022664973672
financial_loan,RandomForest,45,549,Actionable CBFI (Proposed),True,['installment'],78,0.2925729751586914,0.3319030689387437,1.0,0.0,0.6653070470655017,2.5753762934305047,100.0,0.3319030689387437
financial_loan,RandomForest,45,549,Untargeted Causal (Karimi 2021),True,['installment'],462,1.6676113605499268,0.3319030689387437,1.0,0.0,0.6653070470655017,2.5753762934305047,100.0,0.3319030689387437
financial_loan,RandomForest,45,549,Wachter's CE,True,"['dti', 'installment', 'int_rate', 'loan_amount', 'total_acc']",500,0.05290985107421875,4.884703013804397,5.0,,1.0438641628505154,2.733637522357683,100.0,4.884703013804397
financial_loan,RandomForest,45,549,SHAP-Targeted CE,True,"['dti', 'installment', 'int_rate']",343,0.029491901397705078,1.5563582115289587,3.0,0.0,1.105790076397551,3.3413415004802136,100.0,1.5563582115289587
financial_loan,RandomForest,46,550,Actionable CBFI (Proposed),True,['installment'],174,0.6350500583648682,0.4352090229250952,1.0,0.0,0.23746634639256928,1.9428464321724792,100.0,0.4352090229250952
financial_loan,RandomForest,46,550,Untargeted Causal (Karimi 2021),True,['installment'],500,1.816805124282837,0.4352090229250952,1.0,0.0,0.23746634639256928,1.9428464321724792,100.0,0.4352090229250952
financial_loan,RandomForest,46,550,Wachter's CE,True,"['dti', 'installment', 'int_rate', 'loan_amount', 'total_acc']",500,0.052648067474365234,4.205597167826698,5.0,,0.7127401689422185,5.73168140803811,100.0,4.205597167826698
financial_loan,RandomForest,46,550,SHAP-Targeted CE,True,"['dti', 'installment', 'int_rate']",343,0.02676677703857422,0.9825791580117265,3.0,0.0,0.30264677780833027,2.835791962079398,100.0,0.9825791580117265
financial_loan,RandomForest,47,551,Actionable CBFI (Proposed),True,"['dti', 'int_rate']",174,0.6260054111480713,0.15092816355522462,2.0,0.0,0.1978572978617294,2.169439393609038,100.0,0.15092816355522462
financial_loan,RandomForest,47,551,Untargeted Causal (Karimi 2021),True,"['dti', 'int_rate']",500,1.825481653213501,0.15092816355522462,2.0,0.0,0.1978572978617294,2.169439393609038,100.0,0.15092816355522462
financial_loan,RandomForest,47,551,Wachter's CE,True,"['dti', 'home_ownership', 'installment', 'int_rate', 'loan_amount', 'total_acc']",500,0.08777260780334473,7.050783767042095,6.0,,1.4407720023137458,3.706065442205704,85.81717957832772,7.050783767042095
financial_loan,RandomForest,47,551,SHAP-Targeted CE,True,"['dti', 'installment', 'int_rate']",343,0.026633739471435547,0.8238725913467579,3.0,0.0,0.2515512425758218,2.3278517177318894,100.0,0.8238725913467579
financial_loan,RandomForest,48,552,Actionable CBFI (Proposed),True,"['dti', 'int_rate']",192,0.6935393810272217,0.12754492694807704,2.0,0.0,0.15634100603909112,2.594473842858528,100.0,0.12754492694807704
financial_loan,RandomForest,48,552,Untargeted Causal (Karimi 2021),True,"['dti', 'int_rate']",500,1.827331304550171,0.12754492694807704,2.0,0.0,0.15634100603909112,2.594473842858528,100.0,0.12754492694807704
financial_loan,RandomForest,48,552,Wachter's CE,True,"['dti', 'installment', 'int_rate', 'loan_amount', 'total_acc']",500,0.05352330207824707,3.9468247338597027,5.0,,0.7249661807408155,5.9890943154087655,100.0,3.9468247338597027
financial_loan,RandomForest,48,552,SHAP-Targeted CE,True,"['dti', 'installment', 'int_rate']",343,0.026784658432006836,1.4478443441528495,3.0,0.0,0.2711119698287985,3.1600101892509462,100.0,1.4478443441528495
financial_loan,RandomForest,49,553,Actionable CBFI (Proposed),True,"['dti', 'int_rate']",300,1.094926357269287,0.39964077110397445,2.0,0.0,1.0732522863346812,2.902700992654371,100.0,0.39964077110397445
financial_loan,RandomForest,49,553,Untargeted Causal (Karimi 2021),True,"['dti', 'int_rate']",500,1.904571294784546,0.39964077110397445,2.0,0.0,1.0732522863346812,2.902700992654371,100.0,0.39964077110397445
financial_loan,RandomForest,49,553,Wachter's CE,True,"['dti', 'installment', 'int_rate', 'loan_amount', 'total_acc']",500,0.05295419692993164,4.350476304212775,5.0,,0.7053017323370823,5.9723527895268544,100.0,4.350476304212775
financial_loan,RandomForest,49,553,SHAP-Targeted CE,True,"['dti', 'installment', 'int_rate']",343,0.027109622955322266,1.0242705571577848,3.0,0.0,1.093000627903807,3.006274566833993,100.0,1.0242705571577848
financial_loan,RandomForest,50,554,Actionable CBFI (Proposed),True,"['installment', 'loan_amount']",96,0.352872371673584,0.21549425851007273,2.0,0.0005133412170437887,0.8144080191008836,2.8912161457220646,100.0,0.21549425851007273
financial_loan,RandomForest,50,554,Untargeted Causal (Karimi 2021),True,"['installment', 'loan_amount']",500,1.8324406147003174,0.21549425851007273,2.0,0.0005133412170437887,0.8144080191008836,2.8912161457220646,100.0,0.21549425851007273
financial_loan,RandomForest,50,554,Wachter's CE,True,"['dti', 'installment', 'int_rate', 'loan_amount', 'total_acc']",500,0.052419185638427734,4.2764977710962,5.0,,0.7120061603739725,5.974414846894818,100.0,4.2764977710962
financial_loan,RandomForest,50,554,SHAP-Targeted CE,True,"['dti', 'installment', 'int_rate']",343,0.026736021041870117,0.4628761415362044,3.0,0.0,1.1236702442446014,2.9891794636059226,100.0,0.4628761415362044
financial_loan,RandomForest,51,555,Actionable CBFI (Proposed),True,['int_rate'],252,0.9138543605804443,0.27376425855513326,1.0,0.0,0.31877458745744897,2.5086559767327854,100.0,0.27376425855513326
financial_loan,RandomForest,51,555,Untargeted Causal (Karimi 2021),True,['int_rate'],500,1.8691966533660889,0.27376425855513326,1.0,0.0,0.31877458745744897,2.5086559767327854,100.0,0.27376425855513326
financial_loan,RandomForest,51,555,Wachter's CE,True,"['dti', 'installment', 'int_rate', 'loan_amount', 'total_acc']",500,0.05235123634338379,5.877137077177876,5.0,,0.7179733753372479,5.911217749959267,100.0,5.877137077177876
financial_loan,RandomForest,51,555,SHAP-Targeted CE,True,"['dti', 'installment', 'int_rate']",343,0.026968717575073242,0.49599103377347853,3.0,1.232595164407831e-32,0.2927804610681852,2.5301004085433036,100.0,0.49599103377347853
financial_loan,RandomForest,52,556,Actionable CBFI (Proposed),True,"['int_rate', 'total_acc']",138,0.4985823631286621,0.2911461162411738,2.0,0.0,1.101295984020596,2.913318955932684,100.0,0.2911461162411738
financial_loan,RandomForest,52,556,Untargeted Causal (Karimi 2021),True,"['int_rate', 'total_acc']",492,1.7886488437652588,0.2911461162411738,2.0,0.0,1.101295984020596,2.913318955932684,100.0,0.2911461162411738
financial_loan,RandomForest,52,556,Wachter's CE,True,"['dti', 'installment', 'int_rate', 'loan_amount']",500,0.05235552787780762,4.768634292158122,4.0,,0.655830268640486,6.320908650062845,100.0,4.768634292158122
financial_loan,RandomForest,52,556,SHAP-Targeted CE,True,"['dti', 'installment', 'int_rate']",343,0.027591705322265625,1.3027160790594212,3.0,0.0,0.8168830154090321,2.9842551131005326,100.0,1.3027160790594212
financial_loan,RandomForest,53,557,Actionable CBFI (Proposed),True,['installment'],114,0.41826844215393066,0.3865800335090514,1.0,0.0,0.984325426258092,2.570287418581239,100.0,0.3865800335090514
financial_loan,RandomForest,53,557,Untargeted Causal (Karimi 2021),True,['installment'],499,1.8108298778533936,0.3865800335090514,1.0,0.0,0.984325426258092,2.570287418581239,100.0,0.3865800335090514
financial_loan,RandomForest,53,557,Wachter's CE,True,"['dti', 'installment', 'int_rate', 'loan_amount', 'total_acc']",500,0.055132150650024414,3.7644328179856785,5.0,,0.6635174716015474,6.3058346030073364,100.0,3.7644328179856785
financial_loan,RandomForest,53,557,SHAP-Targeted CE,True,"['dti', 'installment', 'int_rate']",343,0.06616377830505371,1.2906485258487848,3.0,0.0,0.816243341612428,3.513268250151661,100.0,1.2906485258487848
financial_loan,RandomForest,54,558,Actionable CBFI (Proposed),True,['int_rate'],54,0.20419931411743164,0.1596958174904947,1.0,0.0,0.6919348452185473,2.412136116982376,100.0,0.1596958174904947
financial_loan,RandomForest,54,558,Untargeted Causal (Karimi 2021),True,['int_rate'],403,1.4429616928100586,0.1596958174904947,1.0,0.0,0.6919348452185473,2.412136116982376,100.0,0.1596958174904947
financial_loan,RandomForest,54,558,Wachter's CE,True,"['dti', 'installment', 'int_rate', 'loan_amount', 'total_acc']",500,0.05245399475097656,3.8966723577602047,5.0,,0.6504268215781897,6.2975615611051206,100.0,3.8966723577602047
financial_loan,RandomForest,54,558,SHAP-Targeted CE,True,"['dti', 'installment', 'int_rate']",343,0.026942729949951172,0.9639468783584255,3.0,0.0,0.768055076641496,3.4195354268970486,100.0,0.9639468783584255
financial_loan,RandomForest,55,559,Actionable CBFI (Proposed),True,"['installment', 'loan_amount']",282,1.0316412448883057,0.2625672526806324,2.0,0.0002887544345871322,0.991564681396078,2.5788693375649476,100.0,0.2625672526806324
financial_loan,RandomForest,55,559,Untargeted Causal (Karimi 2021),True,"['installment', 'loan_amount']",500,1.8593509197235107,0.2625672526806324,2.0,0.0002887544345871322,0.991564681396078,2.5788693375649476,100.0,0.2625672526806324
financial_loan,RandomForest,55,559,Wachter's CE,True,"['dti', 'installment', 'int_rate', 'loan_amount', 'total_acc']",500,0.054978370666503906,4.605001872702784,5.0,,0.7094914421931274,5.83305434286068,100.0,4.605001872702784
financial_loan,RandomForest,55,559,SHAP-Targeted CE,True,"['dti', 'installment', 'int_rate']",343,0.0272061824798584,1.162501820199262,3.0,0.0,1.1977311870893623,2.756810008534029,100.0,1.162501820199262
financial_loan,RandomForest,56,560,Actionable CBFI (Proposed),True,['installment'],330,1.2387545108795166,0.1815209840219036,1.0,0.0,0.7142756959200499,2.3310024418751385,100.0,0.1815209840219036
financial_loan,RandomForest,56,560,Untargeted Causal (Karimi 2021),True,['installment'],500,1.9519150257110596,0.1815209840219036,1.0,0.0,0.7142756959200499,2.3310024418751385,100.0,0.1815209840219036
financial_loan,RandomForest,56,560,Wachter's CE,True,"['dti', 'installment', 'int_rate', 'loan_amount', 'total_acc']",500,0.056128740310668945,4.83216846903553,5.0,,0.6555963562677465,6.233462183060146,100.0,4.83216846903553
financial_loan,RandomForest,56,560,SHAP-Targeted CE,True,"['dti', 'installment', 'int_rate']",343,0.0412898063659668,1.0464664610086587,3.0,0.0,0.9034017059265598,2.288269351293274,100.0,1.0464664610086587
financial_loan,RandomForest,57,561,Actionable CBFI (Proposed),True,['installment'],114,0.41344594955444336,0.1972130276654001,1.0,0.0,0.6181752017280795,2.9525435740123958,100.0,0.1972130276654001
financial_loan,RandomForest,57,561,Untargeted Causal (Karimi 2021),True,['installment'],500,1.820871114730835,0.1972130276654001,1.0,0.0,0.6181752017280795,2.9525435740123958,100.0,0.1972130276654001
financial_loan,RandomForest,57,561,Wachter's CE,True,"['dti', 'installment', 'int_rate', 'loan_amount', 'total_acc']",500,0.0522923469543457,5.634391666163299,5.0,,0.654418199461103,6.481489915967913,100.0,5.634391666163299
financial_loan,RandomForest,57,561,SHAP-Targeted CE,True,"['dti', 'installment', 'int_rate']",343,0.026498794555664062,1.1600434367086871,3.0,0.0,0.514538156043733,2.627957092328998,100.0,1.1600434367086871
financial_loan,RandomForest,58,562,Actionable CBFI (Proposed),True,['int_rate'],78,0.29133081436157227,0.129277566539924,1.0,0.0,0.529679457977871,2.730537658657817,100.0,0.129277566539924
financial_loan,RandomForest,58,562,Untargeted Causal (Karimi 2021),True,['int_rate'],457,1.7259321212768555,0.129277566539924,1.0,0.0,0.529679457977871,2.730537658657817,100.0,0.129277566539924
financial_loan,RandomForest,58,562,Wachter's CE,True,"['dti', 'installment', 'int_rate', 'loan_amount', 'total_acc']",500,0.05362510681152344,6.893181767505564,5.0,,1.595597278287129,3.3140272536455417,100.0,6.893181767505564
financial_loan,RandomForest,58,562,SHAP-Targeted CE,True,"['dti', 'installment', 'int_rate']",343,0.027298688888549805,1.0426751820651403,3.0,0.0,0.5362999596819341,3.2288513430085515,100.0,1.0426751820651403
financial_loan,RandomForest,59,563,Actionable CBFI (Proposed),True,"['dti', 'installment', 'loan_amount']",300,1.086319923400879,0.510632990396492,3.0,0.0019085903695496042,0.7457531074315161,3.2524448547479836,100.0,0.510632990396492
financial_loan,RandomForest,59,563,Untargeted Causal (Karimi 2021),True,"['dti', 'installment', 'loan_amount']",500,1.9330558776855469,0.510632990396492,3.0,0.0019085903695496042,0.7457531074315161,3.2524448547479836,100.0,0.510632990396492
financial_loan,RandomForest,59,563,Wachter's CE,True,"['dti', 'home_ownership', 'installment', 'int_rate', 'loan_amount', 'total_acc']",500,0.05327177047729492,7.5502390472518535,6.0,,1.242752226324145,5.937299994179124,86.75538623689032,7.5502390472518535
financial_loan,RandomForest,59,563,SHAP-Targeted CE,True,"['dti', 'installment', 'int_rate']",343,0.026714563369750977,0.6155757038746912,3.0,0.0,0.7191120350699801,3.41798615858444,100.0,0.6155757038746912
financial_loan,RandomForest,60,803,Actionable CBFI (Proposed),True,['int_rate'],54,0.20694637298583984,0.0836501901140685,1.0,0.0,0.3256656526807555,1.850918853917382,100.0,0.0836501901140685
financial_loan,RandomForest,60,803,Untargeted Causal (Karimi 2021),True,['int_rate'],455,1.6578545570373535,0.0836501901140685,1.0,0.0,0.3256656526807555,1.850918853917382,100.0,0.0836501901140685
financial_loan,RandomForest,60,803,Wachter's CE,True,"['dti', 'installment', 'int_rate', 'loan_amount', 'total_acc']",500,0.053943634033203125,6.734181030509247,5.0,,1.7064715363892382,3.2270856266866788,100.0,6.734181030509247
financial_loan,RandomForest,60,803,SHAP-Targeted CE,True,"['dti', 'installment', 'int_rate']",343,0.02773427963256836,1.3832692567238354,3.0,0.0,0.28254505036177924,2.3289124475565015,100.0,1.3832692567238354
financial_loan,RandomForest,61,804,Actionable CBFI (Proposed),True,"['dti', 'int_rate']",216,0.783090353012085,0.2274551197240705,2.0,0.0,0.22592024871229116,1.9663556171624132,100.0,0.2274551197240705
financial_loan,RandomForest,61,804,Untargeted Causal (Karimi 2021),True,"['dti', 'int_rate']",500,1.8962767124176025,0.2274551197240705,2.0,0.0,0.22592024871229116,1.9663556171624132,100.0,0.2274551197240705
financial_loan,RandomForest,61,804,Wachter's CE,True,"['dti', 'installment', 'int_rate', 'loan_amount']",500,0.05286526679992676,6.673649552714071,4.0,,1.727339435994216,3.33749562987053,100.0,6.673649552714071
financial_loan,RandomForest,61,804,SHAP-Targeted CE,True,"['dti', 'installment', 'int_rate']",343,0.02675485610961914,0.6297628044668447,3.0,0.0,0.27557477663181973,2.1285984486337526,100.0,0.6297628044668447
financial_loan,RandomForest,62,805,Actionable CBFI (Proposed),True,"['installment', 'loan_amount']",114,0.41719770431518555,0.25475869396428474,2.0,0.0008020956516309182,0.28766451686484057,2.0212092498042966,100.0,0.25475869396428474
financial_loan,RandomForest,62,805,Untargeted Causal (Karimi 2021),True,"['installment', 'loan_amount']",500,1.9188578128814697,0.25475869396428474,2.0,0.0008020956516309182,0.28766451686484057,2.0212092498042966,100.0,0.25475869396428474
financial_loan,RandomForest,62,805,Wachter's CE,True,"['dti', 'installment', 'int_rate', 'loan_amount', 'total_acc']",500,0.05270195007324219,4.068073585011868,5.0,,1.7906098827889758,3.403272216441322,100.0,4.068073585011868
financial_loan,RandomForest,62,805,SHAP-Targeted CE,True,"['dti', 'installment', 'int_rate']",343,0.027840137481689453,0.8903760465745901,3.0,0.0,0.5734189185202047,2.2695229300269326,100.0,0.8903760465745901
financial_loan,RandomForest,63,806,Actionable CBFI (Proposed),True,"['installment', 'loan_amount']",114,0.4106557369232178,0.15271545911487042,2.0,0.00020052391290772956,0.15432898337460874,2.111388650554161,100.0,0.15271545911487042
financial_loan,RandomForest,63,806,Untargeted Causal (Karimi 2021),True,"['installment', 'loan_amount']",500,1.8498783111572266,0.15271545911487042,2.0,0.00020052391290772956,0.15432898337460874,2.111388650554161,100.0,0.15271545911487042
financial_loan,RandomForest,63,806,Wachter's CE,True,"['dti', 'installment', 'int_rate', 'loan_amount', 'term', 'total_acc']",500,0.052559852600097656,6.805705064938891,6.0,,1.6346798577325115,8.628401615834864,82.9547048867567,6.805705064938891
financial_loan,RandomForest,63,806,SHAP-Targeted CE,True,"['dti', 'installment', 'int_rate']",343,0.027604103088378906,1.3360423377349373,3.0,0.0,0.2972774579930282,2.701346969030884,100.0,1.3360423377349373
financial_loan,RandomForest,64,807,Actionable CBFI (Proposed),True,"['installment', 'int_rate']",240,0.8629345893859863,0.3327820483716815,2.0,0.0,0.5314326044396388,2.7410098375933747,100.0,0.3327820483716815
financial_loan,RandomForest,64,807,Untargeted Causal (Karimi 2021),True,"['installment', 'int_rate']",500,1.909121036529541,0.3327820483716815,2.0,0.0,0.5314326044396388,2.7410098375933747,100.0,0.3327820483716815
financial_loan,RandomForest,64,807,Wachter's CE,True,"['dti', 'installment', 'int_rate', 'loan_amount', 'total_acc']",500,0.05260443687438965,5.7808352217642405,5.0,,1.6243959071972074,3.302836342593726,100.0,5.7808352217642405
financial_loan,RandomForest,64,807,SHAP-Targeted CE,True,"['dti', 'installment', 'int_rate']",343,0.026790857315063477,1.0494542079880655,3.0,0.0,0.3754855393179803,2.5806415803666782,100.0,1.0494542079880655
financial_loan,RandomForest,65,808,Actionable CBFI (Proposed),True,"['installment', 'int_rate']",330,1.2229585647583008,0.4737072965858702,2.0,0.0,0.8683665733627721,3.9578941553436895,100.0,0.4737072965858702
financial_loan,RandomForest,65,808,Untargeted Causal (Karimi 2021),True,"['installment', 'int_rate']",500,1.9385395050048828,0.4737072965858702,2.0,0.0,0.8683665733627721,3.9578941553436895,100.0,0.4737072965858702
financial_loan,RandomForest,65,808,Wachter's CE,True,"['dti', 'home_ownership', 'installment', 'int_rate', 'loan_amount', 'total_acc']",500,0.0535736083984375,5.070980384307377,6.0,,0.9875656066253575,5.448068739779252,80.27994738266798,5.070980384307377
financial_loan,RandomForest,65,808,SHAP-Targeted CE,True,"['dti', 'installment', 'int_rate']",343,0.027070045471191406,0.6692965956926156,3.0,0.0,1.0321670017812759,3.607267798678122,100.0,0.6692965956926156
financial_loan,RandomForest,66,809,Actionable CBFI (Proposed),True,"['installment', 'loan_amount']",276,0.9962151050567627,0.39987331943933707,2.0,0.0018047152161695694,0.5205907017020281,3.8606666234948035,100.0,0.39987331943933707
financial_loan,RandomForest,66,809,Untargeted Causal (Karimi 2021),True,"['installment', 'loan_amount']",500,1.945145845413208,0.39987331943933707,2.0,0.0018047152161695694,0.5205907017020281,3.8606666234948035,100.0,0.39987331943933707
financial_loan,RandomForest,66,809,Wachter's CE,True,"['dti', 'home_ownership', 'installment', 'int_rate', 'loan_amount', 'total_acc']",500,0.05245208740234375,5.875080046937537,6.0,,0.24679250022839908,3.521801339673295,48.93686594851095,5.875080046937537
financial_loan,RandomForest,66,809,SHAP-Targeted CE,True,"['dti', 'installment', 'int_rate']",343,0.027771472930908203,0.924912905993733,3.0,0.0,0.49960127479007355,3.7354187042744003,100.0,0.924912905993733
financial_loan,RandomForest,67,810,Actionable CBFI (Proposed),True,"['dti', 'int_rate']",240,0.8754570484161377,0.14242516842535258,2.0,0.0,0.3605650808045052,2.532519338273673,100.0,0.14242516842535258
financial_loan,RandomForest,67,810,Untargeted Causal (Karimi 2021),True,"['dti', 'int_rate']",500,1.8975446224212646,0.14242516842535258,2.0,0.0,0.3605650808045052,2.532519338273673,100.0,0.14242516842535258
financial_loan,RandomForest,67,810,Wachter's CE,True,"['dti', 'installment', 'int_rate', 'loan_amount', 'total_acc']",500,0.053240060806274414,5.467317296281422,5.0,,0.27580116510760133,2.8401001537123647,100.0,5.467317296281422
financial_loan,RandomForest,67,810,SHAP-Targeted CE,True,"['dti', 'installment', 'int_rate']",343,0.027000904083251953,1.0955902365305639,3.0,1.925929944387236e-34,0.23008255896479848,2.408085556976483,100.0,1.0955902365305639
financial_loan,RandomForest,68,811,Actionable CBFI (Proposed),True,"['int_rate', 'total_acc']",264,0.9629106521606445,0.2607278652906026,2.0,0.0,0.09065194271954581,1.725196011947647,100.0,0.2607278652906026
financial_loan,RandomForest,68,811,Untargeted Causal (Karimi 2021),True,"['int_rate', 'total_acc']",500,1.8724405765533447,0.2607278652906026,2.0,0.0,0.09065194271954581,1.725196011947647,100.0,0.2607278652906026
financial_loan,RandomForest,68,811,Wachter's CE,True,"['dti', 'home_ownership', 'installment', 'int_rate', 'loan_amount']",500,0.05393695831298828,2.996900114302328,5.0,,0.2115352891135089,2.013738821012426,66.63218786546717,2.996900114302328
financial_loan,RandomForest,68,811,SHAP-Targeted CE,True,"['dti', 'installment', 'int_rate']",343,0.027484893798828125,1.2222086778970247,3.0,0.0,0.127320565642785,2.526978503231382,100.0,1.2222086778970247
financial_loan,RandomForest,69,812,Actionable CBFI (Proposed),True,"['dti', 'int_rate']",240,0.8648624420166016,0.9608384496755131,2.0,0.0,0.9421142934181629,3.34738942128658,100.0,0.9608384496755131
financial_loan,RandomForest,69,812,Untargeted Causal (Karimi 2021),True,"['dti', 'int_rate']",500,1.9331347942352295,0.9608384496755131,2.0,0.0,0.9421142934181629,3.34738942128658,100.0,0.9608384496755131
financial_loan,RandomForest,69,812,Wachter's CE,True,"['dti', 'installment', 'int_rate', 'loan_amount', 'total_acc']",500,0.06299924850463867,2.564236349838759,5.0,,1.4106752246238485,3.6527650563058103,99.99999999999997,2.564236349838759
financial_loan,RandomForest,69,812,SHAP-Targeted CE,True,"['dti', 'installment', 'int_rate']",343,0.026437997817993164,1.089576742807453,3.0,0.0,1.3378140851190607,3.255385516364852,100.0,1.089576742807453
financial_loan,RandomForest,70,813,Actionable CBFI (Proposed),True,"['int_rate', 'total_acc']",216,0.7778830528259277,0.6089082020640955,2.0,0.0,0.9951302579737309,3.314147580566198,100.0,0.6089082020640955
financial_loan,RandomForest,70,813,Untargeted Causal (Karimi 2021),True,"['int_rate', 'total_acc']",500,1.9341957569122314,0.6089082020640955,2.0,0.0,0.9951302579737309,3.314147580566198,100.0,0.6089082020640955
financial_loan,RandomForest,70,813,Wachter's CE,True,"['dti', 'installment', 'int_rate', 'loan_amount', 'term', 'total_acc']",500,0.05224037170410156,6.604620747999326,6.0,,1.3964180768215453,3.757533598138332,82.4357437449049,6.604620747999326
financial_loan,RandomForest,70,813,SHAP-Targeted CE,True,"['dti', 'installment', 'int_rate']",343,0.026596784591674805,1.56809743707612,3.0,0.0,1.0662715427964409,3.6679033233355076,100.0,1.56809743707612
financial_loan,RandomForest,71,814,Actionable CBFI (Proposed),True,['int_rate'],54,0.20641422271728516,0.2623574144486694,1.0,0.0,0.5382067162374577,2.203634092104586,100.0,0.2623574144486694
financial_loan,RandomForest,71,814,Untargeted Causal (Karimi 2021),True,['int_rate'],395,1.4056670665740967,0.2623574144486694,1.0,0.0,0.5382067162374577,2.203634092104586,100.0,0.2623574144486694
financial_loan,RandomForest,71,814,Wachter's CE,True,"['dti', 'installment', 'int_rate', 'loan_amount', 'total_acc']",500,0.05192732810974121,2.6969888727101807,5.0,,1.0223598853511593,2.8555609699146656,100.0,2.6969888727101807
financial_loan,RandomForest,71,814,SHAP-Targeted CE,True,"['dti', 'installment', 'int_rate']",343,0.02673029899597168,0.6409158280209032,3.0,0.0,0.4509349680009419,2.4121191402582265,100.0,0.6409158280209032
financial_loan,RandomForest,72,815,Actionable CBFI (Proposed),True,"['installment', 'loan_amount']",54,0.20477890968322754,0.2188060439005269,2.0,0.00020052391290772956,0.4361029520201882,2.3434159656882243,100.0,0.2188060439005269
financial_loan,RandomForest,72,815,Untargeted Causal (Karimi 2021),True,"['installment', 'loan_amount']",423,1.5403149127960205,0.2188060439005269,2.0,0.00020052391290772956,0.4361029520201882,2.3434159656882243,100.0,0.2188060439005269
financial_loan,RandomForest,72,815,Wachter's CE,True,"['dti', 'home_ownership', 'installment', 'int_rate', 'loan_amount', 'term', 'total_acc']",500,0.05338621139526367,6.162541874912242,7.0,,1.4821721262123846,4.1625147608132735,74.36080292029837,6.162541874912242
financial_loan,RandomForest,72,815,SHAP-Targeted CE,True,"['dti', 'installment', 'int_rate']",343,0.027344465255737305,1.2643445496677237,3.0,0.0,0.5243788191147953,2.487831706781577,100.0,1.2643445496677237
financial_loan,RandomForest,73,816,Actionable CBFI (Proposed),True,"['installment', 'loan_amount']",54,0.20448803901672363,0.14388868456540344,2.0,0.00020052391290773178,0.20531349012884548,1.6543700544839903,100.0,0.14388868456540344
financial_loan,RandomForest,73,816,Untargeted Causal (Karimi 2021),True,"['installment', 'loan_amount']",435,1.5773675441741943,0.14388868456540344,2.0,0.00020052391290773178,0.20531349012884548,1.6543700544839903,100.0,0.14388868456540344
financial_loan,RandomForest,73,816,Wachter's CE,True,"['dti', 'installment', 'int_rate', 'loan_amount', 'total_acc']",500,0.05672478675842285,5.275749065800658,5.0,,0.6632896019110504,6.224422253169914,100.0,5.275749065800658
financial_loan,RandomForest,73,816,SHAP-Targeted CE,True,"['dti', 'installment', 'int_rate']",343,0.028574466705322266,0.36010006567574193,3.0,0.0,0.2158642691374924,1.6060849957990522,100.0,0.36010006567574193
financial_loan,RandomForest,74,817,Actionable CBFI (Proposed),True,"['dti', 'int_rate']",54,0.20565295219421387,0.13817367086041651,2.0,0.0,0.1782328097338421,2.6453809993324295,100.0,0.13817367086041651
financial_loan,RandomForest,74,817,Untargeted Causal (Karimi 2021),True,"['dti', 'int_rate']",455,1.696979284286499,0.13817367086041651,2.0,0.0,0.1782328097338421,2.6453809993324295,100.0,0.13817367086041651
financial_loan,RandomForest,74,817,Wachter's CE,True,"['dti', 'home_ownership', 'installment', 'int_rate', 'loan_amount', 'total_acc']",500,0.05319952964782715,4.700396480433465,6.0,,0.24224785727265832,3.6312288718126977,78.72519894517961,4.700396480433465
financial_loan,RandomForest,74,817,SHAP-Targeted CE,True,"['dti', 'installment', 'int_rate']",343,0.038352251052856445,1.1316341342235232,3.0,0.0,0.2801072917304365,3.0237403955133018,100.0,1.1316341342235232
financial_loan,RandomForest,75,818,Actionable CBFI (Proposed),True,"['dti', 'int_rate']",30,0.11918306350708008,0.1870658928571793,2.0,0.0,0.3184616016442681,1.763833460576847,100.0,0.1870658928571793
financial_loan,RandomForest,75,818,Untargeted Causal (Karimi 2021),True,"['dti', 'int_rate']",256,0.9155852794647217,0.1870658928571793,2.0,0.0,0.3184616016442681,1.763833460576847,100.0,0.1870658928571793
financial_loan,RandomForest,75,818,Wachter's CE,True,"['dti', 'installment', 'int_rate', 'loan_amount', 'total_acc']",500,0.08739018440246582,4.172164266978424,5.0,,0.6932552951829329,5.7382492338833595,100.0,4.172164266978424
financial_loan,RandomForest,75,818,SHAP-Targeted CE,True,"['dti', 'installment', 'int_rate']",343,0.02741265296936035,1.4138916355134383,3.0,0.0,0.412280401494,2.571392724462278,100.0,1.4138916355134383
financial_loan,RandomForest,76,819,Actionable CBFI (Proposed),True,"['installment', 'int_rate']",248,0.888063907623291,0.2841089002222397,2.0,0.0,0.8236003095064351,2.213593173501657,100.0,0.2841089002222397
financial_loan,RandomForest,76,819,Untargeted Causal (Karimi 2021),True,"['installment', 'int_rate']",491,1.778113603591919,0.2841089002222397,2.0,0.0,0.8236003095064351,2.213593173501657,100.0,0.2841089002222397
financial_loan,RandomForest,76,819,Wachter's CE,True,"['dti', 'installment', 'int_rate', 'loan_amount', 'total_acc']",500,0.05245351791381836,5.028380385182787,5.0,,0.7127401689422185,5.73168140803811,77.27186379485492,5.028380385182787
financial_loan,RandomForest,76,819,SHAP-Targeted CE,True,"['dti', 'installment', 'int_rate']",343,0.027478933334350586,1.625438205406616,3.0,0.0,1.1339498919595772,3.065628104183515,100.0,1.625438205406616
financial_loan,RandomForest,77,820,Actionable CBFI (Proposed),True,"['installment', 'total_acc']",330,1.2380144596099854,0.4201591388057003,2.0,0.0,1.2531829366172649,2.61834747092694,100.0,0.4201591388057003
financial_loan,RandomForest,77,820,Untargeted Causal (Karimi 2021),True,"['installment', 'total_acc']",492,1.9429881572723389,0.4201591388057003,2.0,0.0,1.2531829366172649,2.61834747092694,100.0,0.4201591388057003
financial_loan,RandomForest,77,820,Wachter's CE,True,"['dti', 'installment', 'int_rate', 'loan_amount', 'total_acc']",500,0.05327725410461426,6.487955247703262,5.0,,0.695692175656639,5.7320404233621725,100.0,6.487955247703262
financial_loan,RandomForest,77,820,SHAP-Targeted CE,True,"['dti', 'installment', 'int_rate']",343,0.027033567428588867,0.9709770166273568,3.0,0.0,1.2223373526913335,2.5481169392098293,100.0,0.9709770166273568
financial_loan,RandomForest,78,821,Actionable CBFI (Proposed),True,"['installment', 'loan_amount']",168,0.6153435707092285,0.21880604390052721,2.0,0.00020052391290772956,0.5641968548185499,2.283914261020838,100.0,0.21880604390052721
financial_loan,RandomForest,78,821,Untargeted Causal (Karimi 2021),True,"['installment', 'loan_amount']",500,1.8914904594421387,0.21880604390052721,2.0,0.00020052391290772956,0.5641968548185499,2.283914261020838,100.0,0.21880604390052721
financial_loan,RandomForest,78,821,Wachter's CE,True,"['dti', 'installment', 'int_rate', 'loan_amount', 'total_acc']",500,0.07051706314086914,4.565761711031014,5.0,,0.6559463204721154,6.337134879247421,100.0,4.565761711031014
financial_loan,RandomForest,78,821,SHAP-Targeted CE,True,"['dti', 'installment', 'int_rate']",343,0.02799391746520996,1.4805214875779458,3.0,0.0,0.6472526168263292,2.423501770663659,100.0,1.4805214875779458
financial_loan,RandomForest,79,822,Actionable CBFI (Proposed),True,"['installment', 'int_rate']",144,0.5284197330474854,0.1399780884427015,2.0,0.0,0.21659769304772028,2.0734862899919477,100.0,0.1399780884427015
financial_loan,RandomForest,79,822,Untargeted Causal (Karimi 2021),True,"['installment', 'int_rate']",465,1.697803020477295,0.1399780884427015,2.0,0.0,0.21659769304772028,2.0734862899919477,100.0,0.1399780884427015
financial_loan,RandomForest,79,822,Wachter's CE,True,"['dti', 'home_ownership', 'installment', 'int_rate', 'loan_amount', 'total_acc']",500,0.0530247688293457,4.654995975933412,6.0,,0.23720243169936836,1.7509933502040955,78.5177043080154,4.654995975933412
financial_loan,RandomForest,79,822,SHAP-Targeted CE,True,"['dti', 'installment', 'int_rate']",343,0.0266263484954834,1.5641128162659395,3.0,7.703719777548943e-34,0.33223802455815965,2.871513849837617,100.0,1.5641128162659395
financial_loan,RandomForest,80,823,Actionable CBFI (Proposed),True,['installment'],276,1.0470466613769531,0.7372808630624005,1.0,0.0,1.2357112997717998,3.9362519289290048,100.0,0.7372808630624005
financial_loan,RandomForest,80,823,Untargeted Causal (Karimi 2021),True,['installment'],500,1.9062907695770264,0.7372808630624005,1.0,0.0,1.2357112997717998,3.9362519289290048,100.0,0.7372808630624005
financial_loan,RandomForest,80,823,Wachter's CE,True,"['dti', 'installment', 'int_rate', 'loan_amount', 'total_acc']",500,0.05171704292297363,4.214801781889501,5.0,,3.3057537837669653,4.349129277085863,100.0,4.214801781889501
financial_loan,RandomForest,80,823,SHAP-Targeted CE,True,"['dti', 'installment', 'int_rate']",343,0.026692628860473633,1.0066079056591857,3.0,0.0,1.375669692314531,4.078340881520275,100.0,1.0066079056591857
financial_loan,RandomForest,81,957,Actionable CBFI (Proposed),True,['installment'],50,0.18922996520996094,0.1402476400637485,1.0,0.0,0.5607659604073486,3.1067065266777374,100.0,0.1402476400637485
financial_loan,RandomForest,81,957,Untargeted Causal (Karimi 2021),True,['installment'],453,1.6973876953125,0.1402476400637485,1.0,0.0,0.5607659604073486,3.1067065266777374,100.0,0.1402476400637485
financial_loan,RandomForest,81,957,Wachter's CE,True,"['dti', 'installment', 'int_rate', 'loan_amount', 'total_acc']",500,0.054390907287597656,6.791749948353427,5.0,,0.5181628606480077,3.498019796584792,43.20840893033801,6.791749948353427
financial_loan,RandomForest,81,957,SHAP-Targeted CE,True,"['dti', 'installment', 'int_rate']",343,0.026729106903076172,0.357047800903067,3.0,0.0,0.5526815227314548,3.1342515216247704,100.0,0.357047800903067
financial_loan,RandomForest,82,958,Actionable CBFI (Proposed),True,"['installment', 'total_acc']",126,0.4580659866333008,0.28727298201369544,2.0,0.0,0.6752012369013476,3.6456524432861688,100.0,0.28727298201369544
financial_loan,RandomForest,82,958,Untargeted Causal (Karimi 2021),True,"['installment', 'total_acc']",455,1.7118897438049316,0.28727298201369544,2.0,0.0,0.6752012369013476,3.6456524432861688,100.0,0.28727298201369544
financial_loan,RandomForest,82,958,Wachter's CE,True,"['dti', 'installment', 'int_rate', 'loan_amount', 'total_acc']",500,0.05354881286621094,6.025309171370454,5.0,,1.551302621128562,5.297325371405412,100.0,6.025309171370454
financial_loan,RandomForest,82,958,SHAP-Targeted CE,True,"['dti', 'installment', 'int_rate']",343,0.027882814407348633,1.5885130399570824,3.0,0.0,0.6331722357233149,4.333655997854665,100.0,1.5885130399570824
financial_loan,RandomForest,83,959,Actionable CBFI (Proposed),True,"['installment', 'loan_amount']",162,0.5993616580963135,0.437612087801054,2.0,0.0008020956516309182,0.1493965260409497,3.4704217545826324,45.70257668269059,0.437612087801054
financial_loan,RandomForest,83,959,Untargeted Causal (Karimi 2021),True,"['installment', 'loan_amount']",455,1.763918399810791,0.437612087801054,2.0,0.0008020956516309182,0.1493965260409497,3.4704217545826324,45.70257668269059,0.437612087801054
financial_loan,RandomForest,83,959,Wachter's CE,True,"['dti', 'installment', 'int_rate', 'loan_amount', 'total_acc']",500,0.05297732353210449,3.798197766386059,5.0,,0.566425462929885,3.5651841980672585,68.75702612580048,3.798197766386059
financial_loan,RandomForest,83,959,SHAP-Targeted CE,True,"['dti', 'installment', 'int_rate']",343,0.026884794235229492,0.9583922608104843,3.0,0.0,0.10681278472672887,3.524250189404135,67.81907551347201,0.9583922608104843
financial_loan,RandomForest,84,960,Actionable CBFI (Proposed),True,['dti'],106,0.38785648345947266,0.6763005780346818,1.0,0.0008292338214069892,0.3410113555989796,2.571394433680793,100.0,0.6763005780346818
financial_loan,RandomForest,84,960,Untargeted Causal (Karimi 2021),True,['installment'],459,1.6931283473968506,0.1415389644885798,1.0,0.0,0.677004693534683,2.8217694122383117,0.0,0.1415389644885798
financial_loan,RandomForest,84,960,Wachter's CE,True,"['dti', 'installment', 'int_rate', 'loan_amount', 'total_acc']",500,0.05314064025878906,5.358693270397997,5.0,,0.5416050567465829,3.446907353694348,96.18020183493259,5.358693270397997
financial_loan,RandomForest,84,960,SHAP-Targeted CE,True,"['dti', 'installment', 'int_rate']",343,0.026834964752197266,1.3045535108797828,3.0,0.0,0.9027749822333412,3.183507741327378,48.36860479277868,1.3045535108797828
financial_loan,RandomForest,85,961,Actionable CBFI (Proposed),True,"['dti', 'installment', 'int_rate', 'loan_amount']",266,1.025794267654419,0.30383599519924503,4.0,,0.05882138272526767,3.178349425897301,100.0,0.30383599519924503
financial_loan,RandomForest,85,961,Untargeted Causal (Karimi 2021),True,"['dti', 'installment', 'int_rate', 'loan_amount']",500,1.9271368980407715,0.30383599519924503,4.0,,0.05882138272526767,3.178349425897301,100.0,0.30383599519924503
financial_loan,RandomForest,85,961,Wachter's CE,True,"['dti', 'home_ownership', 'installment', 'int_rate', 'loan_amount', 'term', 'total_acc']",500,0.05224180221557617,8.5437037336842,7.0,,0.5672098467800368,3.2069011929782216,59.87019756953853,8.5437037336842
financial_loan,RandomForest,85,961,SHAP-Targeted CE,True,"['dti', 'installment', 'int_rate']",343,0.026599884033203125,0.7981440392697328,3.0,0.0,0.1287522712425956,3.488947838230458,100.0,0.7981440392697328
financial_loan,RandomForest,86,962,Actionable CBFI (Proposed),True,"['dti', 'int_rate']",212,0.7613775730133057,0.3505498289339696,2.0,0.0,1.2673462375627458,4.128358333920091,100.0,0.3505498289339696
financial_loan,RandomForest,86,962,Untargeted Causal (Karimi 2021),True,"['dti', 'int_rate']",474,1.7457664012908936,0.3505498289339696,2.0,0.0,1.2673462375627458,4.128358333920091,100.0,0.3505498289339696
financial_loan,RandomForest,86,962,Wachter's CE,True,"['dti', 'installment', 'int_rate', 'loan_amount', 'total_acc']",500,0.05252957344055176,3.4931454288515837,5.0,,1.547561666957478,5.2589016016067935,46.834653896633874,3.4931454288515837
financial_loan,RandomForest,86,962,SHAP-Targeted CE,True,"['dti', 'installment', 'int_rate']",343,0.027282238006591797,1.214202825194151,3.0,0.0,1.2747889816310176,3.7957608671666896,100.0,1.214202825194151
financial_loan,RandomForest,87,963,Actionable CBFI (Proposed),True,['int_rate'],156,0.5690305233001709,0.23954372623574144,1.0,0.0,0.028496953292262456,2.555275960986809,100.0,0.23954372623574144
financial_loan,RandomForest,87,963,Untargeted Causal (Karimi 2021),True,['int_rate'],500,1.9224894046783447,0.23954372623574144,1.0,0.0,0.028496953292262456,2.555275960986809,100.0,0.23954372623574144
financial_loan,RandomForest,87,963,Wachter's CE,True,"['dti', 'home_ownership', 'installment', 'int_rate', 'loan_amount']",500,0.05260419845581055,6.1762112182437265,5.0,,2.200426992815137,7.621156569777679,83.80884389047236,6.1762112182437265
financial_loan,RandomForest,87,963,SHAP-Targeted CE,True,"['dti', 'installment', 'int_rate']",343,0.026709318161010742,1.5465021914600516,3.0,7.703719777548943e-34,0.04768038763730612,2.7894156175749556,100.0,1.5465021914600516
financial_loan,RandomForest,88,964,Actionable CBFI (Proposed),True,"['installment', 'int_rate', 'loan_amount']",232,0.8493857383728027,0.2358813370215619,3.0,0.0,0.31285752802236555,3.284078695867492,100.0,0.2358813370215619
financial_loan,RandomForest,88,964,Untargeted Causal (Karimi 2021),True,"['installment', 'int_rate', 'loan_amount']",451,1.6914899349212646,0.2358813370215619,3.0,0.0,0.31285752802236555,3.284078695867492,100.0,0.2358813370215619
financial_loan,RandomForest,88,964,Wachter's CE,True,"['dti', 'home_ownership', 'installment', 'int_rate', 'loan_amount', 'term', 'total_acc']",500,0.05405545234680176,7.89410915317791,7.0,,0.524258678325187,5.199239938987147,51.13897233622495,7.89410915317791
financial_loan,RandomForest,88,964,SHAP-Targeted CE,True,"['dti', 'installment', 'int_rate']",343,0.027170181274414062,1.6388846323554445,3.0,0.0,0.24700829944226657,3.145532866935429,100.0,1.6388846323554445
financial_loan,RandomForest,89,965,Actionable CBFI (Proposed),True,['installment'],232,0.8609700202941895,0.2676637652731804,1.0,0.0,0.6118113112519131,3.545269515236917,100.0,0.2676637652731804
financial_loan,RandomForest,89,965,Untargeted Causal (Karimi 2021),True,['installment'],500,1.908738136291504,0.2676637652731804,1.0,0.0,0.6118113112519131,3.545269515236917,100.0,0.2676637652731804
financial_loan,RandomForest,89,965,Wachter's CE,True,"['dti', 'installment', 'int_rate', 'loan_amount', 'total_acc']",500,0.054854393005371094,6.176382617283535,5.0,,1.554426126038735,5.219440508389691,88.43520943331927,6.176382617283535
financial_loan,RandomForest,89,965,SHAP-Targeted CE,True,"['dti', 'installment', 'int_rate']",343,0.027269601821899414,1.049693162744676,3.0,0.0,0.8571134184761285,3.5913807530153425,100.0,1.049693162744676
financial_loan,RandomForest,90,966,Actionable CBFI (Proposed),True,"['installment', 'loan_amount']",260,0.9666874408721924,0.2640071921866698,2.0,0.0002887544345871295,0.5480045387452088,3.7426917921112848,100.0,0.2640071921866698
financial_loan,RandomForest,90,966,Untargeted Causal (Karimi 2021),True,"['installment', 'loan_amount']",500,1.9066481590270996,0.2640071921866698,2.0,0.0002887544345871295,0.5480045387452088,3.7426917921112848,100.0,0.2640071921866698
financial_loan,RandomForest,90,966,Wachter's CE,True,"['dti', 'home_ownership', 'installment', 'int_rate', 'loan_amount', 'term', 'total_acc']",500,0.0530705451965332,6.4382100446801385,7.0,,0.48326038285491035,5.168968031394957,53.40319779596373,6.4382100446801385
financial_loan,RandomForest,90,966,SHAP-Targeted CE,True,"['dti', 'installment', 'int_rate']",343,0.026546239852905273,1.3954505861880273,3.0,0.0,0.5346095564956362,4.487760190115625,100.0,1.3954505861880273
financial_loan,RandomForest,91,967,Actionable CBFI (Proposed),True,['installment'],294,1.1378207206726074,0.18895835887376908,1.0,0.0,0.5532899495447969,3.2731927515578545,100.0,0.18895835887376908
financial_loan,RandomForest,91,967,Untargeted Causal (Karimi 2021),True,['installment'],500,1.9200201034545898,0.18895835887376908,1.0,0.0,0.5532899495447969,3.2731927515578545,100.0,0.18895835887376908
financial_loan,RandomForest,91,967,Wachter's CE,True,"['dti', 'home_ownership', 'installment', 'int_rate', 'loan_amount', 'term', 'total_acc']",500,0.053952693939208984,7.710967764555033,7.0,,0.47108730917930586,5.004362394272362,48.12583683222253,7.710967764555033
financial_loan,RandomForest,91,967,SHAP-Targeted CE,True,"['dti', 'installment', 'int_rate']",343,0.026779651641845703,1.0609152516992524,3.0,0.0,0.6932318396861558,3.2796485534830975,100.0,1.0609152516992524
financial_loan,RandomForest,92,968,Actionable CBFI (Proposed),True,"['installment', 'loan_amount']",236,0.864593505859375,0.5141942031662392,2.0,0.001107393309032938,0.41691389075092256,5.113428574169803,100.0,0.5141942031662392
financial_loan,RandomForest,92,968,Untargeted Causal (Karimi 2021),True,"['dti', 'int_rate']",500,1.8979194164276123,0.44428149553580165,2.0,0.0,0.6293366764485795,5.316274689916002,9.359831721689678,0.44428149553580165
financial_loan,RandomForest,92,968,Wachter's CE,True,"['dti', 'installment', 'int_rate', 'loan_amount', 'term', 'total_acc']",500,0.05290508270263672,6.1107819419661125,6.0,,1.0472244469166239,5.9036600570411375,95.10483354147253,6.1107819419661125
financial_loan,RandomForest,92,968,SHAP-Targeted CE,True,"['dti', 'installment', 'int_rate']",343,0.026513099670410156,1.2341623991691173,3.0,1.232595164407831e-32,0.36410188629705476,4.9395278884354585,85.22057912660237,1.2341623991691173
financial_loan,RandomForest,93,969,Actionable CBFI (Proposed),True,"['dti', 'int_rate']",248,0.917809009552002,0.46713847190780844,2.0,0.0,0.4812555892981466,3.2972647185764736,100.0,0.46713847190780844
financial_loan,RandomForest,93,969,Untargeted Causal (Karimi 2021),True,"['dti', 'int_rate']",500,1.902512788772583,0.46713847190780844,2.0,0.0,0.4812555892981466,3.2972647185764736,100.0,0.46713847190780844
financial_loan,RandomForest,93,969,Wachter's CE,True,"['dti', 'home_ownership', 'installment', 'int_rate', 'loan_amount', 'total_acc']",500,0.05309128761291504,6.085646728796749,6.0,,0.7240641162376915,3.920443736330363,41.31390252199683,6.085646728796749
financial_loan,RandomForest,93,969,SHAP-Targeted CE,True,"['dti', 'installment', 'int_rate']",343,0.03426241874694824,1.058884181774086,3.0,0.0,0.6712847974940349,2.9727406140537203,100.0,1.058884181774086
financial_loan,RandomForest,94,970,Actionable CBFI (Proposed),True,"['dti', 'int_rate']",278,1.0813820362091064,0.7057485957793592,2.0,0.0,1.0778686174198056,3.218624791916386,100.0,0.7057485957793592
financial_loan,RandomForest,94,970,Untargeted Causal (Karimi 2021),True,"['dti', 'int_rate']",500,1.9910037517547607,0.7057485957793592,2.0,0.0,1.0778686174198056,3.218624791916386,100.0,0.7057485957793592
financial_loan,RandomForest,94,970,Wachter's CE,True,"['dti', 'home_ownership', 'installment', 'int_rate', 'loan_amount', 'total_acc']",500,0.05339479446411133,7.924487178044424,6.0,,3.123187327206205,4.422623332894058,72.9590433461216,7.924487178044424
financial_loan,RandomForest,94,970,SHAP-Targeted CE,True,"['dti', 'installment', 'int_rate']",343,0.027511119842529297,1.45766786215238,3.0,0.0,1.0908212989242176,3.496039858985051,100.0,1.45766786215238
financial_loan,RandomForest,95,971,Actionable CBFI (Proposed),True,"['dti', 'int_rate']",50,0.19002461433410645,0.4102695150163141,2.0,0.0,1.1632853512034727,3.2448833427686954,100.0,0.4102695150163141
financial_loan,RandomForest,95,971,Untargeted Causal (Karimi 2021),True,"['dti', 'int_rate']",463,1.6735873222351074,0.4102695150163141,2.0,0.0,1.1632853512034727,3.2448833427686954,100.0,0.4102695150163141
financial_loan,RandomForest,95,971,Wachter's CE,True,"['dti', 'home_ownership', 'installment', 'int_rate', 'loan_amount', 'total_acc']",500,0.054198503494262695,3.7197553990059915,6.0,,1.1172311018585726,3.7069163994457353,61.59501700157013,3.7197553990059915
financial_loan,RandomForest,95,971,SHAP-Targeted CE,True,"['dti', 'installment', 'int_rate']",343,0.02828383445739746,1.201851921622745,3.0,0.0,0.9926978376366082,3.0049513470217746,100.0,1.201851921622745
financial_loan,RandomForest,96,972,Actionable CBFI (Proposed),True,"['installment', 'total_acc']",274,1.0787339210510254,0.6552946052762164,2.0,0.0,0.7399283842908855,2.4846961733683988,100.0,0.6552946052762164
financial_loan,RandomForest,96,972,Untargeted Causal (Karimi 2021),True,"['installment', 'total_acc']",500,2.1058592796325684,0.6552946052762164,2.0,0.0,0.7399283842908855,2.4846961733683988,100.0,0.6552946052762164
financial_loan,RandomForest,96,972,Wachter's CE,True,"['dti', 'installment', 'int_rate', 'loan_amount', 'term', 'total_acc']",500,0.05273270606994629,5.729967093880534,6.0,,1.5128391083675095,2.9932781630177945,90.64345119533706,5.729967093880534
financial_loan,RandomForest,96,972,SHAP-Targeted CE,True,"['dti', 'installment', 'int_rate']",343,0.026547670364379883,1.2277400290000877,3.0,0.0,0.3923800463327926,2.941408274192518,95.55344265648684,1.2277400290000877
financial_loan,RandomForest,97,973,Actionable CBFI (Proposed),True,"['dti', 'installment', 'int_rate', 'loan_amount']",268,1.0626685619354248,0.38149886610616135,4.0,,0.06652664127385698,3.345001383898573,100.0,0.38149886610616135
financial_loan,RandomForest,97,973,Untargeted Causal (Karimi 2021),True,"['dti', 'installment', 'int_rate', 'loan_amount']",500,1.8919808864593506,0.38149886610616135,4.0,,0.06652664127385698,3.345001383898573,100.0,0.38149886610616135
financial_loan,RandomForest,97,973,Wachter's CE,True,"['dti', 'home_ownership', 'installment', 'int_rate', 'loan_amount', 'total_acc']",500,0.05348396301269531,6.560168501313061,6.0,,1.7803167868465042,5.265278540736672,67.3353338038766,6.560168501313061
financial_loan,RandomForest,97,973,SHAP-Targeted CE,True,"['dti', 'installment', 'int_rate']",343,0.027093172073364258,1.1047937228596894,3.0,0.0,0.10722882171006354,3.7953677737911753,100.0,1.1047937228596894
financial_loan,RandomForest,98,974,Actionable CBFI (Proposed),True,['int_rate'],162,0.587794303894043,0.04942965779467661,1.0,0.0,0.14777112403802156,3.4588247080400225,100.0,0.04942965779467661
financial_loan,RandomForest,98,974,Untargeted Causal (Karimi 2021),True,['int_rate'],455,1.6777863502502441,0.04942965779467661,1.0,0.0,0.14777112403802156,3.4588247080400225,100.0,0.04942965779467661
financial_loan,RandomForest,98,974,Wachter's CE,True,"['dti', 'installment', 'int_rate', 'loan_amount', 'total_acc']",500,0.05206894874572754,4.703182280957069,5.0,,1.111450790395102,3.734966960184848,90.88762878048145,4.703182280957069
financial_loan,RandomForest,98,974,SHAP-Targeted CE,True,"['dti', 'installment', 'int_rate']",343,0.027637243270874023,1.0661866745648823,3.0,0.0,0.14309412454251133,3.00152898336232,100.0,1.0661866745648823
financial_loan,RandomForest,99,975,Actionable CBFI (Proposed),True,['int_rate'],264,0.9880588054656982,0.19011406844106502,1.0,0.0,0.8385829302333166,3.3011306143794026,100.0,0.19011406844106502
financial_loan,RandomForest,99,975,Untargeted Causal (Karimi 2021),True,['int_rate'],500,1.8923864364624023,0.19011406844106502,1.0,0.0,0.8385829302333166,3.3011306143794026,100.0,0.19011406844106502
financial_loan,RandomForest,99,975,Wachter's CE,True,"['dti', 'installment', 'int_rate', 'loan_amount', 'term', 'total_acc']",500,0.05410885810852051,7.168368327710439,6.0,,0.7112682157637079,5.749162611871053,86.04982397271155,7.168368327710439
financial_loan,RandomForest,99,975,SHAP-Targeted CE,True,"['dti', 'installment', 'int_rate']",343,0.026906251907348633,0.8290170136726169,3.0,4.81482486096809e-35,0.44448600642329866,2.914656060817379,100.0,0.8290170136726169
financial_loan,RandomForest,100,976,Actionable CBFI (Proposed),True,"['dti', 'installment', 'int_rate']",264,0.9931282997131348,0.6112232658667671,3.0,0.0,0.5132141988451859,3.278915737081768,100.0,0.6112232658667671
financial_loan,RandomForest,100,976,Untargeted Causal (Karimi 2021),True,"['dti', 'installment', 'int_rate']",500,1.858443260192871,0.6112232658667671,3.0,0.0,0.5132141988451859,3.278915737081768,100.0,0.6112232658667671
financial_loan,RandomForest,100,976,Wachter's CE,True,"['dti', 'installment', 'int_rate', 'loan_amount', 'total_acc']",500,0.052343130111694336,2.8014688325028683,5.0,,1.1093335193354987,3.8658822782595976,74.50317112228723,2.8014688325028683
financial_loan,RandomForest,100,976,SHAP-Targeted CE,True,"['dti', 'installment', 'int_rate']",343,0.026517629623413086,0.8685896692768849,3.0,0.0,0.6289875448925168,3.2414646394028033,100.0,0.8685896692768849
financial_loan,SVM (RBF Kernel),1,0,Actionable CBFI (Proposed),False,[],299,0.9301533699035645,,,,,,,
financial_loan,SVM (RBF Kernel),1,0,Untargeted Causal (Karimi 2021),True,['total_acc'],500,1.52980637550354,12.285714285714286,1.0,0.0,1.7096434286513744,9.082786776820138,2.530624915135333e-15,12.285714285714286
financial_loan,SVM (RBF Kernel),1,0,Wachter's CE,True,"['dti', 'home_ownership', 'installment', 'int_rate', 'loan_amount', 'term', 'total_acc']",500,0.5230138301849365,6.920289466153997,7.0,,1.4862515923120896,3.275604603620342,93.08710256392693,6.920289466153997
financial_loan,SVM (RBF Kernel),1,0,SHAP-Targeted CE,True,"['dti', 'int_rate', 'loan_amount']",343,0.34871768951416016,9.67870893377388,3.0,8.54612559594177,3.7821976935052017,10.293188325442802,82.08994818062988,9.67870893377388
financial_loan,SVM (RBF Kernel),2,1,Actionable CBFI (Proposed),True,['int_rate'],330,0.8848862648010254,2.2053231939163505,1.0,0.0,0.7495711976955666,2.5462562455708215,100.0,2.2053231939163505
financial_loan,SVM (RBF Kernel),2,1,Untargeted Causal (Karimi 2021),True,['int_rate'],500,1.4375770092010498,2.2053231939163505,1.0,0.0,0.7495711976955666,2.5462562455708215,100.0,2.2053231939163505
financial_loan,SVM (RBF Kernel),2,1,Wachter's CE,True,"['dti', 'installment', 'int_rate', 'loan_amount', 'total_acc']",500,0.523728609085083,5.913055578182714,5.0,,0.7021912726081434,5.892078132069202,100.0,5.913055578182714
financial_loan,SVM (RBF Kernel),2,1,SHAP-Targeted CE,True,"['dti', 'int_rate', 'loan_amount']",343,0.34953975677490234,3.1887978001958523,3.0,0.12111856003318833,0.951193280584139,2.7941720780311887,100.0,3.1887978001958523
financial_loan,SVM (RBF Kernel),3,2,Actionable CBFI (Proposed),True,['int_rate'],330,0.9529469013214111,1.1863117870722433,1.0,0.0,0.3254063302482298,2.0638901971928316,100.0,1.1863117870722433
financial_loan,SVM (RBF Kernel),3,2,Untargeted Causal (Karimi 2021),True,['int_rate'],500,1.4765870571136475,1.1863117870722433,1.0,0.0,0.3254063302482298,2.0638901971928316,100.0,1.1863117870722433
financial_loan,SVM (RBF Kernel),3,2,Wachter's CE,True,"['dti', 'installment', 'int_rate', 'loan_amount', 'term', 'total_acc']",500,0.6100063323974609,6.784419947974123,6.0,,1.0716012864180058,3.8895548767431394,91.45061389365954,6.784419947974123
financial_loan,SVM (RBF Kernel),3,2,SHAP-Targeted CE,True,"['dti', 'int_rate']",343,0.3492879867553711,1.7728692449895103,2.0,2.4074124304840448e-33,0.262945792156516,2.0255278174933458,100.0,1.7728692449895103
financial_loan,SVM (RBF Kernel),4,3,Actionable CBFI (Proposed),True,['term'],296,0.9193723201751709,2.3201050257115603,1.0,0.09516988872562816,0.5632734680159568,3.1911468453654472,100.0,2.320074072612378
financial_loan,SVM (RBF Kernel),4,3,Untargeted Causal (Karimi 2021),True,['int_rate'],500,1.4870965480804443,1.0456273764258552,1.0,0.0,0.6964293817189432,4.484925386234877,0.0,1.0456273764258552
financial_loan,SVM (RBF Kernel),4,3,Wachter's CE,True,"['dti', 'home_ownership', 'installment', 'int_rate', 'loan_amount', 'term', 'total_acc']",500,0.5244100093841553,6.213637819918995,7.0,,0.6620656385382677,3.242941486119243,80.93853100689294,6.213637819918995
financial_loan,SVM (RBF Kernel),4,3,SHAP-Targeted CE,True,"['dti', 'int_rate', 'loan_amount']",343,0.3507401943206787,1.663197237546124,3.0,0.31006351368496243,1.0839883553935208,5.840446775815377,52.753359704803216,1.663197237546124
financial_loan,SVM (RBF Kernel),5,5,Actionable CBFI (Proposed),True,['int_rate'],296,0.8215723037719727,0.6882129277566541,1.0,0.0,0.06054218784731501,1.4380603241224046,100.0,0.6882129277566541
financial_loan,SVM (RBF Kernel),5,5,Untargeted Causal (Karimi 2021),True,['int_rate'],500,1.431349277496338,0.6882129277566541,1.0,0.0,0.06054218784731501,1.4380603241224046,100.0,0.6882129277566541
financial_loan,SVM (RBF Kernel),5,5,Wachter's CE,True,"['dti', 'installment', 'int_rate', 'loan_amount', 'total_acc']",500,0.5200049877166748,6.32634907176411,5.0,,0.7116576346131692,5.749572823795184,46.05284684693978,6.32634907176411
financial_loan,SVM (RBF Kernel),5,5,SHAP-Targeted CE,True,"['dti', 'int_rate', 'loan_amount']",343,0.34710121154785156,1.9153933786090536,3.0,0.059348094416262244,0.09325856498536148,1.813639072527038,100.0,1.9153933786090536
financial_loan,SVM (RBF Kernel),6,6,Actionable CBFI (Proposed),True,['int_rate'],299,0.6785862445831299,0.5437262357414451,1.0,0.0,0.9358628684462863,2.6909538253979175,100.0,0.5437262357414451
financial_loan,SVM (RBF Kernel),6,6,Untargeted Causal (Karimi 2021),True,['int_rate'],500,1.2067780494689941,0.5437262357414451,1.0,0.0,0.9358628684462863,2.6909538253979175,100.0,0.5437262357414451
financial_loan,SVM (RBF Kernel),6,6,Wachter's CE,True,"['dti', 'installment', 'int_rate', 'loan_amount', 'total_acc']",500,0.5223681926727295,5.175505933498176,5.0,,1.7799373476083435,3.3902781115055305,71.36235807305776,5.175505933498176
financial_loan,SVM (RBF Kernel),6,6,SHAP-Targeted CE,True,"['dti', 'int_rate', 'loan_amount']",343,0.34888792037963867,1.098395447030582,3.0,0.0012111856003318895,0.9631734794976707,2.6570928709433947,95.4479053846071,1.098395447030582
financial_loan,SVM (RBF Kernel),7,9,Actionable CBFI (Proposed),True,['int_rate'],310,0.9392857551574707,2.76425855513308,1.0,0.0,0.8856391675654236,4.565134065983442,100.0,2.76425855513308
financial_loan,SVM (RBF Kernel),7,9,Untargeted Causal (Karimi 2021),True,['int_rate'],500,1.530231237411499,2.76425855513308,1.0,0.0,0.8856391675654236,4.565134065983442,100.0,2.76425855513308
financial_loan,SVM (RBF Kernel),7,9,Wachter's CE,True,"['dti', 'home_ownership', 'installment', 'int_rate', 'loan_amount', 'total_acc']",500,0.5216293334960938,8.078371197641118,6.0,,2.276309311701117,7.634308826598073,82.31609573736137,8.078371197641118
financial_loan,SVM (RBF Kernel),7,9,SHAP-Targeted CE,True,"['dti', 'int_rate', 'loan_amount']",343,0.3496701717376709,3.625353609725244,3.0,0.08750815962397862,0.9876165244147953,4.099790277434844,100.0,3.625353609725244
financial_loan,SVM (RBF Kernel),8,17,Actionable CBFI (Proposed),True,['int_rate'],310,0.8575375080108643,0.5437262357414451,1.0,0.0,0.1556589124015736,1.931018594687761,100.0,0.5437262357414451
financial_loan,SVM (RBF Kernel),8,17,Untargeted Causal (Karimi 2021),True,['int_rate'],500,1.3273694515228271,0.5437262357414451,1.0,0.0,0.1556589124015736,1.931018594687761,100.0,0.5437262357414451
financial_loan,SVM (RBF Kernel),8,17,Wachter's CE,True,"['dti', 'installment', 'int_rate', 'loan_amount', 'term', 'total_acc']",500,0.5232267379760742,6.893162166911244,6.0,,1.0794198790596947,3.898465286876069,99.40420637903526,6.893162166911244
financial_loan,SVM (RBF Kernel),8,17,SHAP-Targeted CE,True,"['dti', 'int_rate', 'loan_amount']",343,0.3487699031829834,1.6105662883921743,3.0,0.07751587842124052,0.2579491809918932,2.2716570315539135,100.0,1.6105662883921743
financial_loan,SVM (RBF Kernel),9,19,Actionable CBFI (Proposed),True,['int_rate'],323,0.9257476329803467,1.311787072243346,1.0,0.0,0.2952220822892757,1.709924457777047,100.0,1.311787072243346
financial_loan,SVM (RBF Kernel),9,19,Untargeted Causal (Karimi 2021),True,['int_rate'],500,1.4121289253234863,1.311787072243346,1.0,0.0,0.2952220822892757,1.709924457777047,100.0,1.311787072243346
financial_loan,SVM (RBF Kernel),9,19,Wachter's CE,True,"['dti', 'home_ownership', 'installment', 'int_rate', 'loan_amount', 'total_acc']",500,0.523676872253418,7.439023649966627,6.0,,0.7032280793451423,5.828757650170349,78.87587611802226,7.439023649966627
financial_loan,SVM (RBF Kernel),9,19,SHAP-Targeted CE,True,"['dti', 'int_rate', 'loan_amount']",343,0.3499464988708496,1.506924205904403,3.0,0.3924241345075305,1.0192280352562542,3.0600534507557464,100.0,1.506924205904403
financial_loan,SVM (RBF Kernel),10,22,Actionable CBFI (Proposed),True,['installment'],324,0.7745914459228516,0.8184381512811088,1.0,0.0,0.2868273361575258,3.1675534625914703,100.0,0.8184381512811088
financial_loan,SVM (RBF Kernel),10,22,Untargeted Causal (Karimi 2021),True,['installment'],500,1.1659412384033203,0.8184381512811088,1.0,0.0,0.2868273361575258,3.1675534625914703,100.0,0.8184381512811088
financial_loan,SVM (RBF Kernel),10,22,Wachter's CE,True,"['dti', 'home_ownership', 'installment', 'int_rate', 'loan_amount', 'term', 'total_acc']",500,0.5231525897979736,7.586985994794048,7.0,,1.5105825701323878,4.4526827729610075,87.4686905901719,7.586985994794048
financial_loan,SVM (RBF Kernel),10,22,SHAP-Targeted CE,True,"['dti', 'int_rate', 'loan_amount']",343,0.35102391242980957,1.139406482682159,3.0,0.23739237766504936,0.6397761872731713,3.4376261675048885,79.75509707192836,1.139406482682159
financial_loan,SVM (RBF Kernel),11,30,Actionable CBFI (Proposed),True,['int_rate'],324,0.7805931568145752,0.18631178707224336,1.0,0.0,0.19796278435581188,2.606784027878049,100.0,0.18631178707224336
financial_loan,SVM (RBF Kernel),11,30,Untargeted Causal (Karimi 2021),True,['int_rate'],500,1.264758586883545,0.18631178707224336,1.0,0.0,0.19796278435581188,2.606784027878049,100.0,0.18631178707224336
financial_loan,SVM (RBF Kernel),11,30,Wachter's CE,True,"['dti', 'installment', 'int_rate', 'loan_amount', 'total_acc']",500,0.5229001045227051,7.322013435171803,5.0,,1.600244679230556,3.730347054849037,88.73260739952956,7.322013435171803
financial_loan,SVM (RBF Kernel),11,30,SHAP-Targeted CE,True,"['dti', 'int_rate', 'loan_amount']",343,0.35869288444519043,1.016166167266192,3.0,0.3924241345075305,0.6110873058681725,3.5740456534107454,11.431808203053597,1.016166167266192
financial_loan,SVM (RBF Kernel),12,33,Actionable CBFI (Proposed),True,['int_rate'],325,0.9228370189666748,1.0874524714828901,1.0,0.0,0.12865382896799946,2.599978659964827,100.0,1.0874524714828901
financial_loan,SVM (RBF Kernel),12,33,Untargeted Causal (Karimi 2021),True,['int_rate'],500,1.4879837036132812,1.0874524714828901,1.0,0.0,0.12865382896799946,2.599978659964827,100.0,1.0874524714828901
financial_loan,SVM (RBF Kernel),12,33,Wachter's CE,True,"['dti', 'installment', 'int_rate', 'loan_amount', 'term', 'total_acc']",500,0.5225296020507812,7.812333270329052,6.0,,1.621502416594967,8.647145716765472,71.07071044396717,7.812333270329052
financial_loan,SVM (RBF Kernel),12,33,SHAP-Targeted CE,True,"['dti', 'int_rate', 'loan_amount']",343,0.3501119613647461,1.5791801285009925,3.0,0.0012111856003318895,0.07939169349312672,2.543265254312353,96.83380007779976,1.5791801285009925
financial_loan,SVM (RBF Kernel),13,38,Actionable CBFI (Proposed),True,['int_rate'],295,0.8067958354949951,0.7034220532319388,1.0,0.0,0.22339188798173923,2.4830182165336914,100.0,0.7034220532319388
financial_loan,SVM (RBF Kernel),13,38,Untargeted Causal (Karimi 2021),True,['int_rate'],500,1.3616557121276855,0.7034220532319388,1.0,0.0,0.22339188798173923,2.4830182165336914,100.0,0.7034220532319388
financial_loan,SVM (RBF Kernel),13,38,Wachter's CE,True,"['dti', 'installment', 'int_rate', 'loan_amount', 'term', 'total_acc']",500,0.5249457359313965,6.599548639310239,6.0,,1.2747443263395035,8.435126957497426,80.12851115882317,6.599548639310239
financial_loan,SVM (RBF Kernel),13,38,SHAP-Targeted CE,True,"['dti', 'int_rate', 'loan_amount']",343,0.347186803817749,1.196820784827993,3.0,0.26529809389669606,0.5780525232637761,3.1922292006914224,38.169523007878496,1.196820784827993
financial_loan,SVM (RBF Kernel),14,48,Actionable CBFI (Proposed),True,"['dti', 'installment', 'int_rate']",296,0.7282893657684326,0.699644271141376,3.0,0.0,0.222454591264058,1.9267673802845526,95.56363474079713,0.699644271141376
financial_loan,SVM (RBF Kernel),14,48,Untargeted Causal (Karimi 2021),True,['int_rate'],500,1.2582526206970215,0.4638783269961977,1.0,0.0,0.23189695030079882,1.953625914648507,0.0,0.4638783269961977
financial_loan,SVM (RBF Kernel),14,48,Wachter's CE,True,"['dti', 'installment', 'int_rate', 'loan_amount', 'total_acc']",500,0.5232174396514893,6.809109003059194,5.0,,1.820371271231398,6.935137066437329,51.5937435832716,6.809109003059194
financial_loan,SVM (RBF Kernel),14,48,SHAP-Targeted CE,True,"['dti', 'int_rate', 'loan_amount']",343,0.34964537620544434,1.079370828662901,3.0,0.141272688422711,0.4263311417250497,2.2947117067017353,83.6782350040942,1.079370828662901
financial_loan,SVM (RBF Kernel),15,52,Actionable CBFI (Proposed),True,['int_rate'],306,0.9045381546020508,1.019011406844106,1.0,0.0,0.1398814052831489,1.625526162717773,100.0,1.019011406844106
financial_loan,SVM (RBF Kernel),15,52,Untargeted Causal (Karimi 2021),True,['int_rate'],500,1.4742810726165771,1.019011406844106,1.0,0.0,0.1398814052831489,1.625526162717773,100.0,1.019011406844106
financial_loan,SVM (RBF Kernel),15,52,Wachter's CE,True,"['dti', 'installment', 'int_rate', 'loan_amount', 'total_acc']",500,0.5296676158905029,6.165958538694447,5.0,,0.7212068103281325,5.7977146550020695,74.51444797159958,6.165958538694447
financial_loan,SVM (RBF Kernel),15,52,SHAP-Targeted CE,True,"['dti', 'int_rate', 'loan_amount']",343,0.3501145839691162,1.623020286160135,3.0,0.23739237766504936,0.45374949014616167,2.449705875380737,100.0,1.623020286160135
financial_loan,SVM (RBF Kernel),16,53,Actionable CBFI (Proposed),True,['int_rate'],325,0.8833615779876709,1.4942965779467678,1.0,0.0,0.36628408567603676,1.6434738072285058,100.0,1.4942965779467678
financial_loan,SVM (RBF Kernel),16,53,Untargeted Causal (Karimi 2021),True,['int_rate'],500,1.4314017295837402,1.4942965779467678,1.0,0.0,0.36628408567603676,1.6434738072285058,100.0,1.4942965779467678
financial_loan,SVM (RBF Kernel),16,53,Wachter's CE,True,"['dti', 'installment', 'int_rate', 'loan_amount', 'total_acc']",500,0.5230450630187988,7.086164571457003,5.0,,0.6953106858450834,5.732793212031012,85.39176212950395,7.086164571457003
financial_loan,SVM (RBF Kernel),16,53,SHAP-Targeted CE,True,"['dti', 'int_rate', 'loan_amount']",343,0.349489688873291,1.616665567741415,3.0,0.12111856003318833,0.8871163068300829,2.233206605484296,74.67372094077126,1.616665567741415
financial_loan,SVM (RBF Kernel),17,260,Actionable CBFI (Proposed),True,['int_rate'],306,0.7789058685302734,0.7148288973384032,1.0,0.0,0.2351393325745992,2.382380380375975,100.0,0.7148288973384032
financial_loan,SVM (RBF Kernel),17,260,Untargeted Causal (Karimi 2021),True,['int_rate'],500,1.357405424118042,0.7148288973384032,1.0,0.0,0.2351393325745992,2.382380380375975,100.0,0.7148288973384032
financial_loan,SVM (RBF Kernel),17,260,Wachter's CE,True,"['dti', 'home_ownership', 'installment', 'int_rate', 'loan_amount', 'total_acc']",500,0.6077556610107422,8.348385059229816,6.0,,2.1992836008568664,10.54277167165859,76.04327081452912,8.348385059229816
financial_loan,SVM (RBF Kernel),17,260,SHAP-Targeted CE,True,"['dti', 'int_rate', 'loan_amount']",343,0.35603880882263184,1.2508046819099812,3.0,0.35831714800218456,1.0160745415634571,3.40924612838622,100.0,1.2508046819099812
financial_loan,SVM (RBF Kernel),18,261,Actionable CBFI (Proposed),True,"['dti', 'int_rate']",324,0.923652172088623,1.794603544400243,2.0,0.0,0.3467900829409109,3.3386786684977823,100.0,1.794603544400243
financial_loan,SVM (RBF Kernel),18,261,Untargeted Causal (Karimi 2021),True,['int_rate'],500,1.4591450691223145,2.1178707224334596,1.0,0.0,0.3488617662687144,3.1981143481516736,100.0,2.1178707224334596
financial_loan,SVM (RBF Kernel),18,261,Wachter's CE,True,"['dti', 'installment', 'int_rate', 'loan_amount', 'term', 'total_acc']",500,0.5215470790863037,7.374911692672819,6.0,,1.5828213275669323,8.808013972406947,75.86340573237898,7.374911692672819
financial_loan,SVM (RBF Kernel),18,261,SHAP-Targeted CE,True,"['dti', 'int_rate', 'loan_amount']",343,0.35019922256469727,2.183416534185122,3.0,0.1862318979070307,0.625001373327125,3.717089687532566,71.6041355237153,2.183416534185122
financial_loan,SVM (RBF Kernel),19,265,Actionable CBFI (Proposed),True,['int_rate'],310,0.7366902828216553,0.1026615969581753,1.0,0.0,0.2930676208332887,1.987775439398317,100.0,0.1026615969581753
financial_loan,SVM (RBF Kernel),19,265,Untargeted Causal (Karimi 2021),True,['int_rate'],500,1.1542127132415771,0.1026615969581753,1.0,0.0,0.2930676208332887,1.987775439398317,100.0,0.1026615969581753
financial_loan,SVM (RBF Kernel),19,265,Wachter's CE,True,"['dti', 'installment', 'int_rate', 'loan_amount', 'total_acc']",500,0.5287907123565674,5.17985031203165,5.0,,1.6560174290037006,3.194290039983854,91.72618120689798,5.17985031203165
financial_loan,SVM (RBF Kernel),19,265,SHAP-Targeted CE,True,"['dti', 'int_rate', 'loan_amount']",343,0.3492546081542969,0.710869665023163,3.0,0.0004360268161194774,0.32705501971849565,1.9279935808961401,100.0,0.710869665023163
financial_loan,SVM (RBF Kernel),20,266,Actionable CBFI (Proposed),True,['int_rate'],330,0.8978316783905029,1.2091254752851706,1.0,0.0,0.09875848555006124,2.458689509704884,100.0,1.2091254752851706
financial_loan,SVM (RBF Kernel),20,266,Untargeted Causal (Karimi 2021),True,['int_rate'],500,1.4143788814544678,1.2091254752851706,1.0,0.0,0.09875848555006124,2.458689509704884,100.0,1.2091254752851706
financial_loan,SVM (RBF Kernel),20,266,Wachter's CE,True,"['dti', 'installment', 'int_rate', 'loan_amount', 'term', 'total_acc']",500,0.5271768569946289,7.644367076697867,6.0,,1.5872270517856002,8.639140693491555,84.82474086845019,7.644367076697867
financial_loan,SVM (RBF Kernel),20,266,SHAP-Targeted CE,True,"['dti', 'int_rate', 'loan_amount']",343,0.35863256454467773,1.3515736609595812,3.0,0.030279640008297082,0.07228402522106846,2.6495427229379276,100.0,1.3515736609595812
financial_loan,SVM (RBF Kernel),21,267,Actionable CBFI (Proposed),True,"['installment', 'int_rate']",325,0.9568405151367188,2.1724358140690474,2.0,0.0,0.1348505169007617,2.4951602870980176,100.0,2.1724358140690474
financial_loan,SVM (RBF Kernel),21,267,Untargeted Causal (Karimi 2021),True,['int_rate'],500,1.4922904968261719,3.0646387832699613,1.0,0.0,0.3176123612710778,2.4634860722328566,100.0,3.0646387832699613
financial_loan,SVM (RBF Kernel),21,267,Wachter's CE,True,"['dti', 'installment', 'int_rate', 'loan_amount', 'term', 'total_acc']",500,0.5251631736755371,7.617810683882252,6.0,,3.4721988152866174,12.48863426688233,79.25878809549697,7.617810683882252
financial_loan,SVM (RBF Kernel),21,267,SHAP-Targeted CE,True,"['dti', 'int_rate', 'loan_amount']",343,0.354677677154541,2.7297726201552655,3.0,0.5040469994341168,1.4444787209073124,4.280578245596391,100.0,2.7297726201552655
financial_loan,SVM (RBF Kernel),22,271,Actionable CBFI (Proposed),True,"['installment', 'int_rate']",324,0.8846685886383057,1.0237169067817218,2.0,0.0,0.5908154105257454,4.2321964844035564,100.0,1.0237169067817218
financial_loan,SVM (RBF Kernel),22,271,Untargeted Causal (Karimi 2021),True,"['installment', 'int_rate']",500,1.375528335571289,1.0237169067817218,2.0,0.0,0.5908154105257454,4.2321964844035564,100.0,1.0237169067817218
financial_loan,SVM (RBF Kernel),22,271,Wachter's CE,True,"['dti', 'home_ownership', 'installment', 'int_rate', 'loan_amount', 'term', 'total_acc']",500,0.5258936882019043,8.330012559238952,7.0,,0.6672715715843568,4.9575863286082,70.73244681823427,8.330012559238952
financial_loan,SVM (RBF Kernel),22,271,SHAP-Targeted CE,True,"['dti', 'int_rate', 'loan_amount']",343,0.35095953941345215,2.214892268694549,3.0,0.09810603362688256,0.13226344397728138,3.9525642857173335,92.4751795370662,2.214892268694549
financial_loan,SVM (RBF Kernel),23,272,Actionable CBFI (Proposed),True,['int_rate'],306,0.8611550331115723,0.946768060836502,1.0,0.0,0.3779977873180498,2.327220779788464,100.0,0.946768060836502
financial_loan,SVM (RBF Kernel),23,272,Untargeted Causal (Karimi 2021),True,['int_rate'],500,1.433826208114624,0.946768060836502,1.0,0.0,0.3779977873180498,2.327220779788464,100.0,0.946768060836502
financial_loan,SVM (RBF Kernel),23,272,Wachter's CE,True,"['dti', 'installment', 'int_rate', 'loan_amount', 'term', 'total_acc']",500,0.5274209976196289,7.029751794802381,6.0,,3.4737810242873697,12.430242812215827,91.87128382184032,7.029751794802381
financial_loan,SVM (RBF Kernel),23,272,SHAP-Targeted CE,True,"['dti', 'int_rate', 'loan_amount']",343,0.35025715827941895,1.8160863120312773,3.0,0.12111856003318833,1.3396405546090373,3.135880772889129,100.0,1.8160863120312773
financial_loan,SVM (RBF Kernel),24,308,Actionable CBFI (Proposed),True,"['installment', 'int_rate']",306,0.7765886783599854,0.7414361656918966,2.0,0.0,0.1877106047625699,2.896127590140861,100.0,0.7414361656918966
financial_loan,SVM (RBF Kernel),24,308,Untargeted Causal (Karimi 2021),True,"['installment', 'int_rate']",500,1.2983191013336182,0.7414361656918966,2.0,0.0,0.1877106047625699,2.896127590140861,100.0,0.7414361656918966
financial_loan,SVM (RBF Kernel),24,308,Wachter's CE,True,"['dti', 'installment', 'int_rate', 'loan_amount', 'total_acc']",500,0.5339066982269287,6.437657121761078,5.0,,1.3609645141374205,5.780712196684435,93.34274223579354,6.437657121761078
financial_loan,SVM (RBF Kernel),24,308,SHAP-Targeted CE,True,"['dti', 'int_rate', 'loan_amount']",343,0.35021352767944336,1.708436449152728,3.0,0.05934809441626226,0.2214434186820835,2.815606957885556,100.0,1.708436449152728
financial_loan,SVM (RBF Kernel),25,315,Actionable CBFI (Proposed),True,['int_rate'],306,0.8108508586883545,0.8250950570342203,1.0,0.0,0.4429214962009717,2.7482249273224815,100.0,0.8250950570342203
financial_loan,SVM (RBF Kernel),25,315,Untargeted Causal (Karimi 2021),True,['int_rate'],500,1.3260071277618408,0.8250950570342203,1.0,0.0,0.4429214962009717,2.7482249273224815,100.0,0.8250950570342203
financial_loan,SVM (RBF Kernel),25,315,Wachter's CE,True,"['dti', 'installment', 'int_rate', 'loan_amount', 'total_acc']",500,0.5460894107818604,8.331799120545396,5.0,,1.355399303573767,5.77227831313234,89.71239170866195,8.331799120545396
financial_loan,SVM (RBF Kernel),25,315,SHAP-Targeted CE,True,"['dti', 'int_rate', 'loan_amount']",343,0.34931039810180664,1.2985965503515335,3.0,0.17441072644779135,0.6343535581629931,3.0472298409889516,100.0,1.2985965503515335
financial_loan,SVM (RBF Kernel),26,316,Actionable CBFI (Proposed),True,['int_rate'],306,0.6721334457397461,0.8060836501901151,1.0,0.0,0.7011902523727279,3.420030643366912,100.0,0.8060836501901151
financial_loan,SVM (RBF Kernel),26,316,Untargeted Causal (Karimi 2021),True,['int_rate'],500,1.176142930984497,0.8060836501901151,1.0,0.0,0.7011902523727279,3.420030643366912,100.0,0.8060836501901151
financial_loan,SVM (RBF Kernel),26,316,Wachter's CE,True,"['dti', 'home_ownership', 'installment', 'int_rate', 'loan_amount', 'term', 'total_acc']",500,0.529186487197876,7.300372273568058,7.0,,3.1669425410483627,8.00610731204014,58.90620522378168,7.300372273568058
financial_loan,SVM (RBF Kernel),26,316,SHAP-Targeted CE,True,"['dti', 'int_rate']",343,0.35124921798706055,1.3186260503893867,2.0,9.860761315262648e-32,0.6404426494423451,3.374892399096387,100.0,1.3186260503893867
financial_loan,SVM (RBF Kernel),27,317,Actionable CBFI (Proposed),True,"['dti', 'int_rate']",310,0.7050261497497559,0.7397605762988467,2.0,0.0,0.5354881666288718,3.2079854056031323,100.0,0.7397605762988467
financial_loan,SVM (RBF Kernel),27,317,Untargeted Causal (Karimi 2021),True,"['dti', 'int_rate']",500,1.1141412258148193,0.7397605762988467,2.0,0.0,0.5354881666288718,3.2079854056031323,100.0,0.7397605762988467
financial_loan,SVM (RBF Kernel),27,317,Wachter's CE,True,"['dti', 'home_ownership', 'installment', 'int_rate', 'loan_amount', 'term', 'total_acc']",500,0.533564567565918,7.154249079025881,7.0,,3.1254600164754156,8.006697594928983,58.06687792300798,7.154249079025881
financial_loan,SVM (RBF Kernel),27,317,SHAP-Targeted CE,True,"['dti', 'int_rate', 'loan_amount']",343,0.3557002544403076,0.6068469880900932,3.0,0.015696965380301242,0.607930937701208,3.0954003861748194,100.0,0.6068469880900932
financial_loan,SVM (RBF Kernel),28,318,Actionable CBFI (Proposed),True,['int_rate'],330,0.7471644878387451,0.8060836501901147,1.0,0.0,0.7146771947721446,3.4220086713007416,100.0,0.8060836501901147
financial_loan,SVM (RBF Kernel),28,318,Untargeted Causal (Karimi 2021),True,['int_rate'],500,1.1867327690124512,0.8060836501901147,1.0,0.0,0.7146771947721446,3.4220086713007416,100.0,0.8060836501901147
financial_loan,SVM (RBF Kernel),28,318,Wachter's CE,True,"['dti', 'home_ownership', 'installment', 'int_rate', 'loan_amount', 'total_acc']",500,0.5315563678741455,7.831410937139676,6.0,,2.262502273650136,9.985967835865962,74.46181772284223,7.831410937139676
financial_loan,SVM (RBF Kernel),28,318,SHAP-Targeted CE,True,"['dti', 'int_rate', 'loan_amount']",343,0.3587310314178467,1.288529711275706,3.0,0.00019378969605308253,0.6550995835642495,3.394414454084486,100.0,1.288529711275706
financial_loan,SVM (RBF Kernel),29,319,Actionable CBFI (Proposed),True,['int_rate'],323,0.9189767837524414,1.0684410646387836,1.0,0.0,0.7117867286355032,2.1591760219154157,100.0,1.0684410646387836
financial_loan,SVM (RBF Kernel),29,319,Untargeted Causal (Karimi 2021),True,['int_rate'],500,1.387082815170288,1.0684410646387836,1.0,0.0,0.7117867286355032,2.1591760219154157,100.0,1.0684410646387836
financial_loan,SVM (RBF Kernel),29,319,Wachter's CE,True,"['dti', 'installment', 'int_rate', 'loan_amount', 'total_acc']",500,0.5241930484771729,5.3650024251203074,5.0,,1.1581329299502072,4.567115200542752,92.01171976055876,5.3650024251203074
financial_loan,SVM (RBF Kernel),29,319,SHAP-Targeted CE,True,"['dti', 'int_rate', 'loan_amount']",343,0.3500974178314209,1.8375666376061992,3.0,1.0900670402986954,1.7307816783963839,4.854154115663019,100.0,1.8375666376061992
financial_loan,SVM (RBF Kernel),30,320,Actionable CBFI (Proposed),True,['int_rate'],330,0.9195129871368408,0.7224334600760463,1.0,1.6434602192104412e-32,1.3567501386793857,3.08573219754021,100.0,0.7224334600760463
financial_loan,SVM (RBF Kernel),30,320,Untargeted Causal (Karimi 2021),True,['int_rate'],500,1.3853952884674072,0.7224334600760463,1.0,1.6434602192104412e-32,1.3567501386793857,3.08573219754021,100.0,0.7224334600760463
financial_loan,SVM (RBF Kernel),30,320,Wachter's CE,True,"['home_ownership', 'installment', 'int_rate', 'loan_amount', 'term', 'total_acc']",500,0.5294196605682373,5.306142427014671,6.0,4.930380657631324e-32,1.487042578347113,3.2738949555313392,70.22269420467026,5.306142427014671
financial_loan,SVM (RBF Kernel),30,320,SHAP-Targeted CE,True,"['int_rate', 'loan_amount']",343,0.3548150062561035,1.5881495564005068,2.0,0.04905301681344128,1.191235112081217,3.350612472638337,100.0,1.5881495564005068
financial_loan,SVM (RBF Kernel),31,321,Actionable CBFI (Proposed),True,['int_rate'],330,0.9461257457733154,1.5437262357414445,1.0,0.0,0.3449345523583535,1.8875731047326652,100.0,1.5437262357414445
financial_loan,SVM (RBF Kernel),31,321,Untargeted Causal (Karimi 2021),True,['int_rate'],500,1.4822304248809814,1.5437262357414445,1.0,0.0,0.3449345523583535,1.8875731047326652,100.0,1.5437262357414445
financial_loan,SVM (RBF Kernel),31,321,Wachter's CE,True,"['dti', 'installment', 'int_rate', 'loan_amount', 'total_acc']",500,0.5287115573883057,8.478946158746089,5.0,,1.165918926841114,4.543771086382332,100.0,8.478946158746089
financial_loan,SVM (RBF Kernel),31,321,SHAP-Targeted CE,True,"['dti', 'int_rate', 'loan_amount']",343,0.3506941795349121,2.0029053141583084,3.0,0.23739237766504936,0.667298294495575,2.6792129125501845,100.0,2.0029053141583084
financial_loan,SVM (RBF Kernel),32,322,Actionable CBFI (Proposed),True,['int_rate'],324,0.8634953498840332,1.3041825095057038,1.0,0.0,0.26828269604500715,2.2881406168257254,100.0,1.3041825095057038
financial_loan,SVM (RBF Kernel),32,322,Untargeted Causal (Karimi 2021),True,['int_rate'],500,1.3881912231445312,1.3041825095057038,1.0,0.0,0.26828269604500715,2.2881406168257254,100.0,1.3041825095057038
financial_loan,SVM (RBF Kernel),32,322,Wachter's CE,True,"['dti', 'installment', 'int_rate', 'loan_amount', 'total_acc']",500,0.5310084819793701,7.539716502685395,5.0,,1.3506179468888415,5.766362637597838,82.94744523542288,7.539716502685395
financial_loan,SVM (RBF Kernel),32,322,SHAP-Targeted CE,True,"['dti', 'int_rate', 'loan_amount']",343,0.3497464656829834,1.855692994473626,3.0,0.0699580802751696,0.5290071522897976,2.4648617500921124,100.0,1.855692994473626
financial_loan,SVM (RBF Kernel),33,439,Actionable CBFI (Proposed),True,['int_rate'],310,0.8350393772125244,0.4524714828897344,1.0,0.0,0.42978043679266575,2.47589979396554,100.0,0.4524714828897344
financial_loan,SVM (RBF Kernel),33,439,Untargeted Causal (Karimi 2021),True,['int_rate'],500,1.4047586917877197,0.4524714828897344,1.0,0.0,0.42978043679266575,2.47589979396554,100.0,0.4524714828897344
financial_loan,SVM (RBF Kernel),33,439,Wachter's CE,True,"['dti', 'installment', 'int_rate', 'loan_amount', 'total_acc']",500,0.5233101844787598,6.4175913133777875,5.0,,1.0222125729428102,3.209426224635269,82.19180550692282,6.4175913133777875
financial_loan,SVM (RBF Kernel),33,439,SHAP-Targeted CE,True,"['dti', 'int_rate', 'loan_amount']",343,0.34988832473754883,1.3777648837214982,3.0,0.5040469994341167,0.9897147038328624,3.7319935520838143,100.0,1.3777648837214982
financial_loan,SVM (RBF Kernel),34,444,Actionable CBFI (Proposed),True,['int_rate'],306,0.8324909210205078,0.4638783269961977,1.0,0.0,0.3028675198683497,2.169039526197159,100.0,0.4638783269961977
financial_loan,SVM (RBF Kernel),34,444,Untargeted Causal (Karimi 2021),True,['int_rate'],500,1.322157621383667,0.4638783269961977,1.0,0.0,0.3028675198683497,2.169039526197159,100.0,0.4638783269961977
financial_loan,SVM (RBF Kernel),34,444,Wachter's CE,True,"['dti', 'home_ownership', 'installment', 'int_rate', 'loan_amount', 'total_acc']",500,0.5276963710784912,4.7057690186597165,6.0,,1.1505076842732547,4.641495193489424,60.534763823325044,4.7057690186597165
financial_loan,SVM (RBF Kernel),34,444,SHAP-Targeted CE,True,"['dti', 'int_rate']",343,0.35231685638427734,1.2041107130559643,2.0,1.925929944387236e-33,0.030428427047708716,1.8624345037129912,100.0,1.2041107130559643
financial_loan,SVM (RBF Kernel),35,458,Actionable CBFI (Proposed),True,['int_rate'],296,0.7919127941131592,0.3422053231939166,1.0,0.0,0.4083351510446886,2.6022771132881486,100.0,0.3422053231939166
financial_loan,SVM (RBF Kernel),35,458,Untargeted Causal (Karimi 2021),True,['int_rate'],500,1.299102783203125,0.3422053231939166,1.0,0.0,0.4083351510446886,2.6022771132881486,100.0,0.3422053231939166
financial_loan,SVM (RBF Kernel),35,458,Wachter's CE,True,"['dti', 'installment', 'int_rate', 'loan_amount', 'total_acc']",500,0.5262508392333984,3.6393344419735616,5.0,,0.7131434290258616,5.975239268579722,36.97792618901008,3.6393344419735616
financial_loan,SVM (RBF Kernel),35,458,SHAP-Targeted CE,True,"['dti', 'int_rate', 'loan_amount']",343,0.35059356689453125,0.5618917876094955,3.0,0.08957928700054607,0.5359895742206343,2.8518992488925963,23.472809270022278,0.5618917876094955
financial_loan,SVM (RBF Kernel),36,459,Actionable CBFI (Proposed),True,['int_rate'],310,0.816098690032959,0.5855513307984789,1.0,0.0,0.8552739753594428,3.281120362450727,100.0,0.5855513307984789
financial_loan,SVM (RBF Kernel),36,459,Untargeted Causal (Karimi 2021),True,['int_rate'],500,1.3183462619781494,0.5855513307984789,1.0,0.0,0.8552739753594428,3.281120362450727,100.0,0.5855513307984789
financial_loan,SVM (RBF Kernel),36,459,Wachter's CE,True,"['dti', 'installment', 'int_rate', 'loan_amount', 'total_acc']",500,0.5337731838226318,6.449070362538618,5.0,,1.0278528687449793,3.2054951457288205,51.62183041675398,6.449070362538618
financial_loan,SVM (RBF Kernel),36,459,SHAP-Targeted CE,True,"['dti', 'int_rate', 'loan_amount']",343,0.35154032707214355,0.688648199838336,3.0,0.009495695106601953,1.067789667274456,3.389782206919379,63.58041362683987,0.688648199838336
financial_loan,SVM (RBF Kernel),37,465,Actionable CBFI (Proposed),True,['int_rate'],299,0.8168847560882568,0.5855513307984789,1.0,0.0,0.9112839490262943,2.70460496876866,100.0,0.5855513307984789
financial_loan,SVM (RBF Kernel),37,465,Untargeted Causal (Karimi 2021),True,['installment'],500,1.296628475189209,0.5779902742021176,1.0,0.0,1.007288477572884,2.9068209602620803,1.344768937270673e-14,0.5779902742021176
financial_loan,SVM (RBF Kernel),37,465,Wachter's CE,True,"['dti', 'installment', 'int_rate', 'loan_amount', 'total_acc']",500,0.554785966873169,4.4270931815329435,5.0,,0.7217328991875188,5.917366188932702,63.55985907432782,4.4270931815329435
financial_loan,SVM (RBF Kernel),37,465,SHAP-Targeted CE,True,"['dti', 'int_rate', 'loan_amount']",343,0.351407527923584,1.1559250142249766,3.0,0.04074428359516459,0.5379178978402921,2.702851991377171,100.0,1.1559250142249766
financial_loan,SVM (RBF Kernel),38,482,Actionable CBFI (Proposed),True,['int_rate'],324,0.8527979850769043,0.9429657794676803,1.0,0.0,0.5887345956443266,2.6969848014482034,100.0,0.9429657794676803
financial_loan,SVM (RBF Kernel),38,482,Untargeted Causal (Karimi 2021),True,['int_rate'],500,1.3447794914245605,0.9429657794676803,1.0,0.0,0.5887345956443266,2.6969848014482034,100.0,0.9429657794676803
financial_loan,SVM (RBF Kernel),38,482,Wachter's CE,True,"['dti', 'installment', 'int_rate', 'loan_amount', 'total_acc']",500,0.5297262668609619,7.137528855784686,5.0,,0.7091009118912361,5.899711864560501,83.15150345071837,7.137528855784686
financial_loan,SVM (RBF Kernel),38,482,SHAP-Targeted CE,True,"['dti', 'int_rate', 'loan_amount']",343,0.3572547435760498,1.4937505097792123,3.0,0.04074428359516459,0.2958540422937201,2.621484982857614,100.0,1.4937505097792123
financial_loan,SVM (RBF Kernel),39,483,Actionable CBFI (Proposed),True,['int_rate'],310,0.7360894680023193,0.5855513307984789,1.0,0.0,0.32462413993609135,1.875932018354973,100.0,0.5855513307984789
financial_loan,SVM (RBF Kernel),39,483,Untargeted Causal (Karimi 2021),True,['int_rate'],500,1.216719388961792,0.5855513307984789,1.0,0.0,0.32462413993609135,1.875932018354973,100.0,0.5855513307984789
financial_loan,SVM (RBF Kernel),39,483,Wachter's CE,True,"['dti', 'installment', 'int_rate', 'loan_amount', 'term', 'total_acc']",500,0.5269935131072998,5.337113068838429,6.0,,1.0698239823617794,4.005342563095019,86.66738067043339,5.337113068838429
financial_loan,SVM (RBF Kernel),39,483,SHAP-Targeted CE,True,"['dti', 'int_rate', 'loan_amount']",343,0.3535425662994385,0.6473957913604931,3.0,0.030279640008297082,0.32400885242755145,1.9433645133781854,100.0,0.6473957913604931
financial_loan,SVM (RBF Kernel),40,490,Actionable CBFI (Proposed),True,['int_rate'],306,0.7332260608673096,0.5741444866920152,1.0,0.0,0.38403321435137827,2.053920160791252,100.0,0.5741444866920152
financial_loan,SVM (RBF Kernel),40,490,Untargeted Causal (Karimi 2021),True,['int_rate'],500,1.2456567287445068,0.5741444866920152,1.0,0.0,0.38403321435137827,2.053920160791252,100.0,0.5741444866920152
financial_loan,SVM (RBF Kernel),40,490,Wachter's CE,True,"['dti', 'installment', 'int_rate', 'loan_amount', 'total_acc']",500,0.5356402397155762,6.883416457697173,5.0,,0.7013644739657899,5.7765664508699555,83.39694903133201,6.883416457697173
financial_loan,SVM (RBF Kernel),40,490,SHAP-Targeted CE,True,"['dti', 'int_rate', 'loan_amount']",343,0.3509361743927002,1.7179594911731877,3.0,0.09810603362688256,0.3505668270511727,2.5783557677149203,100.0,1.7179594911731877
financial_loan,SVM (RBF Kernel),41,493,Actionable CBFI (Proposed),True,"['dti', 'int_rate']",299,0.8054544925689697,1.0905221360176411,2.0,0.0,0.06788577034045865,2.1531221748989804,100.0,1.0905221360176411
financial_loan,SVM (RBF Kernel),41,493,Untargeted Causal (Karimi 2021),True,"['dti', 'int_rate']",500,1.3662109375,1.0905221360176411,2.0,0.0,0.06788577034045865,2.1531221748989804,100.0,1.0905221360176411
financial_loan,SVM (RBF Kernel),41,493,Wachter's CE,True,"['dti', 'home_ownership', 'installment', 'int_rate', 'loan_amount', 'total_acc']",500,0.5249278545379639,6.212979949409427,6.0,,1.7497682081712234,5.608636156006382,65.7399276047276,6.212979949409427
financial_loan,SVM (RBF Kernel),41,493,SHAP-Targeted CE,True,"['dti', 'int_rate', 'loan_amount']",343,0.35039615631103516,1.7738682901455707,3.0,0.1744107264477912,0.13390739958868728,2.7686719539641804,66.17561724660167,1.7738682901455707
financial_loan,SVM (RBF Kernel),42,495,Actionable CBFI (Proposed),True,"['installment', 'int_rate']",306,0.812251091003418,0.9317954223148905,2.0,0.0,0.4003398319452765,2.160601132686124,100.0,0.9317954223148905
financial_loan,SVM (RBF Kernel),42,495,Untargeted Causal (Karimi 2021),True,"['installment', 'int_rate']",500,1.3780813217163086,0.9317954223148905,2.0,0.0,0.4003398319452765,2.160601132686124,100.0,0.9317954223148905
financial_loan,SVM (RBF Kernel),42,495,Wachter's CE,True,"['dti', 'installment', 'int_rate', 'loan_amount', 'total_acc']",500,0.5326817035675049,4.776540039095913,5.0,,0.7168646132810093,5.790956949084772,85.04595986971123,4.776540039095913
financial_loan,SVM (RBF Kernel),42,495,SHAP-Targeted CE,True,"['dti', 'int_rate', 'loan_amount']",343,0.35166430473327637,1.4278611739940557,3.0,0.04360268161194784,0.51915122732102,2.037443843891784,100.0,1.4278611739940557
financial_loan,SVM (RBF Kernel),43,496,Actionable CBFI (Proposed),True,['int_rate'],324,0.7334203720092773,0.7870722433460073,1.0,0.0,1.1375191803040485,2.5133014626755315,100.0,0.7870722433460073
financial_loan,SVM (RBF Kernel),43,496,Untargeted Causal (Karimi 2021),True,['int_rate'],500,1.1730761528015137,0.7870722433460073,1.0,0.0,1.1375191803040485,2.5133014626755315,100.0,0.7870722433460073
financial_loan,SVM (RBF Kernel),43,496,Wachter's CE,True,"['dti', 'installment', 'int_rate', 'loan_amount', 'total_acc']",500,0.6158497333526611,4.672126228179039,5.0,,0.7047921236599032,5.778666007803473,73.78067414763655,4.672126228179039
financial_loan,SVM (RBF Kernel),43,496,SHAP-Targeted CE,True,"['dti', 'int_rate', 'loan_amount']",343,0.3513960838317871,1.2247998124500903,3.0,0.12111856003318833,1.5839186598772448,2.887232628421195,59.17700224008039,1.2247998124500903
financial_loan,SVM (RBF Kernel),44,497,Actionable CBFI (Proposed),True,['int_rate'],310,0.8257732391357422,1.1140684410646382,1.0,0.0,0.6081480339696627,2.6414829093809735,100.0,1.1140684410646382
financial_loan,SVM (RBF Kernel),44,497,Untargeted Causal (Karimi 2021),True,['int_rate'],500,1.4260003566741943,1.1140684410646382,1.0,0.0,0.6081480339696627,2.6414829093809735,100.0,1.1140684410646382
financial_loan,SVM (RBF Kernel),44,497,Wachter's CE,True,"['dti', 'installment', 'int_rate', 'loan_amount', 'total_acc']",500,0.5376732349395752,6.881558845271504,5.0,,0.7179615953552496,5.79257472246915,84.83479317475324,6.881558845271504
financial_loan,SVM (RBF Kernel),44,497,SHAP-Targeted CE,True,"['dti', 'int_rate', 'loan_amount']",343,0.35118699073791504,1.8253155991218357,3.0,0.0814401197663158,0.2889988561268342,2.703432217233988,100.0,1.8253155991218357
financial_loan,SVM (RBF Kernel),45,498,Actionable CBFI (Proposed),True,['int_rate'],310,0.8349037170410156,1.2433460076045628,1.0,0.0,0.32499551994941484,2.26500520286029,100.0,1.2433460076045628
financial_loan,SVM (RBF Kernel),45,498,Untargeted Causal (Karimi 2021),True,['int_rate'],500,1.4612104892730713,1.2433460076045628,1.0,0.0,0.32499551994941484,2.26500520286029,100.0,1.2433460076045628
financial_loan,SVM (RBF Kernel),45,498,Wachter's CE,True,"['dti', 'installment', 'int_rate', 'loan_amount', 'total_acc']",500,0.5266399383544922,4.64132968379845,5.0,,0.728190486829691,5.81028827185737,74.91541717260995,4.64132968379845
financial_loan,SVM (RBF Kernel),45,498,SHAP-Targeted CE,True,"['dti', 'int_rate', 'loan_amount']",343,0.3496987819671631,1.3359868715063337,3.0,0.004844742401327558,0.38904923922216605,2.3053599257756003,79.01575031997461,1.3359868715063337
financial_loan,SVM (RBF Kernel),46,499,Actionable CBFI (Proposed),True,['int_rate'],302,0.8268568515777588,0.7034220532319394,1.0,0.0,0.2728288751581677,1.6449762953821248,100.0,0.7034220532319394
financial_loan,SVM (RBF Kernel),46,499,Untargeted Causal (Karimi 2021),True,['int_rate'],500,1.3967018127441406,0.7034220532319394,1.0,0.0,0.2728288751581677,1.6449762953821248,100.0,0.7034220532319394
financial_loan,SVM (RBF Kernel),46,499,Wachter's CE,True,"['dti', 'installment', 'int_rate', 'loan_amount', 'total_acc']",500,0.5258011817932129,6.220086453683233,5.0,,0.722003116944772,5.745681667199945,70.14281278931183,6.220086453683233
financial_loan,SVM (RBF Kernel),46,499,SHAP-Targeted CE,True,"['dti', 'int_rate', 'loan_amount']",343,0.3540151119232178,0.7706293911221482,3.0,0.04360268161194784,0.4102838083305141,1.7303137696731807,100.0,0.7706293911221482
financial_loan,SVM (RBF Kernel),47,500,Actionable CBFI (Proposed),True,['int_rate'],325,0.9333522319793701,1.6273764258555132,1.0,0.0,0.7583407078142927,2.1399001794269816,100.0,1.6273764258555132
financial_loan,SVM (RBF Kernel),47,500,Untargeted Causal (Karimi 2021),True,['int_rate'],500,1.4817569255828857,1.6273764258555132,1.0,0.0,0.7583407078142927,2.1399001794269816,100.0,1.6273764258555132
financial_loan,SVM (RBF Kernel),47,500,Wachter's CE,True,"['dti', 'installment', 'int_rate', 'loan_amount', 'total_acc']",500,0.5260190963745117,5.483716984887614,5.0,,0.7117669095457229,5.7306956107103915,71.2203492259657,5.483716984887614
financial_loan,SVM (RBF Kernel),47,500,SHAP-Targeted CE,True,"['dti', 'int_rate', 'loan_amount']",343,0.352583646774292,1.819021785582589,3.0,0.0012111856003318895,0.5146676508767586,1.9513744846782077,100.0,1.819021785582589
financial_loan,SVM (RBF Kernel),48,503,Actionable CBFI (Proposed),True,['int_rate'],306,0.7984938621520996,0.9505703422053228,1.0,0.0,0.2830916407054718,1.861010995840324,100.0,0.9505703422053228
financial_loan,SVM (RBF Kernel),48,503,Untargeted Causal (Karimi 2021),True,['int_rate'],500,1.370283842086792,0.9505703422053228,1.0,0.0,0.2830916407054718,1.861010995840324,100.0,0.9505703422053228
financial_loan,SVM (RBF Kernel),48,503,Wachter's CE,True,"['dti', 'installment', 'int_rate', 'loan_amount', 'total_acc']",500,0.5259497165679932,7.299183620894642,5.0,,1.876395206796847,6.90874485509774,92.1224066982778,7.299183620894642
financial_loan,SVM (RBF Kernel),48,503,SHAP-Targeted CE,True,"['dti', 'int_rate', 'loan_amount']",343,0.35350632667541504,1.7108894334674012,3.0,0.16017929564389158,0.13584874860593393,2.6089129358567438,66.39174988446406,1.7108894334674012
financial_loan,SVM (RBF Kernel),49,505,Actionable CBFI (Proposed),True,['int_rate'],296,0.8094282150268555,0.7414448669201528,1.0,0.0,0.2430058562128158,2.7011384582045546,99.99999999999999,0.7414448669201528
financial_loan,SVM (RBF Kernel),49,505,Untargeted Causal (Karimi 2021),True,['int_rate'],500,1.3698928356170654,0.7414448669201528,1.0,0.0,0.2430058562128158,2.7011384582045546,99.99999999999999,0.7414448669201528
financial_loan,SVM (RBF Kernel),49,505,Wachter's CE,True,"['dti', 'home_ownership', 'installment', 'int_rate', 'loan_amount', 'total_acc']",500,0.5264842510223389,6.823371336765696,6.0,,0.2575149997847242,3.274310839176063,79.0636552416725,6.823371336765696
financial_loan,SVM (RBF Kernel),49,505,SHAP-Targeted CE,True,"['dti', 'int_rate', 'loan_amount']",343,0.3538391590118408,1.0676569204207174,3.0,0.39242413450753066,1.001033703090766,3.777151395703267,4.273599089103989,1.0676569204207174
financial_loan,SVM (RBF Kernel),50,506,Actionable CBFI (Proposed),True,"['installment', 'int_rate']",296,0.7427167892456055,0.9058106025398566,2.0,0.0,1.0584883669573022,2.495003333123865,100.0,0.9058106025398566
financial_loan,SVM (RBF Kernel),50,506,Untargeted Causal (Karimi 2021),True,"['installment', 'int_rate']",500,1.3376832008361816,0.9058106025398566,2.0,0.0,1.0584883669573022,2.495003333123865,100.0,0.9058106025398566
financial_loan,SVM (RBF Kernel),50,506,Wachter's CE,True,"['dti', 'installment', 'int_rate', 'loan_amount', 'total_acc']",500,0.5239663124084473,4.9092133784511764,5.0,,0.6957334567577824,5.731962980525351,63.93612056861008,4.9092133784511764
financial_loan,SVM (RBF Kernel),50,506,SHAP-Targeted CE,True,"['dti', 'int_rate', 'loan_amount']",343,0.35984039306640625,1.7605435528497566,3.0,0.009495695106601953,0.5981960226036803,1.8459893900284785,75.23025155094119,1.7605435528497566
financial_loan,SVM (RBF Kernel),51,509,Actionable CBFI (Proposed),True,['int_rate'],296,0.769141435623169,0.5741444866920152,1.0,0.0,0.1989425274212962,1.4174321465015243,100.0,0.5741444866920152
financial_loan,SVM (RBF Kernel),51,509,Untargeted Causal (Karimi 2021),True,['int_rate'],500,1.3372681140899658,0.5741444866920152,1.0,0.0,0.1989425274212962,1.4174321465015243,100.0,0.5741444866920152
financial_loan,SVM (RBF Kernel),51,509,Wachter's CE,True,"['dti', 'installment', 'int_rate', 'loan_amount', 'total_acc']",500,0.5230197906494141,6.7469912372749885,5.0,,0.7032886045355955,5.726548074105296,59.65397372826157,6.7469912372749885
financial_loan,SVM (RBF Kernel),51,509,SHAP-Targeted CE,True,"['dti', 'int_rate', 'loan_amount']",343,0.35460853576660156,1.5101110647120444,3.0,0.04074428359516459,0.1035603257346409,1.62900647261264,80.79611448610247,1.5101110647120444
financial_loan,SVM (RBF Kernel),52,510,Actionable CBFI (Proposed),True,['int_rate'],330,0.9293296337127686,1.604562737642586,1.0,0.0,0.3636340503391669,2.245971161190068,100.0,1.604562737642586
financial_loan,SVM (RBF Kernel),52,510,Untargeted Causal (Karimi 2021),True,['int_rate'],500,1.4473087787628174,1.604562737642586,1.0,0.0,0.3636340503391669,2.245971161190068,100.0,1.604562737642586
financial_loan,SVM (RBF Kernel),52,510,Wachter's CE,True,"['dti', 'installment', 'int_rate', 'loan_amount', 'total_acc']",500,0.5236248970031738,5.303422128601697,5.0,,0.7099215699508055,5.900556798226248,100.0,5.303422128601697
financial_loan,SVM (RBF Kernel),52,510,SHAP-Targeted CE,True,"['dti', 'int_rate', 'loan_amount']",343,0.3514420986175537,1.7605915270421084,3.0,0.026755089911331322,0.535600706196214,2.300630562565408,100.0,1.7605915270421084
financial_loan,SVM (RBF Kernel),53,515,Actionable CBFI (Proposed),True,['int_rate'],310,0.7876238822937012,0.6653992395437267,1.0,0.0,0.9563477412950064,2.859266278471684,100.0,0.6653992395437267
financial_loan,SVM (RBF Kernel),53,515,Untargeted Causal (Karimi 2021),True,['int_rate'],500,1.2442247867584229,0.6653992395437267,1.0,0.0,0.9563477412950064,2.859266278471684,100.0,0.6653992395437267
financial_loan,SVM (RBF Kernel),53,515,Wachter's CE,True,"['dti', 'installment', 'int_rate', 'loan_amount', 'total_acc']",500,0.529376745223999,5.3678416074605,5.0,,0.6930506225159009,5.998902058857725,71.95265291827093,5.3678416074605
financial_loan,SVM (RBF Kernel),53,515,SHAP-Targeted CE,True,"['dti', 'int_rate', 'loan_amount']",343,0.3522946834564209,1.5294968387583607,3.0,0.003924241345075297,1.1275713520204897,2.9749602789604674,100.0,1.5294968387583607
financial_loan,SVM (RBF Kernel),54,516,Actionable CBFI (Proposed),True,['int_rate'],325,0.9115235805511475,1.5095057034220536,1.0,0.0,0.15889309978642216,2.2050265023399818,100.0,1.5095057034220536
financial_loan,SVM (RBF Kernel),54,516,Untargeted Causal (Karimi 2021),True,['int_rate'],500,1.4404842853546143,1.5095057034220536,1.0,0.0,0.15889309978642216,2.2050265023399818,100.0,1.5095057034220536
financial_loan,SVM (RBF Kernel),54,516,Wachter's CE,True,"['dti', 'installment', 'int_rate', 'loan_amount', 'total_acc']",500,0.5250453948974609,7.513301388309489,5.0,,0.704912836882293,5.89631833933945,69.29586935017154,7.513301388309489
financial_loan,SVM (RBF Kernel),54,516,SHAP-Targeted CE,True,"['dti', 'int_rate', 'loan_amount']",343,0.35101985931396484,1.9641183078504785,3.0,0.10702035964532522,0.332646079802386,2.7452727062790747,100.0,1.9641183078504785
financial_loan,SVM (RBF Kernel),55,517,Actionable CBFI (Proposed),True,['int_rate'],325,0.9428935050964355,1.311787072243346,1.0,0.0,0.34054461751879267,2.102460720202291,100.0,1.311787072243346
financial_loan,SVM (RBF Kernel),55,517,Untargeted Causal (Karimi 2021),True,['int_rate'],500,1.480384349822998,1.311787072243346,1.0,0.0,0.34054461751879267,2.102460720202291,100.0,1.311787072243346
financial_loan,SVM (RBF Kernel),55,517,Wachter's CE,True,"['dti', 'installment', 'int_rate', 'loan_amount', 'total_acc']",500,0.5279197692871094,5.656792851894618,5.0,,0.7154838025503334,5.7890152171099665,82.65423715305866,5.656792851894618
financial_loan,SVM (RBF Kernel),55,517,SHAP-Targeted CE,True,"['dti', 'int_rate', 'loan_amount']",343,0.35712552070617676,2.590894305369348,3.0,0.07751587842124068,0.4377731707582395,2.2431241226345766,82.11462598681801,2.590894305369348
financial_loan,SVM (RBF Kernel),56,518,Actionable CBFI (Proposed),True,['int_rate'],295,0.8075087070465088,0.6653992395437267,1.0,0.0,0.2269581299730627,1.5289305829026145,100.0,0.6653992395437267
financial_loan,SVM (RBF Kernel),56,518,Untargeted Causal (Karimi 2021),True,['int_rate'],500,1.4302167892456055,0.6653992395437267,1.0,0.0,0.2269581299730627,1.5289305829026145,100.0,0.6653992395437267
financial_loan,SVM (RBF Kernel),56,518,Wachter's CE,True,"['dti', 'installment', 'int_rate', 'loan_amount', 'total_acc']",500,0.5283088684082031,5.347541398051705,5.0,,0.7054485761744554,5.726444637272559,38.88655867872518,5.347541398051705
financial_loan,SVM (RBF Kernel),56,518,SHAP-Targeted CE,True,"['dti', 'int_rate', 'loan_amount']",343,0.3525874614715576,1.7406850211604161,3.0,0.05934809441626227,0.1779767282342292,1.7662764533402329,100.0,1.7406850211604161
financial_loan,SVM (RBF Kernel),57,519,Actionable CBFI (Proposed),True,['int_rate'],324,0.9651975631713867,1.642585551330799,1.0,0.0,0.5059034916985864,2.286473172567956,100.0,1.642585551330799
financial_loan,SVM (RBF Kernel),57,519,Untargeted Causal (Karimi 2021),True,['int_rate'],500,1.4907760620117188,1.642585551330799,1.0,0.0,0.5059034916985864,2.286473172567956,100.0,1.642585551330799
financial_loan,SVM (RBF Kernel),57,519,Wachter's CE,True,"['dti', 'installment', 'int_rate', 'loan_amount', 'total_acc']",500,0.5280454158782959,5.452784699141926,5.0,,0.7204227005217787,5.915153026270745,73.80106665872515,5.452784699141926
financial_loan,SVM (RBF Kernel),57,519,SHAP-Targeted CE,True,"['dti', 'int_rate', 'loan_amount']",343,0.35294318199157715,2.16202153405081,3.0,0.10251474921209061,0.9030728574921681,2.6751387933495456,100.0,2.16202153405081
financial_loan,SVM (RBF Kernel),58,520,Actionable CBFI (Proposed),True,['int_rate'],296,0.8385603427886963,0.8403041825095058,1.0,0.0,0.16952049156257692,1.710808545055352,100.0,0.8403041825095058
financial_loan,SVM (RBF Kernel),58,520,Untargeted Causal (Karimi 2021),True,['int_rate'],500,1.4375014305114746,0.8403041825095058,1.0,0.0,0.16952049156257692,1.710808545055352,100.0,0.8403041825095058
financial_loan,SVM (RBF Kernel),58,520,Wachter's CE,True,"['dti', 'home_ownership', 'installment', 'int_rate', 'loan_amount']",500,0.5269837379455566,7.1537516176410065,5.0,,1.6896624112393683,5.449795430626882,65.7522355967972,7.1537516176410065
financial_loan,SVM (RBF Kernel),58,520,SHAP-Targeted CE,True,"['dti', 'int_rate', 'loan_amount']",343,0.3533809185028076,1.5741054137941979,3.0,0.4844742401327535,1.046581085552892,3.3704268032999227,36.4718530768777,1.5741054137941979
financial_loan,SVM (RBF Kernel),59,521,Actionable CBFI (Proposed),True,"['installment', 'int_rate', 'loan_amount']",306,0.8704946041107178,0.986779788849158,3.0,0.0,1.402068095106251,2.9211698195218685,100.0,0.986779788849158
financial_loan,SVM (RBF Kernel),59,521,Untargeted Causal (Karimi 2021),True,"['installment', 'int_rate', 'loan_amount']",500,1.418222188949585,0.986779788849158,3.0,0.0,1.402068095106251,2.9211698195218685,100.0,0.986779788849158
financial_loan,SVM (RBF Kernel),59,521,Wachter's CE,True,"['dti', 'installment', 'int_rate', 'loan_amount', 'total_acc']",500,0.5248458385467529,6.551064779239667,5.0,,0.7008673358049604,5.726604251613625,69.47061176470118,6.551064779239667
financial_loan,SVM (RBF Kernel),59,521,SHAP-Targeted CE,True,"['dti', 'int_rate', 'loan_amount']",343,0.35387349128723145,1.1263649262132742,3.0,0.3100635136849623,1.3915255557283104,2.9735856921054618,100.0,1.1263649262132742
financial_loan,SVM (RBF Kernel),60,522,Actionable CBFI (Proposed),True,['int_rate'],330,0.949937105178833,1.596958174904943,1.0,0.0,0.5246764279272211,2.1455043929841593,100.0,1.596958174904943
financial_loan,SVM (RBF Kernel),60,522,Untargeted Causal (Karimi 2021),True,['int_rate'],500,1.4350323677062988,1.596958174904943,1.0,0.0,0.5246764279272211,2.1455043929841593,100.0,1.596958174904943
financial_loan,SVM (RBF Kernel),60,522,Wachter's CE,True,"['dti', 'installment', 'int_rate', 'loan_amount', 'total_acc']",500,0.5259439945220947,5.779929103887324,5.0,,0.7013644739657899,5.7765664508699555,100.0,5.779929103887324
financial_loan,SVM (RBF Kernel),60,522,SHAP-Targeted CE,True,"['dti', 'int_rate', 'loan_amount']",343,0.3519265651702881,2.2777673990392944,3.0,0.030279640008297082,0.5270104460789716,2.294409719793172,100.0,2.2777673990392944
financial_loan,SVM (RBF Kernel),61,524,Actionable CBFI (Proposed),True,['int_rate'],325,0.9371845722198486,2.3574144486692017,1.0,0.0,0.5164672089198938,2.067454256214985,100.0,2.3574144486692017
financial_loan,SVM (RBF Kernel),61,524,Untargeted Causal (Karimi 2021),True,['int_rate'],500,1.4705476760864258,2.3574144486692017,1.0,0.0,0.5164672089198938,2.067454256214985,100.0,2.3574144486692017
financial_loan,SVM (RBF Kernel),61,524,Wachter's CE,True,"['dti', 'installment', 'int_rate', 'loan_amount', 'total_acc']",500,0.5246036052703857,7.126590993552605,5.0,,1.8665124804727162,6.869792577392947,93.98630524806103,7.126590993552605
financial_loan,SVM (RBF Kernel),61,524,SHAP-Targeted CE,True,"['dti', 'int_rate', 'loan_amount']",343,0.3525533676147461,3.452226153932564,3.0,0.42808143858130115,0.7571248235518772,3.3706741874565003,100.0,3.452226153932564
financial_loan,SVM (RBF Kernel),62,525,Actionable CBFI (Proposed),True,['int_rate'],323,0.9210922718048096,2.7794676806083647,1.0,0.0,1.3468489751415549,2.674927344798568,100.0,2.7794676806083647
financial_loan,SVM (RBF Kernel),62,525,Untargeted Causal (Karimi 2021),True,['int_rate'],500,1.465834140777588,2.7794676806083647,1.0,0.0,1.3468489751415549,2.674927344798568,100.0,2.7794676806083647
financial_loan,SVM (RBF Kernel),62,525,Wachter's CE,True,"['dti', 'installment', 'int_rate', 'loan_amount', 'total_acc']",500,0.5272014141082764,6.619160606609087,5.0,,0.722104402119578,5.764192760222033,79.98235609093672,6.619160606609087
financial_loan,SVM (RBF Kernel),62,525,SHAP-Targeted CE,True,"['dti', 'int_rate', 'loan_amount']",343,0.35509490966796875,3.854831730123495,3.0,0.07751587842124068,0.8969365923854763,2.4258280324485195,89.62341217453907,3.854831730123495
financial_loan,SVM (RBF Kernel),63,526,Actionable CBFI (Proposed),True,"['installment', 'int_rate']",325,0.8666880130767822,0.9118133623830058,2.0,0.0,0.407067597623209,1.7391992066109216,100.0,0.9118133623830058
financial_loan,SVM (RBF Kernel),63,526,Untargeted Causal (Karimi 2021),True,"['installment', 'int_rate']",500,1.3956725597381592,0.9118133623830058,2.0,0.0,0.407067597623209,1.7391992066109216,100.0,0.9118133623830058
financial_loan,SVM (RBF Kernel),63,526,Wachter's CE,True,"['dti', 'installment', 'int_rate', 'loan_amount', 'total_acc']",500,0.523453950881958,6.8396571827623145,5.0,,1.8954943780014641,6.8365353367653885,95.82268119468972,6.8396571827623145
financial_loan,SVM (RBF Kernel),63,526,SHAP-Targeted CE,True,"['dti', 'int_rate', 'loan_amount']",343,0.3514127731323242,1.8367768644487916,3.0,0.14390096117543116,0.34171498718730564,2.503292156936116,100.0,1.8367768644487916
financial_loan,SVM (RBF Kernel),64,528,Actionable CBFI (Proposed),True,['int_rate'],306,0.7854211330413818,0.7148288973384032,1.0,0.0,0.3897278142195975,1.9818501905346697,100.0,0.7148288973384032
financial_loan,SVM (RBF Kernel),64,528,Untargeted Causal (Karimi 2021),True,['int_rate'],500,1.353011131286621,0.7148288973384032,1.0,0.0,0.3897278142195975,1.9818501905346697,100.0,0.7148288973384032
financial_loan,SVM (RBF Kernel),64,528,Wachter's CE,True,"['dti', 'installment', 'int_rate', 'loan_amount', 'total_acc']",500,0.5286009311676025,5.122154244251767,5.0,,0.7056101128453882,5.829901940921664,77.68795923825039,5.122154244251767
financial_loan,SVM (RBF Kernel),64,528,SHAP-Targeted CE,True,"['dti', 'int_rate', 'loan_amount']",343,0.3570699691772461,1.604758224234476,3.0,0.0012111856003318895,0.5146168037285656,2.0826576436049145,100.0,1.604758224234476
financial_loan,SVM (RBF Kernel),65,543,Actionable CBFI (Proposed),True,['int_rate'],296,0.7072248458862305,0.3346007604562738,1.0,0.0,0.2814216644068695,2.0500347165396997,100.0,0.3346007604562738
financial_loan,SVM (RBF Kernel),65,543,Untargeted Causal (Karimi 2021),True,['int_rate'],500,1.1927587985992432,0.3346007604562738,1.0,0.0,0.2814216644068695,2.0500347165396997,100.0,0.3346007604562738
financial_loan,SVM (RBF Kernel),65,543,Wachter's CE,True,"['dti', 'installment', 'int_rate', 'loan_amount', 'total_acc']",500,0.5234246253967285,7.096399574361513,5.0,,1.9132000292317068,6.854731397724877,74.95711961367745,7.096399574361513
financial_loan,SVM (RBF Kernel),65,543,SHAP-Targeted CE,True,"['dti', 'int_rate', 'loan_amount']",343,0.35446763038635254,1.3181460154191418,3.0,0.025628687303022687,0.3094701078961109,2.1567850025659197,82.55125021738469,1.3181460154191418
financial_loan,SVM (RBF Kernel),66,555,Actionable CBFI (Proposed),True,['int_rate'],306,0.77950119972229,0.27376425855513326,1.0,0.0,0.31877458745744897,2.5086559767327854,99.99999999999994,0.27376425855513326
financial_loan,SVM (RBF Kernel),66,555,Untargeted Causal (Karimi 2021),True,['int_rate'],500,1.3294031620025635,0.27376425855513326,1.0,0.0,0.31877458745744897,2.5086559767327854,99.99999999999994,0.27376425855513326
financial_loan,SVM (RBF Kernel),66,555,Wachter's CE,True,"['dti', 'installment', 'int_rate', 'loan_amount', 'total_acc']",500,0.5275754928588867,5.877137077177876,5.0,,0.7179733753372479,5.911217749959267,76.88351150855816,5.877137077177876
financial_loan,SVM (RBF Kernel),66,555,SHAP-Targeted CE,True,"['dti', 'int_rate', 'loan_amount']",343,0.3525533676147461,1.098077857633013,3.0,0.48447424013275375,0.710030285311926,3.6143290097367595,100.0,1.098077857633013
financial_loan,SVM (RBF Kernel),67,556,Actionable CBFI (Proposed),True,['int_rate'],306,0.804621696472168,0.14828897338403096,1.0,0.0,1.101295984020596,2.957931175402545,100.0,0.14828897338403096
financial_loan,SVM (RBF Kernel),67,556,Untargeted Causal (Karimi 2021),True,['int_rate'],500,1.2571806907653809,0.14828897338403096,1.0,0.0,1.101295984020596,2.957931175402545,100.0,0.14828897338403096
financial_loan,SVM (RBF Kernel),67,556,Wachter's CE,True,"['dti', 'installment', 'int_rate', 'loan_amount', 'total_acc']",500,0.529975175857544,6.993502394963102,5.0,,0.7101467848490488,5.833718489408372,55.060326495051925,6.993502394963102
financial_loan,SVM (RBF Kernel),67,556,SHAP-Targeted CE,True,"['dti', 'int_rate', 'loan_amount']",343,0.3495783805847168,1.1936261358613498,3.0,0.03275045863297416,0.9073750919305589,2.653408343280878,100.0,1.1936261358613498
financial_loan,SVM (RBF Kernel),68,557,Actionable CBFI (Proposed),True,['int_rate'],324,0.9586677551269531,1.6121673003802277,1.0,0.0,0.6824392869256081,2.2606107724506264,100.0,1.6121673003802277
financial_loan,SVM (RBF Kernel),68,557,Untargeted Causal (Karimi 2021),True,['int_rate'],500,1.4728844165802002,1.6121673003802277,1.0,0.0,0.6824392869256081,2.2606107724506264,100.0,1.6121673003802277
financial_loan,SVM (RBF Kernel),68,557,Wachter's CE,True,"['dti', 'installment', 'int_rate', 'loan_amount', 'total_acc']",500,0.5276098251342773,6.4630631280115995,5.0,,1.9254045525175647,6.911534205880055,92.26373021434765,6.4630631280115995
financial_loan,SVM (RBF Kernel),68,557,SHAP-Targeted CE,True,"['dti', 'int_rate', 'loan_amount']",343,0.35154223442077637,2.268905787917194,3.0,0.12111856003318833,0.7215849784503789,2.4352636112949635,77.9629457219998,2.268905787917194
financial_loan,SVM (RBF Kernel),69,558,Actionable CBFI (Proposed),True,"['installment', 'int_rate']",325,0.8930532932281494,1.1333373110376797,2.0,0.0,0.4390707288217372,1.9471231136966098,100.0,1.1333373110376797
financial_loan,SVM (RBF Kernel),69,558,Untargeted Causal (Karimi 2021),True,['int_rate'],500,1.3974635601043701,1.4448669201520914,1.0,0.0,0.3784492901359087,1.88628622717112,100.0,1.4448669201520914
financial_loan,SVM (RBF Kernel),69,558,Wachter's CE,True,"['dti', 'installment', 'int_rate', 'loan_amount', 'total_acc']",500,0.5276503562927246,7.801763294918227,5.0,,1.8811141764661057,6.884651146877067,85.35129688436514,7.801763294918227
financial_loan,SVM (RBF Kernel),69,558,SHAP-Targeted CE,True,"['dti', 'int_rate', 'loan_amount']",343,0.352902889251709,1.856261798183599,3.0,0.12111856003318848,0.6688756017700446,2.3186701923583706,100.0,1.856261798183599
financial_loan,SVM (RBF Kernel),70,560,Actionable CBFI (Proposed),True,['int_rate'],302,0.8631026744842529,0.9011406844106472,1.0,0.0,0.4240498020120829,1.6926235899143098,100.0,0.9011406844106472
financial_loan,SVM (RBF Kernel),70,560,Untargeted Causal (Karimi 2021),True,['int_rate'],500,1.4436883926391602,0.9011406844106472,1.0,0.0,0.4240498020120829,1.6926235899143098,100.0,0.9011406844106472
financial_loan,SVM (RBF Kernel),70,560,Wachter's CE,True,"['dti', 'installment', 'int_rate', 'loan_amount', 'total_acc']",500,0.5270342826843262,6.048888826050177,5.0,,0.7067999989664903,5.727734828657233,66.93607607091754,6.048888826050177
financial_loan,SVM (RBF Kernel),70,560,SHAP-Targeted CE,True,"['dti', 'int_rate', 'loan_amount']",343,0.35880422592163086,2.0353860035995908,3.0,0.030279640008297082,0.5229492714426527,1.9862173023670977,100.0,2.0353860035995908
financial_loan,SVM (RBF Kernel),71,561,Actionable CBFI (Proposed),True,['int_rate'],324,0.8959627151489258,1.1977186311787071,1.0,0.0,0.2198121172888371,2.3644132352404204,100.0,1.1977186311787071
financial_loan,SVM (RBF Kernel),71,561,Untargeted Causal (Karimi 2021),True,['int_rate'],500,1.4097814559936523,1.1977186311787071,1.0,0.0,0.2198121172888371,2.3644132352404204,100.0,1.1977186311787071
financial_loan,SVM (RBF Kernel),71,561,Wachter's CE,True,"['dti', 'installment', 'int_rate', 'loan_amount', 'total_acc']",500,0.5301733016967773,5.845194049051879,5.0,,0.703615295024878,5.972826478154557,87.77994865026638,5.845194049051879
financial_loan,SVM (RBF Kernel),71,561,SHAP-Targeted CE,True,"['dti', 'int_rate', 'loan_amount']",343,0.35076451301574707,2.164655022943116,3.0,0.030279640008297082,0.16872980478903532,2.4466457224552083,100.0,2.164655022943116
financial_loan,SVM (RBF Kernel),72,563,Actionable CBFI (Proposed),True,['installment'],325,0.7138676643371582,0.8982060398022149,1.0,0.0,0.774128724307491,3.4798365094492083,100.0,0.8982060398022149
financial_loan,SVM (RBF Kernel),72,563,Untargeted Causal (Karimi 2021),True,['installment'],500,1.108623743057251,0.8982060398022149,1.0,0.0,0.774128724307491,3.4798365094492083,100.0,0.8982060398022149
financial_loan,SVM (RBF Kernel),72,563,Wachter's CE,True,"['dti', 'home_ownership', 'installment', 'int_rate', 'loan_amount', 'total_acc']",500,0.5297131538391113,7.5502390472518535,6.0,,1.242752226324145,5.937299994179124,71.94962028117075,7.5502390472518535
financial_loan,SVM (RBF Kernel),72,563,SHAP-Targeted CE,True,"['dti', 'int_rate', 'loan_amount']",343,0.35099339485168457,1.185047058421308,3.0,0.011639493619189468,0.8524768632820434,3.1694799835502936,22.78092449914671,1.185047058421308
financial_loan,SVM (RBF Kernel),73,643,Actionable CBFI (Proposed),True,"['installment', 'int_rate']",324,0.851710319519043,2.2363068693244883,2.0,0.0,0.7083866695368686,3.9174452835306726,100.0,2.2363068693244883
financial_loan,SVM (RBF Kernel),73,643,Untargeted Causal (Karimi 2021),True,"['dti', 'int_rate']",500,1.3704862594604492,2.2056895023333847,2.0,0.0,1.6801489156441989,4.138589713148283,21.030989470887167,2.2056895023333847
financial_loan,SVM (RBF Kernel),73,643,Wachter's CE,True,"['dti', 'home_ownership', 'installment', 'int_rate', 'loan_amount', 'total_acc']",500,0.5280900001525879,7.1978535624613285,6.0,,1.2290192625091658,5.96387434456464,84.05915271860187,7.1978535624613285
financial_loan,SVM (RBF Kernel),73,643,SHAP-Targeted CE,True,"['dti', 'int_rate', 'loan_amount']",343,0.35074400901794434,3.066077886937685,3.0,0.04360268161194784,1.0430054338529036,3.778586941800417,93.98812279709794,3.066077886937685
financial_loan,SVM (RBF Kernel),74,655,Actionable CBFI (Proposed),True,['installment'],324,0.8614168167114258,0.7677495811368572,1.0,0.0,0.544107938055586,3.3315807078651205,100.0,0.7677495811368572
financial_loan,SVM (RBF Kernel),74,655,Untargeted Causal (Karimi 2021),True,['installment'],500,1.275853157043457,0.7677495811368572,1.0,0.0,0.544107938055586,3.3315807078651205,100.0,0.7677495811368572
financial_loan,SVM (RBF Kernel),74,655,Wachter's CE,True,"['dti', 'installment', 'int_rate', 'loan_amount', 'total_acc']",500,0.528618574142456,4.443955729106643,5.0,,1.6170449709948402,3.7242317718241904,87.14144320372328,4.443955729106643
financial_loan,SVM (RBF Kernel),74,655,SHAP-Targeted CE,True,"['dti', 'int_rate', 'loan_amount']",343,0.3568410873413086,1.2021610975576995,3.0,0.01090067040298696,0.79062422944367,3.116560697579013,100.0,1.2021610975576995
financial_loan,SVM (RBF Kernel),75,657,Actionable CBFI (Proposed),True,['int_rate'],306,0.8490476608276367,0.9239543726235746,1.0,0.0,0.18994824254797701,2.040733523661654,100.0,0.9239543726235746
financial_loan,SVM (RBF Kernel),75,657,Untargeted Causal (Karimi 2021),True,['int_rate'],500,1.4357478618621826,0.9239543726235746,1.0,0.0,0.18994824254797701,2.040733523661654,100.0,0.9239543726235746
financial_loan,SVM (RBF Kernel),75,657,Wachter's CE,True,"['dti', 'installment', 'int_rate', 'loan_amount', 'total_acc']",500,0.5298886299133301,5.596546750085005,5.0,,1.658189171661646,3.206289637624723,82.1318387095612,5.596546750085005
financial_loan,SVM (RBF Kernel),75,657,SHAP-Targeted CE,True,"['dti', 'int_rate', 'loan_amount']",343,0.3841581344604492,1.995713214698248,3.0,1.2402540547398488,1.3845513943505008,5.15973224812633,100.0,1.995713214698248
financial_loan,SVM (RBF Kernel),76,659,Actionable CBFI (Proposed),True,['int_rate'],325,0.8776123523712158,1.1825095057034225,1.0,0.0,0.6825432630508695,3.093047512283624,100.0,1.1825095057034225
financial_loan,SVM (RBF Kernel),76,659,Untargeted Causal (Karimi 2021),True,['int_rate'],500,1.4216835498809814,1.1825095057034225,1.0,0.0,0.6825432630508695,3.093047512283624,100.0,1.1825095057034225
financial_loan,SVM (RBF Kernel),76,659,Wachter's CE,True,"['dti', 'home_ownership', 'installment', 'int_rate', 'loan_amount', 'total_acc']",500,0.5310952663421631,8.194540816266638,6.0,,0.22538863889770852,2.3568550557109798,98.67699675258585,8.194540816266638
financial_loan,SVM (RBF Kernel),76,659,SHAP-Targeted CE,True,"['dti', 'int_rate', 'loan_amount']",343,0.3544585704803467,2.4449179591248646,3.0,0.07751587842124055,0.38919789408218824,2.988090695796479,100.0,2.4449179591248646
financial_loan,SVM (RBF Kernel),77,662,Actionable CBFI (Proposed),True,['int_rate'],326,0.8402364253997803,0.47528517110266194,1.0,0.0,0.8208175523932517,3.165533406070539,100.0,0.47528517110266194
financial_loan,SVM (RBF Kernel),77,662,Untargeted Causal (Karimi 2021),True,['int_rate'],500,1.2090070247650146,0.47528517110266194,1.0,0.0,0.8208175523932517,3.165533406070539,100.0,0.47528517110266194
financial_loan,SVM (RBF Kernel),77,662,Wachter's CE,True,"['dti', 'home_ownership', 'installment', 'int_rate', 'loan_amount', 'term', 'total_acc']",500,0.5289771556854248,6.468984732386401,7.0,,2.8893950326124065,6.975420336894428,77.43036478168828,6.468984732386401
financial_loan,SVM (RBF Kernel),77,662,SHAP-Targeted CE,True,"['dti', 'int_rate', 'loan_amount']",343,0.3513374328613281,1.3597809719871745,3.0,0.03531817210567771,0.8667204734794456,3.2134651978104753,80.14386099215496,1.3597809719871745
financial_loan,SVM (RBF Kernel),78,742,Actionable CBFI (Proposed),True,"['dti', 'int_rate']",310,0.7013463973999023,0.8205390300326281,2.0,0.0,0.673234553434247,2.6272208210963144,90.64016827831037,0.8205390300326281
financial_loan,SVM (RBF Kernel),78,742,Untargeted Causal (Karimi 2021),True,['int_rate'],500,1.130732536315918,0.4638783269961977,1.0,0.0,1.0943597564616305,2.9789804299179137,0.0,0.4638783269961977
financial_loan,SVM (RBF Kernel),78,742,Wachter's CE,True,"['dti', 'home_ownership', 'installment', 'int_rate', 'loan_amount', 'term', 'total_acc']",500,0.5329527854919434,7.801825778643594,7.0,,1.531560875787596,4.190359432670723,77.21601852748631,7.801825778643594
financial_loan,SVM (RBF Kernel),78,742,SHAP-Targeted CE,True,"['dti', 'int_rate', 'loan_amount']",343,0.35227298736572266,0.9919398716943717,3.0,0.09810603362688262,0.7362046242314103,3.2798615326859863,82.23961198496914,0.9919398716943717
financial_loan,SVM (RBF Kernel),79,744,Actionable CBFI (Proposed),True,['total_acc'],302,0.8084049224853516,1.0,1.0,0.0,0.6756200381769937,2.712814032863868,100.0,1.0
financial_loan,SVM (RBF Kernel),79,744,Untargeted Causal (Karimi 2021),True,['total_acc'],500,1.375791311264038,1.0,1.0,0.0,0.6756200381769937,2.712814032863868,100.0,1.0
financial_loan,SVM (RBF Kernel),79,744,Wachter's CE,True,"['dti', 'home_ownership', 'installment', 'int_rate', 'loan_amount', 'term', 'total_acc']",500,0.5436084270477295,6.255693510025608,7.0,,0.9264450199109214,4.089441180587267,66.62792427899336,6.255693510025608
financial_loan,SVM (RBF Kernel),79,744,SHAP-Targeted CE,True,"['dti', 'int_rate', 'loan_amount']",343,0.3601400852203369,1.7001177071046736,3.0,0.07751587842124055,0.6731058565608078,3.005851067857643,100.0,1.7001177071046736
financial_loan,SVM (RBF Kernel),80,768,Actionable CBFI (Proposed),True,['installment'],299,0.7677967548370361,0.7431653794287116,1.0,0.0,0.6313964186129862,2.587690815565165,100.0,0.7431653794287116
financial_loan,SVM (RBF Kernel),80,768,Untargeted Causal (Karimi 2021),True,['installment'],500,1.3097224235534668,0.7431653794287116,1.0,0.0,0.6313964186129862,2.587690815565165,100.0,0.7431653794287116
financial_loan,SVM (RBF Kernel),80,768,Wachter's CE,True,"['dti', 'installment', 'int_rate', 'loan_amount', 'total_acc']",500,0.5309593677520752,3.808396526519335,5.0,,0.7135254705285212,5.904842076151386,42.77681698556054,3.808396526519335
financial_loan,SVM (RBF Kernel),80,768,SHAP-Targeted CE,True,"['dti', 'int_rate', 'loan_amount']",343,0.3581809997558594,1.0804966653723767,3.0,0.03275045863297416,0.5255963181383739,2.3364443716012304,75.93699191006804,1.0804966653723767
financial_loan,SVM (RBF Kernel),81,770,Actionable CBFI (Proposed),True,"['installment', 'int_rate']",299,0.7644877433776855,0.9317954223148903,2.0,0.0,0.6308219341677475,2.4155725093983915,100.0,0.9317954223148903
financial_loan,SVM (RBF Kernel),81,770,Untargeted Causal (Karimi 2021),True,"['installment', 'int_rate']",500,1.288522481918335,0.9317954223148903,2.0,0.0,0.6308219341677475,2.4155725093983915,100.0,0.9317954223148903
financial_loan,SVM (RBF Kernel),81,770,Wachter's CE,True,"['dti', 'installment', 'int_rate', 'loan_amount', 'total_acc']",500,0.5301480293273926,3.284109540885068,5.0,,0.7178036505139687,5.792337854429553,94.87267382874802,3.284109540885068
financial_loan,SVM (RBF Kernel),81,770,SHAP-Targeted CE,True,"['dti', 'int_rate', 'loan_amount']",343,0.35190248489379883,1.4188695233839081,3.0,0.04360268161194784,0.5167666111364515,2.2032328668466645,67.8613762174184,1.4188695233839081
financial_loan,SVM (RBF Kernel),82,774,Actionable CBFI (Proposed),True,"['dti', 'int_rate']",310,0.8010678291320801,0.10718184282438487,2.0,0.0,0.06039208564333575,1.891985087675719,100.0,0.10718184282438487
financial_loan,SVM (RBF Kernel),82,774,Untargeted Causal (Karimi 2021),True,"['dti', 'int_rate']",500,1.3172717094421387,0.10718184282438487,2.0,0.0,0.06039208564333575,1.891985087675719,100.0,0.10718184282438487
financial_loan,SVM (RBF Kernel),82,774,Wachter's CE,True,"['dti', 'installment', 'int_rate', 'loan_amount', 'total_acc']",500,0.530963659286499,5.4833402539411145,5.0,,0.7148807959009642,5.78820219067018,63.427508651116646,5.4833402539411145
financial_loan,SVM (RBF Kernel),82,774,SHAP-Targeted CE,True,"['dti', 'int_rate', 'loan_amount']",343,0.3509945869445801,0.8855183630409454,3.0,0.04360268161194779,0.07845451376476242,2.018777114802439,100.0,0.8855183630409454
financial_loan,SVM (RBF Kernel),83,776,Actionable CBFI (Proposed),True,"['dti', 'int_rate']",310,0.8325834274291992,0.2912298438793531,2.0,0.0,0.49650348962348617,2.664851070953493,100.0,0.2912298438793531
financial_loan,SVM (RBF Kernel),83,776,Untargeted Causal (Karimi 2021),True,"['dti', 'int_rate']",500,1.3975882530212402,0.2912298438793531,2.0,0.0,0.49650348962348617,2.664851070953493,100.0,0.2912298438793531
financial_loan,SVM (RBF Kernel),83,776,Wachter's CE,True,"['dti', 'installment', 'int_rate', 'loan_amount', 'term', 'total_acc']",500,0.5249955654144287,5.967234516269022,6.0,,1.0709259818014376,4.09279939796141,78.45376644392097,5.967234516269022
financial_loan,SVM (RBF Kernel),83,776,SHAP-Targeted CE,True,"['dti', 'int_rate', 'loan_amount']",343,0.35174083709716797,0.813464886896171,3.0,0.0012111856003318895,0.5427311921981895,2.7863446972367916,100.0,0.813464886896171
financial_loan,SVM (RBF Kernel),84,777,Actionable CBFI (Proposed),True,['int_rate'],302,0.7260129451751709,0.14448669201521003,1.0,0.0,1.1219784639641905,2.357890824785019,100.0,0.14448669201521003
financial_loan,SVM (RBF Kernel),84,777,Untargeted Causal (Karimi 2021),True,['int_rate'],500,1.1890225410461426,0.14448669201521003,1.0,0.0,1.1219784639641905,2.357890824785019,100.0,0.14448669201521003
financial_loan,SVM (RBF Kernel),84,777,Wachter's CE,True,"['dti', 'installment', 'int_rate', 'loan_amount', 'total_acc']",500,0.5264651775360107,5.468477421613639,5.0,,0.7047067281801018,5.726829256772696,77.08548519381819,5.468477421613639
financial_loan,SVM (RBF Kernel),84,777,SHAP-Targeted CE,True,"['dti', 'int_rate', 'loan_amount']",343,0.35678577423095703,1.026002402983216,3.0,0.030279640008297082,1.164489394329927,2.5573637464822014,100.0,1.026002402983216
financial_loan,SVM (RBF Kernel),85,778,Actionable CBFI (Proposed),True,['int_rate'],296,0.8066105842590332,1.1863117870722433,1.0,0.0,0.3193837334498745,1.8973774655600775,100.0,1.1863117870722433
financial_loan,SVM (RBF Kernel),85,778,Untargeted Causal (Karimi 2021),True,['int_rate'],500,1.4231631755828857,1.1863117870722433,1.0,0.0,0.3193837334498745,1.8973774655600775,100.0,1.1863117870722433
financial_loan,SVM (RBF Kernel),85,778,Wachter's CE,True,"['dti', 'installment', 'int_rate', 'loan_amount', 'total_acc']",500,0.5299968719482422,6.833844410122065,5.0,,0.7008114032736297,5.826988195025315,63.19483344535184,6.833844410122065
financial_loan,SVM (RBF Kernel),85,778,SHAP-Targeted CE,True,"['dti', 'int_rate', 'loan_amount']",343,0.35219907760620117,1.3684238725637434,3.0,0.35831714800218456,1.0194510341554692,3.049623123958685,92.021161642485,1.3684238725637434
financial_loan,SVM (RBF Kernel),86,780,Actionable CBFI (Proposed),True,['int_rate'],330,0.9457187652587891,0.908745247148289,1.0,0.0,0.45306420576104156,1.9597319651718974,100.0,0.908745247148289
financial_loan,SVM (RBF Kernel),86,780,Untargeted Causal (Karimi 2021),True,['int_rate'],500,1.4882230758666992,0.908745247148289,1.0,0.0,0.45306420576104156,1.9597319651718974,100.0,0.908745247148289
financial_loan,SVM (RBF Kernel),86,780,Wachter's CE,True,"['dti', 'installment', 'int_rate', 'loan_amount', 'total_acc']",500,0.5266506671905518,4.432471427944432,5.0,,0.7114898317411547,5.7463051184185066,100.0,4.432471427944432
financial_loan,SVM (RBF Kernel),86,780,SHAP-Targeted CE,True,"['dti', 'int_rate', 'loan_amount']",343,0.35191869735717773,2.1885396992852097,3.0,0.0814401197663158,0.1788761452234966,2.2297143111139817,100.0,2.1885396992852097
financial_loan,SVM (RBF Kernel),87,784,Actionable CBFI (Proposed),True,['installment'],302,0.7674672603607178,0.2617792489068693,1.0,0.0,0.431572827842074,1.827721723200714,100.0,0.2617792489068693
financial_loan,SVM (RBF Kernel),87,784,Untargeted Causal (Karimi 2021),True,['installment'],500,1.2764794826507568,0.2617792489068693,1.0,0.0,0.431572827842074,1.827721723200714,100.0,0.2617792489068693
financial_loan,SVM (RBF Kernel),87,784,Wachter's CE,True,"['dti', 'installment', 'int_rate', 'loan_amount', 'total_acc']",500,0.5268588066101074,4.902624111432115,5.0,,0.705351049004111,5.727049517956782,85.4305429490277,4.902624111432115
financial_loan,SVM (RBF Kernel),87,784,SHAP-Targeted CE,True,"['dti', 'int_rate', 'loan_amount']",343,0.3589358329772949,1.681077361895621,3.0,0.14655345764015787,0.20862984264831097,2.474165359337701,100.0,1.681077361895621
financial_loan,SVM (RBF Kernel),88,785,Actionable CBFI (Proposed),True,['int_rate'],330,0.943781852722168,2.3574144486692012,1.0,0.0,0.586480500966712,2.59501234971227,100.0,2.3574144486692012
financial_loan,SVM (RBF Kernel),88,785,Untargeted Causal (Karimi 2021),True,['int_rate'],500,1.4504611492156982,2.3574144486692012,1.0,0.0,0.586480500966712,2.59501234971227,100.0,2.3574144486692012
financial_loan,SVM (RBF Kernel),88,785,Wachter's CE,True,"['dti', 'installment', 'int_rate', 'loan_amount', 'total_acc']",500,0.5408995151519775,7.972746688858001,5.0,,1.0269035710716967,3.206072270997741,100.0,7.972746688858001
financial_loan,SVM (RBF Kernel),88,785,SHAP-Targeted CE,True,"['dti', 'int_rate', 'loan_amount']",343,0.3534829616546631,3.0387515232325004,3.0,0.39242413450753066,0.9813558475559563,3.642005872890571,100.0,3.0387515232325004
financial_loan,SVM (RBF Kernel),89,786,Actionable CBFI (Proposed),True,['int_rate'],330,0.9666380882263184,1.6311787072243347,1.0,0.0,0.5880590613843696,2.63787184929562,100.0,1.6311787072243347
financial_loan,SVM (RBF Kernel),89,786,Untargeted Causal (Karimi 2021),True,['int_rate'],500,1.4961519241333008,1.6311787072243347,1.0,0.0,0.5880590613843696,2.63787184929562,100.0,1.6311787072243347
financial_loan,SVM (RBF Kernel),89,786,Wachter's CE,True,"['dti', 'installment', 'int_rate', 'loan_amount', 'total_acc']",500,0.5327849388122559,5.21150879501454,5.0,,1.043208169545621,3.2005433265360512,100.0,5.21150879501454
financial_loan,SVM (RBF Kernel),89,786,SHAP-Targeted CE,True,"['dti', 'int_rate', 'loan_amount']",343,0.35711669921875,1.962714882622572,3.0,0.0699580802751696,0.9029681688357492,2.824191285349335,100.0,1.962714882622572
financial_loan,SVM (RBF Kernel),90,787,Actionable CBFI (Proposed),True,['int_rate'],306,0.7787768840789795,0.6463878326996202,1.0,0.0,0.538695442702936,2.3008605877170614,100.0,0.6463878326996202
financial_loan,SVM (RBF Kernel),90,787,Untargeted Causal (Karimi 2021),True,['int_rate'],500,1.3235044479370117,0.6463878326996202,1.0,0.0,0.538695442702936,2.3008605877170614,100.0,0.6463878326996202
financial_loan,SVM (RBF Kernel),90,787,Wachter's CE,True,"['dti', 'installment', 'int_rate', 'loan_amount', 'total_acc']",500,0.5269129276275635,4.959647182418712,5.0,,0.7058407808433393,5.896924054753493,76.95688622956047,4.959647182418712
financial_loan,SVM (RBF Kernel),90,787,SHAP-Targeted CE,True,"['dti', 'int_rate', 'loan_amount']",343,0.3543429374694824,1.8630994331987756,3.0,0.09810603362688256,0.5488231546000771,2.758655933679089,100.0,1.8630994331987756
financial_loan,SVM (RBF Kernel),91,788,Actionable CBFI (Proposed),True,['int_rate'],296,0.8019542694091797,0.8403041825095058,1.0,0.0,0.23502263366122397,2.54330993029805,100.0,0.8403041825095058
financial_loan,SVM (RBF Kernel),91,788,Untargeted Causal (Karimi 2021),True,['int_rate'],500,1.4327552318572998,0.8403041825095058,1.0,0.0,0.23502263366122397,2.54330993029805,100.0,0.8403041825095058
financial_loan,SVM (RBF Kernel),91,788,Wachter's CE,True,"['dti', 'home_ownership', 'installment', 'int_rate', 'loan_amount', 'total_acc']",500,0.5289223194122314,8.237441558903088,6.0,,0.257950416496948,3.4939698758281974,62.75716044939487,8.237441558903088
financial_loan,SVM (RBF Kernel),91,788,SHAP-Targeted CE,True,"['dti', 'int_rate', 'loan_amount']",343,0.35252833366394043,1.9496297842931827,3.0,0.05934809441626226,0.17441631988607445,2.7501907549376012,82.04787376456251,1.9496297842931827
financial_loan,SVM (RBF Kernel),92,789,Actionable CBFI (Proposed),True,"['int_rate', 'total_acc']",325,0.9390242099761963,1.1890277023356874,2.0,0.0,0.38980497630825783,2.3883500930839134,100.0,1.1890277023356874
financial_loan,SVM (RBF Kernel),92,789,Untargeted Causal (Karimi 2021),True,"['int_rate', 'total_acc']",500,1.432870864868164,1.1890277023356874,2.0,0.0,0.38980497630825783,2.3883500930839134,100.0,1.1890277023356874
financial_loan,SVM (RBF Kernel),92,789,Wachter's CE,True,"['dti', 'installment', 'int_rate', 'loan_amount', 'total_acc']",500,0.5275149345397949,6.358718622533678,5.0,,0.7173511957970342,5.7385859197204105,81.36416988478366,6.358718622533678
financial_loan,SVM (RBF Kernel),92,789,SHAP-Targeted CE,True,"['dti', 'int_rate', 'loan_amount']",343,0.35393238067626953,1.9326142454901332,3.0,0.141272688422711,0.637678213431886,2.584504382984159,72.05857292731224,1.9326142454901332
financial_loan,SVM (RBF Kernel),93,790,Actionable CBFI (Proposed),True,"['installment', 'int_rate']",324,0.9460597038269043,1.832113685276264,2.0,0.0,0.17906030976944562,1.6972199383491124,100.0,1.832113685276264
financial_loan,SVM (RBF Kernel),93,790,Untargeted Causal (Karimi 2021),True,['int_rate'],500,1.472416877746582,2.0912547528517105,1.0,0.0,0.10522597786081739,1.4278861058420715,100.0,2.0912547528517105
financial_loan,SVM (RBF Kernel),93,790,Wachter's CE,True,"['dti', 'installment', 'int_rate', 'loan_amount', 'total_acc']",500,0.6206886768341064,6.847728022602486,5.0,,0.7149325925788131,5.735368431541535,83.11044107019453,6.847728022602486
financial_loan,SVM (RBF Kernel),93,790,SHAP-Targeted CE,True,"['dti', 'int_rate', 'loan_amount']",343,0.35692358016967773,2.3416027458478936,3.0,0.030279640008297082,0.07526058145078071,1.6632649934483665,87.69842790736236,2.3416027458478936
financial_loan,SVM (RBF Kernel),94,791,Actionable CBFI (Proposed),True,['int_rate'],330,0.9651358127593994,1.9049429657794676,1.0,0.0,0.6906405145110541,2.7300116338292804,100.0,1.9049429657794676
financial_loan,SVM (RBF Kernel),94,791,Untargeted Causal (Karimi 2021),True,['int_rate'],500,1.4916071891784668,1.9049429657794676,1.0,0.0,0.6906405145110541,2.7300116338292804,100.0,1.9049429657794676
financial_loan,SVM (RBF Kernel),94,791,Wachter's CE,True,"['dti', 'installment', 'int_rate', 'loan_amount', 'total_acc']",500,0.5278689861297607,5.873998196841605,5.0,,1.0113315110486638,3.2206468716017382,100.0,5.873998196841605
financial_loan,SVM (RBF Kernel),94,791,SHAP-Targeted CE,True,"['dti', 'int_rate', 'loan_amount']",343,0.3511624336242676,1.997558139250923,3.0,0.0699580802751696,0.8786923993846385,2.8547297166437273,100.0,1.997558139250923
financial_loan,SVM (RBF Kernel),95,792,Actionable CBFI (Proposed),True,['int_rate'],330,0.9567270278930664,0.8973384030418254,1.0,0.0,0.8450850735768024,2.492918120675013,100.0,0.8973384030418254
financial_loan,SVM (RBF Kernel),95,792,Untargeted Causal (Karimi 2021),True,['int_rate'],500,1.4921958446502686,0.8973384030418254,1.0,0.0,0.8450850735768024,2.492918120675013,100.0,0.8973384030418254
financial_loan,SVM (RBF Kernel),95,792,Wachter's CE,True,"['dti', 'installment', 'int_rate', 'loan_amount', 'total_acc']",500,0.5268661975860596,5.425462643308151,5.0,,0.7141136769308672,5.83841093027062,100.0,5.425462643308151
financial_loan,SVM (RBF Kernel),95,792,SHAP-Targeted CE,True,"['dti', 'int_rate', 'loan_amount']",343,0.35096049308776855,1.805064775538412,3.0,0.003100635136849617,0.517976980006321,2.2661110117679653,100.0,1.805064775538412
financial_loan,SVM (RBF Kernel),96,807,Actionable CBFI (Proposed),True,"['dti', 'int_rate']",302,0.7028298377990723,0.4166467613637175,2.0,0.0,0.3501741815685288,2.450425884722811,100.0,0.4166467613637175
financial_loan,SVM (RBF Kernel),96,807,Untargeted Causal (Karimi 2021),True,"['dti', 'int_rate']",500,1.1992061138153076,0.4166467613637175,2.0,0.0,0.3501741815685288,2.450425884722811,100.0,0.4166467613637175
financial_loan,SVM (RBF Kernel),96,807,Wachter's CE,True,"['dti', 'installment', 'int_rate', 'loan_amount', 'total_acc']",500,0.5290651321411133,5.7808352217642405,5.0,,1.6243959071972074,3.302836342593726,80.23024184196765,5.7808352217642405
financial_loan,SVM (RBF Kernel),96,807,SHAP-Targeted CE,True,"['dti', 'int_rate', 'loan_amount']",343,0.35222625732421875,0.7777209999731364,3.0,0.030279640008297082,0.3173090111386631,2.585650130404909,100.0,0.7777209999731364
financial_loan,SVM (RBF Kernel),97,808,Actionable CBFI (Proposed),True,['int_rate'],324,0.885751485824585,0.908745247148289,1.0,0.0,0.646296318278208,3.283241227731654,100.0,0.908745247148289
financial_loan,SVM (RBF Kernel),97,808,Untargeted Causal (Karimi 2021),True,['int_rate'],500,1.374955415725708,0.908745247148289,1.0,0.0,0.646296318278208,3.283241227731654,100.0,0.908745247148289
financial_loan,SVM (RBF Kernel),97,808,Wachter's CE,True,"['dti', 'home_ownership', 'installment', 'int_rate', 'loan_amount', 'term', 'total_acc']",500,0.5356183052062988,6.619214733220816,7.0,,2.862662382619867,6.975063384572908,74.61894916331846,6.619214733220816
financial_loan,SVM (RBF Kernel),97,808,SHAP-Targeted CE,True,"['dti', 'int_rate', 'loan_amount']",343,0.34957027435302734,1.5900095484394041,3.0,0.5862138305606319,1.6613758800320517,4.728101335428199,30.818025521944126,1.5900095484394041
financial_loan,SVM (RBF Kernel),98,809,Actionable CBFI (Proposed),True,"['installment', 'int_rate']",324,0.7655181884765625,0.8793410000477013,2.0,0.0,0.337379211596411,3.5478697781113637,100.0,0.8793410000477013
financial_loan,SVM (RBF Kernel),98,809,Untargeted Causal (Karimi 2021),True,"['installment', 'int_rate']",500,1.2487945556640625,0.8793410000477013,2.0,0.0,0.337379211596411,3.5478697781113637,100.0,0.8793410000477013
financial_loan,SVM (RBF Kernel),98,809,Wachter's CE,True,"['dti', 'home_ownership', 'installment', 'int_rate', 'loan_amount', 'total_acc']",500,0.5283424854278564,5.875080046937537,6.0,,0.24679250022839908,3.521801339673295,97.58130627084307,5.875080046937537
financial_loan,SVM (RBF Kernel),98,809,SHAP-Targeted CE,True,"['dti', 'int_rate', 'loan_amount']",343,0.3562464714050293,1.8442665406565704,3.0,0.0012111856003318817,1.1333810940083233,4.208727464532811,29.375456950382883,1.8442665406565704
financial_loan,SVM (RBF Kernel),99,812,Actionable CBFI (Proposed),True,"['int_rate', 'total_acc']",330,0.9254610538482666,3.4236827810972295,2.0,0.0,0.8168161561434367,3.3125810850442226,100.0,3.4236827810972295
financial_loan,SVM (RBF Kernel),99,812,Untargeted Causal (Karimi 2021),True,['int_rate'],500,1.4789152145385742,3.741444866920151,1.0,0.0,1.218642812432121,4.025032870420987,100.0,3.741444866920151
financial_loan,SVM (RBF Kernel),99,812,Wachter's CE,True,"['dti', 'installment', 'int_rate', 'loan_amount', 'total_acc']",500,0.5262918472290039,8.73812957405984,5.0,,1.6342461118654625,5.409866077163858,100.0,8.73812957405984
financial_loan,SVM (RBF Kernel),99,812,SHAP-Targeted CE,True,"['dti', 'int_rate', 'loan_amount']",343,0.35187840461730957,3.4170549047476007,3.0,0.13608881405329032,0.50977762973202,4.312122375926077,100.0,3.4170549047476007
financial_loan,SVM (RBF Kernel),100,823,Actionable CBFI (Proposed),True,['int_rate'],325,0.9018425941467285,2.47148288973384,1.0,0.0,0.2957530655627604,1.888614182368085,100.0,2.47148288973384
financial_loan,SVM (RBF Kernel),100,823,Untargeted Causal (Karimi 2021),True,['int_rate'],500,1.47133207321167,2.47148288973384,1.0,0.0,0.2957530655627604,1.888614182368085,100.0,2.47148288973384
financial_loan,SVM (RBF Kernel),100,823,Wachter's CE,True,"['dti', 'installment', 'int_rate', 'loan_amount', 'total_acc']",500,0.5281376838684082,5.477173958567377,5.0,,0.7266449612745394,5.7537480255892754,92.07606494859962,5.477173958567377
financial_loan,SVM (RBF Kernel),100,823,SHAP-Targeted CE,True,"['dti', 'int_rate', 'loan_amount']",343,0.35300540924072266,2.7213042289085716,3.0,0.11632226505587415,0.5142915483914328,2.2457545289725194,98.2535103728086,2.7213042289085716
financial_loan,XGBoost,1,0,Actionable CBFI (Proposed),True,['installment'],302,0.3894381523132324,0.7503575660986481,1.0,0.0,1.8451819803266518,5.035373705970075,100.0,0.7503575660986481
financial_loan,XGBoost,1,0,Untargeted Causal (Karimi 2021),True,['installment'],500,0.6670444011688232,0.7503575660986481,1.0,0.0,1.8451819803266518,5.035373705970075,100.0,0.7503575660986481
financial_loan,XGBoost,1,0,Wachter's CE,True,"['dti', 'installment', 'int_rate', 'loan_amount', 'term', 'total_acc']",500,0.04541969299316406,5.2265514640267545,6.0,,3.297037693296124,4.6132278544224095,94.53340720586421,5.2265514640267545
financial_loan,XGBoost,1,0,SHAP-Targeted CE,True,"['installment', 'int_rate', 'term']",343,0.021721839904785156,0.8843198452419566,3.0,2.465190328815662e-32,1.6057339275515359,3.611553017462588,100.0,0.8843198452419566
financial_loan,XGBoost,2,21,Actionable CBFI (Proposed),True,"['dti', 'int_rate']",276,0.3157930374145508,0.15092816355522465,2.0,0.0,0.8529253783181528,2.9643604068516463,100.0,0.15092816355522465
financial_loan,XGBoost,2,21,Untargeted Causal (Karimi 2021),True,"['dti', 'int_rate']",500,0.6182045936584473,0.15092816355522465,2.0,0.0,0.8529253783181528,2.9643604068516463,100.0,0.15092816355522465
financial_loan,XGBoost,2,21,Wachter's CE,True,"['dti', 'installment', 'int_rate', 'loan_amount', 'term', 'total_acc']",500,0.04754829406738281,7.49079398801382,6.0,,2.6835638310497885,9.786814216227539,92.25681206350083,7.49079398801382
financial_loan,XGBoost,2,21,SHAP-Targeted CE,True,"['installment', 'int_rate']",343,0.023463010787963867,0.8753733953420147,2.0,0.0,0.7421350115371566,3.190624256796159,100.0,0.8753733953420147
financial_loan,XGBoost,3,36,Actionable CBFI (Proposed),True,"['dti', 'int_rate']",330,0.4067106246948242,0.24658685876628245,2.0,0.0,0.5888864480039426,5.129193741591086,100.0,0.24658685876628245
financial_loan,XGBoost,3,36,Untargeted Causal (Karimi 2021),True,"['dti', 'int_rate']",500,0.640521764755249,0.24658685876628245,2.0,0.0,0.5888864480039426,5.129193741591086,100.0,0.24658685876628245
financial_loan,XGBoost,3,36,Wachter's CE,True,"['dti', 'home_ownership', 'installment', 'int_rate', 'loan_amount', 'total_acc']",500,0.04736900329589844,4.497391356356026,6.0,,0.7078821990056126,6.338649041056252,77.76488811482393,4.497391356356026
financial_loan,XGBoost,3,36,SHAP-Targeted CE,True,"['installment', 'int_rate']",343,0.023951292037963867,0.33965322187059954,2.0,0.0,0.6207822796591539,5.742809152143621,100.0,0.33965322187059954
financial_loan,XGBoost,4,37,Actionable CBFI (Proposed),True,"['dti', 'int_rate']",296,0.3493368625640869,0.3953892735390387,2.0,0.0,0.6005573294967224,3.674217155725847,100.0,0.3953892735390387
financial_loan,XGBoost,4,37,Untargeted Causal (Karimi 2021),True,['installment'],500,0.6100146770477295,0.3649217441052677,1.0,0.0,0.7834717302827772,4.049787808698354,0.0,0.3649217441052677
financial_loan,XGBoost,4,37,Wachter's CE,True,"['dti', 'home_ownership', 'installment', 'int_rate', 'loan_amount', 'total_acc']",500,0.046705007553100586,4.164069025207207,6.0,,1.5138676291508768,6.932144837586325,91.2364146248246,4.164069025207207
financial_loan,XGBoost,4,37,SHAP-Targeted CE,True,"['installment', 'int_rate']",343,0.020869731903076172,0.747684735233278,2.0,0.0,0.8249173560426568,4.153766684463249,51.1930995901084,0.747684735233278
financial_loan,XGBoost,5,42,Actionable CBFI (Proposed),True,"['installment', 'int_rate', 'loan_amount']",320,0.3855459690093994,0.5419999602503368,3.0,4.930380657631324e-32,1.2690752802513536,2.985803959129555,78.08006409342661,0.5419999602503368
financial_loan,XGBoost,5,42,Untargeted Causal (Karimi 2021),True,"['installment', 'int_rate', 'loan_amount']",500,0.610065221786499,0.4263813627148949,3.0,0.0,1.2736761441323294,2.997429308451983,99.25244238050432,0.4263813627148949
financial_loan,XGBoost,5,42,Wachter's CE,True,"['dti', 'home_ownership', 'installment', 'int_rate', 'loan_amount', 'total_acc']",500,0.045235633850097656,6.155222159008984,6.0,,1.3403935113432806,5.690662478747944,71.31142888688991,6.155222159008984
financial_loan,XGBoost,5,42,SHAP-Targeted CE,True,"['installment', 'int_rate']",343,0.0200347900390625,0.629116257162522,2.0,2.465190328815662e-32,1.6381065714961378,3.3156629764606476,98.51467929206008,0.629116257162522
financial_loan,XGBoost,6,48,Actionable CBFI (Proposed),True,"['installment', 'total_acc']",330,0.42588114738464355,0.5108846039335188,2.0,0.0,0.2597420226667233,1.9577275388247233,100.0,0.5108846039335188
financial_loan,XGBoost,6,48,Untargeted Causal (Karimi 2021),True,"['installment', 'total_acc']",500,0.664806604385376,0.5108846039335188,2.0,0.0,0.2597420226667233,1.9577275388247233,100.0,0.5108846039335188
financial_loan,XGBoost,6,48,Wachter's CE,True,"['dti', 'installment', 'int_rate', 'loan_amount', 'total_acc']",500,0.043111324310302734,4.0321837924763795,5.0,,0.6439880094671881,6.371390721949566,100.0,4.0321837924763795
financial_loan,XGBoost,6,48,SHAP-Targeted CE,True,"['installment', 'int_rate']",343,0.020640134811401367,0.919256020123455,2.0,0.0,0.30951352233455937,2.9969567925685254,100.0,0.919256020123455
financial_loan,XGBoost,7,555,Actionable CBFI (Proposed),True,"['dti', 'int_rate']",330,0.39699888229370117,0.15517966112016066,2.0,0.0,0.26526842068719636,2.4426994879233397,100.0,0.15517966112016066
financial_loan,XGBoost,7,555,Untargeted Causal (Karimi 2021),True,"['dti', 'int_rate']",500,0.6731564998626709,0.15517966112016066,2.0,0.0,0.26526842068719636,2.4426994879233397,100.0,0.15517966112016066
financial_loan,XGBoost,7,555,Wachter's CE,True,"['dti', 'installment', 'int_rate', 'loan_amount', 'total_acc']",500,0.044008493423461914,6.776095348369603,5.0,,0.6532336675350253,6.394568699466282,100.0,6.776095348369603
financial_loan,XGBoost,7,555,SHAP-Targeted CE,True,"['installment', 'int_rate']",343,0.020550012588500977,1.5867598174585895,2.0,6.162975822039155e-33,0.4752881035782728,2.88094537466491,100.0,1.5867598174585895
financial_loan,XGBoost,8,563,Actionable CBFI (Proposed),True,['dti'],282,0.3707592487335205,0.17148362235067427,1.0,5.331418656800469e-05,0.6724996118195179,3.1880097006209076,100.0,0.17148362235067427
financial_loan,XGBoost,8,563,Untargeted Causal (Karimi 2021),True,['dti'],458,0.5101804733276367,0.17148362235067427,1.0,5.331418656800469e-05,0.6724996118195179,3.1880097006209076,100.0,0.17148362235067427
financial_loan,XGBoost,8,563,Wachter's CE,True,"['dti', 'home_ownership', 'installment', 'int_rate', 'loan_amount', 'total_acc']",500,0.048185110092163086,7.5502390472518535,6.0,,1.242752226324145,5.937299994179124,86.75538623689032,7.5502390472518535
financial_loan,XGBoost,8,563,SHAP-Targeted CE,True,"['installment', 'int_rate']",343,0.02210402488708496,1.127987454071887,2.0,0.0,0.8557796669802353,3.2641706605002674,100.0,1.127987454071887
financial_loan,XGBoost,9,808,Actionable CBFI (Proposed),True,"['installment', 'loan_amount']",294,0.33955955505371094,0.437612087801054,2.0,0.0008020956516309182,0.9206587378781371,3.69064543302419,45.70257668269059,0.437612087801054
financial_loan,XGBoost,9,808,Untargeted Causal (Karimi 2021),True,"['installment', 'loan_amount']",500,0.6140954494476318,0.437612087801054,2.0,0.0008020956516309182,0.9206587378781371,3.69064543302419,45.70257668269059,0.437612087801054
financial_loan,XGBoost,9,808,Wachter's CE,True,"['dti', 'home_ownership', 'installment', 'int_rate', 'loan_amount', 'total_acc']",500,0.047083139419555664,5.070980384307377,6.0,,0.9875656066253575,5.448068739779252,79.14530498614951,5.070980384307377
financial_loan,XGBoost,9,808,SHAP-Targeted CE,True,"['installment', 'int_rate']",343,0.025261402130126953,1.2604023831213997,2.0,0.0,1.3763786419736534,4.126850439987104,85.77541191177335,1.2604023831213997
financial_loan,XGBoost,10,823,Actionable CBFI (Proposed),True,"['dti', 'int_rate']",330,0.404721736907959,0.3422455539773399,2.0,0.0,1.112221137869483,2.9305516244223107,100.0,0.3422455539773399
financial_loan,XGBoost,10,823,Untargeted Causal (Karimi 2021),True,"['dti', 'int_rate']",500,0.6491153240203857,0.3422455539773399,2.0,0.0,1.112221137869483,2.9305516244223107,100.0,0.3422455539773399
financial_loan,XGBoost,10,823,Wachter's CE,True,"['dti', 'installment', 'int_rate', 'loan_amount', 'total_acc']",500,0.04589509963989258,4.214801781889501,5.0,,3.3057537837669653,4.349129277085863,100.0,4.214801781889501
financial_loan,XGBoost,10,823,SHAP-Targeted CE,True,"['installment', 'int_rate']",343,0.019811630249023438,1.7182694562182939,2.0,0.0,0.700019233362522,3.3485894365132056,100.0,1.7182694562182939
financial_loan,XGBoost,11,959,Actionable CBFI (Proposed),True,"['dti', 'int_rate']",276,0.3258650302886963,0.42940125405852597,2.0,0.0,0.06342642447713495,3.3176765186574237,100.0,0.42940125405852597
financial_loan,XGBoost,11,959,Untargeted Causal (Karimi 2021),True,"['dti', 'int_rate']",500,0.6591143608093262,0.42940125405852597,2.0,0.0,0.06342642447713495,3.3176765186574237,100.0,0.42940125405852597
financial_loan,XGBoost,11,959,Wachter's CE,True,"['dti', 'installment', 'int_rate', 'loan_amount', 'total_acc']",500,0.046689748764038086,3.798197766386059,5.0,,0.566425462929885,3.5651841980672585,68.75702612580048,3.798197766386059
financial_loan,XGBoost,11,959,SHAP-Targeted CE,True,"['installment', 'int_rate']",343,0.021184206008911133,0.9877604276322212,2.0,0.0,0.28036183795911584,3.942787626199647,68.77588116427499,0.9877604276322212
financial_loan,XGBoost,12,962,Actionable CBFI (Proposed),True,"['installment', 'loan_amount']",306,0.40164709091186523,0.4376120878010543,2.0,0.0008020956516309182,1.051359817432965,4.012724805459252,100.0,0.4376120878010543
financial_loan,XGBoost,12,962,Untargeted Causal (Karimi 2021),True,"['dti', 'int_rate']",500,0.6582536697387695,0.3505498289339696,2.0,0.0,1.2673462375627458,4.128358333920091,43.38648665593846,0.3505498289339696
financial_loan,XGBoost,12,962,Wachter's CE,True,"['dti', 'installment', 'int_rate', 'loan_amount', 'total_acc']",500,0.04650306701660156,3.4931454288515837,5.0,,1.547561666957478,5.2589016016067935,94.31862834733555,3.4931454288515837
financial_loan,XGBoost,12,962,SHAP-Targeted CE,True,"['installment', 'int_rate']",343,0.020877361297607422,1.0157442510130332,2.0,0.0,1.1191007508423982,3.6937655470663304,100.0,1.0157442510130332
financial_loan,XGBoost,13,966,Actionable CBFI (Proposed),True,['installment'],330,0.4147357940673828,0.14400719218666982,1.0,0.0,0.48617754896681414,3.5529403023067077,100.0,0.14400719218666982
financial_loan,XGBoost,13,966,Untargeted Causal (Karimi 2021),True,['installment'],500,0.6180808544158936,0.14400719218666982,1.0,0.0,0.48617754896681414,3.5529403023067077,100.0,0.14400719218666982
financial_loan,XGBoost,13,966,Wachter's CE,True,"['dti', 'home_ownership', 'installment', 'int_rate', 'loan_amount', 'term', 'total_acc']",500,0.046056509017944336,6.4382100446801385,7.0,,0.48326038285491035,5.168968031394957,50.917219368030466,6.4382100446801385
financial_loan,XGBoost,13,966,SHAP-Targeted CE,True,"['installment', 'int_rate']",343,0.02218317985534668,0.9262791025656762,2.0,9.62964972193618e-35,0.5451092949755271,4.456084634588686,100.0,0.9262791025656762
financial_loan,XGBoost,14,972,Actionable CBFI (Proposed),True,"['dti', 'int_rate']",290,0.3468780517578125,0.22958086850653847,2.0,0.0,0.7263529997657362,2.593737602542688,100.0,0.22958086850653847
financial_loan,XGBoost,14,972,Untargeted Causal (Karimi 2021),True,"['dti', 'int_rate']",500,0.6443362236022949,0.22958086850653847,2.0,0.0,0.7263529997657362,2.593737602542688,100.0,0.22958086850653847
financial_loan,XGBoost,14,972,Wachter's CE,True,"['dti', 'installment', 'int_rate', 'loan_amount', 'term', 'total_acc']",500,0.04713249206542969,5.729967093880534,6.0,,1.5128391083675095,2.9932781630177945,95.6369731989038,5.729967093880534
financial_loan,XGBoost,14,972,SHAP-Targeted CE,True,"['installment', 'int_rate', 'term']",343,0.022315263748168945,0.9679435691200804,3.0,0.0,0.9585241478201391,2.5444917942663263,100.0,0.9679435691200804
financial_loan,XGBoost,15,976,Actionable CBFI (Proposed),True,['installment'],299,0.39527297019958496,0.2519717216296839,1.0,0.0,0.5018871189492549,3.2588885758514436,100.0,0.2519717216296839
financial_loan,XGBoost,15,976,Untargeted Causal (Karimi 2021),True,['installment'],500,0.6754176616668701,0.2519717216296839,1.0,0.0,0.5018871189492549,3.2588885758514436,100.0,0.2519717216296839
financial_loan,XGBoost,15,976,Wachter's CE,True,"['dti', 'installment', 'int_rate', 'loan_amount', 'total_acc']",500,0.045546770095825195,2.8014688325028683,5.0,,1.1093335193354987,3.8658822782595976,32.32532443064889,2.8014688325028683
financial_loan,XGBoost,15,976,SHAP-Targeted CE,True,"['installment', 'int_rate']",343,0.021185636520385742,0.6055838889300638,2.0,0.0,0.6335848898542927,3.2251957099363904,100.0,0.6055838889300638
financial_loan,XGBoost,16,977,Actionable CBFI (Proposed),True,['installment'],306,0.40538549423217773,0.41820930897797387,1.0,0.0,1.4086188456682758,3.9975041790203703,100.0,0.41820930897797387
financial_loan,XGBoost,16,977,Untargeted Causal (Karimi 2021),True,['installment'],500,0.6804137229919434,0.41820930897797387,1.0,0.0,1.4086188456682758,3.9975041790203703,100.0,0.41820930897797387
financial_loan,XGBoost,16,977,Wachter's CE,True,"['dti', 'installment', 'int_rate', 'loan_amount', 'total_acc']",500,0.04511547088623047,3.199447785875323,5.0,,1.0973855188816375,3.9720769659103494,78.12122444722159,3.199447785875323
financial_loan,XGBoost,16,977,SHAP-Targeted CE,True,"['installment', 'int_rate']",343,0.020562171936035156,0.9147015486477129,2.0,0.0,1.466050502045813,3.4849859524412374,100.0,0.9147015486477129
financial_loan,XGBoost,17,1183,Actionable CBFI (Proposed),True,"['installment', 'loan_amount']",306,0.37906742095947266,0.21880604390052683,2.0,0.00020052391290772956,1.7081234482133392,3.7706831187364283,100.0,0.21880604390052683
financial_loan,XGBoost,17,1183,Untargeted Causal (Karimi 2021),True,"['installment', 'loan_amount']",500,0.6963255405426025,0.21880604390052683,2.0,0.00020052391290772956,1.7081234482133392,3.7706831187364283,100.0,0.21880604390052683
financial_loan,XGBoost,17,1183,Wachter's CE,True,"['dti', 'installment', 'int_rate', 'loan_amount', 'total_acc']",500,0.04596209526062012,6.373527537082983,5.0,,0.6344010452730351,3.6878929112880794,79.8272733861486,6.373527537082983
financial_loan,XGBoost,17,1183,SHAP-Targeted CE,True,"['installment', 'int_rate']",343,0.021213054656982422,1.182288297692222,2.0,0.0,2.171866684563066,4.4219225105346025,100.0,1.182288297692222
financial_loan,XGBoost,18,1190,Actionable CBFI (Proposed),True,"['installment', 'loan_amount']",327,0.45801687240600586,0.2625672526806324,2.0,0.0002887544345871322,0.9546662228139042,3.7759041553636146,45.7025766826906,0.2625672526806324
financial_loan,XGBoost,18,1190,Untargeted Causal (Karimi 2021),True,"['installment', 'loan_amount']",500,0.6137549877166748,0.2625672526806324,2.0,0.0002887544345871322,0.9546662228139042,3.7759041553636146,45.7025766826906,0.2625672526806324
financial_loan,XGBoost,18,1190,Wachter's CE,True,"['dti', 'home_ownership', 'installment', 'int_rate', 'loan_amount', 'total_acc']",500,0.04680037498474121,7.026028279743323,6.0,,4.060144522450143,13.118364108286674,81.08808512625016,7.026028279743323
financial_loan,XGBoost,18,1190,SHAP-Targeted CE,True,"['installment', 'int_rate']",343,0.021561145782470703,1.8814833149545782,2.0,0.0,0.7937478853574257,4.3691804119611275,77.26557543497373,1.8814833149545782
financial_loan,XGBoost,19,1196,Actionable CBFI (Proposed),True,['int_rate'],294,0.36598753929138184,0.8669201520912548,1.0,0.0,0.6896863567602638,3.5678257493474823,100.0,0.8669201520912548
financial_loan,XGBoost,19,1196,Untargeted Causal (Karimi 2021),True,['int_rate'],500,0.687802791595459,0.8669201520912548,1.0,0.0,0.6896863567602638,3.5678257493474823,100.0,0.8669201520912548
financial_loan,XGBoost,19,1196,Wachter's CE,True,"['dti', 'installment', 'int_rate', 'loan_amount', 'total_acc']",500,0.045505523681640625,4.729748987881195,5.0,,0.7085479902583597,4.329827349117045,90.93881240485412,4.729748987881195
financial_loan,XGBoost,19,1196,SHAP-Targeted CE,True,"['installment', 'int_rate', 'term']",343,0.023226499557495117,1.7115900539611155,3.0,2.465190328815662e-32,0.6021200435098019,2.977533539522322,100.0,1.7115900539611155
financial_loan,XGBoost,20,1197,Actionable CBFI (Proposed),True,['int_rate'],310,0.4031999111175537,0.3079847908745244,1.0,0.0,1.3854958053238202,3.568186616440339,100.0,0.3079847908745244
financial_loan,XGBoost,20,1197,Untargeted Causal (Karimi 2021),True,['int_rate'],500,0.6422135829925537,0.3079847908745244,1.0,0.0,1.3854958053238202,3.568186616440339,100.0,0.3079847908745244
financial_loan,XGBoost,20,1197,Wachter's CE,True,"['dti', 'home_ownership', 'installment', 'int_rate', 'loan_amount', 'total_acc']",500,0.046665191650390625,3.54805375983951,6.0,,1.1527850382378766,3.8022379373077504,49.672536186643704,3.54805375983951
financial_loan,XGBoost,20,1197,SHAP-Targeted CE,True,"['installment', 'int_rate']",343,0.023325443267822266,0.7909797163492818,2.0,0.0,1.2994927118524915,3.298170548107009,100.0,0.7909797163492818
financial_loan,XGBoost,21,1199,Actionable CBFI (Proposed),True,"['dti', 'int_rate']",306,0.3806493282318115,0.30185632711044846,2.0,0.0,0.24442682783417552,3.0045242042677636,100.0,0.30185632711044846
financial_loan,XGBoost,21,1199,Untargeted Causal (Karimi 2021),True,"['dti', 'int_rate']",500,0.6355953216552734,0.30185632711044846,2.0,0.0,0.24442682783417552,3.0045242042677636,100.0,0.30185632711044846
financial_loan,XGBoost,21,1199,Wachter's CE,True,"['dti', 'home_ownership', 'installment', 'int_rate', 'loan_amount', 'total_acc']",500,0.050176143646240234,4.643529119195461,6.0,,0.724557971560152,3.9582517411501277,50.694260348288935,4.643529119195461
financial_loan,XGBoost,21,1199,SHAP-Targeted CE,True,"['installment', 'int_rate']",343,0.04030585289001465,0.5594966940252966,2.0,0.0,0.3990097463711535,3.631691728788035,16.536680370531077,0.5594966940252966
financial_loan,XGBoost,22,1202,Actionable CBFI (Proposed),True,"['dti', 'installment', 'int_rate']",302,0.3673670291900635,0.4992179073213231,3.0,0.0,1.55463198956174,3.800742105716508,100.0,0.4992179073213231
financial_loan,XGBoost,22,1202,Untargeted Causal (Karimi 2021),True,"['dti', 'installment', 'int_rate']",500,0.6265521049499512,0.4992179073213231,3.0,0.0,1.55463198956174,3.800742105716508,100.0,0.4992179073213231
financial_loan,XGBoost,22,1202,Wachter's CE,True,"['dti', 'installment', 'int_rate', 'loan_amount', 'total_acc']",500,0.04734659194946289,6.343881048079003,5.0,,1.1922280959661236,4.013702038344482,52.71033650751643,6.343881048079003
financial_loan,XGBoost,22,1202,SHAP-Targeted CE,True,"['installment', 'int_rate']",343,0.023261070251464844,0.9405339415491881,2.0,0.0,1.5401101382516924,3.686708116315184,100.0,0.9405339415491881
financial_loan,XGBoost,23,1205,Actionable CBFI (Proposed),True,"['installment', 'loan_amount']",266,0.35291290283203125,0.35008967024084325,2.0,0.000513341217043787,1.0158396984261144,3.2317764736408905,100.0,0.35008967024084325
financial_loan,XGBoost,23,1205,Untargeted Causal (Karimi 2021),True,"['installment', 'loan_amount']",500,0.5915098190307617,0.35008967024084325,2.0,0.000513341217043787,1.0158396984261144,3.2317764736408905,100.0,0.35008967024084325
financial_loan,XGBoost,23,1205,Wachter's CE,True,"['dti', 'installment', 'int_rate', 'loan_amount', 'total_acc']",500,0.04731321334838867,2.9538433948673575,5.0,,1.183640307270883,3.7602969086083653,70.98211575358933,2.9538433948673575
financial_loan,XGBoost,23,1205,SHAP-Targeted CE,True,"['installment', 'int_rate']",343,0.023177146911621094,0.8022689384952125,2.0,0.0,1.0037876764863818,3.022500900137612,100.0,0.8022689384952125
financial_loan,XGBoost,24,1355,Actionable CBFI (Proposed),True,['installment'],330,0.4156334400177002,0.21846267009930184,1.0,0.0,0.4761017959601925,3.5558865544224116,100.0,0.21846267009930184
financial_loan,XGBoost,24,1355,Untargeted Causal (Karimi 2021),True,['installment'],500,0.6476514339447021,0.21846267009930184,1.0,0.0,0.4761017959601925,3.5558865544224116,100.0,0.21846267009930184
financial_loan,XGBoost,24,1355,Wachter's CE,True,"['dti', 'home_ownership', 'installment', 'int_rate', 'loan_amount', 'term', 'total_acc']",500,0.0457916259765625,6.588664687845565,7.0,,0.5808384939856361,3.2059455919840705,52.038043176103876,6.588664687845565
financial_loan,XGBoost,24,1355,SHAP-Targeted CE,True,"['installment', 'int_rate']",343,0.02180314064025879,0.46579114700782115,2.0,0.0,0.5565719761178737,3.6702687389985367,100.0,0.46579114700782115
financial_loan,XGBoost,25,1358,Actionable CBFI (Proposed),True,"['installment', 'loan_amount']",298,0.39125514030456543,0.08752241756021086,2.0,3.2083826065236015e-05,0.5837449264895076,3.2715168971414834,100.0,0.08752241756021086
financial_loan,XGBoost,25,1358,Untargeted Causal (Karimi 2021),True,"['installment', 'loan_amount']",500,0.6237211227416992,0.08752241756021086,2.0,3.2083826065236015e-05,0.5837449264895076,3.2715168971414834,100.0,0.08752241756021086
financial_loan,XGBoost,25,1358,Wachter's CE,True,"['dti', 'home_ownership', 'installment', 'int_rate', 'loan_amount', 'term', 'total_acc']",500,0.04715728759765625,7.18579162774032,7.0,,0.49698933886219854,5.125246080725174,52.286795857875525,7.18579162774032
financial_loan,XGBoost,25,1358,SHAP-Targeted CE,True,"['installment', 'int_rate']",343,0.023379802703857422,0.9901840304596848,2.0,0.0,0.6675638496355291,4.47725935043208,100.0,0.9901840304596848
financial_loan,XGBoost,26,1360,Actionable CBFI (Proposed),True,['total_acc'],323,0.4208214282989502,0.28571428571428586,1.0,0.0,0.8002620581851905,3.42917850468431,100.0,0.28571428571428586
financial_loan,XGBoost,26,1360,Untargeted Causal (Karimi 2021),True,['total_acc'],500,0.6809754371643066,0.28571428571428586,1.0,0.0,0.8002620581851905,3.42917850468431,100.0,0.28571428571428586
financial_loan,XGBoost,26,1360,Wachter's CE,True,"['dti', 'home_ownership', 'installment', 'int_rate', 'loan_amount', 'total_acc']",500,0.0475161075592041,7.280330034040721,6.0,,3.2481681625262535,4.714279799195784,92.78878845402268,7.280330034040721
financial_loan,XGBoost,26,1360,SHAP-Targeted CE,True,"['installment', 'int_rate']",343,0.023069381713867188,1.1797042400722735,2.0,0.0,0.6321169581461324,4.085844999499487,100.0,1.1797042400722735
financial_loan,XGBoost,27,1363,Actionable CBFI (Proposed),True,['installment'],286,0.35553622245788574,0.11791916962935849,1.0,4.108650548026103e-33,1.0815725111249757,3.4698456054502307,100.0,0.11791916962935849
financial_loan,XGBoost,27,1363,Untargeted Causal (Karimi 2021),True,['installment'],500,0.6859617233276367,0.11791916962935849,1.0,4.108650548026103e-33,1.0815725111249757,3.4698456054502307,100.0,0.11791916962935849
financial_loan,XGBoost,27,1363,Wachter's CE,True,"['dti', 'installment', 'int_rate', 'loan_amount', 'term', 'total_acc']",500,0.046343326568603516,5.315038490360026,6.0,,1.5618656077686512,4.226243445993291,54.30754766919995,5.315038490360026
financial_loan,XGBoost,27,1363,SHAP-Targeted CE,True,"['installment', 'int_rate']",343,0.021051883697509766,1.4534917536957814,2.0,6.162975822039155e-33,1.2503464295680164,4.595115760140789,100.0,1.4534917536957814
financial_loan,XGBoost,28,1366,Actionable CBFI (Proposed),True,"['dti', 'int_rate']",300,0.43145060539245605,0.3635030418020195,2.0,0.0,0.28253677699268076,3.145541787275333,100.0,0.3635030418020195
financial_loan,XGBoost,28,1366,Untargeted Causal (Karimi 2021),True,"['dti', 'int_rate']",500,0.6533136367797852,0.3635030418020195,2.0,0.0,0.28253677699268076,3.145541787275333,100.0,0.3635030418020195
financial_loan,XGBoost,28,1366,Wachter's CE,True,"['dti', 'installment', 'int_rate', 'loan_amount', 'total_acc']",500,0.04462385177612305,4.019952375157165,5.0,,1.0964436199066916,3.9726913178387044,44.206872779942934,4.019952375157165
financial_loan,XGBoost,28,1366,SHAP-Targeted CE,True,"['installment', 'int_rate']",343,0.020155906677246094,1.0937653161687104,2.0,0.0,0.5786404482962122,4.12012571761307,100.0,1.0937653161687104
financial_loan,XGBoost,29,1370,Actionable CBFI (Proposed),True,['installment'],306,0.36614131927490234,0.007110457275959213,1.0,0.0,1.1305193172541892,4.071439146207645,100.0,0.007110457275959213
financial_loan,XGBoost,29,1370,Untargeted Causal (Karimi 2021),True,['installment'],500,0.6246497631072998,0.007110457275959213,1.0,0.0,1.1305193172541892,4.071439146207645,100.0,0.007110457275959213
financial_loan,XGBoost,29,1370,Wachter's CE,True,"['dti', 'installment', 'int_rate', 'loan_amount', 'term', 'total_acc']",500,0.04693436622619629,4.377797618498408,6.0,,3.2283682842681203,7.994182985769467,74.87321032493726,4.377797618498408
financial_loan,XGBoost,29,1370,SHAP-Targeted CE,True,"['installment', 'int_rate']",343,0.023224353790283203,0.8666954221543319,2.0,0.0,1.3601014884461424,4.679578339014272,100.0,0.8666954221543319
financial_loan,XGBoost,30,1372,Actionable CBFI (Proposed),True,"['installment', 'loan_amount']",290,0.379807710647583,0.5354754607494578,2.0,0.0009705357384734188,1.005873939348838,2.7042757305956435,100.0,0.5354754607494578
financial_loan,XGBoost,30,1372,Untargeted Causal (Karimi 2021),True,"['installment', 'loan_amount']",500,0.6379528045654297,0.5354754607494578,2.0,0.0009705357384734188,1.005873939348838,2.7042757305956435,100.0,0.5354754607494578
financial_loan,XGBoost,30,1372,Wachter's CE,True,"['dti', 'installment', 'int_rate', 'loan_amount', 'term', 'total_acc']",500,0.04607439041137695,5.334786574014446,6.0,,1.543057506141424,4.649132934369722,75.89942413109918,5.334786574014446
financial_loan,XGBoost,30,1372,SHAP-Targeted CE,True,"['installment', 'int_rate']",343,0.023212194442749023,0.6853839927129279,2.0,0.0,0.8002819970074808,2.5178667310631844,100.0,0.6853839927129279
financial_loan,XGBoost,31,1482,Actionable CBFI (Proposed),True,['installment'],330,0.4631071090698242,0.6426382248375625,1.0,0.0,0.4619211915180146,3.011340403131025,100.0,0.6426382248375625
financial_loan,XGBoost,31,1482,Untargeted Causal (Karimi 2021),True,['installment'],500,0.6497881412506104,0.6426382248375625,1.0,0.0,0.4619211915180146,3.011340403131025,100.0,0.6426382248375625
financial_loan,XGBoost,31,1482,Wachter's CE,True,"['dti', 'installment', 'int_rate', 'loan_amount', 'term', 'total_acc']",500,0.0478215217590332,5.633452658561911,6.0,,1.0898156975555273,4.0402128000728785,69.11168204033737,5.633452658561911
financial_loan,XGBoost,31,1482,SHAP-Targeted CE,True,"['installment', 'int_rate']",343,0.03740549087524414,1.188719126889753,2.0,1.5407439555097887e-33,0.539499799711407,3.012395217647807,100.0,1.188719126889753
financial_loan,XGBoost,32,1527,Actionable CBFI (Proposed),True,['int_rate'],302,0.38947534561157227,1.600760456273764,1.0,0.0,1.1928116957949801,2.9468741588093015,100.0,1.600760456273764
financial_loan,XGBoost,32,1527,Untargeted Causal (Karimi 2021),True,['int_rate'],500,0.729698896408081,1.600760456273764,1.0,0.0,1.1928116957949801,2.9468741588093015,100.0,1.600760456273764
financial_loan,XGBoost,32,1527,Wachter's CE,True,"['dti', 'home_ownership', 'installment', 'int_rate', 'loan_amount']",500,0.047634124755859375,4.687472368447182,5.0,,1.0592734634352627,5.290675731871483,78.66654091165833,4.687472368447182
financial_loan,XGBoost,32,1527,SHAP-Targeted CE,True,"['installment', 'int_rate', 'term']",343,0.02324986457824707,0.9488248471274824,3.0,0.0,1.4339126313594541,2.8253077565903144,100.0,0.9488248471274824
financial_loan,XGBoost,33,1572,Actionable CBFI (Proposed),True,"['dti', 'int_rate']",310,0.40476560592651367,0.32523956371759644,2.0,0.0,0.4015573269124392,2.0880118246032193,100.0,0.32523956371759644
financial_loan,XGBoost,33,1572,Untargeted Causal (Karimi 2021),True,"['dti', 'int_rate']",500,0.6626303195953369,0.32523956371759644,2.0,0.0,0.4015573269124392,2.0880118246032193,100.0,0.32523956371759644
financial_loan,XGBoost,33,1572,Wachter's CE,True,"['dti', 'home_ownership', 'installment', 'int_rate', 'loan_amount', 'total_acc']",500,0.04418063163757324,5.673613998523624,6.0,,0.2052020683010301,1.7415408863419324,47.123649920832584,5.673613998523624
financial_loan,XGBoost,33,1572,SHAP-Targeted CE,True,"['installment', 'int_rate']",343,0.020712614059448242,1.2357966562319256,2.0,9.62964972193618e-35,0.2039736134297761,2.1831429433675322,100.0,1.2357966562319256
financial_loan,XGBoost,34,1582,Actionable CBFI (Proposed),True,['total_acc'],306,0.37290024757385254,0.5714285714285715,1.0,0.0,1.8216226439854746,3.1822655603756633,100.0,0.5714285714285715
financial_loan,XGBoost,34,1582,Untargeted Causal (Karimi 2021),True,['total_acc'],500,0.6036181449890137,0.5714285714285715,1.0,0.0,1.8216226439854746,3.1822655603756633,100.0,0.5714285714285715
financial_loan,XGBoost,34,1582,Wachter's CE,True,"['dti', 'installment', 'int_rate', 'loan_amount', 'term', 'total_acc']",500,0.0480959415435791,4.979828433507041,6.0,,1.23748994337687,3.5946061876257924,93.83834039328141,4.979828433507041
financial_loan,XGBoost,34,1582,SHAP-Targeted CE,True,"['installment', 'int_rate', 'term']",343,0.021897554397583008,0.5255253196197134,3.0,0.0,1.9069829692074596,3.2859376517121346,100.0,0.5255253196197134
financial_loan,XGBoost,35,1591,Actionable CBFI (Proposed),True,['total_acc'],298,0.37618112564086914,0.28571428571428575,1.0,0.0,2.4162691307159707,3.5432089000186675,100.0,0.28571428571428575
financial_loan,XGBoost,35,1591,Untargeted Causal (Karimi 2021),True,['total_acc'],500,0.6741616725921631,0.28571428571428575,1.0,0.0,2.4162691307159707,3.5432089000186675,100.0,0.28571428571428575
financial_loan,XGBoost,35,1591,Wachter's CE,True,"['dti', 'home_ownership', 'installment', 'int_rate', 'loan_amount', 'term', 'total_acc']",500,0.04697537422180176,5.497276489154984,7.0,,3.143660224559322,4.84761172625207,77.0055649478071,5.497276489154984
financial_loan,XGBoost,35,1591,SHAP-Targeted CE,True,"['installment', 'int_rate', 'term']",343,0.023671865463256836,1.2223614753362733,3.0,0.0,1.94507982558296,3.2806953041895177,78.39692453776269,1.2223614753362733
financial_loan,XGBoost,36,1630,Actionable CBFI (Proposed),True,"['dti', 'int_rate']",282,0.3621025085449219,0.13179642451301285,2.0,0.0,0.5524906494031785,2.563850689880192,100.0,0.13179642451301285
financial_loan,XGBoost,36,1630,Untargeted Causal (Karimi 2021),True,"['dti', 'int_rate']",500,0.6017508506774902,0.13179642451301285,2.0,0.0,0.5524906494031785,2.563850689880192,100.0,0.13179642451301285
financial_loan,XGBoost,36,1630,Wachter's CE,True,"['dti', 'installment', 'int_rate', 'loan_amount', 'term', 'total_acc']",500,0.04696488380432129,7.425784613369954,6.0,,2.684227902191939,8.71117152043144,78.83821504061335,7.425784613369954
financial_loan,XGBoost,36,1630,SHAP-Targeted CE,True,"['installment', 'int_rate']",343,0.023049354553222656,0.6777545693231262,2.0,0.0,0.718109135379079,2.8576055446803514,100.0,0.6777545693231262
financial_loan,XGBoost,37,1710,Actionable CBFI (Proposed),True,['int_rate'],330,0.3932380676269531,0.23193916349809884,1.0,0.0,1.401132647595766,2.876173731783717,100.0,0.23193916349809884
financial_loan,XGBoost,37,1710,Untargeted Causal (Karimi 2021),True,['int_rate'],500,0.6153059005737305,0.23193916349809884,1.0,0.0,1.401132647595766,2.876173731783717,100.0,0.23193916349809884
financial_loan,XGBoost,37,1710,Wachter's CE,True,"['dti', 'installment', 'int_rate', 'loan_amount', 'total_acc']",500,0.046854257583618164,6.523957111346587,5.0,,1.6886291264267337,3.3124419991758924,100.0,6.523957111346587
financial_loan,XGBoost,37,1710,SHAP-Targeted CE,True,"['installment', 'int_rate']",343,0.058098554611206055,0.8729155573248052,2.0,0.0,1.41273130645394,3.302078804448005,100.0,0.8729155573248052
financial_loan,XGBoost,38,1716,Actionable CBFI (Proposed),True,['dti'],330,0.39220166206359863,0.22928709055876675,1.0,9.531400025116937e-05,0.8730277236594842,2.9625854459774037,100.0,0.22928709055876675
financial_loan,XGBoost,38,1716,Untargeted Causal (Karimi 2021),True,['dti'],500,0.6664743423461914,0.22928709055876675,1.0,9.531400025116937e-05,0.8730277236594842,2.9625854459774037,100.0,0.22928709055876675
financial_loan,XGBoost,38,1716,Wachter's CE,True,"['dti', 'installment', 'loan_amount', 'term', 'total_acc']",500,0.04632282257080078,5.250256077424921,5.0,0.2009823171335876,1.622668620041031,8.677658931282778,77.90483938785805,5.250256077424921
financial_loan,XGBoost,38,1716,SHAP-Targeted CE,True,['installment'],343,0.021541118621826172,0.6832849767752306,1.0,6.419766481290786e-35,0.865007459350749,3.5113737189313623,100.0,0.6832849767752306
financial_loan,XGBoost,39,1732,Actionable CBFI (Proposed),True,"['dti', 'int_rate']",330,0.37647557258605957,0.314610819805256,2.0,0.0,0.10820672086353929,3.067840590327772,100.0,0.314610819805256
financial_loan,XGBoost,39,1732,Untargeted Causal (Karimi 2021),True,"['dti', 'int_rate']",500,0.6308193206787109,0.314610819805256,2.0,0.0,0.10820672086353929,3.067840590327772,100.0,0.314610819805256
financial_loan,XGBoost,39,1732,Wachter's CE,True,"['dti', 'home_ownership', 'installment', 'int_rate', 'loan_amount']",500,0.06111621856689453,6.163050381304339,5.0,,0.24942936051277106,3.318232669011389,51.32280584464273,6.163050381304339
financial_loan,XGBoost,39,1732,SHAP-Targeted CE,True,"['installment', 'int_rate']",343,0.022109508514404297,0.9737660039800866,2.0,9.62964972193618e-35,0.29737464544751047,3.410641013752438,100.0,0.9737660039800866
financial_loan,XGBoost,40,1824,Actionable CBFI (Proposed),True,"['dti', 'int_rate']",302,0.383131742477417,0.7801498031657375,2.0,0.0,1.6100525610489709,6.794718702965784,90.64016827831038,0.7801498031657375
financial_loan,XGBoost,40,1824,Untargeted Causal (Karimi 2021),True,"['dti', 'int_rate']",500,0.5711376667022705,0.7801498031657375,2.0,0.0,1.6100525610489709,6.794718702965784,90.64016827831038,0.7801498031657375
financial_loan,XGBoost,40,1824,Wachter's CE,True,"['dti', 'home_ownership', 'installment', 'int_rate', 'loan_amount', 'term', 'total_acc']",500,0.05252194404602051,6.564807557747493,7.0,,3.088105202976305,7.051622036726219,40.774942553891684,6.564807557747493
financial_loan,XGBoost,40,1824,SHAP-Targeted CE,True,"['installment', 'int_rate']",343,0.021130084991455078,0.5539865376460974,2.0,0.0,1.0294524878049216,6.375566996811459,45.77842461421442,0.5539865376460974
financial_loan,XGBoost,41,1826,Actionable CBFI (Proposed),True,"['dti', 'int_rate']",323,0.4015522003173828,0.1955688879870512,2.0,0.0,1.213536154991198,2.833337176335272,100.0,0.1955688879870512
financial_loan,XGBoost,41,1826,Untargeted Causal (Karimi 2021),True,"['dti', 'int_rate']",500,0.6729574203491211,0.1955688879870512,2.0,0.0,1.213536154991198,2.833337176335272,100.0,0.1955688879870512
financial_loan,XGBoost,41,1826,Wachter's CE,True,"['dti', 'home_ownership', 'installment', 'int_rate', 'loan_amount', 'term', 'total_acc']",500,0.05086660385131836,5.540043961656121,7.0,,1.5180416226245559,2.934547494068655,50.85087017123482,5.540043961656121
financial_loan,XGBoost,41,1826,SHAP-Targeted CE,True,"['installment', 'int_rate']",343,0.03970170021057129,1.8027550160379684,2.0,0.0,1.070407024668072,3.7678494124661754,100.0,1.8027550160379684
financial_loan,XGBoost,42,1836,Actionable CBFI (Proposed),True,"['dti', 'int_rate']",317,0.3880448341369629,0.025508985389615525,2.0,0.0,0.4361321462761406,4.308931487042927,100.0,0.025508985389615525
financial_loan,XGBoost,42,1836,Untargeted Causal (Karimi 2021),True,"['dti', 'int_rate']",500,0.6281976699829102,0.025508985389615525,2.0,0.0,0.4361321462761406,4.308931487042927,100.0,0.025508985389615525
financial_loan,XGBoost,42,1836,Wachter's CE,True,"['dti', 'installment', 'int_rate', 'loan_amount', 'total_acc']",500,0.0458073616027832,5.417655680594487,5.0,,1.6746111106528898,3.4021683064641155,81.54183176347102,5.417655680594487
financial_loan,XGBoost,42,1836,SHAP-Targeted CE,True,"['installment', 'int_rate']",343,0.02310323715209961,0.9042701743803838,2.0,0.0,0.7212903165275132,6.210636033599934,100.0,0.9042701743803838
financial_loan,XGBoost,43,1839,Actionable CBFI (Proposed),True,['int_rate'],330,0.40144848823547363,0.011406844106465011,1.0,0.0,0.45655560059932765,1.9433684656633552,100.0,0.011406844106465011
financial_loan,XGBoost,43,1839,Untargeted Causal (Karimi 2021),True,['int_rate'],500,0.65975022315979,0.011406844106465011,1.0,0.0,0.45655560059932765,1.9433684656633552,100.0,0.011406844106465011
financial_loan,XGBoost,43,1839,Wachter's CE,True,"['dti', 'home_ownership', 'installment', 'int_rate', 'loan_amount', 'total_acc']",500,0.046001434326171875,5.542499040036697,6.0,,0.20377979396877174,1.5979563367822214,81.95759723589634,5.542499040036697
financial_loan,XGBoost,43,1839,SHAP-Targeted CE,True,"['installment', 'int_rate']",343,0.022798538208007812,0.6727470124617647,2.0,2.465190328815662e-32,0.44670949348546946,2.0158289069006052,100.0,0.6727470124617647
financial_loan,XGBoost,44,3592,Actionable CBFI (Proposed),True,['int_rate'],306,0.346146821975708,0.22433460076045653,1.0,0.0,0.4850167773251357,2.92817724380904,100.0,0.22433460076045653
financial_loan,XGBoost,44,3592,Untargeted Causal (Karimi 2021),True,['int_rate'],500,0.5963811874389648,0.22433460076045653,1.0,0.0,0.4850167773251357,2.92817724380904,100.0,0.22433460076045653
financial_loan,XGBoost,44,3592,Wachter's CE,True,"['dti', 'home_ownership', 'installment', 'int_rate', 'loan_amount', 'total_acc']",500,0.04843544960021973,4.661902640521679,6.0,,1.2507049289768897,5.753643215810648,78.54953058633379,4.661902640521679
financial_loan,XGBoost,44,3592,SHAP-Targeted CE,True,"['installment', 'int_rate']",343,0.023000240325927734,0.6303689750662678,2.0,0.0,0.42155805799665774,3.1393198616651894,100.0,0.6303689750662678
financial_loan,XGBoost,45,3622,Actionable CBFI (Proposed),True,"['installment', 'loan_amount']",330,0.3738059997558594,0.6564181317015813,2.0,0.0018047152161695694,0.553767979069914,2.5727258628957586,100.0,0.6564181317015813
financial_loan,XGBoost,45,3622,Untargeted Causal (Karimi 2021),True,"['installment', 'loan_amount']",500,0.6427667140960693,0.6564181317015813,2.0,0.0018047152161695694,0.553767979069914,2.5727258628957586,100.0,0.6564181317015813
financial_loan,XGBoost,45,3622,Wachter's CE,True,"['dti', 'installment', 'int_rate', 'loan_amount', 'term', 'total_acc']",500,0.04615211486816406,4.829454764763831,6.0,,1.082835043273916,3.90402706922144,87.98981904417414,4.829454764763831
financial_loan,XGBoost,45,3622,SHAP-Targeted CE,True,"['installment', 'int_rate']",343,0.020375967025756836,1.6009769511196588,2.0,0.0,0.7910372676358035,3.10422998676031,100.0,1.6009769511196588
financial_loan,XGBoost,46,3626,Actionable CBFI (Proposed),True,"['dti', 'int_rate']",330,0.3837733268737793,0.017005990259743812,2.0,0.0,0.4695435909550381,2.488596155397146,100.0,0.017005990259743812
financial_loan,XGBoost,46,3626,Untargeted Causal (Karimi 2021),True,"['dti', 'int_rate']",500,0.6359207630157471,0.017005990259743812,2.0,0.0,0.4695435909550381,2.488596155397146,100.0,0.017005990259743812
financial_loan,XGBoost,46,3626,Wachter's CE,True,"['dti', 'home_ownership', 'installment', 'int_rate', 'loan_amount', 'term', 'total_acc']",500,0.04541420936584473,6.456303974306392,7.0,,1.6145739757631266,4.419241936299331,75.5273874539398,6.456303974306392
financial_loan,XGBoost,46,3626,SHAP-Targeted CE,True,"['installment', 'int_rate']",343,0.02122640609741211,0.853205721534074,2.0,0.0,0.615615192870285,2.5780768046579765,100.0,0.853205721534074
financial_loan,XGBoost,47,3633,Actionable CBFI (Proposed),True,['int_rate'],309,0.3760416507720947,0.5437262357414451,1.0,0.0,0.043097560577806726,3.265427560577482,100.0,0.5437262357414451
financial_loan,XGBoost,47,3633,Untargeted Causal (Karimi 2021),True,['int_rate'],500,0.6054816246032715,0.5437262357414451,1.0,0.0,0.043097560577806726,3.265427560577482,100.0,0.5437262357414451
financial_loan,XGBoost,47,3633,Wachter's CE,True,"['dti', 'home_ownership', 'installment', 'int_rate', 'loan_amount', 'total_acc']",500,0.08797168731689453,4.810690794559957,6.0,,0.3353468553030758,2.8306533979894155,87.48836398670865,4.810690794559957
financial_loan,XGBoost,47,3633,SHAP-Targeted CE,True,"['installment', 'int_rate']",343,0.021945714950561523,1.2357966562319256,2.0,9.62964972193618e-35,0.05600215753363244,3.3948526298600865,77.63755689316612,1.2357966562319256
financial_loan,XGBoost,48,4498,Actionable CBFI (Proposed),True,"['dti', 'int_rate']",324,0.4500234127044678,0.214700627029263,2.0,0.0,0.8360089060107952,3.1502634137645114,100.0,0.214700627029263
financial_loan,XGBoost,48,4498,Untargeted Causal (Karimi 2021),True,"['dti', 'int_rate']",500,0.6161456108093262,0.214700627029263,2.0,0.0,0.8360089060107952,3.1502634137645114,100.0,0.214700627029263
financial_loan,XGBoost,48,4498,Wachter's CE,True,"['dti', 'installment', 'int_rate', 'loan_amount', 'total_acc']",500,0.04674077033996582,4.6440286325424855,5.0,,0.36672156800150146,2.8983021067621073,66.16238409003404,4.6440286325424855
financial_loan,XGBoost,48,4498,SHAP-Targeted CE,True,"['installment', 'int_rate']",343,0.0212252140045166,1.4690355139077473,2.0,0.0,0.5422341939238061,3.615222861618271,100.0,1.4690355139077473
financial_loan,XGBoost,49,4502,Actionable CBFI (Proposed),True,"['dti', 'int_rate']",306,0.3453655242919922,0.44215574675333347,2.0,0.0,0.7981583160387787,3.4397639114858816,100.0,0.44215574675333347
financial_loan,XGBoost,49,4502,Untargeted Causal (Karimi 2021),True,"['dti', 'int_rate']",500,0.6166691780090332,0.44215574675333347,2.0,0.0,0.7981583160387787,3.4397639114858816,100.0,0.44215574675333347
financial_loan,XGBoost,49,4502,Wachter's CE,True,"['dti', 'installment', 'int_rate', 'loan_amount']",500,0.06210613250732422,4.3047190664395085,4.0,,2.3283061492909685,10.038706508898887,100.0,4.3047190664395085
financial_loan,XGBoost,49,4502,SHAP-Targeted CE,True,"['installment', 'int_rate']",343,0.022218704223632812,1.7575220952930553,2.0,0.0,0.709103003329858,3.7126360181781837,100.0,1.7575220952930553
financial_loan,XGBoost,50,4516,Actionable CBFI (Proposed),True,['int_rate'],326,0.4143187999725342,0.057034220532319525,1.0,0.0,0.5251415252234337,3.0247093556962916,100.0,0.057034220532319525
financial_loan,XGBoost,50,4516,Untargeted Causal (Karimi 2021),True,['int_rate'],500,0.6534655094146729,0.057034220532319525,1.0,0.0,0.5251415252234337,3.0247093556962916,100.0,0.057034220532319525
financial_loan,XGBoost,50,4516,Wachter's CE,True,"['dti', 'installment', 'int_rate', 'loan_amount', 'term', 'total_acc']",500,0.04610109329223633,5.5731831318289,6.0,,1.0784960552453715,4.104065284763623,40.88993860798289,5.5731831318289
financial_loan,XGBoost,50,4516,SHAP-Targeted CE,True,"['installment', 'int_rate']",343,0.021487951278686523,1.2185852123972403,2.0,1.5407439555097887e-33,0.7963761423597925,3.2340057707135625,100.0,1.2185852123972403
financial_loan,XGBoost,51,4551,Actionable CBFI (Proposed),True,"['dti', 'int_rate']",306,0.34169673919677734,0.6228443932631088,2.0,0.0,1.314168237526043,4.178895769476679,100.0,0.6228443932631088
financial_loan,XGBoost,51,4551,Untargeted Causal (Karimi 2021),True,"['dti', 'int_rate']",500,0.5758767127990723,0.6228443932631088,2.0,0.0,1.314168237526043,4.178895769476679,100.0,0.6228443932631088
financial_loan,XGBoost,51,4551,Wachter's CE,True,"['dti', 'installment', 'int_rate', 'loan_amount', 'total_acc']",500,0.0486907958984375,4.0467789774034255,5.0,,1.3146679207814682,4.2641275355569865,100.0,4.0467789774034255
financial_loan,XGBoost,51,4551,SHAP-Targeted CE,True,"['installment', 'int_rate']",343,0.024103403091430664,1.041311515417825,2.0,0.0,1.7968658524968963,4.922527750157119,100.0,1.041311515417825
financial_loan,XGBoost,52,5477,Actionable CBFI (Proposed),True,['int_rate'],330,0.3974795341491699,0.3231939163498091,1.0,0.0,0.4032794311974662,2.990772164844209,100.0,0.3231939163498091
financial_loan,XGBoost,52,5477,Untargeted Causal (Karimi 2021),True,['int_rate'],500,0.6238346099853516,0.3231939163498091,1.0,0.0,0.4032794311974662,2.990772164844209,100.0,0.3231939163498091
financial_loan,XGBoost,52,5477,Wachter's CE,True,"['dti', 'home_ownership', 'installment', 'int_rate', 'loan_amount', 'term', 'total_acc']",500,0.046651363372802734,7.345366218831128,7.0,,0.6111274027813508,3.015025010203868,56.97896580357785,7.345366218831128
financial_loan,XGBoost,52,5477,SHAP-Targeted CE,True,"['installment', 'int_rate', 'term']",343,0.022606372833251953,0.9098112846576614,3.0,0.0,0.4090051846596216,3.0586067557226793,57.49842000504247,0.9098112846576614
financial_loan,XGBoost,53,5479,Actionable CBFI (Proposed),True,['int_rate'],306,0.3994150161743164,0.19011406844106474,1.0,0.0,0.7536443163643252,3.2302659746973053,100.0,0.19011406844106474
financial_loan,XGBoost,53,5479,Untargeted Causal (Karimi 2021),True,['int_rate'],500,0.6851263046264648,0.19011406844106474,1.0,0.0,0.7536443163643252,3.2302659746973053,100.0,0.19011406844106474
financial_loan,XGBoost,53,5479,Wachter's CE,True,"['dti', 'installment', 'int_rate', 'loan_amount', 'term', 'total_acc']",500,0.045403480529785156,8.029558273696981,6.0,,2.9341864498492978,10.575515975164418,93.01712967878693,8.029558273696981
financial_loan,XGBoost,53,5479,SHAP-Targeted CE,True,"['installment', 'int_rate']",343,0.022404193878173828,0.6837823451975098,2.0,0.0,0.7718717158711942,3.2977585579508997,100.0,0.6837823451975098
financial_loan,XGBoost,54,5481,Actionable CBFI (Proposed),True,['total_acc'],302,0.38423967361450195,0.28571428571428564,1.0,0.0,0.7860854235217847,2.6076958261816716,100.0,0.28571428571428564
financial_loan,XGBoost,54,5481,Untargeted Causal (Karimi 2021),True,['total_acc'],500,0.635425329208374,0.28571428571428564,1.0,0.0,0.7860854235217847,2.6076958261816716,100.0,0.28571428571428564
financial_loan,XGBoost,54,5481,Wachter's CE,True,"['dti', 'home_ownership', 'installment', 'int_rate', 'loan_amount', 'total_acc']",500,0.04621529579162598,4.789852575977282,6.0,,1.0660644590857173,5.297143428524033,32.98239368328017,4.789852575977282
financial_loan,XGBoost,54,5481,SHAP-Targeted CE,True,"['installment', 'int_rate']",343,0.021468162536621094,0.9098174145657213,2.0,0.0,0.7123741715560901,2.9519445642710367,50.15003636486179,0.9098174145657213
financial_loan,XGBoost,55,5489,Actionable CBFI (Proposed),True,['int_rate'],272,0.31932520866394043,0.026615969581748205,1.0,0.0,0.78396784197867,3.8097571769219956,100.0,0.026615969581748205
financial_loan,XGBoost,55,5489,Untargeted Causal (Karimi 2021),True,['int_rate'],500,0.6283237934112549,0.026615969581748205,1.0,0.0,0.78396784197867,3.8097571769219956,100.0,0.026615969581748205
financial_loan,XGBoost,55,5489,Wachter's CE,True,"['dti', 'installment', 'int_rate', 'loan_amount', 'total_acc']",500,0.04783296585083008,5.968694288100151,5.0,,1.581386347093252,5.230515220903143,78.21969199206896,5.968694288100151
financial_loan,XGBoost,55,5489,SHAP-Targeted CE,True,"['installment', 'int_rate', 'term']",343,0.02084517478942871,1.0425634380951199,3.0,0.0,0.7765014976479019,3.9007656970917726,100.0,1.0425634380951199
financial_loan,XGBoost,56,5494,Actionable CBFI (Proposed),True,"['dti', 'int_rate']",300,0.3943049907684326,0.2508383563312181,2.0,0.0,1.1843508960246254,2.895663964131919,100.0,0.2508383563312181
financial_loan,XGBoost,56,5494,Untargeted Causal (Karimi 2021),True,"['dti', 'int_rate']",500,0.6660187244415283,0.2508383563312181,2.0,0.0,1.1843508960246254,2.895663964131919,100.0,0.2508383563312181
financial_loan,XGBoost,56,5494,Wachter's CE,True,"['dti', 'home_ownership', 'installment', 'int_rate', 'loan_amount']",500,0.048040151596069336,5.5513806404402,5.0,,3.8870064342125383,5.03389744127876,91.71377302703702,5.5513806404402
financial_loan,XGBoost,56,5494,SHAP-Targeted CE,True,"['installment', 'int_rate']",343,0.022868871688842773,0.8831063529894597,2.0,0.0,1.7227538443415324,3.3569322686871277,100.0,0.8831063529894597
financial_loan,XGBoost,57,5500,Actionable CBFI (Proposed),True,['installment'],310,0.4111020565032959,0.05819132851129952,1.0,0.0,1.2979953870501022,3.6573423497085686,100.0,0.05819132851129952
financial_loan,XGBoost,57,5500,Untargeted Causal (Karimi 2021),True,['installment'],500,0.6647765636444092,0.05819132851129952,1.0,0.0,1.2979953870501022,3.6573423497085686,100.0,0.05819132851129952
financial_loan,XGBoost,57,5500,Wachter's CE,True,"['dti', 'installment', 'int_rate', 'loan_amount', 'term', 'total_acc']",500,0.04650378227233887,5.9462270898201774,6.0,,1.0878905388489086,4.012247517914071,96.32319493681099,5.9462270898201774
financial_loan,XGBoost,57,5500,SHAP-Targeted CE,True,"['installment', 'int_rate', 'term']",343,0.023289203643798828,0.8214815429116697,3.0,0.0,1.2413443222792109,3.165276325921429,53.40577102057091,0.8214815429116697
financial_loan,XGBoost,58,5504,Actionable CBFI (Proposed),True,"['dti', 'int_rate']",294,0.36983513832092285,0.8950233338461642,2.0,0.0,0.2891956697253737,2.916152877631258,100.0,0.8950233338461642
financial_loan,XGBoost,58,5504,Untargeted Causal (Karimi 2021),True,"['dti', 'int_rate']",500,0.7192246913909912,0.8950233338461642,2.0,0.0,0.2891956697253737,2.916152877631258,100.0,0.8950233338461642
financial_loan,XGBoost,58,5504,Wachter's CE,True,"['dti', 'installment', 'int_rate', 'loan_amount', 'term', 'total_acc']",500,0.044510841369628906,4.826887001099523,6.0,,1.5300950864548801,4.988057970989372,94.08077533927761,4.826887001099523
financial_loan,XGBoost,58,5504,SHAP-Targeted CE,True,"['installment', 'int_rate']",343,0.023099899291992188,1.3002915584775103,2.0,0.0,0.3053398048208842,3.2655014549486996,100.0,1.3002915584775103
financial_loan,XGBoost,59,5506,Actionable CBFI (Proposed),True,"['dti', 'int_rate']",302,0.38777923583984375,1.0182336668021477,2.0,0.0,0.8271372469711681,2.738588060137713,100.0,1.0182336668021477
financial_loan,XGBoost,59,5506,Untargeted Causal (Karimi 2021),True,['home_ownership'],500,0.7019188404083252,1.0,1.0,0.0,0.8363148692864371,2.5504926983134295,0.0,1.0
financial_loan,XGBoost,59,5506,Wachter's CE,True,"['dti', 'installment', 'int_rate', 'loan_amount', 'term', 'total_acc']",500,0.04636406898498535,5.5882635003832615,6.0,,1.499306188267719,4.757937375296851,84.6617315542821,5.5882635003832615
financial_loan,XGBoost,59,5506,SHAP-Targeted CE,True,"['installment', 'int_rate']",343,0.022856473922729492,0.34862242723973286,2.0,0.0,0.7993307280673151,2.711194551817185,100.0,0.34862242723973286
financial_loan,XGBoost,60,5508,Actionable CBFI (Proposed),True,['int_rate'],310,0.3818936347961426,1.9163498098859313,1.0,0.0,0.4663933906338582,4.038650909272685,100.0,1.9163498098859313
financial_loan,XGBoost,60,5508,Untargeted Causal (Karimi 2021),True,"['dti', 'installment', 'int_rate']",500,0.6423623561859131,1.0876584309635098,3.0,0.0,1.4700756568596636,5.055558595860767,17.19895580558925,1.0876584309635098
financial_loan,XGBoost,60,5508,Wachter's CE,True,"['dti', 'installment', 'int_rate', 'loan_amount', 'term', 'total_acc']",500,0.0505063533782959,5.159218263434707,6.0,,3.1658916902091967,7.999624917088105,94.48639035585241,5.159218263434707
financial_loan,XGBoost,60,5508,SHAP-Targeted CE,True,"['installment', 'int_rate', 'term']",343,0.023025035858154297,1.3556338897132088,3.0,0.0,1.7283606364655602,4.60397303115444,56.198255673843114,1.3556338897132088
financial_loan,XGBoost,61,5509,Actionable CBFI (Proposed),True,['installment'],310,0.3721964359283447,0.1242940623595272,1.0,0.0,1.8145538469919822,3.020188380970429,100.0,0.1242940623595272
financial_loan,XGBoost,61,5509,Untargeted Causal (Karimi 2021),True,['installment'],500,0.6881709098815918,0.1242940623595272,1.0,0.0,1.8145538469919822,3.020188380970429,100.0,0.1242940623595272
financial_loan,XGBoost,61,5509,Wachter's CE,True,"['dti', 'installment', 'int_rate', 'loan_amount', 'term']",500,0.04909682273864746,5.524630984794339,5.0,,1.3938105341145592,4.531020756946081,99.99999999999999,5.524630984794339
financial_loan,XGBoost,61,5509,SHAP-Targeted CE,True,"['installment', 'int_rate']",343,0.024778127670288086,0.7631612163053347,2.0,0.0,1.5269814926295173,2.8671085620360346,100.0,0.7631612163053347
financial_loan,XGBoost,62,5675,Actionable CBFI (Proposed),True,"['installment', 'loan_amount']",310,0.4145944118499756,0.10940302195026372,2.0,5.013097822693239e-05,0.7646106060132546,2.933229795254178,100.0,0.10940302195026372
financial_loan,XGBoost,62,5675,Untargeted Causal (Karimi 2021),True,"['installment', 'loan_amount']",500,0.7472460269927979,0.10940302195026372,2.0,5.013097822693239e-05,0.7646106060132546,2.933229795254178,100.0,0.10940302195026372
financial_loan,XGBoost,62,5675,Wachter's CE,True,"['dti', 'installment', 'int_rate', 'loan_amount', 'term']",500,0.04536700248718262,5.85989046051362,5.0,,0.6587848290851157,6.313032668848595,100.0,5.85989046051362
financial_loan,XGBoost,62,5675,SHAP-Targeted CE,True,"['installment', 'int_rate']",343,0.021213531494140625,0.8974349970340725,2.0,0.0,0.6054393797746656,3.3328622788559743,100.0,0.8974349970340725
financial_loan,XGBoost,63,5686,Actionable CBFI (Proposed),True,"['installment', 'loan_amount']",302,0.4102606773376465,0.9399861060030256,2.0,0.012833530426094726,1.588205459046779,4.303137770875399,100.0,0.9399861060030256
financial_loan,XGBoost,63,5686,Untargeted Causal (Karimi 2021),True,"['dti', 'int_rate']",500,0.6564161777496338,0.6249701420455773,2.0,0.0,1.0779330992086211,2.724337649609987,9.359831721689654,0.6249701420455773
financial_loan,XGBoost,63,5686,Wachter's CE,True,"['dti', 'installment', 'int_rate', 'loan_amount', 'term', 'total_acc']",500,0.046799659729003906,4.686862713429199,6.0,,1.4522882898557439,4.566255477208732,96.20757688868095,4.686862713429199
financial_loan,XGBoost,63,5686,SHAP-Targeted CE,True,"['installment', 'int_rate']",343,0.021927356719970703,1.1377229372508324,2.0,9.62964972193618e-35,0.8691317225921755,2.716870153225554,100.0,1.1377229372508324
financial_loan,XGBoost,64,5697,Actionable CBFI (Proposed),True,['int_rate'],330,0.38725709915161133,0.48669201520912464,1.0,0.0,0.29991280356724004,4.242206809939204,100.0,0.48669201520912464
financial_loan,XGBoost,64,5697,Untargeted Causal (Karimi 2021),True,['int_rate'],500,0.6689188480377197,0.48669201520912464,1.0,0.0,0.29991280356724004,4.242206809939204,100.0,0.48669201520912464
financial_loan,XGBoost,64,5697,Wachter's CE,True,"['dti', 'home_ownership', 'installment', 'int_rate', 'loan_amount', 'total_acc']",500,0.04641866683959961,4.917228204944708,6.0,,1.0974814936987038,5.984134021254846,79.66333962303374,4.917228204944708
financial_loan,XGBoost,64,5697,SHAP-Targeted CE,True,"['installment', 'int_rate']",343,0.022623538970947266,0.8369856479973007,2.0,0.0,0.2873889936537079,4.310491358895696,100.0,0.8369856479973007
financial_loan,XGBoost,65,5698,Actionable CBFI (Proposed),True,['int_rate'],294,0.35723304748535156,1.9125475285171105,1.0,0.0,0.9576318319752777,3.3568195909460297,100.0,1.9125475285171105
financial_loan,XGBoost,65,5698,Untargeted Causal (Karimi 2021),True,"['dti', 'installment', 'int_rate']",500,0.629601001739502,1.2319968359709008,3.0,0.0,0.595693410218244,3.2229491236669516,70.05326478796023,1.2319968359709008
financial_loan,XGBoost,65,5698,Wachter's CE,True,"['dti', 'home_ownership', 'installment', 'int_rate', 'loan_amount', 'total_acc']",500,0.04651284217834473,4.877194926145464,6.0,,2.4454213651797105,4.3267841806896765,62.763250371293225,4.877194926145464
financial_loan,XGBoost,65,5698,SHAP-Targeted CE,True,"['installment', 'int_rate', 'term']",343,0.022805452346801758,0.8708789854445889,3.0,0.0,0.8784287132300148,3.0170862823927633,92.86449855926021,0.8708789854445889
financial_loan,XGBoost,66,5699,Actionable CBFI (Proposed),True,"['dti', 'int_rate']",258,0.30553221702575684,0.3209880661526602,2.0,0.0,1.0145508210389023,2.54468186553852,100.0,0.3209880661526602
financial_loan,XGBoost,66,5699,Untargeted Causal (Karimi 2021),True,"['dti', 'int_rate']",500,0.6173920631408691,0.3209880661526602,2.0,0.0,1.0145508210389023,2.54468186553852,100.0,0.3209880661526602
financial_loan,XGBoost,66,5699,Wachter's CE,True,"['dti', 'installment', 'int_rate', 'loan_amount', 'term', 'total_acc']",500,0.04655313491821289,5.679459596453262,6.0,,2.6889858624920095,8.720754622687803,97.48467014456172,5.679459596453262
financial_loan,XGBoost,66,5699,SHAP-Targeted CE,True,"['installment', 'int_rate']",343,0.022904396057128906,0.9926001750915012,2.0,0.0,0.9167670450967417,2.9738953013107383,100.0,0.9926001750915012
financial_loan,XGBoost,67,5703,Actionable CBFI (Proposed),True,"['dti', 'installment', 'int_rate', 'loan_amount']",306,0.3869328498840332,0.822372617427753,4.0,,0.8527712792013683,2.992319841755203,100.0,0.822372617427753
financial_loan,XGBoost,67,5703,Untargeted Causal (Karimi 2021),True,"['dti', 'installment', 'int_rate', 'loan_amount']",500,0.7208652496337891,0.822372617427753,4.0,,0.8527712792013683,2.992319841755203,100.0,0.822372617427753
financial_loan,XGBoost,67,5703,Wachter's CE,True,"['dti', 'installment', 'int_rate', 'loan_amount', 'term', 'total_acc']",500,0.04600811004638672,7.169223401541683,6.0,,2.688346387456071,8.803415073763425,76.08826481935169,7.169223401541683
financial_loan,XGBoost,67,5703,SHAP-Targeted CE,True,"['installment', 'int_rate', 'term']",343,0.02082037925720215,1.8694468565010876,3.0,0.0,0.3052085481203172,2.596946058450191,100.0,1.8694468565010876
financial_loan,XGBoost,68,5704,Actionable CBFI (Proposed),True,"['dti', 'int_rate']",302,0.46581411361694336,0.055269468344166274,2.0,0.0,2.56068344858327,4.098269296795846,100.0,0.055269468344166274
financial_loan,XGBoost,68,5704,Untargeted Causal (Karimi 2021),True,"['dti', 'int_rate']",500,0.712749719619751,0.055269468344166274,2.0,0.0,2.56068344858327,4.098269296795846,100.0,0.055269468344166274
financial_loan,XGBoost,68,5704,Wachter's CE,True,"['dti', 'home_ownership', 'installment', 'int_rate', 'loan_amount', 'total_acc']",500,0.047667741775512695,5.312394739799559,6.0,,1.6290652864685915,3.4387523749451043,43.24593431636146,5.312394739799559
financial_loan,XGBoost,68,5704,SHAP-Targeted CE,True,"['installment', 'int_rate']",343,0.022922277450561523,1.3977621994716192,2.0,0.0,1.9766950715490996,3.824367005006286,100.0,1.3977621994716192
financial_loan,XGBoost,69,5713,Actionable CBFI (Proposed),True,"['dti', 'int_rate']",294,0.3535346984863281,0.21257487824679508,2.0,0.0,0.12646132829433535,3.38881188436054,100.0,0.21257487824679508
financial_loan,XGBoost,69,5713,Untargeted Causal (Karimi 2021),True,"['dti', 'int_rate']",500,0.6526641845703125,0.21257487824679508,2.0,0.0,0.12646132829433535,3.38881188436054,100.0,0.21257487824679508
financial_loan,XGBoost,69,5713,Wachter's CE,True,"['dti', 'home_ownership', 'installment', 'int_rate', 'loan_amount']",500,0.04591822624206543,5.593913311610063,5.0,,2.27663499736059,7.866264197932026,82.12342694112692,5.593913311610063
financial_loan,XGBoost,69,5713,SHAP-Targeted CE,True,"['installment', 'int_rate']",343,0.023332834243774414,0.9734629111958345,2.0,9.62964972193618e-35,0.062293464472988655,3.0256757798062006,100.0,0.9734629111958345
financial_loan,XGBoost,70,5720,Actionable CBFI (Proposed),True,"['dti', 'int_rate']",302,0.3729825019836426,0.40389226866891015,2.0,0.0,1.2713529129912249,5.466101394568835,99.99999999999997,0.40389226866891015
financial_loan,XGBoost,70,5720,Untargeted Causal (Karimi 2021),True,"['dti', 'int_rate']",500,0.603715181350708,0.40389226866891015,2.0,0.0,1.2713529129912249,5.466101394568835,99.99999999999997,0.40389226866891015
financial_loan,XGBoost,70,5720,Wachter's CE,True,"['dti', 'home_ownership', 'installment', 'int_rate', 'loan_amount', 'total_acc']",500,0.046260833740234375,5.668565085500358,6.0,,2.8006153243015186,7.82476029125192,74.34604551433355,5.668565085500358
financial_loan,XGBoost,70,5720,SHAP-Targeted CE,True,"['installment', 'int_rate']",343,0.02362370491027832,0.7776515063820142,2.0,0.0,1.1394225034743264,4.768717618052776,45.471803809079375,0.7776515063820142
financial_loan,XGBoost,71,5722,Actionable CBFI (Proposed),True,['total_acc'],306,0.3920478820800781,0.14285714285714282,1.0,0.0,0.7555576022349971,2.42372253130717,100.0,0.14285714285714282
financial_loan,XGBoost,71,5722,Untargeted Causal (Karimi 2021),True,['total_acc'],500,0.6368343830108643,0.14285714285714282,1.0,0.0,0.7555576022349971,2.42372253130717,100.0,0.14285714285714282
financial_loan,XGBoost,71,5722,Wachter's CE,True,"['dti', 'home_ownership', 'installment', 'int_rate', 'loan_amount', 'total_acc']",500,0.04915475845336914,5.598671891240496,6.0,,1.0497189065061008,5.222829711224889,79.45941426217077,5.598671891240496
financial_loan,XGBoost,71,5722,SHAP-Targeted CE,True,"['installment', 'int_rate']",343,0.027028560638427734,0.3322674846649917,2.0,0.0,0.8482944733045705,2.526833226715814,100.0,0.3322674846649917
financial_loan,XGBoost,72,5729,Actionable CBFI (Proposed),True,"['dti', 'int_rate']",306,0.38722801208496094,0.22320362215913497,2.0,0.0,1.0681187495449813,2.8542914730115316,100.0,0.22320362215913497
financial_loan,XGBoost,72,5729,Untargeted Causal (Karimi 2021),True,"['dti', 'int_rate']",500,0.6648287773132324,0.22320362215913497,2.0,0.0,1.0681187495449813,2.8542914730115316,100.0,0.22320362215913497
financial_loan,XGBoost,72,5729,Wachter's CE,True,"['dti', 'home_ownership', 'installment', 'int_rate', 'loan_amount', 'total_acc']",500,0.047399282455444336,3.72468059844103,6.0,,1.5468107628810188,2.944897322973779,65.83857228841619,3.72468059844103
financial_loan,XGBoost,72,5729,SHAP-Targeted CE,True,"['installment', 'int_rate', 'term']",343,0.023213863372802734,0.9037016758032497,3.0,0.0,1.1874943835793084,2.8059801069490327,69.8568590257736,0.9037016758032497
financial_loan,XGBoost,73,5730,Actionable CBFI (Proposed),True,['installment'],330,0.3989598751068115,0.6884230313432212,1.0,0.0,1.5705533607472506,7.8656418657831555,100.0,0.6884230313432212
financial_loan,XGBoost,73,5730,Untargeted Causal (Karimi 2021),True,['installment'],500,0.5931270122528076,0.6884230313432212,1.0,0.0,1.5705533607472506,7.8656418657831555,100.0,0.6884230313432212
financial_loan,XGBoost,73,5730,Wachter's CE,True,"['dti', 'home_ownership', 'installment', 'int_rate', 'loan_amount', 'term', 'total_acc']",500,0.047583580017089844,6.536357126502163,7.0,,1.529045801618951,6.139303407964071,58.079420749918796,6.536357126502163
financial_loan,XGBoost,73,5730,SHAP-Targeted CE,True,"['installment', 'int_rate']",343,0.022527456283569336,1.401268690872758,2.0,0.0,0.9948989885929286,5.917793966072402,100.0,1.401268690872758
financial_loan,XGBoost,74,5732,Actionable CBFI (Proposed),True,"['dti', 'int_rate']",306,0.3680582046508789,0.1254191781656084,2.0,0.0,1.4010801682934353,3.4508568751752073,100.0,0.1254191781656084
financial_loan,XGBoost,74,5732,Untargeted Causal (Karimi 2021),True,"['dti', 'int_rate']",500,0.6453580856323242,0.1254191781656084,2.0,0.0,1.4010801682934353,3.4508568751752073,100.0,0.1254191781656084
financial_loan,XGBoost,74,5732,Wachter's CE,True,"['dti', 'installment', 'int_rate', 'loan_amount', 'term', 'total_acc']",500,0.04704737663269043,3.472952875837378,6.0,,1.4164594533739487,4.634458865843288,70.34224083009903,3.472952875837378
financial_loan,XGBoost,74,5732,SHAP-Targeted CE,True,"['installment', 'int_rate']",343,0.023402929306030273,1.4406049238904077,2.0,0.0,1.0095900494344419,3.455194831364249,100.0,1.4406049238904077
financial_loan,XGBoost,75,5733,Actionable CBFI (Proposed),True,"['dti', 'int_rate']",306,0.3551516532897949,0.2699700953734293,2.0,0.0,1.0126942714896288,2.725367321434045,100.0,0.2699700953734293
financial_loan,XGBoost,75,5733,Untargeted Causal (Karimi 2021),True,"['dti', 'int_rate']",500,0.6370124816894531,0.2699700953734293,2.0,0.0,1.0126942714896288,2.725367321434045,100.0,0.2699700953734293
financial_loan,XGBoost,75,5733,Wachter's CE,True,"['dti', 'installment', 'int_rate', 'loan_amount', 'term', 'total_acc']",500,0.046320438385009766,5.511122643257802,6.0,,1.5099509381955332,4.613052407236061,89.63135810218913,5.511122643257802
financial_loan,XGBoost,75,5733,SHAP-Targeted CE,True,"['installment', 'int_rate']",343,0.022989511489868164,1.2258604750798112,2.0,0.0,1.0300280091044354,3.740492609235642,100.0,1.2258604750798112
financial_loan,XGBoost,76,5734,Actionable CBFI (Proposed),True,['total_acc'],306,0.37485671043395996,0.5714285714285715,1.0,0.0,1.6932829558497253,3.5505589218816747,100.0,0.5714285714285715
financial_loan,XGBoost,76,5734,Untargeted Causal (Karimi 2021),True,['installment'],500,0.655977725982666,0.5072780025336109,1.0,0.0,1.673101159701988,3.6778961454985013,0.0,0.5072780025336109
financial_loan,XGBoost,76,5734,Wachter's CE,True,"['dti', 'home_ownership', 'installment', 'int_rate', 'loan_amount', 'term', 'total_acc']",500,0.048406362533569336,5.390590264660992,7.0,,3.1536765164734692,5.136635965069558,63.96643880212102,5.390590264660992
financial_loan,XGBoost,76,5734,SHAP-Targeted CE,True,"['installment', 'int_rate']",343,0.022951602935791016,0.8609740538178227,2.0,0.0,1.6451828312333845,3.874765016168844,5.4467150712441175,0.8609740538178227
financial_loan,XGBoost,77,5735,Actionable CBFI (Proposed),True,"['dti', 'installment', 'int_rate', 'loan_amount']",278,0.3576395511627197,1.2938036017421002,4.0,,1.9178069282659025,3.3100670495829796,100.0,1.2938036017421002
financial_loan,XGBoost,77,5735,Untargeted Causal (Karimi 2021),True,"['installment', 'total_acc']",500,0.6690177917480469,1.1659165075862394,2.0,0.0,2.3053389526604215,3.685760663459563,26.483341511531293,1.1659165075862394
financial_loan,XGBoost,77,5735,Wachter's CE,True,"['dti', 'home_ownership', 'installment', 'int_rate', 'loan_amount', 'term', 'total_acc']",500,0.04684782028198242,7.225204447194246,7.0,,3.2134780561593472,7.56618854511638,66.3875057609683,7.225204447194246
financial_loan,XGBoost,77,5735,SHAP-Targeted CE,True,"['installment', 'int_rate', 'term']",343,0.02327108383178711,1.0023553730820285,3.0,0.0,1.9619372507253958,3.2320193483859043,100.0,1.0023553730820285
financial_loan,XGBoost,78,5737,Actionable CBFI (Proposed),True,['installment'],298,0.37017273902893066,0.1593559723754646,1.0,0.0,0.7269817252571699,2.359287347690258,100.0,0.1593559723754646
financial_loan,XGBoost,78,5737,Untargeted Causal (Karimi 2021),True,['installment'],500,0.6710338592529297,0.1593559723754646,1.0,0.0,0.7269817252571699,2.359287347690258,100.0,0.1593559723754646
financial_loan,XGBoost,78,5737,Wachter's CE,True,"['dti', 'home_ownership', 'installment', 'int_rate', 'loan_amount', 'total_acc']",500,0.04719948768615723,6.1285377088099615,6.0,,1.0555518911366102,5.221792552629386,65.03477265422191,6.1285377088099615
financial_loan,XGBoost,78,5737,SHAP-Targeted CE,True,"['installment', 'int_rate']",343,0.022904157638549805,0.6803524038878124,2.0,0.0,0.8274292357287968,2.666198405371568,100.0,0.6803524038878124
financial_loan,XGBoost,79,5740,Actionable CBFI (Proposed),True,['installment'],306,0.4419982433319092,0.19044583384414066,1.0,0.0,0.38284661752306537,3.0417593245879337,100.0,0.19044583384414066
financial_loan,XGBoost,79,5740,Untargeted Causal (Karimi 2021),True,['installment'],500,0.6904041767120361,0.19044583384414066,1.0,0.0,0.38284661752306537,3.0417593245879337,100.0,0.19044583384414066
financial_loan,XGBoost,79,5740,Wachter's CE,True,"['dti', 'installment', 'int_rate', 'loan_amount', 'term', 'total_acc']",500,0.04598116874694824,6.2190745319740195,6.0,,1.6138687370111129,9.893539531576168,83.92043711875911,6.2190745319740195
financial_loan,XGBoost,79,5740,SHAP-Targeted CE,True,"['installment', 'int_rate']",343,0.021387100219726562,1.3365082457862882,2.0,3.851859888774472e-34,0.288261614952801,3.7792592522959536,100.0,1.3365082457862882
financial_loan,XGBoost,80,5854,Actionable CBFI (Proposed),True,"['dti', 'int_rate']",302,0.3699502944946289,0.0935329464285895,2.0,0.0,0.7947700558508138,2.5827936191571452,100.0,0.0935329464285895
financial_loan,XGBoost,80,5854,Untargeted Causal (Karimi 2021),True,"['dti', 'int_rate']",500,0.6741681098937988,0.0935329464285895,2.0,0.0,0.7947700558508138,2.5827936191571452,100.0,0.0935329464285895
financial_loan,XGBoost,80,5854,Wachter's CE,True,"['dti', 'installment', 'int_rate', 'loan_amount', 'term', 'total_acc']",500,0.0443120002746582,5.503822733424101,6.0,,1.55904053620212,4.667413746093149,71.44841599120805,5.503822733424101
financial_loan,XGBoost,80,5854,SHAP-Targeted CE,True,"['installment', 'int_rate']",343,0.022153615951538086,0.6863010400194861,2.0,4.81482486096809e-34,0.7299914861364529,2.617919532212148,100.0,0.6863010400194861
financial_loan,XGBoost,81,5893,Actionable CBFI (Proposed),True,['installment'],294,0.3814668655395508,0.25107269829594286,1.0,0.0,0.8880330549911191,3.1074262001208246,100.0,0.25107269829594286
financial_loan,XGBoost,81,5893,Untargeted Causal (Karimi 2021),True,['installment'],500,0.6627955436706543,0.25107269829594286,1.0,0.0,0.8880330549911191,3.1074262001208246,100.0,0.25107269829594286
financial_loan,XGBoost,81,5893,Wachter's CE,True,"['dti', 'installment', 'int_rate', 'loan_amount', 'term', 'total_acc']",500,0.046633005142211914,7.059989826401436,6.0,,1.6085334246066612,3.3076790401487095,92.86398006573877,7.059989826401436
financial_loan,XGBoost,81,5893,SHAP-Targeted CE,True,"['installment', 'int_rate', 'term']",343,0.020882844924926758,0.7291918100347159,3.0,1.5407439555097887e-33,0.89367897495235,3.0386410351735917,86.61643107843368,0.7291918100347159
financial_loan,XGBoost,82,5910,Actionable CBFI (Proposed),True,['installment'],306,0.4049041271209717,0.46301336275591387,1.0,0.0,1.8062523436812377,6.699178075924719,100.0,0.46301336275591387
financial_loan,XGBoost,82,5910,Untargeted Causal (Karimi 2021),True,['installment'],500,0.6821939945220947,0.46301336275591387,1.0,0.0,1.8062523436812377,6.699178075924719,100.0,0.46301336275591387
financial_loan,XGBoost,82,5910,Wachter's CE,True,"['dti', 'installment', 'int_rate', 'loan_amount', 'term', 'total_acc']",500,0.04597973823547363,4.759193698351885,6.0,,2.536526411970754,8.311984321073906,94.01827076247304,4.759193698351885
financial_loan,XGBoost,82,5910,SHAP-Targeted CE,True,"['installment', 'int_rate']",343,0.02190256118774414,1.0715452796121572,2.0,0.0,1.5110360160964444,5.106032373450408,100.0,1.0715452796121572
financial_loan,XGBoost,83,5913,Actionable CBFI (Proposed),True,['int_rate'],306,0.39586591720581055,0.908745247148289,1.0,0.0,3.683362981049909,4.333008026785466,100.0,0.908745247148289
financial_loan,XGBoost,83,5913,Untargeted Causal (Karimi 2021),True,['total_acc'],500,0.6888911724090576,0.5714285714285715,1.0,0.0,3.503743280844531,4.373482881400958,0.0,0.5714285714285715
financial_loan,XGBoost,83,5913,Wachter's CE,True,"['dti', 'installment', 'int_rate', 'term', 'total_acc']",500,0.04828667640686035,5.68515046327624,5.0,0.0,3.423643930250149,8.042606660690433,92.46156401066558,5.68515046327624
financial_loan,XGBoost,83,5913,SHAP-Targeted CE,True,"['installment', 'int_rate', 'term']",343,0.024004220962524414,0.8228246396446219,3.0,0.0,3.5006825762565907,4.135989125999304,100.0,0.8228246396446219
financial_loan,XGBoost,84,5914,Actionable CBFI (Proposed),True,"['dti', 'int_rate']",310,0.40285158157348633,0.9183234740261544,2.0,0.0,3.2274447540089923,4.171409275297876,100.0,0.9183234740261544
financial_loan,XGBoost,84,5914,Untargeted Causal (Karimi 2021),True,"['dti', 'int_rate']",500,0.6770954132080078,0.9183234740261544,2.0,0.0,3.2274447540089923,4.171409275297876,100.0,0.9183234740261544
financial_loan,XGBoost,84,5914,Wachter's CE,True,"['dti', 'installment', 'int_rate', 'loan_amount', 'term', 'total_acc']",500,0.04895639419555664,4.677521071649231,6.0,,4.135554359860425,7.041187233884195,94.97132792644892,4.677521071649231
financial_loan,XGBoost,84,5914,SHAP-Targeted CE,True,"['installment', 'int_rate']",343,0.023479700088500977,0.8752678929494107,2.0,0.0,2.702068709047245,4.150674890541975,73.12626251239762,0.8752678929494107
financial_loan,XGBoost,85,5920,Actionable CBFI (Proposed),True,"['installment', 'loan_amount']",180,0.2110743522644043,0.4376120878010541,2.0,0.0008020956516309182,0.919584247154074,3.1036415620491913,100.0,0.4376120878010541
financial_loan,XGBoost,85,5920,Untargeted Causal (Karimi 2021),True,"['installment', 'loan_amount']",500,0.5792031288146973,0.4376120878010541,2.0,0.0008020956516309182,0.919584247154074,3.1036415620491913,100.0,0.4376120878010541
financial_loan,XGBoost,85,5920,Wachter's CE,True,"['dti', 'home_ownership', 'installment', 'int_rate', 'loan_amount', 'total_acc']",500,0.049715280532836914,4.381497821036907,6.0,,2.4715864125378846,4.326209870723394,77.17675459751014,4.381497821036907
financial_loan,XGBoost,85,5920,SHAP-Targeted CE,True,"['installment', 'int_rate']",343,0.02385878562927246,0.8269329325381857,2.0,0.0,0.8161430546362813,3.1172838078229335,100.0,0.8269329325381857
financial_loan,XGBoost,86,5921,Actionable CBFI (Proposed),True,"['dti', 'int_rate']",278,0.3330104351043701,0.9247007203735575,2.0,0.0,2.4311238927887144,3.7341301490941166,100.0,0.9247007203735575
financial_loan,XGBoost,86,5921,Untargeted Causal (Karimi 2021),True,"['dti', 'int_rate', 'total_acc']",500,0.6158790588378906,0.654332773944821,3.0,0.0,2.40135964316907,3.7168985269173684,12.670036687363137,0.654332773944821
financial_loan,XGBoost,86,5921,Wachter's CE,True,"['dti', 'installment', 'int_rate', 'term', 'total_acc']",500,0.0480649471282959,5.325735137171517,5.0,0.0,3.09729881696917,7.99422701748363,91.95282120621866,5.325735137171517
financial_loan,XGBoost,86,5921,SHAP-Targeted CE,True,"['installment', 'int_rate']",343,0.02266716957092285,0.577734157691842,2.0,0.0,2.4920350307762846,3.737804802529067,100.0,0.577734157691842
financial_loan,XGBoost,87,5924,Actionable CBFI (Proposed),True,"['dti', 'int_rate']",310,0.3510429859161377,1.4476349208606731,2.0,0.0,2.7318308237146054,3.729399019313827,100.0,1.4476349208606731
financial_loan,XGBoost,87,5924,Untargeted Causal (Karimi 2021),True,['total_acc'],500,0.6122541427612305,0.5714285714285715,1.0,0.0,3.5135426878060407,4.2454628910396215,0.0,0.5714285714285715
financial_loan,XGBoost,87,5924,Wachter's CE,True,"['dti', 'installment', 'int_rate', 'term', 'total_acc']",500,0.04768657684326172,6.6213806514100595,5.0,0.0,3.2160100258246556,7.9642152611795,93.52746124812865,6.6213806514100595
financial_loan,XGBoost,87,5924,SHAP-Targeted CE,True,"['installment', 'int_rate']",343,0.024124860763549805,0.7252485663820079,2.0,0.0,3.5694722092821363,4.108590131991493,100.0,0.7252485663820079
financial_loan,XGBoost,88,5925,Actionable CBFI (Proposed),True,"['dti', 'int_rate']",306,0.3753011226654053,0.010628743912339646,2.0,0.0,1.5214337113725003,2.9261421037532056,100.0,0.010628743912339646
financial_loan,XGBoost,88,5925,Untargeted Causal (Karimi 2021),True,"['dti', 'int_rate']",500,0.6563906669616699,0.010628743912339646,2.0,0.0,1.5214337113725003,2.9261421037532056,100.0,0.010628743912339646
financial_loan,XGBoost,88,5925,Wachter's CE,True,"['dti', 'installment', 'int_rate', 'loan_amount', 'total_acc']",500,0.08782720565795898,4.586217668875994,5.0,,1.9583705511068221,3.5903332550045866,96.88507713389552,4.586217668875994
financial_loan,XGBoost,88,5925,SHAP-Targeted CE,True,"['installment', 'int_rate']",343,0.023235321044921875,0.5479696383070328,2.0,0.0,1.3812651489210965,2.879256940646691,100.0,0.5479696383070328
financial_loan,XGBoost,89,5927,Actionable CBFI (Proposed),True,"['dti', 'int_rate']",318,0.44509387016296387,2.681165153812904,2.0,0.0,2.8433857995851897,3.7600002917943134,100.0,2.681165153812904
financial_loan,XGBoost,89,5927,Untargeted Causal (Karimi 2021),True,"['dti', 'int_rate']",500,0.652315616607666,2.681165153812904,2.0,0.0,2.8433857995851897,3.7600002917943134,100.0,2.681165153812904
financial_loan,XGBoost,89,5927,Wachter's CE,True,"['dti', 'installment', 'int_rate', 'term', 'total_acc']",500,0.047193288803100586,7.278258981590953,5.0,0.0,3.4567955048369265,8.014220128684592,54.50138076855875,7.278258981590953
financial_loan,XGBoost,89,5927,SHAP-Targeted CE,True,"['installment', 'int_rate', 'term']",343,0.021953821182250977,3.426890889346359,3.0,2.407412430484045e-35,2.9823887658119155,3.805935336424168,88.7161808345266,3.426890889346359
financial_loan,XGBoost,90,5930,Actionable CBFI (Proposed),True,['total_acc'],306,0.3547661304473877,0.28571428571428586,1.0,0.0,0.69462380902013,2.7397510473711866,100.0,0.28571428571428586
financial_loan,XGBoost,90,5930,Untargeted Causal (Karimi 2021),True,['total_acc'],500,0.5982670783996582,0.28571428571428586,1.0,0.0,0.69462380902013,2.7397510473711866,100.0,0.28571428571428586
financial_loan,XGBoost,90,5930,Wachter's CE,True,"['dti', 'home_ownership', 'installment', 'int_rate', 'loan_amount', 'total_acc']",500,0.06177783012390137,6.782903744327321,6.0,,1.242220669699641,3.1726635644809087,55.77115475788729,6.782903744327321
financial_loan,XGBoost,90,5930,SHAP-Targeted CE,True,"['installment', 'int_rate']",343,0.02325129508972168,1.4711736853725979,2.0,0.0,0.4695835228842475,2.8729843822730077,100.0,1.4711736853725979
financial_loan,XGBoost,91,5936,Actionable CBFI (Proposed),True,"['dti', 'int_rate']",330,0.40897059440612793,1.0543713961041028,2.0,0.0,1.2183030012017761,2.9516973156610384,100.0,1.0543713961041028
financial_loan,XGBoost,91,5936,Untargeted Causal (Karimi 2021),True,"['dti', 'int_rate']",500,0.6806354522705078,1.0543713961041028,2.0,0.0,1.2183030012017761,2.9516973156610384,100.0,1.0543713961041028
financial_loan,XGBoost,91,5936,Wachter's CE,True,"['dti', 'home_ownership', 'installment', 'int_rate', 'loan_amount', 'total_acc']",500,0.04709148406982422,5.394814782572908,6.0,,2.4327870479423845,4.406738461511616,81.46368243761879,5.394814782572908
financial_loan,XGBoost,91,5936,SHAP-Targeted CE,True,"['installment', 'int_rate', 'term']",343,0.021633625030517578,1.38266772542335,3.0,0.0,1.3317797668147209,2.93675947535536,72.03347096038345,1.38266772542335
financial_loan,XGBoost,92,5938,Actionable CBFI (Proposed),True,"['installment', 'loan_amount']",302,0.3940417766571045,0.3778010706550613,2.0,0.0014618193250973582,1.8191484212193743,4.292571522508964,100.0,0.3778010706550613
financial_loan,XGBoost,92,5938,Untargeted Causal (Karimi 2021),True,"['installment', 'loan_amount']",500,0.6453099250793457,0.3778010706550613,2.0,0.0014618193250973582,1.8191484212193743,4.292571522508964,100.0,0.3778010706550613
financial_loan,XGBoost,92,5938,Wachter's CE,True,"['dti', 'home_ownership', 'installment', 'int_rate', 'loan_amount', 'total_acc']",500,0.045934438705444336,7.4839285714513455,6.0,,0.6937986215781391,4.335297334048812,50.36984013377068,7.4839285714513455
financial_loan,XGBoost,92,5938,SHAP-Targeted CE,True,"['installment', 'int_rate']",343,0.027071237564086914,0.9013402947302818,2.0,0.0,1.536013463110009,4.499555715264819,100.0,0.9013402947302818
financial_loan,XGBoost,93,5941,Actionable CBFI (Proposed),True,"['dti', 'installment', 'int_rate']",310,0.3644576072692871,0.8570481525303377,3.0,0.0,1.5467078879986842,3.230691492148619,100.0,0.8570481525303377
financial_loan,XGBoost,93,5941,Untargeted Causal (Karimi 2021),True,"['dti', 'installment', 'int_rate']",500,0.6802361011505127,0.8570481525303377,3.0,0.0,1.5467078879986842,3.230691492148619,100.0,0.8570481525303377
financial_loan,XGBoost,93,5941,Wachter's CE,True,"['dti', 'home_ownership', 'installment', 'int_rate', 'loan_amount', 'term', 'total_acc']",500,0.04785466194152832,7.009787167118139,7.0,,1.1244169942121438,3.2372137749207055,67.39252945601216,7.009787167118139
financial_loan,XGBoost,93,5941,SHAP-Targeted CE,True,"['installment', 'int_rate']",343,0.023783206939697266,0.8232001574093628,2.0,0.0,1.5941909978745117,3.5107742514512448,100.0,0.8232001574093628
financial_loan,XGBoost,94,5950,Actionable CBFI (Proposed),True,"['dti', 'installment', 'int_rate']",306,0.4074122905731201,1.3513485628351825,3.0,0.0,0.9218699570340255,2.8174974700609585,100.0,1.3513485628351825
financial_loan,XGBoost,94,5950,Untargeted Causal (Karimi 2021),True,"['installment', 'loan_amount', 'total_acc']",500,0.6837747097015381,0.8599541147830949,3.0,0.0001283353042609512,1.0665792579927103,2.991001404193569,83.38781797757017,0.8599541147830949
financial_loan,XGBoost,94,5950,Wachter's CE,True,"['dti', 'installment', 'int_rate', 'loan_amount', 'total_acc']",500,0.04602408409118652,5.9402213082681286,5.0,,1.0597842919323952,5.352450451456616,83.16561036862193,5.9402213082681286
financial_loan,XGBoost,94,5950,SHAP-Targeted CE,True,"['installment', 'int_rate']",343,0.022874832153320312,0.8163463345739317,2.0,0.0,0.8057272308397732,2.8733035907067803,100.0,0.8163463345739317
financial_loan,XGBoost,95,5951,Actionable CBFI (Proposed),True,['int_rate'],306,0.3694770336151123,1.1863117870722433,1.0,0.0,3.01512768640933,3.6287152019602695,100.0,1.1863117870722433
financial_loan,XGBoost,95,5951,Untargeted Causal (Karimi 2021),True,['int_rate'],500,0.6196067333221436,1.1863117870722433,1.0,0.0,3.01512768640933,3.6287152019602695,100.0,1.1863117870722433
financial_loan,XGBoost,95,5951,Wachter's CE,True,"['dti', 'installment', 'int_rate', 'loan_amount', 'total_acc']",500,0.04725790023803711,4.171359304841445,5.0,,1.0613587707619354,5.248316279180565,93.15057119671579,4.171359304841445
financial_loan,XGBoost,95,5951,SHAP-Targeted CE,True,"['installment', 'int_rate', 'term']",343,0.023432016372680664,0.8525906610271653,3.0,0.0,2.017738353368423,3.0838182622574535,100.0,0.8525906610271653
financial_loan,XGBoost,96,5956,Actionable CBFI (Proposed),True,"['dti', 'int_rate']",298,0.35334277153015137,0.5611976785715383,2.0,0.0,1.59847700699256,5.983901473868243,99.99999999999996,0.5611976785715383
financial_loan,XGBoost,96,5956,Untargeted Causal (Karimi 2021),True,['installment'],500,0.6366987228393555,0.20818111233705075,1.0,0.0,1.9091662975534203,6.464475031301771,0.0,0.20818111233705075
financial_loan,XGBoost,96,5956,Wachter's CE,True,"['dti', 'installment', 'int_rate', 'loan_amount', 'term', 'total_acc']",500,0.046463966369628906,6.388662654412142,6.0,,1.0626346983481363,3.939597067635404,97.72990346404946,6.388662654412142
financial_loan,XGBoost,96,5956,SHAP-Targeted CE,True,"['installment', 'int_rate']",343,0.02320718765258789,1.227518214441667,2.0,0.0,1.5784229763663546,4.708232396790152,40.26796279936241,1.227518214441667
financial_loan,XGBoost,97,5958,Actionable CBFI (Proposed),True,"['dti', 'int_rate']",302,0.379410982131958,0.24658685876628209,2.0,0.0,1.4673525792809756,5.989543987929921,100.0,0.24658685876628209
financial_loan,XGBoost,97,5958,Untargeted Causal (Karimi 2021),True,['total_acc'],500,0.6669106483459473,0.14285714285714288,1.0,0.0,1.4979590667099745,5.996521104833187,0.0,0.14285714285714288
financial_loan,XGBoost,97,5958,Wachter's CE,True,"['dti', 'installment', 'int_rate', 'loan_amount', 'term']",500,0.04693770408630371,5.527519045754456,5.0,,1.0687438091585004,4.090451572915168,99.99999999999999,5.527519045754456
financial_loan,XGBoost,97,5958,SHAP-Targeted CE,True,"['installment', 'int_rate']",343,0.023647308349609375,1.2461828151881384,2.0,0.0,1.3263761962988148,4.52111417170586,100.0,1.2461828151881384
financial_loan,XGBoost,98,5963,Actionable CBFI (Proposed),True,"['installment', 'int_rate']",306,0.3898024559020996,0.26657378105503415,2.0,0.0,0.25555034725510484,2.8759298751341986,100.0,0.26657378105503415
financial_loan,XGBoost,98,5963,Untargeted Causal (Karimi 2021),True,"['installment', 'int_rate']",500,0.6749646663665771,0.26657378105503415,2.0,0.0,0.25555034725510484,2.8759298751341986,100.0,0.26657378105503415
financial_loan,XGBoost,98,5963,Wachter's CE,True,"['dti', 'home_ownership', 'installment', 'int_rate', 'loan_amount', 'total_acc']",500,0.09050464630126953,4.361503296338292,6.0,,0.7068157263344387,3.925383032484533,63.58708956265892,4.361503296338292
financial_loan,XGBoost,98,5963,SHAP-Targeted CE,True,"['installment', 'int_rate']",343,0.02323436737060547,1.165888243392414,2.0,0.0,0.4997463490661022,3.5011890072014866,100.0,1.165888243392414
financial_loan,XGBoost,99,5968,Actionable CBFI (Proposed),True,"['installment', 'loan_amount']",302,0.3994717597961426,0.6458583629602388,2.0,0.003208382606523673,0.76838042271272,3.095301774216297,100.0,0.6458583629602388
financial_loan,XGBoost,99,5968,Untargeted Causal (Karimi 2021),True,"['installment', 'loan_amount']",500,0.7088053226470947,0.6458583629602388,2.0,0.003208382606523673,0.76838042271272,3.095301774216297,100.0,0.6458583629602388
financial_loan,XGBoost,99,5968,Wachter's CE,True,"['dti', 'installment', 'int_rate', 'loan_amount', 'term', 'total_acc']",500,0.046835899353027344,5.198266021051436,6.0,,1.517268203558513,4.620768278090563,67.02197026194186,5.198266021051436
financial_loan,XGBoost,99,5968,SHAP-Targeted CE,True,"['installment', 'int_rate', 'term']",343,0.02054119110107422,0.6352062699222865,3.0,7.703719777548943e-33,0.8594915958077897,2.413128071414115,100.0,0.6352062699222865
financial_loan,XGBoost,100,5972,Actionable CBFI (Proposed),True,"['installment', 'loan_amount']",302,0.3522639274597168,0.40482203424461655,2.0,0.003208382606523673,0.9702235357621097,2.909291416059874,100.0,0.40482203424461655
financial_loan,XGBoost,100,5972,Untargeted Causal (Karimi 2021),True,"['installment', 'loan_amount']",500,0.6512894630432129,0.40482203424461655,2.0,0.003208382606523673,0.9702235357621097,2.909291416059874,100.0,0.40482203424461655
financial_loan,XGBoost,100,5972,Wachter's CE,True,"['dti', 'home_ownership', 'installment', 'int_rate', 'loan_amount', 'total_acc']",500,0.061771392822265625,4.11686376439908,6.0,,0.7803547617083527,4.052044582980399,65.29952142392669,4.11686376439908
financial_loan,XGBoost,100,5972,SHAP-Targeted CE,True,"['installment', 'int_rate']",343,0.022968530654907227,0.39677217579236473,2.0,0.0,0.9153476039084577,3.0998776187416675,100.0,0.39677217579236473
