Dataset,Model_Architecture,Instance,Original_Row_Index,Method,Success,Intervention_Nodes,Evaluations,Time (s),Recourse Cost (Pure MAD),Sparsity (L0),R_SCM,R_0,D_M,RCR (%),Reported_Minimum_Cost
german_credit,RandomForest,1,1,Actionable CBFI (Proposed),True,['savings_balance'],500,2.849700450897217,0.9002161903721868,1.0,0.0,0.26667908234995236,3.863848984322426,100.0,0.8997659696936781
german_credit,RandomForest,1,1,Untargeted Causal (Karimi 2021),True,['savings_balance'],500,3.005995750427246,0.9002161903721868,1.0,0.0,0.26667908234995236,3.863848984322426,100.0,0.8997659696936781
german_credit,RandomForest,1,1,Wachter's CE,True,"['amount', 'credit_history', 'dependents', 'employment_length', 'existing_credits', 'foreign_worker', 'installment_rate', 'job', 'months_loan_duration', 'other_debtors', 'personal_status', 'property', 'purpose', 'telephone']",500,0.08213925361633301,18.182090988160688,14.0,,0.8582884260261047,5.539258779784943,73.78781181413339,18.182090988160688
german_credit,RandomForest,1,1,SHAP-Targeted CE,True,"['amount', 'checking_balance', 'months_loan_duration', 'purpose']",500,0.04144906997680664,4.3463363705391025,4.0,0.006195203499757978,0.29216603732962826,3.0189906435409277,100.0,4.3463363705391025
german_credit,RandomForest,2,4,Actionable CBFI (Proposed),True,['credit_history'],500,2.8467304706573486,0.5555748466837646,1.0,0.0,0.2537031581631449,4.273350201949323,100.0,0.5552969897788217
german_credit,RandomForest,2,4,Untargeted Causal (Karimi 2021),True,['credit_history'],500,2.9544670581817627,0.5555748466837646,1.0,0.0,0.2537031581631449,4.273350201949323,100.0,0.5552969897788217
german_credit,RandomForest,2,4,Wachter's CE,True,"['amount', 'checking_balance', 'dependents', 'employment_length', 'existing_credits', 'foreign_worker', 'installment_plan', 'installment_rate', 'job', 'months_loan_duration', 'personal_status', 'property', 'purpose', 'telephone']",500,0.08242321014404297,16.75020698947474,14.0,,0.1351252459880687,5.71842966411773,52.31358023775837,16.75020698947474
german_credit,RandomForest,2,4,SHAP-Targeted CE,True,"['amount', 'checking_balance', 'months_loan_duration', 'purpose']",500,0.03993654251098633,2.444703872437357,4.0,2.706053929921473e-05,0.2845766432091018,4.145393750176308,100.0,2.444703872437357
german_credit,RandomForest,3,9,Actionable CBFI (Proposed),True,['savings_balance'],500,2.966355323791504,0.9002161903721869,1.0,0.0,0.850028304151475,4.198310439790299,100.0,0.8997659696936782
german_credit,RandomForest,3,9,Untargeted Causal (Karimi 2021),True,['savings_balance'],500,3.0120131969451904,0.9002161903721869,1.0,0.0,0.850028304151475,4.198310439790299,100.0,0.8997659696936782
german_credit,RandomForest,3,9,Wachter's CE,True,"['amount', 'checking_balance', 'credit_history', 'employment_length', 'existing_credits', 'installment_rate', 'months_loan_duration', 'personal_status', 'property', 'purpose', 'savings_balance', 'telephone']",500,0.08255696296691895,16.603641100010027,12.0,,1.4121399294597712,4.590600861413998,97.39213088922126,16.603641100010027
german_credit,RandomForest,3,9,SHAP-Targeted CE,True,"['amount', 'checking_balance', 'months_loan_duration', 'purpose']",500,0.043236494064331055,4.02636674259681,4.0,0.0008972333394428522,0.9010551287664,3.850392128461683,100.0,4.02636674259681
german_credit,RandomForest,4,10,Actionable CBFI (Proposed),True,"['amount', 'installment_rate', 'savings_balance']",500,2.665968894958496,1.5234509159132497,3.0,0.0,0.11674048133663513,3.5887419426451714,100.0,1.5230006952347408
german_credit,RandomForest,4,10,Untargeted Causal (Karimi 2021),True,"['amount', 'installment_rate', 'savings_balance']",500,2.8131513595581055,1.5234509159132497,3.0,0.0,0.11674048133663513,3.5887419426451714,100.0,1.5230006952347408
german_credit,RandomForest,4,10,Wachter's CE,True,"['amount', 'checking_balance', 'credit_history', 'dependents', 'employment_length', 'housing', 'installment_rate', 'job', 'months_loan_duration', 'other_debtors', 'personal_status', 'property', 'purpose', 'savings_balance']",500,0.08344125747680664,15.549588567625879,14.0,0.0,0.7512584246965416,3.979049942638987,88.75939808177549,15.549588567625879
german_credit,RandomForest,4,10,SHAP-Targeted CE,True,"['amount', 'months_loan_duration', 'purpose']",500,0.04073190689086914,2.7854973424449505,3.0,0.005049474207052846,0.1361440823534443,3.809491285242518,100.0,2.7854973424449505
german_credit,RandomForest,5,11,Actionable CBFI (Proposed),True,"['installment_rate', 'savings_balance']",500,2.9295594692230225,1.9002161903721868,2.0,0.0,0.6168595786698373,4.675830984512197,100.0,1.899765969693678
german_credit,RandomForest,5,11,Untargeted Causal (Karimi 2021),True,"['installment_rate', 'savings_balance']",500,2.9753432273864746,1.9002161903721868,2.0,0.0,0.6168595786698373,4.675830984512197,100.0,1.899765969693678
german_credit,RandomForest,5,11,Wachter's CE,True,"['amount', 'checking_balance', 'employment_length', 'existing_credits', 'foreign_worker', 'housing', 'installment_plan', 'installment_rate', 'job', 'months_loan_duration', 'other_debtors', 'personal_status', 'property', 'savings_balance', 'telephone']",500,0.08629822731018066,19.15068739339346,15.0,,0.5950771988609173,5.151827071438505,68.487998366391,19.15068739339346
german_credit,RandomForest,5,11,SHAP-Targeted CE,True,"['amount', 'checking_balance', 'months_loan_duration']",500,0.038765668869018555,3.3590356871678053,3.0,0.0010899135346837127,0.13839738645227204,3.916412847235237,100.0,3.3590356871678053
german_credit,RandomForest,6,13,Actionable CBFI (Proposed),True,['savings_balance'],500,2.623821973800659,0.9002161903721871,1.0,0.0,0.6914677786252921,3.9790136129756863,100.0,0.8997659696936784
german_credit,RandomForest,6,13,Untargeted Causal (Karimi 2021),True,['savings_balance'],500,2.800050973892212,0.9002161903721871,1.0,0.0,0.6914677786252921,3.9790136129756863,100.0,0.8997659696936784
german_credit,RandomForest,6,13,Wachter's CE,True,"['amount', 'checking_balance', 'credit_history', 'existing_credits', 'installment_rate', 'job', 'months_loan_duration', 'personal_status', 'property', 'purpose', 'savings_balance', 'telephone']",500,0.08310914039611816,16.079409920097508,12.0,,1.4745391668334176,4.904091291443611,100.0,16.079409920097508
german_credit,RandomForest,6,13,SHAP-Targeted CE,True,"['amount', 'checking_balance', 'months_loan_duration', 'purpose']",500,0.04402041435241699,2.114692482915717,4.0,0.004164338289275434,0.7849787460654714,4.114420305352085,100.0,2.114692482915717
german_credit,RandomForest,7,15,Actionable CBFI (Proposed),True,['checking_balance'],500,2.8033502101898193,1.0000000000000002,1.0,0.0,0.5535712669281444,3.581014030293494,100.0,1.0000000000000002
german_credit,RandomForest,7,15,Untargeted Causal (Karimi 2021),True,['checking_balance'],500,2.9338817596435547,1.0000000000000002,1.0,0.0,0.5535712669281444,3.581014030293494,100.0,1.0000000000000002
german_credit,RandomForest,7,15,Wachter's CE,True,"['amount', 'checking_balance', 'existing_credits', 'foreign_worker', 'housing', 'job', 'months_loan_duration', 'personal_status', 'property', 'purpose', 'telephone']",500,0.08219671249389648,16.125460626354513,11.0,0.009849245608648596,1.5435369190289896,6.47662333192621,61.46535440743198,16.125460626354513
german_credit,RandomForest,7,15,SHAP-Targeted CE,True,"['amount', 'checking_balance', 'months_loan_duration', 'purpose']",500,0.0471956729888916,2.9403189066059223,4.0,0.004924622804324298,0.6402348671079924,3.7449802706100632,100.0,2.9403189066059223
german_credit,RandomForest,8,18,Actionable CBFI (Proposed),True,['checking_balance'],500,2.9849355220794678,2.0,1.0,0.0,4.548736355950341,6.024299838174796,100.0,2.0
german_credit,RandomForest,8,18,Untargeted Causal (Karimi 2021),True,['checking_balance'],500,3.0636253356933594,2.0,1.0,0.0,4.548736355950341,6.024299838174796,100.0,2.0
german_credit,RandomForest,8,18,Wachter's CE,True,"['amount', 'dependents', 'employment_length', 'foreign_worker', 'installment_rate', 'months_loan_duration', 'other_debtors', 'personal_status', 'property', 'purpose']",500,0.0846560001373291,19.079202062754348,10.0,0.0,0.7393620585743527,6.895454264380998,53.21426044875744,19.079202062754348
german_credit,RandomForest,8,18,SHAP-Targeted CE,True,"['amount', 'checking_balance', 'months_loan_duration', 'purpose']",500,0.04150795936584473,5.078986332574031,4.0,0.04860037253687252,2.471970202804991,4.9252495026468,100.0,5.078986332574031
german_credit,RandomForest,9,29,Actionable CBFI (Proposed),True,"['credit_history', 'savings_balance']",500,2.687870502471924,1.4557910370559513,2.0,0.0,0.4738231221009985,5.198972244318257,100.0,1.4550629594724998
german_credit,RandomForest,9,29,Untargeted Causal (Karimi 2021),True,"['credit_history', 'savings_balance']",500,2.853571653366089,1.4557910370559513,2.0,0.0,0.4738231221009985,5.198972244318257,100.0,1.4550629594724998
german_credit,RandomForest,9,29,Wachter's CE,True,"['amount', 'checking_balance', 'credit_history', 'dependents', 'existing_credits', 'foreign_worker', 'installment_plan', 'installment_rate', 'job', 'months_loan_duration', 'other_debtors', 'property', 'savings_balance']",500,0.08371806144714355,15.94363513649504,13.0,,0.04557005589678833,5.874742490279163,56.08338772356053,15.94363513649504
german_credit,RandomForest,9,29,SHAP-Targeted CE,True,"['amount', 'checking_balance', 'months_loan_duration', 'purpose']",500,0.0426177978515625,5.06938116932422,4.0,0.01929024340669569,0.7941191589020814,5.0416862134711025,100.0,5.06938116932422
german_credit,RandomForest,10,35,Actionable CBFI (Proposed),True,['savings_balance'],500,2.687763214111328,0.900216190372187,1.0,0.0,0.9923163281896006,4.676989524203844,99.99999999999997,0.8997659696936783
german_credit,RandomForest,10,35,Untargeted Causal (Karimi 2021),True,['savings_balance'],500,2.856753349304199,0.900216190372187,1.0,0.0,0.9923163281896006,4.676989524203844,99.99999999999997,0.8997659696936783
german_credit,RandomForest,10,35,Wachter's CE,True,"['amount', 'checking_balance', 'credit_history', 'dependents', 'existing_credits', 'foreign_worker', 'housing', 'installment_plan', 'installment_rate', 'months_loan_duration', 'personal_status', 'property', 'purpose', 'telephone']",500,0.0823054313659668,19.26336112087638,14.0,,0.2370932951200121,5.623919337589932,67.08324654642678,19.26336112087638
german_credit,RandomForest,10,35,SHAP-Targeted CE,True,"['amount', 'checking_balance', 'months_loan_duration', 'purpose']",500,0.04318594932556152,2.834946848899013,4.0,1.0432797948456413e-05,0.8653538778772409,4.115831423132518,100.0,2.834946848899013
german_credit,RandomForest,11,37,Actionable CBFI (Proposed),True,"['amount', 'installment_rate', 'months_loan_duration']",500,2.440321922302246,0.9486094342958209,3.0,0.0,0.41315117805964263,5.550419664955045,100.0,0.9486094342958209
german_credit,RandomForest,11,37,Untargeted Causal (Karimi 2021),True,"['amount', 'installment_rate', 'months_loan_duration']",500,2.586160182952881,0.9486094342958209,3.0,0.0,0.41315117805964263,5.550419664955045,100.0,0.9486094342958209
german_credit,RandomForest,11,37,Wachter's CE,True,"['amount', 'checking_balance', 'credit_history', 'dependents', 'employment_length', 'installment_rate', 'job', 'months_loan_duration', 'property', 'purpose', 'savings_balance', 'telephone']",500,0.08504867553710938,15.643558766641231,12.0,0.0,0.878486834528473,6.613384877301666,93.8948734790215,15.643558766641231
german_credit,RandomForest,11,37,SHAP-Targeted CE,True,"['amount', 'checking_balance', 'months_loan_duration', 'purpose']",500,0.040001630783081055,3.3292141230068344,4.0,0.03354652481860121,0.6506096924079224,5.653565531049797,100.0,3.3292141230068344
german_credit,RandomForest,12,44,Actionable CBFI (Proposed),True,"['checking_balance', 'purpose']",500,2.6165683269500732,1.5000000000000004,2.0,4.108650548026103e-33,0.7432490646117332,5.811179247739166,100.0,1.5000000000000004
german_credit,RandomForest,12,44,Untargeted Causal (Karimi 2021),True,"['checking_balance', 'purpose']",500,2.751206398010254,1.5000000000000004,2.0,4.108650548026103e-33,0.7432490646117332,5.811179247739166,100.0,1.5000000000000004
german_credit,RandomForest,12,44,Wachter's CE,True,"['amount', 'checking_balance', 'credit_history', 'existing_credits', 'foreign_worker', 'installment_rate', 'job', 'months_loan_duration', 'personal_status', 'property', 'purpose', 'savings_balance']",500,0.08343887329101562,13.816375264940048,12.0,,0.9838187161822964,6.368992696052019,86.3929891724949,13.816375264940048
german_credit,RandomForest,12,44,SHAP-Targeted CE,True,"['amount', 'checking_balance', 'months_loan_duration', 'purpose']",500,0.04166102409362793,3.7712794229309035,4.0,0.008420916384279532,1.1719712435678415,6.124528227794336,100.0,3.7712794229309035
german_credit,RandomForest,13,54,Actionable CBFI (Proposed),True,['savings_balance'],500,2.7450106143951416,0.9002161903721869,1.0,0.0,0.9507302770571262,4.614063760794892,100.0,0.8997659696936782
german_credit,RandomForest,13,54,Untargeted Causal (Karimi 2021),True,['savings_balance'],500,2.8800957202911377,0.9002161903721869,1.0,0.0,0.9507302770571262,4.614063760794892,100.0,0.8997659696936782
german_credit,RandomForest,13,54,Wachter's CE,True,"['amount', 'checking_balance', 'credit_history', 'existing_credits', 'housing', 'installment_plan', 'installment_rate', 'job', 'months_loan_duration', 'personal_status', 'property', 'purpose', 'savings_balance', 'telephone']",500,0.08363628387451172,18.60110005847855,14.0,,1.4630762366532013,4.77909808458062,86.61064339469755,18.60110005847855
german_credit,RandomForest,13,54,SHAP-Targeted CE,True,"['amount', 'checking_balance', 'months_loan_duration', 'purpose']",500,0.04068422317504883,4.8828777524677305,4.0,0.01803631357238663,1.758602831018649,5.104971272312315,100.0,4.8828777524677305
german_credit,RandomForest,14,56,Actionable CBFI (Proposed),True,"['credit_history', 'property']",500,2.512533187866211,1.5555748466837644,2.0,0.0,1.1732765347202072,5.056935908090797,100.0,1.5552969897788214
german_credit,RandomForest,14,56,Untargeted Causal (Karimi 2021),True,"['credit_history', 'property']",500,2.6064271926879883,1.5555748466837644,2.0,0.0,1.1732765347202072,5.056935908090797,100.0,1.5552969897788214
german_credit,RandomForest,14,56,Wachter's CE,True,"['amount', 'checking_balance', 'credit_history', 'employment_length', 'housing', 'installment_rate', 'months_loan_duration', 'other_debtors', 'personal_status', 'property', 'purpose', 'savings_balance']",500,0.0829932689666748,19.6780818824187,12.0,0.0,0.9485924784445743,6.267516997482336,77.16156253174321,19.6780818824187
german_credit,RandomForest,14,56,SHAP-Targeted CE,True,"['amount', 'checking_balance', 'months_loan_duration', 'purpose']",500,0.04319429397583008,4.650740318906606,4.0,0.012965339131644786,0.5318470225169886,4.910043958601777,100.0,4.650740318906606
german_credit,RandomForest,15,59,Actionable CBFI (Proposed),True,['savings_balance'],500,2.887773275375366,0.9002161903721869,1.0,0.0,0.9857866130109558,6.7548730299867445,100.0,0.8997659696936782
german_credit,RandomForest,15,59,Untargeted Causal (Karimi 2021),True,['savings_balance'],500,2.9650535583496094,0.9002161903721869,1.0,0.0,0.9857866130109558,6.7548730299867445,100.0,0.8997659696936782
german_credit,RandomForest,15,59,Wachter's CE,True,"['amount', 'checking_balance', 'dependents', 'employment_length', 'existing_credits', 'foreign_worker', 'housing', 'installment_plan', 'installment_rate', 'months_loan_duration', 'personal_status', 'property', 'purpose', 'savings_balance', 'telephone']",500,0.08280801773071289,17.840178808930876,15.0,,1.9663949595055197,7.28508168989687,65.04496906375492,17.840178808930876
german_credit,RandomForest,15,59,SHAP-Targeted CE,True,"['amount', 'checking_balance', 'months_loan_duration', 'purpose']",500,0.03825664520263672,4.516305998481398,4.0,0.009528399791098268,0.8840338100150357,6.930455593918556,100.0,4.516305998481398
german_credit,RandomForest,16,62,Actionable CBFI (Proposed),True,['credit_history'],500,2.7890243530273438,1.111149693367529,1.0,0.0,1.1816242024427057,4.946468062856665,100.0,1.1105939795576432
german_credit,RandomForest,16,62,Untargeted Causal (Karimi 2021),True,['credit_history'],500,2.940293788909912,1.111149693367529,1.0,0.0,1.1816242024427057,4.946468062856665,100.0,1.1105939795576432
german_credit,RandomForest,16,62,Wachter's CE,True,"['amount', 'checking_balance', 'existing_credits', 'housing', 'installment_rate', 'months_loan_duration', 'personal_status', 'property', 'purpose', 'savings_balance', 'telephone']",500,0.08266472816467285,15.733291294684799,11.0,,1.4786182126027516,4.949320284989183,91.74359860117751,15.733291294684799
german_credit,RandomForest,16,62,SHAP-Targeted CE,True,"['amount', 'checking_balance', 'months_loan_duration', 'purpose']",500,0.04089665412902832,5.260041761579348,4.0,0.013410435237803636,1.9107450838003166,4.802835939166368,100.0,5.260041761579348
german_credit,RandomForest,17,63,Actionable CBFI (Proposed),True,['savings_balance'],500,2.9359018802642822,0.9002161903721881,1.0,0.0,2.382282589783292,4.754073412260651,100.0,0.8997659696936794
german_credit,RandomForest,17,63,Untargeted Causal (Karimi 2021),True,['savings_balance'],500,3.01841402053833,0.9002161903721881,1.0,0.0,2.382282589783292,4.754073412260651,100.0,0.8997659696936794
german_credit,RandomForest,17,63,Wachter's CE,True,"['amount', 'dependents', 'employment_length', 'existing_credits', 'foreign_worker', 'housing', 'installment_plan', 'installment_rate', 'job', 'months_loan_duration', 'personal_status', 'property', 'purpose', 'savings_balance', 'telephone']",500,0.08164143562316895,17.475330713800652,15.0,,1.727671699410491,6.341013017895488,68.71066059949163,17.475330713800652
german_credit,RandomForest,17,63,SHAP-Targeted CE,True,"['amount', 'checking_balance', 'months_loan_duration']",500,0.04178786277770996,5.159149582384204,3.0,0.0013508433023208795,2.9830418071878064,4.925383585359482,100.0,5.159149582384204
german_credit,RandomForest,18,68,Actionable CBFI (Proposed),True,"['amount', 'employment_length']",500,2.2989161014556885,1.08,2.0,3.564532748453277e-05,0.9119382358821472,4.711474584723864,100.0,1.08
german_credit,RandomForest,18,68,Untargeted Causal (Karimi 2021),True,"['amount', 'employment_length', 'installment_rate']",500,2.474331855773926,1.0894410083401525,3.0,0.0,0.9075305614148022,4.712066745926445,100.0,1.0894410083401525
german_credit,RandomForest,18,68,Wachter's CE,True,"['amount', 'checking_balance', 'existing_credits', 'foreign_worker', 'housing', 'job', 'months_loan_duration', 'other_debtors', 'personal_status', 'property', 'purpose', 'savings_balance', 'telephone']",500,0.08513665199279785,17.74033412951175,13.0,0.08182226914292201,0.5334765757320076,5.046936484972651,72.6609269429388,17.74033412951175
german_credit,RandomForest,18,68,SHAP-Targeted CE,True,"['amount', 'checking_balance', 'months_loan_duration', 'purpose']",500,0.052564144134521484,4.0435839028094165,4.0,0.040911134571461005,0.5918285438347883,4.452211554856236,81.45209749502385,4.0435839028094165
german_credit,RandomForest,19,74,Actionable CBFI (Proposed),True,['checking_balance'],500,2.5300750732421875,1.0000000000000004,1.0,0.0,0.9257602362191634,4.041715914395336,100.0,1.0000000000000004
german_credit,RandomForest,19,74,Untargeted Causal (Karimi 2021),True,['checking_balance'],500,2.6057140827178955,1.0000000000000004,1.0,0.0,0.9257602362191634,4.041715914395336,100.0,1.0000000000000004
german_credit,RandomForest,19,74,Wachter's CE,True,"['amount', 'checking_balance', 'credit_history', 'existing_credits', 'installment_rate', 'months_loan_duration', 'personal_status', 'property', 'purpose', 'telephone']",500,0.08410072326660156,11.932630638369838,10.0,,1.4200555009191989,4.423748487219834,91.46074477384727,11.932630638369838
german_credit,RandomForest,19,74,SHAP-Targeted CE,True,"['amount', 'checking_balance', 'months_loan_duration', 'purpose']",500,0.04390215873718262,2.656909643128322,4.0,0.013791079194420582,1.6151302429491583,4.699500701934071,100.0,2.656909643128322
german_credit,RandomForest,20,76,Actionable CBFI (Proposed),True,['savings_balance'],500,2.561501979827881,0.9002161903721868,1.0,0.0,0.7096961690649902,3.5157542523564027,100.0,0.8997659696936781
german_credit,RandomForest,20,76,Untargeted Causal (Karimi 2021),True,['savings_balance'],500,2.698533296585083,0.9002161903721868,1.0,0.0,0.7096961690649902,3.5157542523564027,100.0,0.8997659696936781
german_credit,RandomForest,20,76,Wachter's CE,True,"['amount', 'checking_balance', 'credit_history', 'dependents', 'employment_length', 'foreign_worker', 'installment_rate', 'job', 'months_loan_duration', 'property', 'purpose', 'telephone']",500,0.08372926712036133,17.02853304737162,12.0,0.0,0.21777277740693832,6.657032257937349,60.7760542019665,17.02853304737162
german_credit,RandomForest,20,76,SHAP-Targeted CE,True,"['amount', 'checking_balance', 'months_loan_duration', 'purpose']",500,0.04217934608459473,2.046564160971905,4.0,0.0031739391971613465,0.5702439645486044,3.1603396880651546,100.0,2.046564160971905
german_credit,RandomForest,21,80,Actionable CBFI (Proposed),True,"['credit_history', 'installment_rate']",500,2.3520309925079346,1.5555748466837647,2.0,0.0,0.580943736803501,4.334734008698692,100.0,1.5552969897788218
german_credit,RandomForest,21,80,Untargeted Causal (Karimi 2021),True,"['checking_balance', 'credit_history']",500,2.460632562637329,1.5555748466837647,2.0,0.0,1.2131860834904642,4.483143914726151,100.0,1.5552969897788218
german_credit,RandomForest,21,80,Wachter's CE,True,"['amount', 'checking_balance', 'credit_history', 'dependents', 'existing_credits', 'foreign_worker', 'housing', 'job', 'months_loan_duration', 'other_debtors', 'personal_status', 'property', 'purpose', 'savings_balance', 'telephone']",500,0.11691999435424805,15.923185201088641,15.0,0.012219727581067874,1.0285408105821512,5.0644333979608485,63.254940156746656,15.923185201088641
german_credit,RandomForest,21,80,SHAP-Targeted CE,True,"['amount', 'checking_balance', 'months_loan_duration', 'purpose']",500,0.04469585418701172,2.422380410022778,4.0,0.006109863790533937,1.2277184781738784,4.667912036351878,100.0,2.422380410022778
german_credit,RandomForest,22,87,Actionable CBFI (Proposed),True,['checking_balance'],500,2.7029268741607666,2.0,1.0,0.0,2.5550825866696862,5.671749425578917,100.0,2.0
german_credit,RandomForest,22,87,Untargeted Causal (Karimi 2021),True,['checking_balance'],500,2.8715028762817383,2.0,1.0,0.0,2.5550825866696862,5.671749425578917,100.0,2.0
german_credit,RandomForest,22,87,Wachter's CE,True,"['amount', 'checking_balance', 'credit_history', 'foreign_worker', 'job', 'months_loan_duration', 'other_debtors', 'personal_status', 'purpose', 'savings_balance']",500,0.08227419853210449,19.36127521195646,10.0,0.15619415879596674,6.854215745470337,8.461056527222896,70.29057582470985,19.36127521195646
german_credit,RandomForest,22,87,SHAP-Targeted CE,True,"['amount', 'checking_balance', 'months_loan_duration', 'purpose']",500,0.04248523712158203,3.2391419893697817,4.0,0.007440369783790344,3.102237978224871,5.967111187565549,100.0,3.2391419893697817
german_credit,RandomForest,23,89,Actionable CBFI (Proposed),True,['checking_balance'],500,2.742009162902832,1.0000000000000004,1.0,0.0,0.6188817990708081,2.870930559677267,100.0,1.0000000000000004
german_credit,RandomForest,23,89,Untargeted Causal (Karimi 2021),True,['checking_balance'],500,2.8474795818328857,1.0000000000000004,1.0,0.0,0.6188817990708081,2.870930559677267,100.0,1.0000000000000004
german_credit,RandomForest,23,89,Wachter's CE,True,"['amount', 'checking_balance', 'credit_history', 'dependents', 'existing_credits', 'housing', 'installment_rate', 'job', 'months_loan_duration', 'other_debtors', 'personal_status', 'property', 'purpose', 'savings_balance']",500,0.08670592308044434,17.07335267918277,14.0,,0.767897626830894,3.6357274844206136,87.51028817542404,17.07335267918277
german_credit,RandomForest,23,89,SHAP-Targeted CE,True,"['amount', 'checking_balance', 'months_loan_duration', 'purpose']",500,0.04759931564331055,2.865110098709187,4.0,0.003403989038859768,0.5646326763084399,3.450824117053153,100.0,2.865110098709187
german_credit,RandomForest,24,92,Actionable CBFI (Proposed),True,"['amount', 'credit_history', 'installment_rate']",500,2.34224534034729,1.0292658361845721,3.0,0.0,0.32127151981709295,5.691333077600545,100.0,1.0289879792796293
german_credit,RandomForest,24,92,Untargeted Causal (Karimi 2021),True,"['amount', 'credit_history', 'installment_rate']",500,2.4770047664642334,1.0292658361845721,3.0,0.0,0.32127151981709295,5.691333077600545,100.0,1.0289879792796293
german_credit,RandomForest,24,92,Wachter's CE,True,"['amount', 'credit_history', 'dependents', 'employment_length', 'existing_credits', 'foreign_worker', 'housing', 'months_loan_duration', 'personal_status', 'purpose', 'savings_balance']",500,0.08134627342224121,16.89197776537864,11.0,0.0027670577651941522,1.7734774106482154,6.60721298899922,62.42568487413379,16.89197776537864
german_credit,RandomForest,24,92,SHAP-Targeted CE,True,"['amount', 'checking_balance', 'months_loan_duration', 'purpose']",500,0.04515719413757324,2.7067388003037207,4.0,0.0013835288825970761,0.2908744527917526,5.9369857356421925,100.0,2.7067388003037207
german_credit,RandomForest,25,95,Actionable CBFI (Proposed),True,"['property', 'savings_balance']",500,2.805176258087158,1.9002161903721868,2.0,0.0,3.243601804631925,6.852280799090629,100.0,1.899765969693678
german_credit,RandomForest,25,95,Untargeted Causal (Karimi 2021),True,"['property', 'savings_balance']",500,2.9085373878479004,1.9002161903721868,2.0,0.0,3.243601804631925,6.852280799090629,100.0,1.899765969693678
german_credit,RandomForest,25,95,Wachter's CE,True,"['amount', 'checking_balance', 'credit_history', 'dependents', 'existing_credits', 'housing', 'installment_rate', 'job', 'months_loan_duration', 'personal_status', 'property', 'savings_balance']",500,0.08248090744018555,18.203759289994494,12.0,,3.246658912605472,7.55773737130694,81.47980041722523,18.203759289994494
german_credit,RandomForest,25,95,SHAP-Targeted CE,True,"['amount', 'checking_balance', 'months_loan_duration', 'purpose']",500,0.038156986236572266,6.172760060744114,4.0,0.019708036215929904,1.896244216604084,6.687349647258774,100.0,6.172760060744114
german_credit,RandomForest,26,105,Actionable CBFI (Proposed),True,['savings_balance'],500,2.8864240646362305,0.9002161903721868,1.0,0.0,3.075441177989008,6.758777474920786,100.0,0.8997659696936781
german_credit,RandomForest,26,105,Untargeted Causal (Karimi 2021),True,['savings_balance'],500,2.944877862930298,0.9002161903721868,1.0,0.0,3.075441177989008,6.758777474920786,100.0,0.8997659696936781
german_credit,RandomForest,26,105,Wachter's CE,True,"['amount', 'credit_history', 'employment_length', 'existing_credits', 'foreign_worker', 'installment_rate', 'job', 'months_loan_duration', 'other_debtors', 'personal_status', 'property', 'purpose', 'telephone']",500,0.08208084106445312,18.909492440427748,13.0,,0.6936429317796562,5.219108586977595,90.70613838719548,18.909492440427748
german_credit,RandomForest,26,105,SHAP-Targeted CE,True,"['amount', 'checking_balance', 'months_loan_duration', 'purpose']",500,0.0432889461517334,4.14493166287016,4.0,0.01744759743109024,4.938649755050339,7.402131629189534,100.0,4.14493166287016
german_credit,RandomForest,27,106,Actionable CBFI (Proposed),True,"['purpose', 'savings_balance']",500,2.513352870941162,1.4002161903721868,2.0,0.0,0.9430883203697497,4.649319956856692,100.0,1.3997659696936782
german_credit,RandomForest,27,106,Untargeted Causal (Karimi 2021),True,"['purpose', 'savings_balance']",500,2.615983486175537,1.4002161903721868,2.0,0.0,0.9430883203697497,4.649319956856692,100.0,1.3997659696936782
german_credit,RandomForest,27,106,Wachter's CE,True,"['amount', 'checking_balance', 'credit_history', 'existing_credits', 'housing', 'installment_rate', 'job', 'months_loan_duration', 'personal_status', 'property', 'purpose', 'savings_balance', 'telephone']",500,0.08165955543518066,17.291397172382297,13.0,,0.44713075504248395,5.9114069863464955,81.77010449493193,17.291397172382297
german_credit,RandomForest,27,106,SHAP-Targeted CE,True,"['amount', 'checking_balance', 'months_loan_duration', 'purpose']",500,0.03890347480773926,3.3916287015945334,4.0,0.012810945281894531,0.5785617187087025,4.397421143125939,100.0,3.3916287015945334
german_credit,RandomForest,28,113,Actionable CBFI (Proposed),True,"['purpose', 'savings_balance']",500,2.5199246406555176,1.400216190372187,2.0,1.6434602192104412e-32,1.319355626770033,4.800744233141997,100.0,1.3997659696936784
german_credit,RandomForest,28,113,Untargeted Causal (Karimi 2021),True,"['purpose', 'savings_balance']",500,2.631824493408203,1.400216190372187,2.0,1.6434602192104412e-32,1.319355626770033,4.800744233141997,100.0,1.3997659696936784
german_credit,RandomForest,28,113,Wachter's CE,True,"['amount', 'checking_balance', 'credit_history', 'existing_credits', 'foreign_worker', 'job', 'months_loan_duration', 'other_debtors', 'personal_status', 'property', 'purpose', 'savings_balance', 'telephone']",500,0.08150362968444824,15.283192892662743,13.0,0.08667864237485001,0.5895644822616782,4.932863940735348,73.17286422392564,15.283192892662743
german_credit,RandomForest,28,113,SHAP-Targeted CE,True,"['amount', 'months_loan_duration', 'purpose']",500,0.03948640823364258,4.475341685649203,3.0,0.010155702834945296,2.778453318727941,5.436322608880911,100.0,4.475341685649203
german_credit,RandomForest,29,116,Actionable CBFI (Proposed),True,['checking_balance'],500,2.494945526123047,1.0000000000000004,1.0,0.0,0.7264327849956421,3.6199766727596443,100.0,1.0000000000000004
german_credit,RandomForest,29,116,Untargeted Causal (Karimi 2021),True,['checking_balance'],500,2.6610968112945557,1.0000000000000004,1.0,0.0,0.7264327849956421,3.6199766727596443,100.0,1.0000000000000004
german_credit,RandomForest,29,116,Wachter's CE,True,"['amount', 'checking_balance', 'existing_credits', 'housing', 'installment_plan', 'installment_rate', 'months_loan_duration', 'other_debtors', 'personal_status', 'property', 'purpose']",500,0.08124732971191406,15.101420932535833,11.0,,1.5624911513076218,5.614519511399297,73.95116289244501,15.101420932535833
german_credit,RandomForest,29,116,SHAP-Targeted CE,True,"['amount', 'checking_balance', 'months_loan_duration', 'purpose']",500,0.044643402099609375,3.2625094912680326,4.0,0.021633491441511932,1.4484068835849833,3.962858188313021,100.0,3.2625094912680326
german_credit,RandomForest,30,118,Actionable CBFI (Proposed),True,['checking_balance'],500,2.501940965652466,1.0000000000000002,1.0,0.0,1.4184923403946865,3.92329120622284,100.0,1.0000000000000002
german_credit,RandomForest,30,118,Untargeted Causal (Karimi 2021),True,['checking_balance'],500,2.6724565029144287,1.0000000000000002,1.0,0.0,1.4184923403946865,3.92329120622284,100.0,1.0000000000000002
german_credit,RandomForest,30,118,Wachter's CE,True,"['amount', 'checking_balance', 'credit_history', 'dependents', 'employment_length', 'existing_credits', 'foreign_worker', 'housing', 'job', 'months_loan_duration', 'other_debtors', 'personal_status', 'property', 'purpose', 'telephone']",500,0.08063673973083496,16.484318515156065,15.0,0.0024290212397998674,1.176973848229357,4.930164560030624,64.505757846692,16.484318515156065
german_credit,RandomForest,30,118,SHAP-Targeted CE,True,"['amount', 'checking_balance', 'months_loan_duration', 'purpose']",500,0.04206109046936035,2.0503037205770704,4.0,0.0012145106198999337,1.3788313321221661,4.0379046038192445,100.0,2.0503037205770704
german_credit,RandomForest,31,120,Actionable CBFI (Proposed),True,['checking_balance'],500,2.534857988357544,1.0000000000000004,1.0,0.0,0.5359134224256764,3.4599424875424893,99.99999999999997,1.0000000000000004
german_credit,RandomForest,31,120,Untargeted Causal (Karimi 2021),True,['checking_balance'],500,2.6868503093719482,1.0000000000000004,1.0,0.0,0.5359134224256764,3.4599424875424893,99.99999999999997,1.0000000000000004
german_credit,RandomForest,31,120,Wachter's CE,True,"['amount', 'checking_balance', 'credit_history', 'dependents', 'existing_credits', 'foreign_worker', 'installment_plan', 'installment_rate', 'job', 'personal_status', 'property', 'purpose', 'savings_balance', 'telephone']",500,0.08176159858703613,15.416984276907488,14.0,,4.095076134212808,5.397133041294403,52.11716999053637,15.416984276907488
german_credit,RandomForest,31,120,SHAP-Targeted CE,True,"['amount', 'checking_balance', 'purpose']",500,0.03812575340270996,2.9441913439635536,3.0,0.011616414770553175,0.8425102348647376,3.997922151508027,100.0,2.9441913439635536
german_credit,RandomForest,32,124,Actionable CBFI (Proposed),True,"['amount', 'installment_rate', 'months_loan_duration']",500,2.473599433898926,1.8972188685916422,3.0,0.0,0.34941542271988696,3.9311908453698607,100.0,1.897218868591642
german_credit,RandomForest,32,124,Untargeted Causal (Karimi 2021),True,"['amount', 'installment_rate', 'months_loan_duration']",500,2.643329620361328,1.8972188685916422,3.0,0.0,0.34941542271988696,3.9311908453698607,100.0,1.897218868591642
german_credit,RandomForest,32,124,Wachter's CE,True,"['amount', 'checking_balance', 'credit_history', 'dependents', 'employment_length', 'housing', 'installment_rate', 'job', 'months_loan_duration', 'other_debtors', 'personal_status', 'property', 'purpose', 'savings_balance']",500,0.08086276054382324,18.42314167729964,14.0,1.232595164407831e-32,0.7622221915981457,3.6489915960174053,75.85365189148796,18.42314167729964
german_credit,RandomForest,32,124,SHAP-Targeted CE,True,"['amount', 'checking_balance', 'months_loan_duration', 'purpose']",500,0.041107892990112305,3.7752847380410026,4.0,0.01295759747537211,0.5969831758292778,3.7334889108068046,100.0,3.7752847380410026
german_credit,RandomForest,33,127,Actionable CBFI (Proposed),True,"['amount', 'installment_rate']",500,2.415525197982788,1.2914955623422022,2.0,0.0,0.28087747688916537,2.9841751348124346,100.0,1.2914955623422022
german_credit,RandomForest,33,127,Untargeted Causal (Karimi 2021),True,"['amount', 'installment_rate']",500,2.620854377746582,1.2914955623422022,2.0,0.0,0.28087747688916537,2.9841751348124346,100.0,1.2914955623422022
german_credit,RandomForest,33,127,Wachter's CE,True,"['amount', 'checking_balance', 'credit_history', 'dependents', 'employment_length', 'housing', 'installment_rate', 'job', 'months_loan_duration', 'other_debtors', 'personal_status', 'property', 'purpose', 'savings_balance']",500,0.08344340324401855,16.914012917199653,14.0,0.0,0.7796356008602827,3.6669898384953603,84.09904090047603,16.914012917199653
german_credit,RandomForest,33,127,SHAP-Targeted CE,True,"['amount', 'months_loan_duration', 'purpose']",500,0.0430760383605957,2.1877752467729685,3.0,0.0006997014596602091,0.2722997328379389,3.427303848021349,100.0,2.1877752467729685
german_credit,RandomForest,34,129,Actionable CBFI (Proposed),True,['savings_balance'],500,2.577019214630127,0.9002161903721869,1.0,0.0,0.5157605451367795,5.499834286381253,100.0,0.8997659696936782
german_credit,RandomForest,34,129,Untargeted Causal (Karimi 2021),True,['savings_balance'],500,2.676396369934082,0.9002161903721869,1.0,0.0,0.5157605451367795,5.499834286381253,100.0,0.8997659696936782
german_credit,RandomForest,34,129,Wachter's CE,True,"['amount', 'checking_balance', 'credit_history', 'employment_length', 'existing_credits', 'foreign_worker', 'installment_plan', 'installment_rate', 'job', 'months_loan_duration', 'personal_status', 'property', 'purpose', 'telephone']",500,0.10075926780700684,15.638603247715782,14.0,,1.1287578554432003,6.021886573215955,70.91173900158255,15.638603247715782
german_credit,RandomForest,34,129,SHAP-Targeted CE,True,"['amount', 'checking_balance', 'months_loan_duration', 'purpose']",500,0.04062795639038086,3.26283219438117,4.0,0.007748500881713539,1.1028974965976934,5.982673278559825,100.0,3.26283219438117
german_credit,RandomForest,35,131,Actionable CBFI (Proposed),True,['savings_balance'],500,2.677415370941162,0.9002161903721868,1.0,0.0,0.7594656571469312,4.173881858662302,100.0,0.8997659696936781
german_credit,RandomForest,35,131,Untargeted Causal (Karimi 2021),True,['savings_balance'],500,2.821686029434204,0.9002161903721868,1.0,0.0,0.7594656571469312,4.173881858662302,100.0,0.8997659696936781
german_credit,RandomForest,35,131,Wachter's CE,True,"['amount', 'checking_balance', 'credit_history', 'existing_credits', 'foreign_worker', 'job', 'months_loan_duration', 'other_debtors', 'personal_status', 'property', 'purpose', 'savings_balance', 'telephone']",500,0.08106350898742676,17.221079333882333,13.0,0.04053120385986724,0.5688039610776959,4.888728005689801,71.91902010644218,17.221079333882333
german_credit,RandomForest,35,131,SHAP-Targeted CE,True,"['amount', 'checking_balance', 'months_loan_duration', 'purpose']",500,0.042619943618774414,2.9908504176157935,4.0,0.02026560192993362,0.536850356164246,4.036421502320956,100.0,2.9908504176157935
german_credit,RandomForest,36,137,Actionable CBFI (Proposed),True,"['amount', 'installment_rate', 'months_loan_duration']",500,2.3402011394500732,0.9486094342958213,3.0,0.0,0.6609908918427291,4.672731685285811,100.0,0.9486094342958213
german_credit,RandomForest,36,137,Untargeted Causal (Karimi 2021),True,"['amount', 'installment_rate', 'months_loan_duration']",500,2.48867130279541,0.9486094342958213,3.0,0.0,0.6609908918427291,4.672731685285811,100.0,0.9486094342958213
german_credit,RandomForest,36,137,Wachter's CE,True,"['amount', 'checking_balance', 'credit_history', 'dependents', 'employment_length', 'housing', 'installment_rate', 'job', 'months_loan_duration', 'other_debtors', 'personal_status', 'property', 'purpose']",500,0.08286833763122559,17.743669721948137,13.0,1.232595164407831e-32,1.0791787459567128,5.018727765831183,75.41645626625768,17.743669721948137
german_credit,RandomForest,36,137,SHAP-Targeted CE,True,"['amount', 'months_loan_duration', 'purpose']",500,0.043529510498046875,2.0951594533029616,3.0,0.0012311557010810774,1.019896255423439,4.750275651097142,100.0,2.0951594533029616
german_credit,RandomForest,37,143,Actionable CBFI (Proposed),True,['savings_balance'],500,2.6135060787200928,0.9002161903721868,1.0,0.0,0.39335528847605317,2.758288878378216,100.0,0.8997659696936781
german_credit,RandomForest,37,143,Untargeted Causal (Karimi 2021),True,['savings_balance'],500,2.769209384918213,0.9002161903721868,1.0,0.0,0.39335528847605317,2.758288878378216,100.0,0.8997659696936781
german_credit,RandomForest,37,143,Wachter's CE,True,"['amount', 'checking_balance', 'credit_history', 'dependents', 'employment_length', 'housing', 'installment_rate', 'job', 'months_loan_duration', 'other_debtors', 'personal_status', 'property', 'purpose', 'savings_balance']",500,0.08346748352050781,15.075060753190542,14.0,0.0,0.7357805332538659,3.7662001859842342,80.77484116627527,15.075060753190542
german_credit,RandomForest,37,143,SHAP-Targeted CE,True,"['amount', 'checking_balance', 'months_loan_duration', 'purpose']",500,0.07793784141540527,3.2654897494305244,4.0,0.022624751745201777,0.8746181306705862,3.0853408451761535,100.0,3.2654897494305244
german_credit,RandomForest,38,155,Actionable CBFI (Proposed),True,['checking_balance'],500,2.6481688022613525,1.0000000000000004,1.0,0.0,0.4673207252150468,3.0227058832036686,100.0,1.0000000000000004
german_credit,RandomForest,38,155,Untargeted Causal (Karimi 2021),True,['checking_balance'],500,2.594364643096924,1.0000000000000004,1.0,0.0,0.4673207252150468,3.0227058832036686,100.0,1.0000000000000004
german_credit,RandomForest,38,155,Wachter's CE,True,"['amount', 'checking_balance', 'credit_history', 'dependents', 'employment_length', 'housing', 'installment_rate', 'job', 'months_loan_duration', 'other_debtors', 'personal_status', 'property', 'purpose', 'savings_balance']",500,0.08165454864501953,11.037743465120185,14.0,0.0,0.7261071115652359,4.060922893968972,84.16463150885939,11.037743465120185
german_credit,RandomForest,38,155,SHAP-Targeted CE,True,"['amount', 'checking_balance', 'months_loan_duration', 'purpose']",500,0.041486501693725586,3.023652239939256,4.0,0.0049246228043243094,0.5364320266304795,3.189914574923809,100.0,3.023652239939256
german_credit,RandomForest,39,166,Actionable CBFI (Proposed),True,['checking_balance'],500,2.6409823894500732,1.0000000000000002,1.0,0.0,0.43238792685714994,3.4124246813113426,100.0,1.0000000000000002
german_credit,RandomForest,39,166,Untargeted Causal (Karimi 2021),True,['checking_balance'],500,2.746310234069824,1.0000000000000002,1.0,0.0,0.43238792685714994,3.4124246813113426,100.0,1.0000000000000002
german_credit,RandomForest,39,166,Wachter's CE,True,"['amount', 'checking_balance', 'credit_history', 'dependents', 'employment_length', 'housing', 'installment_rate', 'job', 'months_loan_duration', 'other_debtors', 'personal_status', 'property', 'purpose', 'savings_balance']",500,0.08110594749450684,14.900158043707883,14.0,0.0,0.7982103208140964,3.67675802704165,81.94992114739448,14.900158043707883
german_credit,RandomForest,39,166,SHAP-Targeted CE,True,"['amount', 'checking_balance', 'months_loan_duration', 'purpose']",500,0.04290127754211426,2.052733485193622,4.0,0.0035889333577714183,0.6492723089276277,3.491542643628475,100.0,2.052733485193622
german_credit,RandomForest,40,169,Actionable CBFI (Proposed),True,['savings_balance'],500,2.73945951461792,0.9002161903721868,1.0,0.0,0.735859158509372,4.386732331868945,100.0,0.8997659696936781
german_credit,RandomForest,40,169,Untargeted Causal (Karimi 2021),True,['savings_balance'],500,2.8601233959198,0.9002161903721868,1.0,0.0,0.735859158509372,4.386732331868945,100.0,0.8997659696936781
german_credit,RandomForest,40,169,Wachter's CE,True,"['amount', 'checking_balance', 'credit_history', 'existing_credits', 'installment_rate', 'job', 'months_loan_duration', 'personal_status', 'property', 'purpose', 'savings_balance', 'telephone']",500,0.08159208297729492,16.13586949900873,12.0,,1.4123768562871133,4.506424932091675,93.44889516060097,16.13586949900873
german_credit,RandomForest,40,169,SHAP-Targeted CE,True,"['amount', 'checking_balance', 'months_loan_duration']",500,0.043025970458984375,2.7853075170842816,3.0,0.01312844798014664,0.910723855012041,4.320343159889485,100.0,2.7853075170842816
german_credit,RandomForest,41,170,Actionable CBFI (Proposed),True,"['amount', 'checking_balance']",500,2.55979323387146,1.2842824601366745,2.0,0.0004501142530723684,0.6073234941216126,4.130784531550473,100.0,1.2842824601366745
german_credit,RandomForest,41,170,Untargeted Causal (Karimi 2021),True,"['amount', 'checking_balance', 'installment_rate']",500,2.755568265914917,1.3178313736005423,3.0,0.0,0.5931166338462045,4.122360974147477,100.0,1.3178313736005423
german_credit,RandomForest,41,170,Wachter's CE,True,"['amount', 'checking_balance', 'credit_history', 'dependents', 'existing_credits', 'job', 'months_loan_duration', 'other_debtors', 'personal_status', 'property', 'purpose']",500,0.08291029930114746,15.602058925142627,11.0,0.0045314756740109366,0.6492723089276277,5.536836984113869,67.2951515323695,15.602058925142627
german_credit,RandomForest,41,170,SHAP-Targeted CE,True,"['amount', 'checking_balance', 'months_loan_duration', 'purpose']",500,0.0428314208984375,3.221146545178436,4.0,0.0022657378370054683,0.5196907261114502,4.540559821624749,100.0,3.221146545178436
german_credit,RandomForest,42,172,Actionable CBFI (Proposed),True,['credit_history'],500,2.7660655975341797,0.5555748466837647,1.0,0.0,0.26651734795245935,4.583380780510535,100.0,0.5552969897788218
german_credit,RandomForest,42,172,Untargeted Causal (Karimi 2021),True,['credit_history'],500,2.8882899284362793,0.5555748466837647,1.0,0.0,0.26651734795245935,4.583380780510535,100.0,0.5552969897788218
german_credit,RandomForest,42,172,Wachter's CE,True,"['amount', 'checking_balance', 'credit_history', 'employment_length', 'existing_credits', 'installment_rate', 'months_loan_duration', 'personal_status', 'property', 'purpose', 'savings_balance', 'telephone']",500,0.08309435844421387,16.275686020422604,12.0,,1.4137750938061313,4.521588878900717,93.73938656640391,16.275686020422604
german_credit,RandomForest,42,172,SHAP-Targeted CE,True,"['amount', 'checking_balance', 'months_loan_duration', 'purpose']",500,0.04296088218688965,3.9028473804100225,4.0,0.015215567068364974,0.5506603109478067,4.264127379647583,100.0,3.9028473804100225
german_credit,RandomForest,43,174,Actionable CBFI (Proposed),True,['savings_balance'],500,2.581509590148926,0.9002161903721868,1.0,0.0,0.6887584305419291,3.5205263392089283,100.0,0.8997659696936781
german_credit,RandomForest,43,174,Untargeted Causal (Karimi 2021),True,['savings_balance'],500,2.689812421798706,0.9002161903721868,1.0,0.0,0.6887584305419291,3.5205263392089283,100.0,0.8997659696936781
german_credit,RandomForest,43,174,Wachter's CE,True,"['amount', 'checking_balance', 'credit_history', 'dependents', 'existing_credits', 'foreign_worker', 'housing', 'installment_rate', 'job', 'other_debtors', 'personal_status', 'purpose', 'savings_balance', 'telephone']",500,0.0829310417175293,16.10001030242409,14.0,,1.1522851964904401,4.624051337593631,62.13546900048075,16.10001030242409
german_credit,RandomForest,43,174,SHAP-Targeted CE,True,"['amount', 'checking_balance', 'purpose']",500,0.042814016342163086,2.631947608200457,3.0,0.00879947956125021,0.7210418047462023,3.401900230644783,100.0,2.631947608200457
german_credit,RandomForest,44,175,Actionable CBFI (Proposed),True,['credit_history'],500,2.42326283454895,1.6667245400512936,1.0,0.0,1.1782040394118785,5.710017260776135,100.0,1.665890969336465
german_credit,RandomForest,44,175,Untargeted Causal (Karimi 2021),True,['credit_history'],500,2.5606374740600586,1.6667245400512936,1.0,0.0,1.1782040394118785,5.710017260776135,100.0,1.665890969336465
german_credit,RandomForest,44,175,Wachter's CE,True,"['amount', 'credit_history', 'employment_length', 'existing_credits', 'installment_plan', 'installment_rate', 'months_loan_duration', 'personal_status', 'property', 'purpose', 'telephone']",500,0.08245158195495605,16.037984038169327,11.0,,1.4495988130444086,5.224710492002212,91.9004553225416,16.037984038169327
german_credit,RandomForest,44,175,SHAP-Targeted CE,True,"['amount', 'months_loan_duration', 'purpose']",500,0.04441547393798828,4.077391799544418,3.0,0.033496724825734715,0.7418713521517137,5.166686104868381,100.0,4.077391799544418
german_credit,RandomForest,45,180,Actionable CBFI (Proposed),True,['savings_balance'],500,2.546499252319336,0.9002161903721868,1.0,0.0,1.5825946817457244,4.779018245864325,100.0,0.8997659696936781
german_credit,RandomForest,45,180,Untargeted Causal (Karimi 2021),True,['savings_balance'],500,2.7216086387634277,0.9002161903721868,1.0,0.0,1.5825946817457244,4.779018245864325,100.0,0.8997659696936781
german_credit,RandomForest,45,180,Wachter's CE,True,"['amount', 'dependents', 'employment_length', 'existing_credits', 'foreign_worker', 'housing', 'installment_plan', 'job', 'months_loan_duration', 'personal_status', 'property', 'savings_balance', 'telephone']",500,0.08252406120300293,18.84703792947285,13.0,0.0005107158042801013,2.314811552161188,6.738834824021366,53.63032682236315,18.84703792947285
german_credit,RandomForest,45,180,SHAP-Targeted CE,True,"['amount', 'checking_balance', 'months_loan_duration']",500,0.043380022048950195,3.5474563401670474,3.0,0.00025535790214005065,1.4293214791676085,4.545073143759534,100.0,3.5474563401670474
german_credit,RandomForest,46,181,Actionable CBFI (Proposed),True,['savings_balance'],500,2.655014991760254,0.9002161903721868,1.0,0.0,0.6373665452223221,5.036440064140218,100.0,0.8997659696936781
german_credit,RandomForest,46,181,Untargeted Causal (Karimi 2021),True,['savings_balance'],500,2.802337408065796,0.9002161903721868,1.0,0.0,0.6373665452223221,5.036440064140218,100.0,0.8997659696936781
german_credit,RandomForest,46,181,Wachter's CE,True,"['amount', 'checking_balance', 'dependents', 'employment_length', 'existing_credits', 'foreign_worker', 'housing', 'installment_rate', 'job', 'months_loan_duration', 'personal_status', 'property']",500,0.08371615409851074,16.941505825179394,12.0,,1.1631537492274961,5.208863161108077,75.5130603615725,16.941505825179394
german_credit,RandomForest,46,181,SHAP-Targeted CE,True,"['amount', 'checking_balance', 'months_loan_duration']",500,0.0398249626159668,2.1417615793470017,3.0,0.0005298231413759602,0.6175594346644512,4.777422902192567,100.0,2.1417615793470017
german_credit,RandomForest,47,182,Actionable CBFI (Proposed),True,"['amount', 'checking_balance']",500,2.6505351066589355,1.236719817767654,2.0,0.0003120986360735398,0.612887218908248,4.395561590886217,100.0,1.236719817767654
german_credit,RandomForest,47,182,Untargeted Causal (Karimi 2021),True,"['amount', 'checking_balance', 'installment_rate']",500,2.8110764026641846,1.2646557399404514,3.0,0.0,0.5999826696617973,4.388644119879933,100.0,1.2646557399404514
german_credit,RandomForest,47,182,Wachter's CE,True,"['amount', 'checking_balance', 'credit_history', 'employment_length', 'existing_credits', 'foreign_worker', 'housing', 'installment_plan', 'installment_rate', 'job', 'other_debtors', 'purpose', 'telephone']",500,0.08333373069763184,18.65953328751338,13.0,,1.249242680678975,5.573913885525405,71.80888512670242,18.65953328751338
german_credit,RandomForest,47,182,SHAP-Targeted CE,True,"['amount', 'checking_balance', 'purpose']",500,0.04712033271789551,3.0228929384965832,3.0,0.009024151743551841,0.8600864039394415,4.621541892606739,100.0,3.0228929384965832
german_credit,RandomForest,48,184,Actionable CBFI (Proposed),True,['savings_balance'],500,2.504986047744751,0.9002161903721869,1.0,0.0,0.48217365979254495,5.10566940657882,100.0,0.8997659696936782
german_credit,RandomForest,48,184,Untargeted Causal (Karimi 2021),True,['savings_balance'],500,2.695751667022705,0.9002161903721869,1.0,0.0,0.48217365979254495,5.10566940657882,100.0,0.8997659696936782
german_credit,RandomForest,48,184,Wachter's CE,True,"['amount', 'checking_balance', 'credit_history', 'dependents', 'employment_length', 'foreign_worker', 'installment_rate', 'job', 'months_loan_duration', 'personal_status', 'property', 'purpose', 'telephone']",500,0.08146452903747559,16.337165325063996,13.0,0.0,1.1844947095366614,5.066560951627847,76.0672359033897,16.337165325063996
german_credit,RandomForest,48,184,SHAP-Targeted CE,True,"['amount', 'checking_balance', 'months_loan_duration', 'purpose']",500,0.043175697326660156,2.452676537585422,4.0,0.0018586263632885012,0.6771588415143176,4.951778963928438,100.0,2.452676537585422
german_credit,RandomForest,49,186,Actionable CBFI (Proposed),True,['savings_balance'],500,2.707239866256714,0.9002161903721869,1.0,0.0,1.0614262477950343,5.8889715771910405,99.99999999999999,0.8997659696936782
german_credit,RandomForest,49,186,Untargeted Causal (Karimi 2021),True,['savings_balance'],500,2.709127187728882,0.9002161903721869,1.0,0.0,1.0614262477950343,5.8889715771910405,99.99999999999999,0.8997659696936782
german_credit,RandomForest,49,186,Wachter's CE,True,"['amount', 'checking_balance', 'credit_history', 'existing_credits', 'installment_rate', 'job', 'months_loan_duration', 'personal_status', 'property', 'purpose', 'savings_balance', 'telephone']",500,0.08196139335632324,16.601073390898407,12.0,,0.39870433792222265,6.656788409068339,86.03727955801641,16.601073390898407
german_credit,RandomForest,49,186,SHAP-Targeted CE,True,"['amount', 'checking_balance', 'months_loan_duration', 'purpose']",500,0.050752878189086914,3.639028094153379,4.0,0.000520473504832234,1.1882549470859007,5.92806116930414,100.0,3.639028094153379
german_credit,RandomForest,50,188,Actionable CBFI (Proposed),True,['checking_balance'],500,2.6797034740448,1.0000000000000002,1.0,0.0,0.27870278094681056,3.6981882260660024,100.0,1.0000000000000002
german_credit,RandomForest,50,188,Untargeted Causal (Karimi 2021),True,['checking_balance'],500,2.7493247985839844,1.0000000000000002,1.0,0.0,0.27870278094681056,3.6981882260660024,100.0,1.0000000000000002
german_credit,RandomForest,50,188,Wachter's CE,True,"['amount', 'checking_balance', 'credit_history', 'dependents', 'housing', 'installment_rate', 'job', 'months_loan_duration', 'other_debtors', 'personal_status', 'property', 'purpose', 'savings_balance']",500,0.08610892295837402,14.464830355169031,13.0,0.0,0.7261071115652359,4.059877026888102,81.40669326902251,14.464830355169031
german_credit,RandomForest,50,188,SHAP-Targeted CE,True,"['amount', 'checking_balance', 'months_loan_duration', 'purpose']",500,0.0483095645904541,2.0946659073652234,4.0,0.0008312760926234546,0.21877124354289204,3.9417746708232104,100.0,2.0946659073652234
german_credit,RandomForest,51,190,Actionable CBFI (Proposed),True,"['amount', 'installment_rate', 'purpose']",500,2.3060739040374756,1.131411048700225,3.0,0.0,2.3106172006331946,5.628865141038081,100.0,1.131411048700225
german_credit,RandomForest,51,190,Untargeted Causal (Karimi 2021),True,"['amount', 'installment_rate', 'purpose']",500,2.4275665283203125,1.131411048700225,3.0,0.0,2.3106172006331946,5.628865141038081,100.0,1.131411048700225
german_credit,RandomForest,51,190,Wachter's CE,True,"['amount', 'checking_balance', 'credit_history', 'existing_credits', 'installment_plan', 'installment_rate', 'job', 'months_loan_duration', 'other_debtors', 'personal_status', 'property', 'purpose', 'telephone']",500,0.08167457580566406,18.444434752332306,13.0,,6.086113935320253,8.203395772245388,69.20031527798157,18.444434752332306
german_credit,RandomForest,51,190,SHAP-Targeted CE,True,"['amount', 'months_loan_duration', 'purpose']",500,0.0473477840423584,1.8095102505694762,3.0,0.00018961104526266456,2.337896576622185,5.596347246657339,100.0,1.8095102505694762
german_credit,RandomForest,52,191,Actionable CBFI (Proposed),True,['credit_history'],500,2.8482511043548584,1.1111496933675291,1.0,0.0,0.9407162094760588,5.834966063267104,100.0,1.1105939795576434
german_credit,RandomForest,52,191,Untargeted Causal (Karimi 2021),True,['credit_history'],500,2.8910422325134277,1.1111496933675291,1.0,0.0,0.9407162094760588,5.834966063267104,100.0,1.1105939795576434
german_credit,RandomForest,52,191,Wachter's CE,True,"['amount', 'checking_balance', 'credit_history', 'dependents', 'employment_length', 'existing_credits', 'housing', 'installment_plan', 'installment_rate', 'months_loan_duration', 'personal_status', 'telephone']",500,0.0820162296295166,20.055375985827975,12.0,,2.053212008167492,6.965269750789737,70.12230811821087,20.055375985827975
german_credit,RandomForest,52,191,SHAP-Targeted CE,True,"['amount', 'checking_balance', 'months_loan_duration']",500,0.03985929489135742,4.031814730447987,3.0,0.004168727578340282,0.5702439645486044,5.0572212999818555,100.0,4.031814730447987
german_credit,RandomForest,53,192,Actionable CBFI (Proposed),True,['savings_balance'],500,2.5863540172576904,0.9002161903721868,1.0,0.0,0.49081360354361486,3.9280009251247683,100.0,0.8997659696936781
german_credit,RandomForest,53,192,Untargeted Causal (Karimi 2021),True,['savings_balance'],500,2.7198736667633057,0.9002161903721868,1.0,0.0,0.49081360354361486,3.9280009251247683,100.0,0.8997659696936781
german_credit,RandomForest,53,192,Wachter's CE,True,"['amount', 'checking_balance', 'dependents', 'existing_credits', 'foreign_worker', 'installment_plan', 'job', 'months_loan_duration', 'other_debtors', 'personal_status', 'property', 'savings_balance', 'telephone']",500,0.08266782760620117,19.083774436750183,13.0,0.007137187473459089,0.5374408780756776,4.921615450001592,66.07921780198569,19.083774436750183
german_credit,RandomForest,53,192,SHAP-Targeted CE,True,"['amount', 'checking_balance', 'months_loan_duration']",500,0.04326796531677246,4.133788914198938,3.0,0.0035685937367295447,0.5845046495514296,3.836239172663631,100.0,4.133788914198938
german_credit,RandomForest,54,194,Actionable CBFI (Proposed),True,['checking_balance'],500,2.9184703826904297,2.0,1.0,0.0,0.8826125418057004,4.960183618414363,100.0,2.0
german_credit,RandomForest,54,194,Untargeted Causal (Karimi 2021),True,['checking_balance'],500,2.976090908050537,2.0,1.0,0.0,0.8826125418057004,4.960183618414363,100.0,2.0
german_credit,RandomForest,54,194,Wachter's CE,True,"['amount', 'credit_history', 'dependents', 'employment_length', 'housing', 'installment_plan', 'installment_rate', 'job', 'months_loan_duration', 'other_debtors', 'property', 'purpose', 'telephone']",500,0.08223676681518555,17.47548981031957,13.0,0.0,1.265879296467627,6.514416840266042,75.88571595317184,17.47548981031957
german_credit,RandomForest,54,194,SHAP-Targeted CE,True,"['amount', 'checking_balance', 'months_loan_duration', 'purpose']",500,0.04666471481323242,4.3975892179195135,4.0,0.014363881995378094,0.4901303778567383,4.536215049524186,100.0,4.3975892179195135
german_credit,RandomForest,55,195,Actionable CBFI (Proposed),True,"['amount', 'months_loan_duration']",500,2.384822130203247,0.869749430523918,2.0,0.0007614434630722782,0.7003121966711104,3.556493993069305,100.0,0.869749430523918
german_credit,RandomForest,55,195,Untargeted Causal (Karimi 2021),True,"['amount', 'months_loan_duration']",500,2.469097375869751,0.869749430523918,2.0,0.0007614434630722782,0.7003121966711104,3.556493993069305,100.0,0.869749430523918
german_credit,RandomForest,55,195,Wachter's CE,True,"['amount', 'checking_balance', 'credit_history', 'dependents', 'employment_length', 'existing_credits', 'housing', 'installment_rate', 'months_loan_duration', 'other_debtors', 'personal_status', 'property', 'purpose', 'savings_balance', 'telephone']",500,0.08417201042175293,15.561280330849334,15.0,,0.8046599631746291,3.616908360117457,77.21051183292718,15.561280330849334
german_credit,RandomForest,55,195,SHAP-Targeted CE,True,"['amount', 'months_loan_duration', 'purpose']",500,0.04361581802368164,2.2231966590736523,3.0,0.0072364938380640705,0.8287502227235318,3.938328450228324,100.0,2.2231966590736523
german_credit,RandomForest,56,197,Actionable CBFI (Proposed),True,['checking_balance'],500,2.6518442630767822,2.0,1.0,0.0,7.280541106461087,7.596165952957926,100.0,2.0
german_credit,RandomForest,56,197,Untargeted Causal (Karimi 2021),True,['checking_balance'],500,2.8114771842956543,2.0,1.0,0.0,7.280541106461087,7.596165952957926,100.0,2.0
german_credit,RandomForest,56,197,Wachter's CE,True,"['amount', 'checking_balance', 'credit_history', 'dependents', 'employment_length', 'installment_plan', 'installment_rate', 'job', 'months_loan_duration', 'personal_status', 'property', 'purpose', 'telephone']",500,0.08186602592468262,17.849871345735536,13.0,0.0,7.656169808787166,7.704047584348833,81.55898553677609,17.849871345735536
german_credit,RandomForest,56,197,SHAP-Targeted CE,True,"['amount', 'checking_balance', 'months_loan_duration', 'purpose']",500,0.03629279136657715,3.5970577069096423,4.0,0.00227221599763739,7.214346225984574,7.712797845421748,100.0,3.5970577069096423
german_credit,RandomForest,57,199,Actionable CBFI (Proposed),True,['credit_history'],500,2.5854623317718506,0.5555748466837646,1.0,0.0,0.6251977358949633,4.686896642912372,100.0,0.5552969897788217
german_credit,RandomForest,57,199,Untargeted Causal (Karimi 2021),True,['credit_history'],500,2.733595609664917,0.5555748466837646,1.0,0.0,0.6251977358949633,4.686896642912372,100.0,0.5552969897788217
german_credit,RandomForest,57,199,Wachter's CE,True,"['amount', 'checking_balance', 'credit_history', 'dependents', 'employment_length', 'job', 'months_loan_duration', 'other_debtors', 'personal_status', 'property', 'purpose', 'telephone']",500,0.0817570686340332,18.666286444567074,12.0,0.11745584947036353,3.9923006291727847,7.08682029192257,78.24197943981824,18.666286444567074
german_credit,RandomForest,57,199,SHAP-Targeted CE,True,"['amount', 'checking_balance', 'months_loan_duration', 'purpose']",500,0.041047096252441406,3.32739179954442,4.0,0.0011398614941027616,0.6652050804445836,4.288546448168035,100.0,3.32739179954442
german_credit,RandomForest,58,203,Actionable CBFI (Proposed),True,['checking_balance'],500,2.4441118240356445,1.0000000000000002,1.0,0.0,0.27613548107151603,3.5337653710506762,100.0,1.0000000000000002
german_credit,RandomForest,58,203,Untargeted Causal (Karimi 2021),True,['checking_balance'],500,2.5280768871307373,1.0000000000000002,1.0,0.0,0.27613548107151603,3.5337653710506762,100.0,1.0000000000000002
german_credit,RandomForest,58,203,Wachter's CE,True,"['amount', 'checking_balance', 'credit_history', 'dependents', 'housing', 'installment_rate', 'job', 'months_loan_duration', 'other_debtors', 'personal_status', 'property', 'purpose', 'savings_balance']",500,0.0809481143951416,15.672575229884295,13.0,0.0,0.7308793051489021,4.026240058167696,81.67876743223064,15.672575229884295
german_credit,RandomForest,58,203,SHAP-Targeted CE,True,"['amount', 'checking_balance', 'months_loan_duration']",500,0.04310965538024902,2.1774107820804858,3.0,0.001965661668290551,0.22354343712655841,3.8056429643675704,100.0,2.1774107820804858
german_credit,RandomForest,59,212,Actionable CBFI (Proposed),True,['savings_balance'],500,2.7808620929718018,0.9002161903721868,1.0,0.0,0.418414031646261,4.567077475232482,100.0,0.8997659696936781
german_credit,RandomForest,59,212,Untargeted Causal (Karimi 2021),True,['savings_balance'],500,2.847155809402466,0.9002161903721868,1.0,0.0,0.418414031646261,4.567077475232482,100.0,0.8997659696936781
german_credit,RandomForest,59,212,Wachter's CE,True,"['amount', 'checking_balance', 'credit_history', 'employment_length', 'existing_credits', 'foreign_worker', 'installment_plan', 'installment_rate', 'job', 'months_loan_duration', 'other_debtors', 'personal_status', 'property']",500,0.08179259300231934,16.240404055520894,13.0,,0.9965831674794687,5.9797237444118245,59.87872041608618,16.240404055520894
german_credit,RandomForest,59,212,SHAP-Targeted CE,True,"['amount', 'checking_balance', 'months_loan_duration']",500,0.04320573806762695,2.7884586180713744,3.0,0.001153677870953717,0.47205116010167614,4.835912966777208,100.0,2.7884586180713744
german_credit,RandomForest,60,213,Actionable CBFI (Proposed),True,['credit_history'],500,2.5229299068450928,0.5555748466837649,1.0,0.0,1.0041832940285458,4.578220202593857,99.99999999999997,0.555296989778822
german_credit,RandomForest,60,213,Untargeted Causal (Karimi 2021),True,['credit_history'],500,2.6825857162475586,0.5555748466837649,1.0,0.0,1.0041832940285458,4.578220202593857,99.99999999999997,0.555296989778822
german_credit,RandomForest,60,213,Wachter's CE,True,"['amount', 'checking_balance', 'credit_history', 'existing_credits', 'installment_rate', 'months_loan_duration', 'personal_status', 'property', 'purpose', 'savings_balance', 'telephone']",500,0.08220744132995605,12.364618012977145,11.0,,1.500948959268883,5.200066120626001,89.49418670943318,12.364618012977145
german_credit,RandomForest,60,213,SHAP-Targeted CE,True,"['amount', 'checking_balance', 'months_loan_duration']",500,0.04277658462524414,3.2607061503416848,3.0,0.01271108519870591,1.019896255423439,4.43497501187363,100.0,3.2607061503416848
german_credit,RandomForest,61,226,Actionable CBFI (Proposed),True,"['credit_history', 'savings_balance']",500,2.552786350250244,2.0113658837397157,2.0,0.0,1.3765005480287904,6.563955594444832,100.0,2.0103599492513213
german_credit,RandomForest,61,226,Untargeted Causal (Karimi 2021),True,"['credit_history', 'savings_balance']",500,2.7187392711639404,2.0113658837397157,2.0,0.0,1.3765005480287904,6.563955594444832,100.0,2.0103599492513213
german_credit,RandomForest,61,226,Wachter's CE,True,"['amount', 'checking_balance', 'credit_history', 'dependents', 'employment_length', 'existing_credits', 'installment_rate', 'job', 'months_loan_duration', 'other_debtors', 'property', 'purpose', 'savings_balance']",500,0.08163046836853027,15.864811957824601,13.0,,2.1396176767443684,6.0971751265288905,77.22084689412506,15.864811957824601
german_credit,RandomForest,61,226,SHAP-Targeted CE,True,"['amount', 'checking_balance', 'months_loan_duration', 'purpose']",500,0.041887760162353516,4.771393318147303,4.0,0.012195107333898192,1.4431563440138309,6.280751536477772,100.0,4.771393318147303
german_credit,RandomForest,62,227,Actionable CBFI (Proposed),True,['checking_balance'],500,2.834368944168091,1.0000000000000004,1.0,0.0,2.2746572277249677,4.651008747065064,100.0,1.0000000000000004
german_credit,RandomForest,62,227,Untargeted Causal (Karimi 2021),True,['checking_balance'],500,2.9425082206726074,1.0000000000000004,1.0,0.0,2.2746572277249677,4.651008747065064,100.0,1.0000000000000004
german_credit,RandomForest,62,227,Wachter's CE,True,"['amount', 'checking_balance', 'credit_history', 'dependents', 'employment_length', 'housing', 'job', 'months_loan_duration', 'other_debtors', 'personal_status', 'property', 'purpose', 'telephone']",500,0.08181309700012207,17.32569191872464,13.0,0.010019111211057261,3.96934330431046,7.04650341753592,82.28518361781917,17.32569191872464
german_credit,RandomForest,62,227,SHAP-Targeted CE,True,"['amount', 'checking_balance', 'months_loan_duration', 'purpose']",500,0.04152941703796387,3.424563401670464,4.0,0.010019111211057261,3.96934330431046,5.787632330600593,100.0,3.424563401670464
german_credit,RandomForest,63,228,Actionable CBFI (Proposed),True,['amount'],500,2.2266907691955566,0.1968109339407745,1.0,0.00021573523372107474,0.2680332934302076,3.05372253943445,100.0,0.1968109339407745
german_credit,RandomForest,63,228,Untargeted Causal (Karimi 2021),True,"['amount', 'installment_rate']",500,2.362851858139038,0.2200371048003752,2.0,0.0,0.2782203806114401,3.060350283823242,100.0,0.2200371048003752
german_credit,RandomForest,63,228,Wachter's CE,True,"['amount', 'checking_balance', 'credit_history', 'dependents', 'housing', 'installment_rate', 'job', 'months_loan_duration', 'other_debtors', 'personal_status', 'property', 'purpose', 'savings_balance']",500,0.08174419403076172,14.17847760968257,13.0,0.0,0.7357805332538659,3.7662001859842342,80.56241134832042,14.17847760968257
german_credit,RandomForest,63,228,SHAP-Targeted CE,True,"['amount', 'months_loan_duration', 'purpose']",500,0.042893409729003906,2.0772399392558842,3.0,0.0069728498089772365,0.2284446652315221,3.1869717598307754,100.0,2.0772399392558842
german_credit,RandomForest,64,230,Actionable CBFI (Proposed),True,['savings_balance'],500,2.413612127304077,0.9002161903721869,1.0,0.0,0.5030926575853606,2.8270859816725395,99.99999999999999,0.8997659696936782
german_credit,RandomForest,64,230,Untargeted Causal (Karimi 2021),True,['savings_balance'],500,2.555689811706543,0.9002161903721869,1.0,0.0,0.5030926575853606,2.8270859816725395,99.99999999999999,0.8997659696936782
german_credit,RandomForest,64,230,Wachter's CE,True,"['amount', 'checking_balance', 'credit_history', 'dependents', 'employment_length', 'foreign_worker', 'installment_rate', 'job', 'months_loan_duration', 'property', 'purpose', 'telephone']",500,0.08183765411376953,14.471965089892501,12.0,1.232595164407831e-32,0.1658914182475339,6.694581716414994,53.84688581534659,14.471965089892501
german_credit,RandomForest,64,230,SHAP-Targeted CE,True,"['amount', 'checking_balance', 'months_loan_duration', 'purpose']",500,0.04168224334716797,1.989996203492788,4.0,0.0015743282842354798,0.5183626053892,3.0524047836418946,100.0,1.989996203492788
german_credit,RandomForest,65,235,Actionable CBFI (Proposed),True,['checking_balance'],500,2.592301845550537,1.0000000000000004,1.0,0.0,0.46989185256498905,5.19682351703662,100.0,1.0000000000000004
german_credit,RandomForest,65,235,Untargeted Causal (Karimi 2021),True,['checking_balance'],500,2.706083059310913,1.0000000000000004,1.0,0.0,0.46989185256498905,5.19682351703662,100.0,1.0000000000000004
german_credit,RandomForest,65,235,Wachter's CE,True,"['amount', 'checking_balance', 'employment_length', 'foreign_worker', 'housing', 'installment_plan', 'installment_rate', 'job', 'months_loan_duration', 'other_debtors', 'property', 'purpose', 'savings_balance', 'telephone']",500,0.0828392505645752,17.80992616861863,14.0,0.0,0.1414767147477712,5.586834462578866,59.12857438276128,17.80992616861863
german_credit,RandomForest,65,235,SHAP-Targeted CE,True,"['amount', 'checking_balance', 'months_loan_duration', 'purpose']",500,0.043199777603149414,3.4332574031890655,4.0,0.011441185380612022,0.6225470870326143,5.481343921099224,100.0,3.4332574031890655
german_credit,RandomForest,66,236,Actionable CBFI (Proposed),True,['checking_balance'],500,2.8099515438079834,2.0,1.0,0.0,8.081591202377513,7.884853286742523,100.0,2.0
german_credit,RandomForest,66,236,Untargeted Causal (Karimi 2021),True,['checking_balance'],500,2.9647374153137207,2.0,1.0,0.0,8.081591202377513,7.884853286742523,100.0,2.0
german_credit,RandomForest,66,236,Wachter's CE,True,"['amount', 'checking_balance', 'credit_history', 'dependents', 'existing_credits', 'foreign_worker', 'installment_rate', 'job', 'months_loan_duration', 'property', 'purpose', 'savings_balance']",500,0.0995182991027832,18.15010042417644,12.0,,10.9146366372593,9.237324360151309,66.69092058442357,18.15010042417644
german_credit,RandomForest,66,236,SHAP-Targeted CE,True,"['amount', 'checking_balance', 'months_loan_duration', 'purpose']",500,0.044669389724731445,2.9479119210326483,4.0,0.002103669378326721,7.68219761364584,7.791639224423081,100.0,2.9479119210326483
german_credit,RandomForest,67,237,Actionable CBFI (Proposed),True,"['amount', 'installment_rate', 'months_loan_duration', 'purpose']",500,2.7022769451141357,2.08699615162015,4.0,0.0,0.412489982489171,6.401807485823046,100.0,2.08699615162015
german_credit,RandomForest,67,237,Untargeted Causal (Karimi 2021),True,"['amount', 'installment_rate', 'months_loan_duration', 'purpose']",500,2.7751660346984863,2.08699615162015,4.0,0.0,0.412489982489171,6.401807485823046,100.0,2.08699615162015
german_credit,RandomForest,67,237,Wachter's CE,True,"['amount', 'credit_history', 'dependents', 'employment_length', 'existing_credits', 'foreign_worker', 'housing', 'installment_plan', 'job', 'other_debtors', 'property', 'savings_balance']",500,0.08435535430908203,19.50876705840283,12.0,0.03797841091077751,3.14218316955292,7.660186176591362,59.2357639101216,19.50876705840283
german_credit,RandomForest,67,237,SHAP-Targeted CE,True,"['amount', 'checking_balance', 'purpose']",500,0.04221224784851074,4.168394077448747,3.0,0.02929408978707048,0.7825782256453958,6.276048787276601,100.0,4.168394077448747
german_credit,RandomForest,68,240,Actionable CBFI (Proposed),True,"['checking_balance', 'purpose']",500,2.655430793762207,1.5000000000000004,2.0,0.0,0.5893888118723208,4.22501641062577,100.0,1.5000000000000004
german_credit,RandomForest,68,240,Untargeted Causal (Karimi 2021),True,"['checking_balance', 'purpose']",500,2.7781786918640137,1.5000000000000004,2.0,0.0,0.5893888118723208,4.22501641062577,100.0,1.5000000000000004
german_credit,RandomForest,68,240,Wachter's CE,True,"['amount', 'checking_balance', 'credit_history', 'existing_credits', 'installment_plan', 'installment_rate', 'job', 'months_loan_duration', 'personal_status', 'property', 'purpose', 'telephone']",500,0.0825493335723877,14.164304038449872,12.0,,1.4120898705475875,4.573405558249384,92.53703023629564,14.164304038449872
german_credit,RandomForest,68,240,SHAP-Targeted CE,True,"['amount', 'checking_balance', 'months_loan_duration', 'purpose']",500,0.04613494873046875,2.8559225512528466,4.0,0.0020448283978974358,0.6138967487768715,4.5407415044222414,100.0,2.8559225512528466
german_credit,RandomForest,69,242,Actionable CBFI (Proposed),True,"['amount', 'credit_history', 'installment_rate', 'savings_balance']",500,2.943850040435791,1.5729404215561515,4.0,0.0,0.7195002542375768,5.00418057247225,100.0,1.5722123439726998
german_credit,RandomForest,69,242,Untargeted Causal (Karimi 2021),True,"['amount', 'credit_history', 'installment_rate', 'savings_balance']",500,2.9806149005889893,1.5729404215561515,4.0,0.0,0.7195002542375768,5.00418057247225,100.0,1.5722123439726998
german_credit,RandomForest,69,242,Wachter's CE,True,"['amount', 'checking_balance', 'credit_history', 'existing_credits', 'installment_plan', 'installment_rate', 'job', 'months_loan_duration', 'personal_status', 'property', 'purpose', 'savings_balance', 'telephone']",500,0.11774945259094238,16.79696857645239,13.0,,0.5162728792948417,6.2325962602515395,84.29721366972622,16.79696857645239
german_credit,RandomForest,69,242,SHAP-Targeted CE,True,"['amount', 'checking_balance', 'months_loan_duration', 'purpose']",500,0.03676033020019531,3.4634206529992424,4.0,0.00016429951685497472,0.9542905569068011,5.482991954024961,100.0,3.4634206529992424
german_credit,RandomForest,70,249,Actionable CBFI (Proposed),True,"['amount', 'installment_rate', 'months_loan_duration', 'savings_balance']",500,2.4985835552215576,1.5866365152725046,4.0,0.0,0.270654919766736,6.040406264212842,100.0,1.586186294593996
german_credit,RandomForest,70,249,Untargeted Causal (Karimi 2021),True,"['amount', 'installment_rate', 'months_loan_duration', 'savings_balance']",500,2.621269702911377,1.5866365152725046,4.0,0.0,0.270654919766736,6.040406264212842,100.0,1.586186294593996
german_credit,RandomForest,70,249,Wachter's CE,True,"['amount', 'checking_balance', 'credit_history', 'employment_length', 'installment_rate', 'job', 'months_loan_duration', 'other_debtors', 'personal_status', 'property', 'purpose']",500,0.08130860328674316,11.879278305819108,11.0,0.0,0.5569573475829989,5.706204387123201,91.10149875762355,11.879278305819108
german_credit,RandomForest,70,249,SHAP-Targeted CE,True,"['amount', 'months_loan_duration', 'purpose']",500,0.037598609924316406,2.625075930144267,3.0,0.0001548516212724002,0.12066619091076863,6.0146740533065435,100.0,2.625075930144267
german_credit,RandomForest,71,252,Actionable CBFI (Proposed),True,"['purpose', 'savings_balance']",500,2.6555025577545166,1.4002161903721868,2.0,0.0,0.5362734105796073,4.6993664047825545,100.0,1.3997659696936782
german_credit,RandomForest,71,252,Untargeted Causal (Karimi 2021),True,"['purpose', 'savings_balance']",500,2.7882888317108154,1.4002161903721868,2.0,0.0,0.5362734105796073,4.6993664047825545,100.0,1.3997659696936782
german_credit,RandomForest,71,252,Wachter's CE,True,"['amount', 'checking_balance', 'credit_history', 'employment_length', 'housing', 'installment_plan', 'job', 'months_loan_duration', 'other_debtors', 'personal_status', 'purpose']",500,0.08262968063354492,16.200311502405494,11.0,0.016692476717530078,0.5725805753176182,5.724591398353463,81.8502034502289,16.200311502405494
german_credit,RandomForest,71,252,SHAP-Targeted CE,True,"['amount', 'checking_balance', 'months_loan_duration', 'purpose']",500,0.04056811332702637,4.481207289293849,4.0,0.016692476717530078,0.5725805753176182,4.571452623504875,100.0,4.481207289293849
german_credit,RandomForest,72,257,Actionable CBFI (Proposed),True,"['credit_history', 'savings_balance']",500,2.547437906265259,1.4557910370559513,2.0,0.0,0.35073186964733627,4.548507337434537,100.0,1.4550629594724995
german_credit,RandomForest,72,257,Untargeted Causal (Karimi 2021),True,"['credit_history', 'savings_balance']",500,2.6816861629486084,1.4557910370559513,2.0,0.0,0.35073186964733627,4.548507337434537,100.0,1.4550629594724995
german_credit,RandomForest,72,257,Wachter's CE,True,"['amount', 'checking_balance', 'dependents', 'employment_length', 'housing', 'installment_rate', 'job', 'months_loan_duration', 'other_debtors', 'personal_status', 'property', 'purpose', 'savings_balance']",500,0.08216667175292969,17.645928301191667,13.0,0.0,0.7737020965849396,3.9614351368011658,90.09478378822077,17.645928301191667
german_credit,RandomForest,72,257,SHAP-Targeted CE,True,"['amount', 'checking_balance', 'months_loan_duration', 'purpose']",500,0.03898811340332031,3.4386294608959753,4.0,0.01667491031336111,0.26636622856259584,4.602043616720825,100.0,3.4386294608959753
german_credit,RandomForest,73,265,Actionable CBFI (Proposed),True,"['amount', 'installment_rate', 'months_loan_duration']",500,2.4068920612335205,0.9486094342958207,3.0,0.0,0.43410100799818646,3.894184191438158,100.0,0.9486094342958207
german_credit,RandomForest,73,265,Untargeted Causal (Karimi 2021),True,"['amount', 'installment_rate', 'months_loan_duration']",500,2.6308507919311523,0.9486094342958207,3.0,0.0,0.43410100799818646,3.894184191438158,100.0,0.9486094342958207
german_credit,RandomForest,73,265,Wachter's CE,True,"['amount', 'checking_balance', 'foreign_worker', 'housing', 'installment_plan', 'installment_rate', 'job', 'months_loan_duration', 'other_debtors', 'property', 'purpose', 'savings_balance', 'telephone']",500,0.08234906196594238,14.851091177241653,13.0,0.0,0.18662421127150033,5.441833327719259,60.651047315491645,14.851091177241653
german_credit,RandomForest,73,265,SHAP-Targeted CE,True,"['amount', 'checking_balance', 'months_loan_duration', 'purpose']",500,0.04283595085144043,3.2112946089597565,4.0,0.0014089375140549215,0.3174472293616681,3.879403676459737,96.10748887220623,3.2112946089597565
german_credit,RandomForest,74,268,Actionable CBFI (Proposed),True,['savings_balance'],500,2.8651504516601562,0.9002161903721869,1.0,0.0,2.566436650229161,7.254875570749873,100.0,0.8997659696936782
german_credit,RandomForest,74,268,Untargeted Causal (Karimi 2021),True,['savings_balance'],500,2.957519292831421,0.9002161903721869,1.0,0.0,2.566436650229161,7.254875570749873,100.0,0.8997659696936782
german_credit,RandomForest,74,268,Wachter's CE,True,"['amount', 'checking_balance', 'employment_length', 'housing', 'months_loan_duration', 'personal_status', 'property', 'purpose', 'savings_balance']",500,0.081634521484375,18.207951396566123,9.0,0.3522435524399941,2.0441040756494715,7.681963259084165,94.82850703665035,18.207951396566123
german_credit,RandomForest,74,268,SHAP-Targeted CE,True,"['amount', 'checking_balance', 'months_loan_duration', 'purpose']",500,0.043305158615112305,2.4937737281700842,4.0,0.0005959399146349007,2.185940291665702,7.195543367584877,100.0,2.4937737281700842
german_credit,RandomForest,75,273,Actionable CBFI (Proposed),True,['savings_balance'],500,2.967348337173462,0.900216190372187,1.0,0.0,1.4124720763786807,4.563950587022118,100.0,0.8997659696936783
german_credit,RandomForest,75,273,Untargeted Causal (Karimi 2021),True,['savings_balance'],500,2.970125436782837,0.900216190372187,1.0,0.0,1.4124720763786807,4.563950587022118,100.0,0.8997659696936783
german_credit,RandomForest,75,273,Wachter's CE,True,"['amount', 'checking_balance', 'employment_length', 'existing_credits', 'foreign_worker', 'housing', 'job', 'months_loan_duration', 'personal_status', 'property', 'purpose', 'savings_balance', 'telephone']",500,0.08121538162231445,17.880187210860868,13.0,0.07302241850930145,1.5429629475499391,6.65975015644711,69.54801275580012,17.880187210860868
german_credit,RandomForest,75,273,SHAP-Targeted CE,True,"['amount', 'checking_balance', 'months_loan_duration', 'purpose']",500,0.042748451232910156,4.371165527714503,4.0,0.01389508696503737,1.2971155290832412,4.53739841496251,100.0,4.371165527714503
german_credit,RandomForest,76,274,Actionable CBFI (Proposed),True,"['property', 'savings_balance']",500,2.835132360458374,1.9002161903721868,2.0,0.0,2.7667315211700423,6.0003208082159505,100.0,1.899765969693678
german_credit,RandomForest,76,274,Untargeted Causal (Karimi 2021),True,"['property', 'savings_balance']",500,2.9560458660125732,1.9002161903721868,2.0,0.0,2.7667315211700423,6.0003208082159505,100.0,1.899765969693678
german_credit,RandomForest,76,274,Wachter's CE,True,"['amount', 'checking_balance', 'credit_history', 'dependents', 'foreign_worker', 'housing', 'installment_rate', 'months_loan_duration', 'property', 'purpose', 'savings_balance', 'telephone']",500,0.08384108543395996,18.06682215324453,12.0,0.0,0.712362448726989,6.599621415735894,92.66932047954256,18.06682215324453
german_credit,RandomForest,76,274,SHAP-Targeted CE,True,"['amount', 'checking_balance', 'months_loan_duration', 'purpose']",500,0.04108738899230957,4.88293470007593,4.0,0.03274185842968692,1.168871032916839,5.425282840690828,100.0,4.88293470007593
german_credit,RandomForest,77,278,Actionable CBFI (Proposed),True,['employment_length'],500,2.271751880645752,1.0,1.0,0.0,1.5830593506835584,3.9908386972115255,100.0,1.0
german_credit,RandomForest,77,278,Untargeted Causal (Karimi 2021),True,['employment_length'],500,2.5274996757507324,1.0,1.0,0.0,1.5830593506835584,3.9908386972115255,100.0,1.0
german_credit,RandomForest,77,278,Wachter's CE,True,"['amount', 'checking_balance', 'credit_history', 'dependents', 'existing_credits', 'foreign_worker', 'housing', 'job', 'months_loan_duration', 'other_debtors', 'personal_status', 'purpose', 'savings_balance', 'telephone']",500,0.08490324020385742,14.838704095885769,14.0,0.0003080131870765903,1.106391825087637,4.903081265184847,60.56944128487376,14.838704095885769
german_credit,RandomForest,77,278,SHAP-Targeted CE,True,"['amount', 'checking_balance', 'months_loan_duration', 'purpose']",500,0.043978214263916016,1.4996203492786644,4.0,0.00015400659353829516,1.7175947573774486,4.2295512086116105,100.0,1.4996203492786644
german_credit,RandomForest,78,289,Actionable CBFI (Proposed),True,"['amount', 'credit_history', 'installment_rate']",500,2.720080852508545,0.7980231380841782,3.0,0.0,0.6958409248266002,4.84527787524776,99.99999999999999,0.7977452811792354
german_credit,RandomForest,78,289,Untargeted Causal (Karimi 2021),True,"['amount', 'credit_history', 'installment_rate']",500,2.782670736312866,0.7980231380841782,3.0,0.0,0.6958409248266002,4.84527787524776,99.99999999999999,0.7977452811792354
german_credit,RandomForest,78,289,Wachter's CE,True,"['amount', 'checking_balance', 'credit_history', 'employment_length', 'existing_credits', 'foreign_worker', 'housing', 'job', 'months_loan_duration', 'personal_status', 'property', 'purpose', 'savings_balance', 'telephone']",500,0.08154916763305664,15.971412294957588,14.0,0.005540200654864823,0.6304013336638637,5.177818034136804,71.7828938269257,15.971412294957588
german_credit,RandomForest,78,289,SHAP-Targeted CE,True,"['amount', 'checking_balance', 'months_loan_duration', 'purpose']",500,0.04125475883483887,2.3302391799544413,4.0,0.0027701003274324116,0.8003180787778449,4.818805284064774,100.0,2.3302391799544413
german_credit,RandomForest,79,291,Actionable CBFI (Proposed),True,['savings_balance'],500,2.630265712738037,0.9002161903721868,1.0,0.0,1.269225583550577,4.29932472283662,100.0,0.8997659696936781
german_credit,RandomForest,79,291,Untargeted Causal (Karimi 2021),True,['savings_balance'],500,2.7897675037384033,0.9002161903721868,1.0,0.0,1.269225583550577,4.29932472283662,100.0,0.8997659696936781
german_credit,RandomForest,79,291,Wachter's CE,True,"['amount', 'dependents', 'employment_length', 'foreign_worker', 'housing', 'installment_rate', 'months_loan_duration', 'other_debtors', 'personal_status', 'property', 'purpose']",500,0.08595824241638184,17.447288296758142,11.0,0.0,0.7023563398408467,7.147604052901228,48.838205492402274,17.447288296758142
german_credit,RandomForest,79,291,SHAP-Targeted CE,True,"['amount', 'checking_balance', 'months_loan_duration', 'purpose']",500,0.041249990463256836,3.513914198936978,4.0,1.720573569693312e-05,1.158864924030697,4.370252184155723,100.0,3.513914198936978
german_credit,RandomForest,80,295,Actionable CBFI (Proposed),True,['savings_balance'],500,2.8729610443115234,0.9002161903721869,1.0,0.0,0.8772285398162855,4.04283637589147,100.0,0.8997659696936782
german_credit,RandomForest,80,295,Untargeted Causal (Karimi 2021),True,['savings_balance'],500,2.979243278503418,0.9002161903721869,1.0,0.0,0.8772285398162855,4.04283637589147,100.0,0.8997659696936782
german_credit,RandomForest,80,295,Wachter's CE,True,"['amount', 'employment_length', 'existing_credits', 'housing', 'installment_plan', 'installment_rate', 'job', 'months_loan_duration', 'other_debtors', 'personal_status', 'property', 'purpose', 'savings_balance']",500,0.0811915397644043,17.055741974849653,13.0,,1.6368070634003942,5.726990082467451,61.15462185898587,17.055741974849653
german_credit,RandomForest,80,295,SHAP-Targeted CE,True,"['amount', 'checking_balance', 'months_loan_duration', 'purpose']",500,0.03892159461975098,3.984320425208807,4.0,0.0017946909406920122,1.156561830572362,3.4704659569466534,100.0,3.984320425208807
german_credit,RandomForest,81,301,Actionable CBFI (Proposed),True,['savings_balance'],500,2.645747423171997,0.900216190372187,1.0,0.0,0.6462507372973753,3.9512404123685174,100.0,0.8997659696936783
german_credit,RandomForest,81,301,Untargeted Causal (Karimi 2021),True,['savings_balance'],500,2.7278800010681152,0.900216190372187,1.0,0.0,0.6462507372973753,3.9512404123685174,100.0,0.8997659696936783
german_credit,RandomForest,81,301,Wachter's CE,True,"['amount', 'checking_balance', 'credit_history', 'dependents', 'employment_length', 'housing', 'installment_plan', 'job', 'months_loan_duration', 'other_debtors', 'personal_status', 'property', 'purpose', 'savings_balance']",500,0.08232975006103516,17.634875146360653,14.0,0.0045273615102548685,0.6303835330710434,6.727084837073136,47.451795758419216,17.634875146360653
german_credit,RandomForest,81,301,SHAP-Targeted CE,True,"['amount', 'checking_balance', 'months_loan_duration', 'purpose']",500,0.04603457450866699,2.859927866362947,4.0,0.0045273615102548685,0.6303835330710434,3.652807664932283,100.0,2.859927866362947
german_credit,RandomForest,82,302,Actionable CBFI (Proposed),True,['checking_balance'],500,2.469857692718506,1.0000000000000002,1.0,0.0,0.7710380285036834,4.7925423398230995,100.0,1.0000000000000002
german_credit,RandomForest,82,302,Untargeted Causal (Karimi 2021),True,['checking_balance'],500,2.65236234664917,1.0000000000000002,1.0,0.0,0.7710380285036834,4.7925423398230995,100.0,1.0000000000000002
german_credit,RandomForest,82,302,Wachter's CE,True,"['amount', 'checking_balance', 'credit_history', 'existing_credits', 'foreign_worker', 'housing', 'installment_plan', 'installment_rate', 'months_loan_duration', 'personal_status', 'property', 'purpose', 'savings_balance', 'telephone']",500,0.09884762763977051,19.114404863608204,14.0,,1.1898048436599393,5.574238131059315,74.83848391628563,19.114404863608204
german_credit,RandomForest,82,302,SHAP-Targeted CE,True,"['amount', 'checking_balance', 'months_loan_duration', 'purpose']",500,0.04648232460021973,3.121810933940774,4.0,0.005534115530388317,0.8758042436052978,4.7402620441518915,100.0,3.121810933940774
german_credit,RandomForest,83,304,Actionable CBFI (Proposed),True,"['purpose', 'savings_balance']",500,2.53788423538208,1.4002161903721868,2.0,0.0,0.5669363834605133,5.278837037531188,100.0,1.3997659696936782
german_credit,RandomForest,83,304,Untargeted Causal (Karimi 2021),True,"['purpose', 'savings_balance']",500,2.6576685905456543,1.4002161903721868,2.0,0.0,0.5669363834605133,5.278837037531188,100.0,1.3997659696936782
german_credit,RandomForest,83,304,Wachter's CE,True,"['amount', 'credit_history', 'employment_length', 'foreign_worker', 'installment_plan', 'installment_rate', 'job', 'months_loan_duration', 'other_debtors', 'personal_status', 'property', 'purpose', 'telephone']",500,0.08369851112365723,19.89348258384245,13.0,0.0,1.4825933707749648,6.405820557013773,69.75696545330301,19.89348258384245
german_credit,RandomForest,83,304,SHAP-Targeted CE,True,"['amount', 'months_loan_duration', 'purpose']",500,0.04257988929748535,3.0114844343204235,3.0,0.002885810171581852,0.7582271537053624,5.201404653970093,100.0,3.0114844343204235
german_credit,RandomForest,84,307,Actionable CBFI (Proposed),True,['checking_balance'],500,2.7839887142181396,1.0000000000000004,1.0,0.0,0.35842027725283393,4.513448891106892,100.0,1.0000000000000004
german_credit,RandomForest,84,307,Untargeted Causal (Karimi 2021),True,['checking_balance'],500,2.713097333908081,1.0000000000000004,1.0,0.0,0.35842027725283393,4.513448891106892,100.0,1.0000000000000004
german_credit,RandomForest,84,307,Wachter's CE,True,"['amount', 'checking_balance', 'employment_length', 'existing_credits', 'foreign_worker', 'housing', 'job', 'months_loan_duration', 'personal_status', 'property', 'purpose', 'telephone']",500,0.08217906951904297,18.119765865534468,12.0,0.002104167609453126,1.5440029982019956,6.480287789452236,65.7065706662677,18.119765865534468
german_credit,RandomForest,84,307,SHAP-Targeted CE,True,"['amount', 'checking_balance', 'months_loan_duration', 'purpose']",500,0.04002070426940918,2.1429574791192096,4.0,0.001052083804726563,0.2908744527917526,4.651848441255071,100.0,2.1429574791192096
german_credit,RandomForest,85,308,Actionable CBFI (Proposed),True,"['amount', 'savings_balance']",500,2.272871971130371,0.9229952336523691,2.0,2.8899717308743066e-06,0.1118317650687503,3.2466893406288513,100.0,0.9225450129738604
german_credit,RandomForest,85,308,Untargeted Causal (Karimi 2021),True,"['amount', 'installment_rate', 'savings_balance']",500,2.4347212314605713,0.9256834478722303,3.0,0.0,0.11210468042611064,3.2465958585488726,100.0,0.9252332271937216
german_credit,RandomForest,85,308,Wachter's CE,True,"['amount', 'checking_balance', 'credit_history', 'dependents', 'employment_length', 'housing', 'installment_rate', 'job', 'months_loan_duration', 'other_debtors', 'personal_status', 'property', 'purpose', 'savings_balance']",500,0.0807497501373291,12.33007452054919,14.0,0.0,0.7459700930276855,3.936470315485555,78.18755862691795,12.33007452054919
german_credit,RandomForest,85,308,SHAP-Targeted CE,True,"['amount', 'months_loan_duration', 'purpose']",500,0.040651798248291016,1.815983295368261,3.0,0.0045045133937505685,0.13085575068458832,3.241794283730729,100.0,1.815983295368261
german_credit,RandomForest,86,313,Actionable CBFI (Proposed),True,"['amount', 'installment_rate', 'purpose']",500,2.640407085418701,0.9431302805007553,3.0,0.0,0.6232555784546254,4.147625456283527,95.04045958520709,0.9431302805007553
german_credit,RandomForest,86,313,Untargeted Causal (Karimi 2021),True,"['amount', 'purpose']",500,2.647881031036377,0.8963553530751707,2.0,0.0008749678412395028,0.6550427673015672,4.157899483593394,100.0,0.8963553530751707
german_credit,RandomForest,86,313,Wachter's CE,True,"['amount', 'checking_balance', 'credit_history', 'dependents', 'employment_length', 'foreign_worker', 'installment_rate', 'job', 'months_loan_duration', 'personal_status', 'property', 'purpose', 'telephone']",500,0.08078527450561523,15.999539034791432,13.0,0.0,1.0879216089892176,5.2722922090697395,82.65769194078729,15.999539034791432
german_credit,RandomForest,86,313,SHAP-Targeted CE,True,"['amount', 'months_loan_duration', 'purpose']",500,0.043395280838012695,2.229688686408504,3.0,0.0008749678412395028,0.5615833397617852,4.2448488453856115,100.0,2.229688686408504
german_credit,RandomForest,87,315,Actionable CBFI (Proposed),True,['checking_balance'],500,2.5713746547698975,1.0000000000000002,1.0,0.0,0.6823021414283273,3.7076348733702553,100.0,1.0000000000000002
german_credit,RandomForest,87,315,Untargeted Causal (Karimi 2021),True,['checking_balance'],500,2.7525434494018555,1.0000000000000002,1.0,0.0,0.6823021414283273,3.7076348733702553,100.0,1.0000000000000002
german_credit,RandomForest,87,315,Wachter's CE,True,"['amount', 'checking_balance', 'credit_history', 'existing_credits', 'installment_plan', 'installment_rate', 'job', 'months_loan_duration', 'personal_status', 'property', 'purpose', 'savings_balance', 'telephone']",500,0.08328843116760254,16.808571924973908,13.0,,1.4123768562871133,4.506424932091675,84.9559642969674,16.808571924973908
german_credit,RandomForest,87,315,SHAP-Targeted CE,True,"['amount', 'checking_balance', 'months_loan_duration', 'purpose']",500,0.0433957576751709,2.948936977980259,4.0,0.019384803281729913,0.5498206959540971,3.6320875557133685,100.0,2.948936977980259
german_credit,RandomForest,88,320,Actionable CBFI (Proposed),True,['savings_balance'],500,2.8705098628997803,0.9002161903721869,1.0,0.0,0.7686740876642268,4.1615018752377395,100.0,0.8997659696936782
german_credit,RandomForest,88,320,Untargeted Causal (Karimi 2021),True,['savings_balance'],500,2.9088451862335205,0.9002161903721869,1.0,0.0,0.7686740876642268,4.1615018752377395,100.0,0.8997659696936782
german_credit,RandomForest,88,320,Wachter's CE,True,"['amount', 'checking_balance', 'credit_history', 'employment_length', 'existing_credits', 'installment_rate', 'months_loan_duration', 'personal_status', 'property', 'purpose', 'savings_balance', 'telephone']",500,0.08297991752624512,15.706146794770849,12.0,,1.4121399294597712,4.590600861413998,93.512363033919,15.706146794770849
german_credit,RandomForest,88,320,SHAP-Targeted CE,True,"['amount', 'checking_balance', 'months_loan_duration', 'purpose']",500,0.04223370552062988,4.121127562642369,4.0,0.0013709112660200797,0.9010551287664,3.850392128461683,100.0,4.121127562642369
german_credit,RandomForest,89,321,Actionable CBFI (Proposed),True,['checking_balance'],500,2.724210023880005,1.0000000000000002,1.0,0.0,0.4739531599647953,3.5728080513703224,100.0,1.0000000000000002
german_credit,RandomForest,89,321,Untargeted Causal (Karimi 2021),True,['checking_balance'],500,2.85764479637146,1.0000000000000002,1.0,0.0,0.4739531599647953,3.5728080513703224,100.0,1.0000000000000002
german_credit,RandomForest,89,321,Wachter's CE,True,"['amount', 'checking_balance', 'credit_history', 'dependents', 'existing_credits', 'foreign_worker', 'housing', 'installment_rate', 'job', 'months_loan_duration', 'other_debtors', 'personal_status', 'purpose', 'savings_balance', 'telephone']",500,0.08173465728759766,19.005312626025727,15.0,,1.106391825087637,4.633479911036951,67.95771315809687,19.005312626025727
german_credit,RandomForest,89,321,SHAP-Targeted CE,True,"['amount', 'checking_balance', 'months_loan_duration', 'purpose']",500,0.040621280670166016,3.538041002277904,4.0,0.013175237778458177,0.6402348671079924,3.8134198892506688,100.0,3.538041002277904
german_credit,RandomForest,90,331,Actionable CBFI (Proposed),True,"['amount', 'credit_history', 'installment_rate']",500,2.121417999267578,0.5991747915238389,3.0,0.0,0.6434657050496393,3.4284455015818187,100.0,0.598896934618896
german_credit,RandomForest,90,331,Untargeted Causal (Karimi 2021),True,"['amount', 'credit_history', 'installment_rate']",500,2.239417791366577,0.5991747915238389,3.0,0.0,0.6434657050496393,3.4284455015818187,100.0,0.598896934618896
german_credit,RandomForest,90,331,Wachter's CE,True,"['amount', 'credit_history', 'employment_length', 'existing_credits', 'installment_rate', 'job', 'months_loan_duration', 'personal_status', 'property', 'purpose', 'savings_balance', 'telephone']",500,0.0824427604675293,16.64053617421451,12.0,,1.4121688461567015,4.5584611797336585,100.0,16.64053617421451
german_credit,RandomForest,90,331,SHAP-Targeted CE,True,"['amount', 'months_loan_duration', 'purpose']",500,0.04170632362365723,2.8456150341685653,3.0,0.012045383678465083,0.9169954110710391,3.709320669204756,100.0,2.8456150341685653
german_credit,RandomForest,91,332,Actionable CBFI (Proposed),True,['checking_balance'],500,3.024942636489868,2.0,1.0,0.0,0.7631548303870886,5.158386497468876,100.0,2.0
german_credit,RandomForest,91,332,Untargeted Causal (Karimi 2021),True,['checking_balance'],500,3.032879114151001,2.0,1.0,0.0,0.7631548303870886,5.158386497468876,100.0,2.0
german_credit,RandomForest,91,332,Wachter's CE,True,"['amount', 'checking_balance', 'credit_history', 'dependents', 'existing_credits', 'installment_plan', 'installment_rate', 'months_loan_duration', 'personal_status', 'property', 'purpose', 'savings_balance', 'telephone']",500,0.08415412902832031,20.69204768224156,13.0,,1.7048789726306246,6.740743047545151,83.60587366163755,20.69204768224156
german_credit,RandomForest,91,332,SHAP-Targeted CE,True,"['amount', 'checking_balance', 'months_loan_duration', 'purpose']",500,0.04282999038696289,5.465964312832194,4.0,0.017205925279078903,0.9193512722610387,5.079437169672896,100.0,5.465964312832194
german_credit,RandomForest,92,333,Actionable CBFI (Proposed),True,"['credit_history', 'savings_balance']",500,2.784980297088623,3.256223417800325,2.0,0.0,1.2876791541482249,5.851485356769432,100.0,3.254594898859856
german_credit,RandomForest,92,333,Untargeted Causal (Karimi 2021),True,"['credit_history', 'savings_balance']",500,2.918895721435547,3.256223417800325,2.0,0.0,1.2876791541482249,5.851485356769432,100.0,3.254594898859856
german_credit,RandomForest,92,333,Wachter's CE,True,"['amount', 'checking_balance', 'credit_history', 'employment_length', 'existing_credits', 'foreign_worker', 'installment_plan', 'installment_rate', 'job', 'months_loan_duration', 'other_debtors', 'personal_status', 'property', 'purpose']",500,0.0805807113647461,20.4722969981269,14.0,,1.5313778625691834,6.6471659956136495,74.8639594449229,20.4722969981269
german_credit,RandomForest,92,333,SHAP-Targeted CE,True,"['amount', 'months_loan_duration', 'purpose']",500,0.038341522216796875,7.552847380410022,3.0,0.02347123602506181,2.0710259040488532,6.031384634275681,100.0,7.552847380410022
german_credit,RandomForest,93,334,Actionable CBFI (Proposed),True,"['credit_history', 'savings_balance']",500,2.6942176818847656,1.4557910370559513,2.0,0.0,0.4871202038986286,5.3154578900221106,100.0,1.4550629594724995
german_credit,RandomForest,93,334,Untargeted Causal (Karimi 2021),True,"['credit_history', 'savings_balance']",500,2.802762746810913,1.4557910370559513,2.0,0.0,0.4871202038986286,5.3154578900221106,100.0,1.4550629594724995
german_credit,RandomForest,93,334,Wachter's CE,True,"['amount', 'checking_balance', 'dependents', 'employment_length', 'existing_credits', 'foreign_worker', 'installment_rate', 'job', 'months_loan_duration', 'purpose', 'savings_balance', 'telephone']",500,0.08086967468261719,15.89421073118167,12.0,,0.17483308468618985,6.852718890500001,61.94024283369042,15.89421073118167
german_credit,RandomForest,93,334,SHAP-Targeted CE,True,"['amount', 'checking_balance', 'months_loan_duration', 'purpose']",500,0.03766131401062012,2.497779043280182,4.0,0.0021601833535183244,0.5920861457431046,5.407975201659068,100.0,2.497779043280182
german_credit,RandomForest,94,335,Actionable CBFI (Proposed),True,['savings_balance'],500,2.4354045391082764,0.9002161903721868,1.0,0.0,1.4553411376688976,5.081340816290925,100.0,0.8997659696936781
german_credit,RandomForest,94,335,Untargeted Causal (Karimi 2021),True,['savings_balance'],500,2.5178346633911133,0.9002161903721868,1.0,0.0,1.4553411376688976,5.081340816290925,100.0,0.8997659696936781
german_credit,RandomForest,94,335,Wachter's CE,True,"['amount', 'checking_balance', 'credit_history', 'dependents', 'employment_length', 'housing', 'installment_rate', 'months_loan_duration', 'other_debtors', 'personal_status', 'property', 'purpose', 'savings_balance', 'telephone']",500,0.08071398735046387,15.035529571977204,14.0,0.0,0.8762532854513143,3.9478080544310856,78.9734231701531,15.035529571977204
german_credit,RandomForest,94,335,SHAP-Targeted CE,True,"['amount', 'checking_balance', 'months_loan_duration', 'purpose']",500,0.043976783752441406,2.3676157934700077,4.0,0.009186365856805821,1.7426000946315108,5.089474222116783,100.0,2.3676157934700077
german_credit,RandomForest,95,337,Actionable CBFI (Proposed),True,['checking_balance'],500,2.564251184463501,1.0000000000000002,1.0,0.0,0.3149897475012933,3.3370263317660873,100.0,1.0000000000000002
german_credit,RandomForest,95,337,Untargeted Causal (Karimi 2021),True,['checking_balance'],500,2.6010243892669678,1.0000000000000002,1.0,0.0,0.3149897475012933,3.3370263317660873,100.0,1.0000000000000002
german_credit,RandomForest,95,337,Wachter's CE,True,"['amount', 'checking_balance', 'credit_history', 'dependents', 'employment_length', 'housing', 'installment_rate', 'job', 'months_loan_duration', 'other_debtors', 'personal_status', 'property', 'purpose', 'savings_balance']",500,0.08168792724609375,15.831797713746106,14.0,0.0,0.7459700930276855,3.724681828905889,71.90138478043673,15.831797713746106
german_credit,RandomForest,95,337,SHAP-Targeted CE,True,"['amount', 'checking_balance', 'months_loan_duration', 'purpose']",500,0.04353833198547363,3.1839407744874717,4.0,0.0048580424795997236,0.5725805753176182,3.3594963599908607,100.0,3.1839407744874717
german_credit,RandomForest,96,349,Actionable CBFI (Proposed),True,"['amount', 'credit_history']",500,2.5395944118499756,1.2578983090983433,2.0,0.002747242454383562,0.5965778141046493,4.5350221189871505,100.0,1.2576204521934002
german_credit,RandomForest,96,349,Untargeted Causal (Karimi 2021),True,"['amount', 'credit_history']",500,2.70061993598938,1.2578983090983433,2.0,0.002747242454383562,0.5965778141046493,4.5350221189871505,100.0,1.2576204521934002
german_credit,RandomForest,96,349,Wachter's CE,True,"['amount', 'checking_balance', 'credit_history', 'existing_credits', 'foreign_worker', 'installment_plan', 'installment_rate', 'job', 'months_loan_duration', 'other_debtors', 'property', 'purpose', 'telephone']",500,0.0834968090057373,17.576261451387563,13.0,,0.1537308268623496,5.544282441549411,60.99093913466255,17.576261451387563
german_credit,RandomForest,96,349,SHAP-Targeted CE,True,"['amount', 'checking_balance', 'months_loan_duration', 'purpose']",500,0.04757857322692871,3.3906226271829913,4.0,0.0036297859981590736,0.5284210471082532,4.513761435255795,100.0,3.3906226271829913
german_credit,RandomForest,97,351,Actionable CBFI (Proposed),True,['savings_balance'],500,2.345088005065918,0.9002161903721868,1.0,0.0,1.4517159661624632,6.137674060306335,100.0,0.8997659696936781
german_credit,RandomForest,97,351,Untargeted Causal (Karimi 2021),True,['savings_balance'],500,2.50154972076416,0.9002161903721868,1.0,0.0,1.4517159661624632,6.137674060306335,100.0,0.8997659696936781
german_credit,RandomForest,97,351,Wachter's CE,True,"['amount', 'employment_length', 'housing', 'job', 'months_loan_duration', 'personal_status', 'property', 'purpose', 'savings_balance', 'telephone']",500,0.08151030540466309,14.598598883162994,10.0,0.0023243742074362103,1.890214521001895,7.783222335089983,93.54990891400168,14.598598883162994
german_credit,RandomForest,97,351,SHAP-Targeted CE,True,"['amount', 'months_loan_duration', 'purpose']",500,0.04462242126464844,1.7293470007593017,3.0,0.0023243742074362103,1.542684000787619,6.081351922964303,100.0,1.7293470007593017
german_credit,RandomForest,98,353,Actionable CBFI (Proposed),True,['credit_history'],500,2.736417531967163,1.1111496933675291,1.0,0.0,1.667937554967893,4.488459537681361,100.0,1.1105939795576434
german_credit,RandomForest,98,353,Untargeted Causal (Karimi 2021),True,['credit_history'],500,2.8689651489257812,1.1111496933675291,1.0,0.0,1.667937554967893,4.488459537681361,100.0,1.1105939795576434
german_credit,RandomForest,98,353,Wachter's CE,True,"['amount', 'checking_balance', 'credit_history', 'employment_length', 'existing_credits', 'installment_rate', 'job', 'months_loan_duration', 'other_debtors', 'personal_status', 'property', 'purpose', 'savings_balance']",500,0.09819793701171875,16.338816163912412,13.0,,0.8923881469141736,5.63487370804698,66.02419601514168,16.338816163912412
german_credit,RandomForest,98,353,SHAP-Targeted CE,True,"['amount', 'checking_balance', 'months_loan_duration', 'purpose']",500,0.038045644760131836,3.405637813211845,4.0,0.009134300126102364,0.9010551287664,3.59063140504782,100.0,3.405637813211845
german_credit,RandomForest,99,355,Actionable CBFI (Proposed),True,"['purpose', 'savings_balance']",500,2.6457371711730957,1.4002161903721868,2.0,0.0,0.4889743145748587,4.728897454899029,99.99999999999999,1.3997659696936782
german_credit,RandomForest,99,355,Untargeted Causal (Karimi 2021),True,"['purpose', 'savings_balance']",500,2.742657423019409,1.4002161903721868,2.0,0.0,0.4889743145748587,4.728897454899029,99.99999999999999,1.3997659696936782
german_credit,RandomForest,99,355,Wachter's CE,True,"['amount', 'checking_balance', 'employment_length', 'existing_credits', 'foreign_worker', 'job', 'months_loan_duration', 'other_debtors', 'personal_status', 'property', 'purpose', 'savings_balance', 'telephone']",500,0.08152103424072266,18.41730389323061,13.0,0.11638268736782062,0.6007189499814537,4.962630571057582,81.7604712906844,18.41730389323061
german_credit,RandomForest,99,355,SHAP-Targeted CE,True,"['amount', 'checking_balance', 'months_loan_duration', 'purpose']",500,0.04326367378234863,2.6575170842824596,4.0,0.004587037114520033,0.5647044441896597,4.529969539231394,100.0,2.6575170842824596
german_credit,RandomForest,100,357,Actionable CBFI (Proposed),True,"['amount', 'credit_history']",500,2.342621088027954,0.7897434116040386,2.0,0.00030540758856403263,0.836248920433818,3.3917834823621504,100.0,0.7894655546990957
german_credit,RandomForest,100,357,Untargeted Causal (Karimi 2021),True,"['amount', 'credit_history']",500,2.4682271480560303,0.7897434116040386,2.0,0.00030540758856403263,0.836248920433818,3.3917834823621504,100.0,0.7894655546990957
german_credit,RandomForest,100,357,Wachter's CE,True,"['amount', 'credit_history', 'employment_length', 'existing_credits', 'installment_rate', 'months_loan_duration', 'personal_status', 'property', 'purpose', 'savings_balance', 'telephone']",500,0.08121728897094727,15.076633781188322,11.0,,1.4126271508480306,4.631640680417165,100.0,15.076633781188322
german_credit,RandomForest,100,357,SHAP-Targeted CE,True,"['amount', 'checking_balance', 'months_loan_duration', 'purpose']",500,0.03759002685546875,3.6761389521640098,4.0,0.0005050757354501403,0.9243945217372099,3.0906508715000602,100.0,3.6761389521640098
german_credit,SVM (RBF Kernel),1,1,Actionable CBFI (Proposed),True,"['checking_balance', 'savings_balance']",500,0.5301182270050049,2.8004323807443736,2.0,0.0,0.26667908234995236,4.075445062958367,100.0,2.7995319393873563
german_credit,SVM (RBF Kernel),1,1,Untargeted Causal (Karimi 2021),True,"['checking_balance', 'savings_balance']",500,0.5261175632476807,2.8004323807443736,2.0,0.0,0.26667908234995236,4.075445062958367,100.0,2.7995319393873563
german_credit,SVM (RBF Kernel),1,1,Wachter's CE,True,"['amount', 'credit_history', 'dependents', 'employment_length', 'existing_credits', 'foreign_worker', 'installment_rate', 'job', 'months_loan_duration', 'other_debtors', 'personal_status', 'property', 'purpose', 'telephone']",500,0.08675646781921387,18.182090988160688,14.0,,0.8582884260261047,5.539258779784943,82.86177590750657,18.182090988160688
german_credit,SVM (RBF Kernel),1,1,SHAP-Targeted CE,True,"['checking_balance', 'months_loan_duration', 'purpose']",500,0.05055379867553711,3.541666666666667,3.0,0.044215902861185236,0.4040077688000321,4.242961006958795,63.52941176470588,3.541666666666667
german_credit,SVM (RBF Kernel),2,4,Actionable CBFI (Proposed),True,"['checking_balance', 'credit_history']",500,0.5159242153167725,2.555574846683765,2.0,0.0,0.2537031581631449,4.35136941124467,100.0,2.5552969897788222
german_credit,SVM (RBF Kernel),2,4,Untargeted Causal (Karimi 2021),True,"['checking_balance', 'credit_history']",500,0.5278158187866211,2.555574846683765,2.0,0.0,0.2537031581631449,4.35136941124467,100.0,2.5552969897788222
german_credit,SVM (RBF Kernel),2,4,Wachter's CE,True,"['amount', 'checking_balance', 'dependents', 'employment_length', 'existing_credits', 'foreign_worker', 'installment_plan', 'installment_rate', 'job', 'months_loan_duration', 'personal_status', 'property', 'purpose', 'telephone']",500,0.08929610252380371,16.75020698947474,14.0,,0.1351252459880687,5.71842966411773,48.06238244874925,16.75020698947474
german_credit,SVM (RBF Kernel),2,4,SHAP-Targeted CE,True,"['checking_balance', 'credit_history', 'months_loan_duration', 'purpose']",500,0.04402494430541992,3.6805748466837644,4.0,0.008121288280625836,0.29351216431762095,4.327994452162298,83.01895692834147,3.6805748466837644
german_credit,SVM (RBF Kernel),3,7,Actionable CBFI (Proposed),True,['checking_balance'],500,0.5182898044586182,3.0,1.0,0.0,0.3464275889812772,3.8815335843371495,100.0,3.0
german_credit,SVM (RBF Kernel),3,7,Untargeted Causal (Karimi 2021),True,['checking_balance'],500,0.5169470310211182,3.0,1.0,0.0,0.3464275889812772,3.8815335843371495,100.0,3.0
german_credit,SVM (RBF Kernel),3,7,Wachter's CE,True,"['amount', 'checking_balance', 'credit_history', 'dependents', 'employment_length', 'foreign_worker', 'housing', 'installment_rate', 'months_loan_duration', 'property', 'purpose', 'telephone']",500,0.08745741844177246,21.24852607788207,12.0,0.0,0.2248386026477022,6.66725213237718,53.89005670120327,21.24852607788207
german_credit,SVM (RBF Kernel),3,7,SHAP-Targeted CE,True,"['checking_balance', 'credit_history', 'months_loan_duration', 'purpose']",500,0.06874418258666992,4.013908180017099,4.0,0.0036094614580559525,0.31296728416264075,3.8680160428126587,96.88582811579244,4.013908180017099
german_credit,SVM (RBF Kernel),4,9,Actionable CBFI (Proposed),True,['checking_balance'],500,0.5315284729003906,3.0,1.0,0.0,0.850028304151475,4.039340795883676,100.0,3.0
german_credit,SVM (RBF Kernel),4,9,Untargeted Causal (Karimi 2021),True,['checking_balance'],500,0.5254979133605957,3.0,1.0,0.0,0.850028304151475,4.039340795883676,100.0,3.0
german_credit,SVM (RBF Kernel),4,9,Wachter's CE,True,"['amount', 'checking_balance', 'credit_history', 'employment_length', 'existing_credits', 'installment_rate', 'months_loan_duration', 'personal_status', 'property', 'purpose', 'savings_balance', 'telephone']",500,0.08717727661132812,16.603641100010027,12.0,,1.4121399294597712,4.590600861413998,93.86304618808049,16.603641100010027
german_credit,SVM (RBF Kernel),4,9,SHAP-Targeted CE,True,"['checking_balance', 'months_loan_duration', 'purpose']",500,0.04722237586975098,4.208333333333334,3.0,0.05775138332889506,0.8421421279540048,3.88707874257892,100.0,4.208333333333334
german_credit,SVM (RBF Kernel),5,10,Actionable CBFI (Proposed),True,['checking_balance'],500,0.5438394546508789,3.0,1.0,0.0,0.12629653881229225,3.474494899361898,100.0,3.0
german_credit,SVM (RBF Kernel),5,10,Untargeted Causal (Karimi 2021),True,['checking_balance'],500,0.5330171585083008,3.0,1.0,0.0,0.12629653881229225,3.474494899361898,100.0,3.0
german_credit,SVM (RBF Kernel),5,10,Wachter's CE,True,"['amount', 'checking_balance', 'credit_history', 'dependents', 'employment_length', 'housing', 'installment_rate', 'job', 'months_loan_duration', 'other_debtors', 'personal_status', 'property', 'purpose', 'savings_balance']",500,0.08696556091308594,15.549588567625879,14.0,0.0,0.7512584246965416,3.979049942638987,85.16309471729696,15.549588567625879
german_credit,SVM (RBF Kernel),5,10,SHAP-Targeted CE,True,"['checking_balance', 'months_loan_duration', 'purpose']",500,0.0463714599609375,4.833333333333333,3.0,0.057751383328894935,0.13561831827453144,3.845222636855583,100.0,4.833333333333333
german_credit,SVM (RBF Kernel),6,11,Actionable CBFI (Proposed),True,"['checking_balance', 'employment_length']",500,0.5307259559631348,4.0,2.0,0.0,0.4240903755499235,4.560369206320194,100.0,4.0
german_credit,SVM (RBF Kernel),6,11,Untargeted Causal (Karimi 2021),True,"['checking_balance', 'employment_length']",500,0.5293607711791992,4.0,2.0,0.0,0.4240903755499235,4.560369206320194,100.0,4.0
german_credit,SVM (RBF Kernel),6,11,Wachter's CE,True,"['amount', 'checking_balance', 'credit_history', 'employment_length', 'existing_credits', 'housing', 'installment_rate', 'job', 'months_loan_duration', 'personal_status', 'property', 'purpose', 'savings_balance', 'telephone']",500,0.09044623374938965,21.899564703384616,14.0,,1.4136305103214797,4.697248897936526,88.3236139062003,21.899564703384616
german_credit,SVM (RBF Kernel),6,11,SHAP-Targeted CE,True,"['checking_balance', 'months_loan_duration', 'purpose']",500,0.0614168643951416,7.625,3.0,0.6578243507306941,0.1687434744636275,3.591202688891926,100.0,7.625
german_credit,SVM (RBF Kernel),7,12,Actionable CBFI (Proposed),True,"['checking_balance', 'personal_status']",500,0.5174977779388428,1.9810732226228787,2.0,0.0,1.3335734792289768,3.7096578025707165,100.0,1.980582563316059
german_credit,SVM (RBF Kernel),7,12,Untargeted Causal (Karimi 2021),True,"['checking_balance', 'personal_status']",500,0.5236716270446777,1.9810732226228787,2.0,0.0,1.3335734792289768,3.7096578025707165,100.0,1.980582563316059
german_credit,SVM (RBF Kernel),7,12,Wachter's CE,True,"['amount', 'checking_balance', 'credit_history', 'dependents', 'employment_length', 'housing', 'installment_rate', 'job', 'months_loan_duration', 'other_debtors', 'personal_status', 'property', 'purpose', 'savings_balance', 'telephone']",500,0.08656120300292969,15.83534012932326,15.0,0.0,0.7357805332538659,4.0198722462256615,79.84493607855367,15.83534012932326
german_credit,SVM (RBF Kernel),7,12,SHAP-Targeted CE,True,"['checking_balance', 'months_loan_duration', 'purpose']",500,0.04921865463256836,2.958333333333333,3.0,0.057751383328894935,1.3734834094036155,3.7413972813561256,95.77464788732394,2.958333333333333
german_credit,SVM (RBF Kernel),8,13,Actionable CBFI (Proposed),True,['purpose'],500,0.4582221508026123,0.5000000000000004,1.0,0.0,0.6914677786252921,3.8198906998829925,99.99999999999993,0.5000000000000004
german_credit,SVM (RBF Kernel),8,13,Untargeted Causal (Karimi 2021),True,['purpose'],500,0.46509552001953125,0.5000000000000004,1.0,0.0,0.6914677786252921,3.8198906998829925,99.99999999999993,0.5000000000000004
german_credit,SVM (RBF Kernel),8,13,Wachter's CE,True,"['amount', 'checking_balance', 'credit_history', 'existing_credits', 'installment_rate', 'job', 'months_loan_duration', 'personal_status', 'property', 'purpose', 'savings_balance', 'telephone']",500,0.08845210075378418,16.079409920097508,12.0,,1.4745391668334176,4.904091291443611,91.51279499871447,16.079409920097508
german_credit,SVM (RBF Kernel),8,13,SHAP-Targeted CE,True,"['checking_balance', 'months_loan_duration', 'purpose']",500,0.052252769470214844,1.3749999999999996,3.0,0.008121288280625824,0.5925224382435706,3.7822903768168867,100.0,1.3749999999999996
german_credit,SVM (RBF Kernel),9,14,Actionable CBFI (Proposed),True,['checking_balance'],500,0.5128128528594971,1.0000000000000002,1.0,4.108650548026103e-33,0.5209952803551764,3.1193648985147684,100.0,1.0000000000000002
german_credit,SVM (RBF Kernel),9,14,Untargeted Causal (Karimi 2021),True,['checking_balance'],500,0.5258710384368896,1.0000000000000004,1.0,0.0,0.5209952803551764,3.1193648985147684,100.0,1.0000000000000004
german_credit,SVM (RBF Kernel),9,14,Wachter's CE,True,"['amount', 'checking_balance', 'credit_history', 'dependents', 'employment_length', 'housing', 'installment_rate', 'job', 'months_loan_duration', 'other_debtors', 'personal_status', 'property', 'purpose', 'savings_balance']",500,0.08727836608886719,13.147994034596266,14.0,0.0,0.767897626830894,3.8520419346955217,64.85084382404328,13.147994034596266
german_credit,SVM (RBF Kernel),9,14,SHAP-Targeted CE,True,"['checking_balance', 'months_loan_duration', 'purpose']",500,0.048959970474243164,2.750000000000001,3.0,0.032485153122503434,0.617197664261196,3.434579381489948,81.81818181818183,2.750000000000001
german_credit,SVM (RBF Kernel),10,15,Actionable CBFI (Proposed),True,['checking_balance'],500,0.5288283824920654,2.0000000000000004,1.0,0.0,0.5535712669281444,3.8256915344444056,100.0,2.0000000000000004
german_credit,SVM (RBF Kernel),10,15,Untargeted Causal (Karimi 2021),True,['checking_balance'],500,0.5258617401123047,2.0000000000000004,1.0,0.0,0.5535712669281444,3.8256915344444056,100.0,2.0000000000000004
german_credit,SVM (RBF Kernel),10,15,Wachter's CE,True,"['amount', 'checking_balance', 'existing_credits', 'foreign_worker', 'housing', 'job', 'months_loan_duration', 'personal_status', 'property', 'purpose', 'telephone']",500,0.08706521987915039,16.125460626354513,11.0,0.009849245608648596,1.5435369190289896,6.47662333192621,61.76924453293379,16.125460626354513
german_credit,SVM (RBF Kernel),10,15,SHAP-Targeted CE,True,"['checking_balance', 'credit_history', 'months_loan_duration', 'purpose']",500,0.0454556941986084,3.305574846683764,4.0,0.008121288280625836,0.4747255767718499,3.8164309469209,100.0,3.305574846683764
german_credit,SVM (RBF Kernel),11,17,Actionable CBFI (Proposed),False,[],500,0.5482003688812256,,,,,,,
german_credit,SVM (RBF Kernel),11,17,Untargeted Causal (Karimi 2021),True,['foreign_worker'],500,0.5409812927246094,5.297683326341458,1.0,0.0,3.3515629792190356,7.524703521726958,0.0,5.295033822136559
german_credit,SVM (RBF Kernel),11,17,Wachter's CE,True,"['amount', 'checking_balance', 'credit_history', 'employment_length', 'existing_credits', 'foreign_worker', 'housing', 'installment_rate', 'job', 'months_loan_duration', 'personal_status', 'property', 'savings_balance', 'telephone']",500,0.08652019500732422,22.885656669036386,14.0,,4.405929068315416,8.41827583779818,67.80722654595952,22.885656669036386
german_credit,SVM (RBF Kernel),11,17,SHAP-Targeted CE,True,"['checking_balance', 'credit_history', 'months_loan_duration']",500,0.048087358474731445,5.138908180017098,3.0,0.6099989864114528,5.063207670255176,6.3850880639850605,89.18885437875413,5.138908180017098
german_credit,SVM (RBF Kernel),12,18,Actionable CBFI (Proposed),True,"['checking_balance', 'other_debtors']",500,0.5515985488891602,7.494166425668559,2.0,0.0,4.548736355950341,7.5297755663577055,100.0,7.491918780403861
german_credit,SVM (RBF Kernel),12,18,Untargeted Causal (Karimi 2021),True,"['checking_balance', 'other_debtors']",500,0.5343506336212158,7.494166425668559,2.0,0.0,4.548736355950341,7.5297755663577055,100.0,7.491918780403861
german_credit,SVM (RBF Kernel),12,18,Wachter's CE,True,"['amount', 'checking_balance', 'credit_history', 'dependents', 'existing_credits', 'foreign_worker', 'housing', 'job', 'months_loan_duration', 'other_debtors', 'personal_status', 'purpose', 'savings_balance', 'telephone']",500,0.08763241767883301,20.438536809788,14.0,0.09720074507374504,2.2912765761109735,7.461251688997404,70.82444865810812,20.438536809788
german_credit,SVM (RBF Kernel),12,18,SHAP-Targeted CE,True,"['checking_balance', 'credit_history', 'months_loan_duration', 'purpose']",500,0.045340538024902344,9.930632720068392,4.0,0.17686361144474105,3.213836428682347,5.935325018156475,100.0,9.930632720068392
german_credit,SVM (RBF Kernel),13,29,Actionable CBFI (Proposed),True,"['checking_balance', 'purpose']",500,0.4919166564941406,2.5000000000000004,2.0,0.0,0.4738231221009985,5.198464446056645,100.0,2.5000000000000004
german_credit,SVM (RBF Kernel),13,29,Untargeted Causal (Karimi 2021),True,"['checking_balance', 'purpose']",500,0.514176607131958,2.5000000000000004,2.0,0.0,0.4738231221009985,5.198464446056645,100.0,2.5000000000000004
german_credit,SVM (RBF Kernel),13,29,Wachter's CE,True,"['amount', 'checking_balance', 'employment_length', 'existing_credits', 'installment_plan', 'installment_rate', 'job', 'months_loan_duration', 'other_debtors', 'personal_status', 'property', 'purpose', 'savings_balance']",500,0.08878493309020996,15.984124910592481,13.0,,0.7370460662156706,6.26818082792587,84.66600379251645,15.984124910592481
german_credit,SVM (RBF Kernel),13,29,SHAP-Targeted CE,True,"['checking_balance', 'credit_history', 'months_loan_duration']",500,0.05081510543823242,3.388908180017098,3.0,0.022559134112849554,0.33720687898088614,4.899538653678205,100.0,3.388908180017098
german_credit,SVM (RBF Kernel),14,30,Actionable CBFI (Proposed),True,['checking_balance'],500,0.5454263687133789,3.0,1.0,0.0,0.20601164424153892,3.98994850678376,100.0,3.0
german_credit,SVM (RBF Kernel),14,30,Untargeted Causal (Karimi 2021),True,['installment_rate'],500,0.5327751636505127,2.0,1.0,0.0,1.399407890648501,4.533755912753094,7.135080060328626e-15,2.0
german_credit,SVM (RBF Kernel),14,30,Wachter's CE,True,"['amount', 'checking_balance', 'credit_history', 'dependents', 'employment_length', 'foreign_worker', 'installment_rate', 'job', 'months_loan_duration', 'personal_status', 'property', 'savings_balance', 'telephone']",500,0.08737993240356445,17.423464161233326,13.0,0.0,1.1844947095366614,5.030034742191335,75.19271631406745,17.423464161233326
german_credit,SVM (RBF Kernel),14,30,SHAP-Targeted CE,True,"['checking_balance', 'months_loan_duration']",500,0.04897284507751465,3.0833333333333335,2.0,0.17686361144474072,0.22828592069957246,4.110121880045046,100.0,3.0833333333333335
german_credit,SVM (RBF Kernel),15,31,Actionable CBFI (Proposed),True,['savings_balance'],500,0.4970088005065918,0.9002161903721869,1.0,0.0,0.33777362408330536,3.610304945451106,100.0,0.8997659696936782
german_credit,SVM (RBF Kernel),15,31,Untargeted Causal (Karimi 2021),True,['savings_balance'],500,0.5085601806640625,0.9002161903721869,1.0,0.0,0.33777362408330536,3.610304945451106,100.0,0.8997659696936782
german_credit,SVM (RBF Kernel),15,31,Wachter's CE,True,"['amount', 'checking_balance', 'credit_history', 'dependents', 'employment_length', 'housing', 'installment_plan', 'installment_rate', 'job', 'months_loan_duration', 'other_debtors', 'personal_status', 'property', 'purpose', 'savings_balance']",500,0.08828163146972656,19.86797338402788,15.0,1.232595164407831e-32,0.7622221915981457,3.6830760949714842,69.9730527797429,19.86797338402788
german_credit,SVM (RBF Kernel),15,31,SHAP-Targeted CE,True,"['checking_balance', 'months_loan_duration', 'purpose']",500,0.057486772537231445,1.2499999999999998,3.0,0.008121288280625836,0.36231136458061597,3.435867144936527,60.00000000000003,1.2499999999999998
german_credit,SVM (RBF Kernel),16,32,Actionable CBFI (Proposed),True,['checking_balance'],500,0.5589463710784912,2.0,1.0,0.0,0.9173546388080229,3.9523001284370594,100.0,2.0
german_credit,SVM (RBF Kernel),16,32,Untargeted Causal (Karimi 2021),True,['checking_balance'],500,0.5376660823822021,2.0,1.0,0.0,0.9173546388080229,3.9523001284370594,100.0,2.0
german_credit,SVM (RBF Kernel),16,32,Wachter's CE,True,"['amount', 'checking_balance', 'credit_history', 'dependents', 'employment_length', 'existing_credits', 'foreign_worker', 'housing', 'installment_rate', 'job', 'months_loan_duration', 'property', 'purpose', 'telephone']",500,0.08687591552734375,17.9709822049276,14.0,,1.131578354763899,6.021036593199398,60.376246017327595,17.9709822049276
german_credit,SVM (RBF Kernel),16,32,SHAP-Targeted CE,True,"['checking_balance', 'months_loan_duration', 'purpose']",500,0.0498499870300293,3.2500000000000004,3.0,0.008121288280625858,0.8135402309858462,4.026189399006384,100.0,3.2500000000000004
german_credit,SVM (RBF Kernel),17,35,Actionable CBFI (Proposed),True,"['checking_balance', 'savings_balance']",500,0.5164060592651367,2.8004323807443736,2.0,0.0,0.9923163281896006,4.768756305500819,100.0,2.7995319393873563
german_credit,SVM (RBF Kernel),17,35,Untargeted Causal (Karimi 2021),True,"['checking_balance', 'savings_balance']",500,0.510340690612793,2.8004323807443736,2.0,0.0,0.9923163281896006,4.768756305500819,100.0,2.7995319393873563
german_credit,SVM (RBF Kernel),17,35,Wachter's CE,True,"['amount', 'checking_balance', 'credit_history', 'dependents', 'existing_credits', 'foreign_worker', 'housing', 'installment_plan', 'installment_rate', 'months_loan_duration', 'personal_status', 'property', 'purpose', 'telephone']",500,0.08656835556030273,19.26336112087638,14.0,,0.2370932951200121,5.623919337589932,77.34981277592783,19.26336112087638
german_credit,SVM (RBF Kernel),17,35,SHAP-Targeted CE,True,"['checking_balance', 'months_loan_duration', 'purpose']",500,0.047338247299194336,4.291666666666666,3.0,0.044215902861185125,0.8658267783241184,4.2768858787242765,97.0873786407767,4.291666666666666
german_credit,SVM (RBF Kernel),18,37,Actionable CBFI (Proposed),True,['installment_plan'],500,0.5424141883850098,2.373322653616383,1.0,0.0,0.41315117805964263,4.827126168950726,100.0,2.372135695475818
german_credit,SVM (RBF Kernel),18,37,Untargeted Causal (Karimi 2021),True,['installment_plan'],500,0.5334842205047607,2.373322653616383,1.0,0.0,0.41315117805964263,4.827126168950726,100.0,2.372135695475818
german_credit,SVM (RBF Kernel),18,37,Wachter's CE,True,"['amount', 'checking_balance', 'credit_history', 'dependents', 'employment_length', 'foreign_worker', 'installment_plan', 'job', 'months_loan_duration', 'other_debtors', 'personal_status', 'property', 'purpose', 'savings_balance', 'telephone']",500,0.08744025230407715,17.248516018923628,15.0,0.01582548519826776,0.6867124214191423,5.5425660172834705,79.65001725094555,17.248516018923628
german_credit,SVM (RBF Kernel),18,37,SHAP-Targeted CE,True,"['checking_balance', 'credit_history', 'months_loan_duration', 'purpose']",500,0.04267096519470215,6.555632720068392,4.0,0.17686361144474083,0.4653748082311997,6.417910701601882,64.40719861882391,6.555632720068392
german_credit,SVM (RBF Kernel),19,39,Actionable CBFI (Proposed),True,['checking_balance'],500,0.5254478454589844,2.0,1.0,0.0,0.27414611565459457,2.844403313223348,100.0,2.0
german_credit,SVM (RBF Kernel),19,39,Untargeted Causal (Karimi 2021),True,['checking_balance'],500,0.5214602947235107,2.0,1.0,0.0,0.27414611565459457,2.844403313223348,100.0,2.0
german_credit,SVM (RBF Kernel),19,39,Wachter's CE,True,"['amount', 'checking_balance', 'credit_history', 'dependents', 'employment_length', 'housing', 'installment_rate', 'job', 'months_loan_duration', 'other_debtors', 'personal_status', 'property', 'purpose', 'savings_balance']",500,0.08651256561279297,15.749092643851135,14.0,0.0,0.7459700930276855,3.7056257799883636,82.92288745217226,15.749092643851135
german_credit,SVM (RBF Kernel),19,39,SHAP-Targeted CE,True,"['checking_balance', 'months_loan_duration', 'purpose']",500,0.048438072204589844,3.2083333333333335,3.0,0.02255913411284961,0.24285470158920072,3.0831060112675135,100.0,3.2083333333333335
german_credit,SVM (RBF Kernel),20,41,Actionable CBFI (Proposed),True,['checking_balance'],500,0.5370662212371826,2.0,1.0,0.0,0.13995470484448969,3.6598273728417405,100.0,2.0
german_credit,SVM (RBF Kernel),20,41,Untargeted Causal (Karimi 2021),True,['checking_balance'],500,0.5447342395782471,2.0,1.0,0.0,0.13995470484448969,3.6598273728417405,100.0,2.0
german_credit,SVM (RBF Kernel),20,41,Wachter's CE,True,"['amount', 'checking_balance', 'credit_history', 'dependents', 'employment_length', 'housing', 'installment_rate', 'job', 'months_loan_duration', 'other_debtors', 'personal_status', 'property', 'purpose', 'telephone']",500,0.09752511978149414,15.552995402198729,14.0,1.232595164407831e-32,0.7566757908866949,3.9706686120892396,72.68242841329733,15.552995402198729
german_credit,SVM (RBF Kernel),20,41,SHAP-Targeted CE,True,"['checking_balance', 'months_loan_duration', 'purpose']",500,0.04898548126220703,2.958333333333333,3.0,0.057751383328894935,0.13452330878272947,3.8157184532966166,100.0,2.958333333333333
german_credit,SVM (RBF Kernel),21,43,Actionable CBFI (Proposed),True,['employment_length'],500,0.491382360458374,1.0,1.0,0.0,1.3143894180354552,4.331536970366848,100.0,1.0
german_credit,SVM (RBF Kernel),21,43,Untargeted Causal (Karimi 2021),True,['personal_status'],500,0.4807150363922119,0.9810732226228787,1.0,0.0,1.3143894180354552,4.369849741158964,0.0,0.980582563316059
german_credit,SVM (RBF Kernel),21,43,Wachter's CE,True,"['amount', 'checking_balance', 'credit_history', 'dependents', 'employment_length', 'existing_credits', 'foreign_worker', 'installment_rate', 'job', 'months_loan_duration', 'personal_status', 'property', 'purpose']",500,0.08698582649230957,19.934526615339465,13.0,,1.1953211443046703,6.270279911686285,56.26936932933967,19.934526615339465
german_credit,SVM (RBF Kernel),21,43,SHAP-Targeted CE,True,"['checking_balance', 'months_loan_duration', 'purpose']",500,0.05068182945251465,1.8749999999999996,3.0,0.07309159452563263,1.5725256549152373,4.140747925957078,93.33333333333333,1.8749999999999996
german_credit,SVM (RBF Kernel),22,44,Actionable CBFI (Proposed),True,"['checking_balance', 'installment_rate']",500,0.5391004085540771,4.0,2.0,0.0,0.3851461069789157,5.930891861698505,100.0,4.0
german_credit,SVM (RBF Kernel),22,44,Untargeted Causal (Karimi 2021),True,"['checking_balance', 'installment_rate']",500,0.5290188789367676,4.0,2.0,0.0,0.3851461069789157,5.930891861698505,100.0,4.0
german_credit,SVM (RBF Kernel),22,44,Wachter's CE,True,"['amount', 'checking_balance', 'credit_history', 'existing_credits', 'foreign_worker', 'installment_rate', 'job', 'months_loan_duration', 'personal_status', 'property', 'purpose', 'savings_balance']",500,0.08861851692199707,13.816375264940048,12.0,,0.9838187161822964,6.368992696052019,74.4136450937096,13.816375264940048
german_credit,SVM (RBF Kernel),22,44,SHAP-Targeted CE,True,"['checking_balance', 'months_loan_duration', 'purpose']",500,0.04347705841064453,6.041666666666666,3.0,0.09023653645139829,0.6544930111907451,5.689247651917208,100.0,6.041666666666666
german_credit,SVM (RBF Kernel),23,50,Actionable CBFI (Proposed),True,['purpose'],500,0.53806471824646,2.0000000000000004,1.0,0.0,0.42370388278969573,5.22475937768928,100.0,2.0000000000000004
german_credit,SVM (RBF Kernel),23,50,Untargeted Causal (Karimi 2021),True,['housing'],500,0.5227587223052979,1.8832458504870888,1.0,0.0,0.42370388278969573,5.625886134441937,0.0,1.8823039920383375
german_credit,SVM (RBF Kernel),23,50,Wachter's CE,True,"['amount', 'checking_balance', 'dependents', 'employment_length', 'existing_credits', 'foreign_worker', 'installment_plan', 'installment_rate', 'job', 'months_loan_duration', 'personal_status', 'property', 'purpose', 'savings_balance', 'telephone']",500,0.08821487426757812,21.531251866924535,15.0,,3.9929287824984585,5.335930055551465,74.1503681760841,21.531251866924535
german_credit,SVM (RBF Kernel),23,50,SHAP-Targeted CE,True,"['credit_history', 'months_loan_duration', 'purpose']",500,0.04788923263549805,3.0555748466837644,3.0,0.008121288280625836,0.3850607683806615,5.024211692730226,81.81766526561333,3.0555748466837644
german_credit,SVM (RBF Kernel),24,51,Actionable CBFI (Proposed),True,"['checking_balance', 'credit_history']",500,0.5042328834533691,1.5555748466837644,2.0,0.0,1.2963310217208108,3.5297279166409985,100.0,1.5552969897788218
german_credit,SVM (RBF Kernel),24,51,Untargeted Causal (Karimi 2021),True,"['checking_balance', 'credit_history']",500,0.514331579208374,1.5555748466837644,2.0,0.0,1.2963310217208108,3.5297279166409985,100.0,1.5552969897788218
german_credit,SVM (RBF Kernel),24,51,Wachter's CE,True,"['amount', 'checking_balance', 'credit_history', 'existing_credits', 'installment_rate', 'months_loan_duration', 'personal_status', 'property', 'purpose', 'savings_balance', 'telephone']",500,0.08814382553100586,18.19519870146167,11.0,,1.4121688461567015,4.5584611797336585,99.3130055788291,18.19519870146167
german_credit,SVM (RBF Kernel),24,51,SHAP-Targeted CE,True,"['checking_balance', 'credit_history', 'months_loan_duration', 'purpose']",500,0.052141666412353516,2.430574846683764,4.0,0.03248515312250339,1.462534982915763,3.565107276832974,94.8571836752714,2.430574846683764
german_credit,SVM (RBF Kernel),25,54,Actionable CBFI (Proposed),True,"['checking_balance', 'purpose']",500,0.49859166145324707,2.5,2.0,0.0,0.9507302770571262,4.288161571860374,100.0,2.5
german_credit,SVM (RBF Kernel),25,54,Untargeted Causal (Karimi 2021),True,"['checking_balance', 'purpose']",500,0.5162198543548584,2.5,2.0,0.0,0.9507302770571262,4.288161571860374,100.0,2.5
german_credit,SVM (RBF Kernel),25,54,Wachter's CE,True,"['amount', 'checking_balance', 'credit_history', 'existing_credits', 'housing', 'installment_plan', 'installment_rate', 'job', 'months_loan_duration', 'personal_status', 'property', 'purpose', 'savings_balance', 'telephone']",500,0.10475540161132812,18.60110005847855,14.0,,1.4630762366532013,4.77909808458062,83.41892469504288,18.60110005847855
german_credit,SVM (RBF Kernel),25,54,SHAP-Targeted CE,True,"['checking_balance', 'months_loan_duration', 'purpose']",500,0.051857709884643555,3.583333333333335,3.0,0.0036094614580559643,1.0428440314261505,4.377802231983684,100.0,3.583333333333335
german_credit,SVM (RBF Kernel),26,56,Actionable CBFI (Proposed),True,['checking_balance'],500,0.5243258476257324,2.0,1.0,0.0,1.1732765347202072,5.135200402747903,100.0,2.0
german_credit,SVM (RBF Kernel),26,56,Untargeted Causal (Karimi 2021),True,['checking_balance'],500,0.5185849666595459,2.0,1.0,0.0,1.1732765347202072,5.135200402747903,100.0,2.0
german_credit,SVM (RBF Kernel),26,56,Wachter's CE,True,"['amount', 'checking_balance', 'credit_history', 'dependents', 'installment_rate', 'job', 'months_loan_duration', 'other_debtors', 'personal_status', 'property', 'purpose', 'savings_balance', 'telephone']",500,0.08827590942382812,21.515771387478505,13.0,0.0,3.9703350452490085,7.518157414315313,81.12354714460791,21.515771387478505
german_credit,SVM (RBF Kernel),26,56,SHAP-Targeted CE,True,"['checking_balance', 'credit_history', 'months_loan_duration', 'purpose']",500,0.054891109466552734,3.5139081800170975,4.0,0.057751383328894935,1.6568701047205208,5.39926250893069,100.0,3.5139081800170975
german_credit,SVM (RBF Kernel),27,58,Actionable CBFI (Proposed),True,['checking_balance'],500,0.517575740814209,1.0000000000000004,1.0,0.0,0.1201712631991479,3.6752115600786928,100.0,1.0000000000000002
german_credit,SVM (RBF Kernel),27,58,Untargeted Causal (Karimi 2021),True,['checking_balance'],500,0.5308613777160645,1.0000000000000004,1.0,0.0,0.1201712631991479,3.6752115600786928,100.0,1.0000000000000002
german_credit,SVM (RBF Kernel),27,58,Wachter's CE,True,"['amount', 'checking_balance', 'credit_history', 'existing_credits', 'installment_rate', 'months_loan_duration', 'personal_status', 'property', 'purpose', 'savings_balance', 'telephone']",500,0.0867316722869873,12.987411208792018,11.0,,1.4143257418401503,4.7093654078095435,74.33412032817759,12.987411208792018
german_credit,SVM (RBF Kernel),27,58,SHAP-Targeted CE,True,"['checking_balance', 'months_loan_duration', 'purpose']",500,0.047310829162597656,2.125000000000001,3.0,0.00812128828062587,0.15341570677358252,3.5185011587106763,76.4705882352941,2.125000000000001
german_credit,SVM (RBF Kernel),28,59,Actionable CBFI (Proposed),True,"['amount', 'installment_rate', 'months_loan_duration']",500,0.5501952171325684,10.118500632488757,3.0,0.0,0.9857866130109558,6.822174829772586,95.00813700204559,10.118500632488757
german_credit,SVM (RBF Kernel),28,59,Untargeted Causal (Karimi 2021),True,['foreign_worker'],500,0.5311663150787354,5.297683326341458,1.0,0.0,0.9857866130109558,8.384352268658214,0.0,5.295033822136559
german_credit,SVM (RBF Kernel),28,59,Wachter's CE,True,"['amount', 'checking_balance', 'credit_history', 'dependents', 'employment_length', 'existing_credits', 'housing', 'installment_rate', 'job', 'months_loan_duration', 'personal_status', 'property', 'purpose', 'savings_balance', 'telephone']",500,0.08760380744934082,20.03522895145431,15.0,,0.5219146304153782,6.844608171408316,67.55714638575078,20.03522895145431
german_credit,SVM (RBF Kernel),28,59,SHAP-Targeted CE,True,"['checking_balance', 'months_loan_duration', 'purpose']",500,0.04332900047302246,7.583333333333334,3.0,0.9240221332623192,2.2428746701796194,7.573240213991049,73.62637362637362,7.583333333333334
german_credit,SVM (RBF Kernel),29,62,Actionable CBFI (Proposed),True,"['checking_balance', 'credit_history']",500,0.5028584003448486,2.5555748466837644,2.0,0.0,1.1816242024427057,4.469517708696541,100.0,2.555296989778822
german_credit,SVM (RBF Kernel),29,62,Untargeted Causal (Karimi 2021),True,"['checking_balance', 'credit_history']",500,0.5152363777160645,2.5555748466837644,2.0,0.0,1.1816242024427057,4.469517708696541,100.0,2.555296989778822
german_credit,SVM (RBF Kernel),29,62,Wachter's CE,True,"['amount', 'checking_balance', 'existing_credits', 'housing', 'installment_rate', 'months_loan_duration', 'personal_status', 'property', 'purpose', 'savings_balance', 'telephone']",500,0.0905911922454834,15.733291294684799,11.0,,1.4786182126027516,4.949320284989183,82.39012127484419,15.733291294684799
german_credit,SVM (RBF Kernel),29,62,SHAP-Targeted CE,True,"['checking_balance', 'months_loan_duration']",500,0.0513916015625,2.5833333333333344,2.0,0.0036094614580559525,1.2792952968156872,4.468484211694543,100.0,2.5833333333333344
german_credit,SVM (RBF Kernel),30,63,Actionable CBFI (Proposed),True,"['amount', 'installment_rate', 'months_loan_duration']",500,0.5424625873565674,14.21842354726818,3.0,0.0,2.9436929136185603,4.700739105031033,100.0,14.21842354726818
german_credit,SVM (RBF Kernel),30,63,Untargeted Causal (Karimi 2021),True,"['amount', 'installment_rate', 'months_loan_duration']",500,0.5435023307800293,14.21842354726818,3.0,0.0,2.9436929136185603,4.700739105031033,100.0,14.21842354726818
german_credit,SVM (RBF Kernel),30,63,Wachter's CE,True,"['amount', 'checking_balance', 'credit_history', 'dependents', 'housing', 'installment_plan', 'installment_rate', 'job', 'months_loan_duration', 'other_debtors', 'property', 'savings_balance', 'telephone']",500,0.08697676658630371,19.50187670314122,13.0,0.0,0.7436596903199688,6.85879613311339,71.4795202720243,19.50187670314122
german_credit,SVM (RBF Kernel),30,63,SHAP-Targeted CE,True,"['checking_balance', 'credit_history', 'months_loan_duration']",500,0.04572415351867676,5.277816360034196,3.0,0.04421590286118531,1.7940322261352275,5.239599591106351,100.0,5.277816360034196
german_credit,SVM (RBF Kernel),31,67,Actionable CBFI (Proposed),True,['checking_balance'],500,0.5374696254730225,2.0,1.0,0.0,0.279306840817337,3.283148028827053,100.0,2.0
german_credit,SVM (RBF Kernel),31,67,Untargeted Causal (Karimi 2021),True,['checking_balance'],500,0.5276780128479004,2.0,1.0,0.0,0.279306840817337,3.283148028827053,100.0,2.0
german_credit,SVM (RBF Kernel),31,67,Wachter's CE,True,"['amount', 'checking_balance', 'credit_history', 'dependents', 'employment_length', 'housing', 'installment_rate', 'job', 'months_loan_duration', 'other_debtors', 'personal_status', 'property', 'purpose', 'savings_balance']",500,0.08748245239257812,17.168463402033243,14.0,0.0,0.7357805332538659,4.0198722462256615,90.4917958573385,17.168463402033243
german_credit,SVM (RBF Kernel),31,67,SHAP-Targeted CE,True,"['checking_balance', 'months_loan_duration', 'purpose']",500,0.04983973503112793,4.250000000000001,3.0,0.07309159452563276,0.43443386000875545,3.4428429758756445,100.0,4.250000000000001
german_credit,SVM (RBF Kernel),32,68,Actionable CBFI (Proposed),True,['housing'],500,0.5456163883209229,1.883245850487089,1.0,4.108650548026103e-33,0.9340291529295909,4.611997666144785,99.99999999999999,1.8823039920383378
german_credit,SVM (RBF Kernel),32,68,Untargeted Causal (Karimi 2021),True,['housing'],500,0.538330078125,1.883245850487089,1.0,4.108650548026103e-33,0.9340291529295909,4.611997666144785,99.99999999999999,1.8823039920383378
german_credit,SVM (RBF Kernel),32,68,Wachter's CE,True,"['amount', 'credit_history', 'dependents', 'existing_credits', 'foreign_worker', 'housing', 'installment_plan', 'installment_rate', 'job', 'months_loan_duration', 'purpose', 'savings_balance', 'telephone']",500,0.09959793090820312,18.12269767210976,13.0,,5.369897339424983,7.082170208774571,69.88880964370261,18.12269767210976
german_credit,SVM (RBF Kernel),32,68,SHAP-Targeted CE,True,"['credit_history', 'months_loan_duration', 'purpose']",500,0.04491591453552246,4.972299386735058,3.0,0.20303220701564617,0.46442031843196413,4.87065437362479,100.0,4.972299386735058
german_credit,SVM (RBF Kernel),33,70,Actionable CBFI (Proposed),True,['installment_plan'],500,0.5072550773620605,2.3733226536163827,1.0,0.0,1.012352323376904,3.751064372476703,100.0,2.3721356954758175
german_credit,SVM (RBF Kernel),33,70,Untargeted Causal (Karimi 2021),True,['installment_plan'],500,0.5301504135131836,2.3733226536163827,1.0,0.0,1.012352323376904,3.751064372476703,100.0,2.3721356954758175
german_credit,SVM (RBF Kernel),33,70,Wachter's CE,True,"['amount', 'credit_history', 'dependents', 'employment_length', 'foreign_worker', 'housing', 'installment_rate', 'job', 'months_loan_duration', 'personal_status', 'property', 'purpose', 'savings_balance', 'telephone']",500,0.08722686767578125,19.037025882933037,14.0,0.0,1.8108748841861122,5.859461734875763,66.02732677675256,19.037025882933037
german_credit,SVM (RBF Kernel),33,70,SHAP-Targeted CE,True,"['credit_history', 'months_loan_duration', 'purpose']",500,0.045633554458618164,5.986149693367529,3.0,0.20303220701564625,1.723926818641022,4.657601771174898,81.43799018927561,5.986149693367529
german_credit,SVM (RBF Kernel),34,73,Actionable CBFI (Proposed),True,['savings_balance'],500,0.5383172035217285,1.8004323807443736,1.0,0.0,0.44159742456708856,5.447376040690665,100.0,1.7995319393873561
german_credit,SVM (RBF Kernel),34,73,Untargeted Causal (Karimi 2021),True,['savings_balance'],500,0.5363202095031738,1.8004323807443736,1.0,0.0,0.44159742456708856,5.447376040690665,100.0,1.7995319393873561
german_credit,SVM (RBF Kernel),34,73,Wachter's CE,True,"['amount', 'credit_history', 'dependents', 'existing_credits', 'foreign_worker', 'installment_plan', 'installment_rate', 'months_loan_duration', 'other_debtors', 'personal_status', 'property', 'purpose', 'telephone']",500,0.09033370018005371,17.711372552935135,13.0,,0.6767245295376659,5.638997331316789,67.75449833911563,17.711372552935135
german_credit,SVM (RBF Kernel),34,73,SHAP-Targeted CE,True,"['checking_balance', 'months_loan_duration', 'purpose']",500,0.06793069839477539,5.375,3.0,0.3979431257506667,0.6993092125112073,4.539981522636074,100.0,5.375
german_credit,SVM (RBF Kernel),35,74,Actionable CBFI (Proposed),True,['checking_balance'],500,0.5058588981628418,1.0000000000000004,1.0,0.0,0.9257602362191634,4.041715914395336,100.0,1.0000000000000004
german_credit,SVM (RBF Kernel),35,74,Untargeted Causal (Karimi 2021),True,['checking_balance'],500,0.511150598526001,1.0000000000000004,1.0,0.0,0.9257602362191634,4.041715914395336,100.0,1.0000000000000004
german_credit,SVM (RBF Kernel),35,74,Wachter's CE,True,"['amount', 'checking_balance', 'credit_history', 'existing_credits', 'installment_rate', 'months_loan_duration', 'personal_status', 'property', 'purpose', 'telephone']",500,0.08729362487792969,11.932630638369838,10.0,,1.4200555009191989,4.423748487219834,91.46074477384727,11.932630638369838
german_credit,SVM (RBF Kernel),35,74,SHAP-Targeted CE,True,"['checking_balance', 'months_loan_duration', 'purpose']",500,0.052420616149902344,1.833333333333334,3.0,0.003609461458055957,1.0161290211908527,4.172943146203529,100.0,1.833333333333334
german_credit,SVM (RBF Kernel),36,76,Actionable CBFI (Proposed),True,['checking_balance'],500,0.5252447128295898,2.0000000000000004,1.0,0.0,0.7096961690649902,3.6477323214194812,100.0,2.0000000000000004
german_credit,SVM (RBF Kernel),36,76,Untargeted Causal (Karimi 2021),True,['checking_balance'],500,0.5304355621337891,2.0000000000000004,1.0,0.0,0.7096961690649902,3.6477323214194812,100.0,2.0000000000000004
german_credit,SVM (RBF Kernel),36,76,Wachter's CE,True,"['amount', 'checking_balance', 'credit_history', 'dependents', 'employment_length', 'foreign_worker', 'installment_rate', 'job', 'months_loan_duration', 'property', 'purpose', 'telephone']",500,0.08835268020629883,17.02853304737162,12.0,0.0,0.21777277740693832,6.657032257937349,59.745439992388704,17.02853304737162
german_credit,SVM (RBF Kernel),36,76,SHAP-Targeted CE,True,"['checking_balance', 'credit_history', 'months_loan_duration', 'purpose']",500,0.04902315139770508,2.59724151335043,4.0,0.014437845832223689,0.6089024513779819,3.1747531234555506,100.0,2.59724151335043
german_credit,SVM (RBF Kernel),37,79,Actionable CBFI (Proposed),True,"['checking_balance', 'savings_balance']",500,0.5208711624145508,2.8004323807443736,2.0,0.0,0.32777625426503426,3.5697113260693776,100.0,2.7995319393873563
german_credit,SVM (RBF Kernel),37,79,Untargeted Causal (Karimi 2021),True,"['checking_balance', 'savings_balance']",500,0.5263028144836426,2.8004323807443736,2.0,0.0,0.32777625426503426,3.5697113260693776,100.0,2.7995319393873563
german_credit,SVM (RBF Kernel),37,79,Wachter's CE,True,"['amount', 'checking_balance', 'credit_history', 'dependents', 'existing_credits', 'foreign_worker', 'housing', 'installment_rate', 'job', 'months_loan_duration', 'other_debtors', 'personal_status', 'purpose', 'savings_balance', 'telephone']",500,0.08795666694641113,17.048499084496243,15.0,,1.1854614678515911,4.621953341672231,71.5239799335984,17.048499084496243
german_credit,SVM (RBF Kernel),37,79,SHAP-Targeted CE,True,"['checking_balance', 'months_loan_duration', 'purpose']",500,0.05097603797912598,3.8333333333333344,3.0,0.05775138332889499,0.4404757378721575,3.467314112697106,100.0,3.8333333333333344
german_credit,SVM (RBF Kernel),38,80,Actionable CBFI (Proposed),True,['credit_history'],500,0.4689936637878418,0.5555748466837644,1.0,0.0,1.2131860834904642,4.587799468531346,100.0,0.5552969897788216
german_credit,SVM (RBF Kernel),38,80,Untargeted Causal (Karimi 2021),True,['credit_history'],500,0.4798088073730469,0.5555748466837644,1.0,0.0,1.2131860834904642,4.587799468531346,100.0,0.5552969897788216
german_credit,SVM (RBF Kernel),38,80,Wachter's CE,True,"['amount', 'checking_balance', 'credit_history', 'dependents', 'existing_credits', 'foreign_worker', 'housing', 'job', 'months_loan_duration', 'other_debtors', 'personal_status', 'property', 'purpose', 'savings_balance', 'telephone']",500,0.09225821495056152,15.923185201088641,15.0,0.012219727581067874,1.0285408105821512,5.0644333979608485,45.593822699664216,15.923185201088641
german_credit,SVM (RBF Kernel),38,80,SHAP-Targeted CE,True,"['credit_history', 'months_loan_duration', 'purpose']",500,0.050565481185913086,1.7361496933675284,3.0,0.008121288280625836,1.2968857437177481,4.414727663985203,92.80016000477796,1.7361496933675284
german_credit,SVM (RBF Kernel),39,86,Actionable CBFI (Proposed),True,['checking_balance'],500,0.530508279800415,1.0,1.0,0.0,0.7033730804723524,3.4989814524896246,100.0,1.0
german_credit,SVM (RBF Kernel),39,86,Untargeted Causal (Karimi 2021),True,['checking_balance'],500,0.5357747077941895,1.0,1.0,0.0,0.7033730804723524,3.4989814524896246,100.0,1.0
german_credit,SVM (RBF Kernel),39,86,Wachter's CE,True,"['amount', 'checking_balance', 'credit_history', 'dependents', 'employment_length', 'existing_credits', 'foreign_worker', 'installment_plan', 'installment_rate', 'job', 'months_loan_duration', 'personal_status', 'property', 'purpose', 'savings_balance', 'telephone']",500,0.0871114730834961,16.31380724868802,16.0,,4.043744389313038,5.556925378987478,62.78677243234909,16.31380724868802
german_credit,SVM (RBF Kernel),39,86,SHAP-Targeted CE,True,"['checking_balance', 'months_loan_duration', 'purpose']",500,0.049662113189697266,2.250000000000001,3.0,0.00812128828062587,0.7667134937086679,3.4452060286017763,100.0,2.250000000000001
german_credit,SVM (RBF Kernel),40,87,Actionable CBFI (Proposed),False,[],500,0.5497598648071289,,,,,,,
german_credit,SVM (RBF Kernel),40,87,Untargeted Causal (Karimi 2021),False,[],500,0.5381951332092285,,,,,,,
german_credit,SVM (RBF Kernel),40,87,Wachter's CE,True,"['amount', 'credit_history', 'employment_length', 'existing_credits', 'foreign_worker', 'housing', 'installment_rate', 'job', 'months_loan_duration', 'other_debtors', 'personal_status', 'property', 'purpose', 'savings_balance', 'telephone']",500,0.08831381797790527,22.380284886420952,15.0,,0.6290661513228338,5.330169798678598,73.86182937297716,22.380284886420952
german_credit,SVM (RBF Kernel),40,87,SHAP-Targeted CE,True,"['checking_balance', 'credit_history', 'months_loan_duration', 'purpose']",500,0.046988487243652344,4.138908180017099,4.0,0.0036094614580559525,2.3861868178080305,5.800020891178949,100.0,4.138908180017099
german_credit,SVM (RBF Kernel),41,89,Actionable CBFI (Proposed),True,['savings_balance'],500,0.4942808151245117,0.9002161903721869,1.0,0.0,0.6188817990708081,3.071171604976408,100.0,0.8997659696936782
german_credit,SVM (RBF Kernel),41,89,Untargeted Causal (Karimi 2021),True,['credit_history'],500,0.5117862224578857,0.5555748466837646,1.0,0.0,0.6188817990708081,2.9513410971737915,2.2344453318804625e-14,0.5552969897788217
german_credit,SVM (RBF Kernel),41,89,Wachter's CE,True,"['amount', 'checking_balance', 'credit_history', 'dependents', 'existing_credits', 'housing', 'installment_rate', 'job', 'months_loan_duration', 'other_debtors', 'personal_status', 'property', 'purpose', 'savings_balance']",500,0.08658957481384277,17.07335267918277,14.0,,0.767897626830894,3.6357274844206136,88.30225199786064,17.07335267918277
german_credit,SVM (RBF Kernel),41,89,SHAP-Targeted CE,True,"['checking_balance', 'months_loan_duration', 'purpose']",500,0.049367427825927734,2.0833333333333335,3.0,0.057751383328894935,0.5963383208866319,3.511101156749697,100.0,2.0833333333333335
german_credit,SVM (RBF Kernel),42,92,Actionable CBFI (Proposed),True,['installment_plan'],500,0.5174868106842041,2.3733226536163827,1.0,0.0,0.35483795923304357,5.461852227203109,100.0,2.3721356954758175
german_credit,SVM (RBF Kernel),42,92,Untargeted Causal (Karimi 2021),True,['installment_plan'],500,0.5160305500030518,2.3733226536163827,1.0,0.0,0.35483795923304357,5.461852227203109,100.0,2.3721356954758175
german_credit,SVM (RBF Kernel),42,92,Wachter's CE,True,"['amount', 'credit_history', 'dependents', 'employment_length', 'existing_credits', 'foreign_worker', 'housing', 'months_loan_duration', 'personal_status', 'purpose', 'savings_balance']",500,0.08950161933898926,16.89197776537864,11.0,0.0027670577651941522,1.7734774106482154,6.60721298899922,62.42568487413379,16.89197776537864
german_credit,SVM (RBF Kernel),42,92,SHAP-Targeted CE,True,"['credit_history', 'months_loan_duration', 'purpose']",500,0.04298138618469238,13.22229938673506,3.0,3.248515312250342,4.410642661201677,8.569256894139617,100.0,13.22229938673506
german_credit,SVM (RBF Kernel),43,94,Actionable CBFI (Proposed),True,['savings_balance'],500,0.48522496223449707,0.9002161903721868,1.0,0.0,0.5069897852814016,3.879277921000932,100.0,0.8997659696936781
german_credit,SVM (RBF Kernel),43,94,Untargeted Causal (Karimi 2021),True,['savings_balance'],500,0.48723292350769043,0.9002161903721868,1.0,0.0,0.5069897852814016,3.879277921000932,100.0,0.8997659696936781
german_credit,SVM (RBF Kernel),43,94,Wachter's CE,True,"['amount', 'checking_balance', 'credit_history', 'existing_credits', 'installment_rate', 'job', 'months_loan_duration', 'personal_status', 'property', 'purpose', 'savings_balance', 'telephone']",500,0.08984589576721191,17.03946897550509,12.0,,1.4527746171646605,4.67112574962186,91.36352291230546,17.03946897550509
german_credit,SVM (RBF Kernel),43,94,SHAP-Targeted CE,True,"['months_loan_duration', 'purpose']",500,0.055037736892700195,1.8333333333333335,2.0,0.05775138332889496,0.4814969417056251,3.9672995475558084,100.0,1.8333333333333335
german_credit,SVM (RBF Kernel),44,95,Actionable CBFI (Proposed),False,[],500,0.5478086471557617,,,,,,,
german_credit,SVM (RBF Kernel),44,95,Untargeted Causal (Karimi 2021),False,[],500,0.5601613521575928,,,,,,,
german_credit,SVM (RBF Kernel),44,95,Wachter's CE,True,"['amount', 'checking_balance', 'dependents', 'existing_credits', 'foreign_worker', 'housing', 'installment_rate', 'job', 'months_loan_duration', 'other_debtors', 'purpose', 'telephone']",500,0.08891773223876953,23.46456344745872,12.0,,4.426325007902714,9.248383419034564,68.7022205614361,23.46456344745872
german_credit,SVM (RBF Kernel),44,95,SHAP-Targeted CE,True,"['checking_balance', 'months_loan_duration', 'purpose']",500,0.04338836669921875,7.666666666666668,3.0,0.0009023653645139881,3.151517414987626,7.742923470992912,100.0,7.666666666666668
german_credit,SVM (RBF Kernel),45,97,Actionable CBFI (Proposed),True,['credit_history'],500,0.5326833724975586,1.6667245400512933,1.0,0.0,0.40162307525812563,4.065855687314459,100.0,1.6658909693364647
german_credit,SVM (RBF Kernel),45,97,Untargeted Causal (Karimi 2021),True,['credit_history'],500,0.5344796180725098,1.6667245400512933,1.0,0.0,0.40162307525812563,4.065855687314459,100.0,1.6658909693364647
german_credit,SVM (RBF Kernel),45,97,Wachter's CE,True,"['amount', 'checking_balance', 'dependents', 'foreign_worker', 'installment_plan', 'job', 'months_loan_duration', 'other_debtors', 'personal_status', 'property', 'telephone']",500,0.09034228324890137,18.262536097534227,11.0,0.026016145131269708,0.29732409515228536,5.365379849384899,64.77127348769363,18.262536097534227
german_credit,SVM (RBF Kernel),45,97,SHAP-Targeted CE,True,"['checking_balance', 'months_loan_duration']",500,0.05283331871032715,2.0000000000000004,2.0,0.00812128828062587,0.41576157237370553,3.623664316813282,100.0,2.0000000000000004
german_credit,SVM (RBF Kernel),46,98,Actionable CBFI (Proposed),True,['checking_balance'],500,0.5011842250823975,1.0000000000000002,1.0,0.0,0.8040380107857779,3.7962672263720516,100.0,1.0000000000000002
german_credit,SVM (RBF Kernel),46,98,Untargeted Causal (Karimi 2021),True,['checking_balance'],500,0.500145673751831,1.0000000000000002,1.0,0.0,0.8040380107857779,3.7962672263720516,100.0,1.0000000000000002
german_credit,SVM (RBF Kernel),46,98,Wachter's CE,True,"['amount', 'checking_balance', 'credit_history', 'existing_credits', 'installment_rate', 'job', 'months_loan_duration', 'personal_status', 'property', 'purpose', 'savings_balance', 'telephone']",500,0.08745408058166504,16.618158969977507,12.0,,1.415352424758631,4.436959850945454,90.6302633736884,16.618158969977507
german_credit,SVM (RBF Kernel),46,98,SHAP-Targeted CE,True,"['checking_balance', 'months_loan_duration', 'purpose']",500,0.05351710319519043,1.208333333333334,3.0,0.0036094614580559604,0.884276315668008,3.909034291721038,100.0,1.208333333333334
german_credit,SVM (RBF Kernel),47,101,Actionable CBFI (Proposed),True,['checking_balance'],500,0.519775390625,3.0,1.0,0.0,0.7006950430749064,3.8895816529112244,100.0,3.0
german_credit,SVM (RBF Kernel),47,101,Untargeted Causal (Karimi 2021),True,['checking_balance'],500,0.5245673656463623,3.0,1.0,0.0,0.7006950430749064,3.8895816529112244,100.0,3.0
german_credit,SVM (RBF Kernel),47,101,Wachter's CE,True,"['amount', 'checking_balance', 'credit_history', 'dependents', 'foreign_worker', 'housing', 'installment_rate', 'job', 'months_loan_duration', 'property', 'purpose', 'telephone']",500,0.08781671524047852,19.07457312716775,12.0,0.0,0.15421142367065702,6.89738884379487,59.44160716597566,19.07457312716775
german_credit,SVM (RBF Kernel),47,101,SHAP-Targeted CE,True,"['checking_balance', 'credit_history', 'months_loan_duration', 'purpose']",500,0.049872398376464844,3.263908180017099,4.0,0.003609461458055957,0.7774420609089067,3.7763209546022884,100.0,3.263908180017099
german_credit,SVM (RBF Kernel),48,105,Actionable CBFI (Proposed),True,"['amount', 'installment_rate']",500,0.5486996173858643,9.255412589695782,2.0,0.0,0.36164924906639834,6.01907132359758,100.0,9.255412589695782
german_credit,SVM (RBF Kernel),48,105,Untargeted Causal (Karimi 2021),True,"['amount', 'installment_rate']",500,0.5575501918792725,9.255412589695782,2.0,0.0,0.36164924906639834,6.01907132359758,100.0,9.255412589695782
german_credit,SVM (RBF Kernel),48,105,Wachter's CE,True,"['amount', 'credit_history', 'employment_length', 'existing_credits', 'foreign_worker', 'installment_rate', 'job', 'months_loan_duration', 'other_debtors', 'personal_status', 'property', 'purpose', 'telephone']",500,0.08774375915527344,18.909492440427748,13.0,,0.6936429317796562,5.219108586977595,88.07479531577465,18.909492440427748
german_credit,SVM (RBF Kernel),48,105,SHAP-Targeted CE,True,"['checking_balance', 'months_loan_duration', 'purpose']",500,0.04383373260498047,11.375000000000002,3.0,2.0790497998402184,0.36904438767621056,7.353248451861386,96.7032967032967,11.375000000000002
german_credit,SVM (RBF Kernel),49,106,Actionable CBFI (Proposed),True,['purpose'],500,0.45740795135498047,0.5000000000000001,1.0,0.0,0.9430883203697497,4.6370419034332775,100.0,0.5000000000000001
german_credit,SVM (RBF Kernel),49,106,Untargeted Causal (Karimi 2021),True,['purpose'],500,0.4658360481262207,0.5000000000000001,1.0,0.0,0.9430883203697497,4.6370419034332775,100.0,0.5000000000000001
german_credit,SVM (RBF Kernel),49,106,Wachter's CE,True,"['amount', 'checking_balance', 'credit_history', 'employment_length', 'existing_credits', 'foreign_worker', 'housing', 'installment_rate', 'job', 'months_loan_duration', 'personal_status', 'property', 'purpose', 'savings_balance']",500,0.08823561668395996,17.659745767353094,14.0,,1.6029576805076051,6.872690082439652,64.1768936613087,17.659745767353094
german_credit,SVM (RBF Kernel),49,106,SHAP-Targeted CE,True,"['credit_history', 'months_loan_duration', 'purpose']",500,0.050757408142089844,2.1111496933675293,3.0,0.00812128828062587,0.8217540248769483,4.498080314435547,76.31622231380274,2.1111496933675293
german_credit,SVM (RBF Kernel),50,107,Actionable CBFI (Proposed),True,['checking_balance'],500,0.5205099582672119,1.0,1.0,0.0,1.0031635678591748,3.243768853740817,100.0,1.0
german_credit,SVM (RBF Kernel),50,107,Untargeted Causal (Karimi 2021),True,['checking_balance'],500,0.5234708786010742,1.0,1.0,0.0,1.0031635678591748,3.243768853740817,100.0,1.0
german_credit,SVM (RBF Kernel),50,107,Wachter's CE,True,"['amount', 'checking_balance', 'credit_history', 'dependents', 'employment_length', 'existing_credits', 'foreign_worker', 'housing', 'installment_rate', 'job', 'months_loan_duration', 'property', 'purpose', 'savings_balance']",500,0.08695507049560547,18.792667756902368,14.0,,1.1113630344206877,6.036417142364495,42.084134032155184,18.792667756902368
german_credit,SVM (RBF Kernel),50,107,SHAP-Targeted CE,True,"['checking_balance', 'months_loan_duration', 'purpose']",500,0.05595803260803223,2.583333333333333,3.0,0.057751383328894935,1.4739688034434713,3.9807026204156872,100.0,2.583333333333333
german_credit,SVM (RBF Kernel),51,110,Actionable CBFI (Proposed),True,['credit_history'],500,0.49001646041870117,0.5555748466837646,1.0,0.0,1.6535142389905886,5.830095371160742,100.0,0.5552969897788217
german_credit,SVM (RBF Kernel),51,110,Untargeted Causal (Karimi 2021),True,['credit_history'],500,0.4997429847717285,0.5555748466837646,1.0,0.0,1.6535142389905886,5.830095371160742,100.0,0.5552969897788217
german_credit,SVM (RBF Kernel),51,110,Wachter's CE,True,"['amount', 'checking_balance', 'credit_history', 'dependents', 'employment_length', 'existing_credits', 'foreign_worker', 'installment_rate', 'job', 'months_loan_duration', 'other_debtors', 'personal_status', 'property', 'telephone']",500,0.08872413635253906,19.74754034937556,14.0,,0.2783622716345794,5.225187987899346,74.63892668175562,19.74754034937556
german_credit,SVM (RBF Kernel),51,110,SHAP-Targeted CE,True,"['credit_history', 'months_loan_duration']",500,0.047843217849731445,0.8889081800170979,2.0,0.0036094614580559296,1.6661326539138752,5.86104206975283,100.0,0.8889081800170979
german_credit,SVM (RBF Kernel),52,112,Actionable CBFI (Proposed),True,['credit_history'],500,0.47794532775878906,0.5555748466837644,1.0,0.0,0.6833149281908728,4.355879968160485,100.0,0.5552969897788216
german_credit,SVM (RBF Kernel),52,112,Untargeted Causal (Karimi 2021),True,['credit_history'],500,0.4902687072753906,0.5555748466837644,1.0,0.0,0.6833149281908728,4.355879968160485,100.0,0.5552969897788216
german_credit,SVM (RBF Kernel),52,112,Wachter's CE,True,"['amount', 'checking_balance', 'credit_history', 'existing_credits', 'foreign_worker', 'housing', 'installment_plan', 'installment_rate', 'months_loan_duration', 'other_debtors', 'property', 'purpose', 'savings_balance', 'telephone']",500,0.08827567100524902,21.918282612792105,14.0,,4.30613494200091,6.710616729167535,80.24031803206054,21.918282612792105
german_credit,SVM (RBF Kernel),52,112,SHAP-Targeted CE,True,"['checking_balance', 'months_loan_duration', 'purpose']",500,0.054543495178222656,2.5000000000000004,3.0,0.00812128828062587,0.5603956659333061,4.308214348281295,100.0,2.5000000000000004
german_credit,SVM (RBF Kernel),53,113,Actionable CBFI (Proposed),True,['personal_status'],500,0.4894876480102539,1.9621464452457575,1.0,1.6434602192104412e-32,1.319355626770033,4.401286944992447,100.0,1.9611651266321182
german_credit,SVM (RBF Kernel),53,113,Untargeted Causal (Karimi 2021),True,['personal_status'],500,0.49260616302490234,1.9621464452457575,1.0,1.6434602192104412e-32,1.319355626770033,4.401286944992447,100.0,1.9611651266321182
german_credit,SVM (RBF Kernel),53,113,Wachter's CE,True,"['amount', 'credit_history', 'dependents', 'employment_length', 'existing_credits', 'installment_rate', 'job', 'months_loan_duration', 'personal_status', 'property', 'purpose', 'savings_balance', 'telephone']",500,0.09084391593933105,19.04722586498045,13.0,,1.6885652077632907,6.737955568206397,89.20011899784977,19.04722586498045
german_credit,SVM (RBF Kernel),53,113,SHAP-Targeted CE,True,"['months_loan_duration', 'purpose']",500,0.05958247184753418,3.1249999999999996,2.0,0.2030322070156463,1.9735785558177612,4.966487381149663,100.0,3.1249999999999996
german_credit,SVM (RBF Kernel),54,116,Actionable CBFI (Proposed),True,['checking_balance'],500,0.5176866054534912,2.0000000000000004,1.0,0.0,0.7264327849956421,3.806623443721181,100.0,2.0000000000000004
german_credit,SVM (RBF Kernel),54,116,Untargeted Causal (Karimi 2021),True,['checking_balance'],500,0.5438411235809326,2.0000000000000004,1.0,0.0,0.7264327849956421,3.806623443721181,100.0,2.0000000000000004
german_credit,SVM (RBF Kernel),54,116,Wachter's CE,True,"['amount', 'checking_balance', 'credit_history', 'employment_length', 'existing_credits', 'installment_rate', 'months_loan_duration', 'personal_status', 'property', 'purpose', 'telephone']",500,0.08772635459899902,17.520198266164574,11.0,,1.4121688461567015,4.436737514407545,91.43845305165961,17.520198266164574
german_credit,SVM (RBF Kernel),54,116,SHAP-Targeted CE,True,"['checking_balance', 'months_loan_duration', 'purpose']",500,0.047422170639038086,2.791666666666666,3.0,0.014437845832223718,0.7860070412429377,3.706573180197707,100.0,2.791666666666666
german_credit,SVM (RBF Kernel),55,118,Actionable CBFI (Proposed),True,['employment_length'],500,0.49315524101257324,1.0,1.0,0.0,1.4184923403946865,3.901744785196223,100.0,1.0
german_credit,SVM (RBF Kernel),55,118,Untargeted Causal (Karimi 2021),True,['employment_length'],500,0.5061872005462646,1.0,1.0,0.0,1.4184923403946865,3.901744785196223,100.0,1.0
german_credit,SVM (RBF Kernel),55,118,Wachter's CE,True,"['amount', 'checking_balance', 'credit_history', 'dependents', 'existing_credits', 'housing', 'installment_rate', 'job', 'months_loan_duration', 'other_debtors', 'personal_status', 'property', 'purpose', 'telephone']",500,0.08664798736572266,16.414512136769105,14.0,,0.5219146304153782,6.844608171408316,70.56356154857355,16.414512136769105
german_credit,SVM (RBF Kernel),55,118,SHAP-Targeted CE,True,"['checking_balance', 'months_loan_duration', 'purpose']",500,0.05116701126098633,2.75,3.0,0.12994061249001357,1.4509090218769731,3.620457859418638,90.90909090909089,2.75
german_credit,SVM (RBF Kernel),56,119,Actionable CBFI (Proposed),True,['checking_balance'],500,0.5357134342193604,1.0,1.0,0.0,0.1777186200610584,4.121958911202891,100.0,1.0
german_credit,SVM (RBF Kernel),56,119,Untargeted Causal (Karimi 2021),True,['checking_balance'],500,0.5304422378540039,1.0,1.0,0.0,0.1777186200610584,4.121958911202891,100.0,1.0
german_credit,SVM (RBF Kernel),56,119,Wachter's CE,True,"['amount', 'checking_balance', 'credit_history', 'dependents', 'housing', 'installment_rate', 'months_loan_duration', 'other_debtors', 'personal_status', 'property', 'purpose', 'telephone']",500,0.08757686614990234,16.207750739235994,12.0,0.0,0.8179463514595868,3.6339224488607877,79.54580752753509,16.207750739235994
german_credit,SVM (RBF Kernel),56,119,SHAP-Targeted CE,True,"['checking_balance', 'months_loan_duration', 'purpose']",500,0.052047014236450195,2.583333333333333,3.0,0.057751383328894935,0.27831523110495987,4.543231631175883,100.0,2.583333333333333
german_credit,SVM (RBF Kernel),57,120,Actionable CBFI (Proposed),True,['checking_balance'],500,0.5297212600708008,2.000000000000001,1.0,0.0,0.5359134224256764,3.6477544262392003,100.0,2.0000000000000004
german_credit,SVM (RBF Kernel),57,120,Untargeted Causal (Karimi 2021),True,['checking_balance'],500,0.530900239944458,2.000000000000001,1.0,0.0,0.5359134224256764,3.6477544262392003,100.0,2.0000000000000004
german_credit,SVM (RBF Kernel),57,120,Wachter's CE,True,"['amount', 'checking_balance', 'credit_history', 'dependents', 'existing_credits', 'foreign_worker', 'installment_plan', 'installment_rate', 'job', 'personal_status', 'property', 'purpose', 'savings_balance', 'telephone']",500,0.08893227577209473,15.416984276907488,14.0,,4.095076134212808,5.397133041294403,70.25680958339323,15.416984276907488
german_credit,SVM (RBF Kernel),57,120,SHAP-Targeted CE,True,"['checking_balance', 'credit_history', 'purpose']",500,0.04717397689819336,2.4861496933675293,3.0,2.0547265094181323e-32,0.5359134224256764,3.0403913806142313,100.0,2.4861496933675293
german_credit,SVM (RBF Kernel),58,124,Actionable CBFI (Proposed),True,['checking_balance'],500,0.5268619060516357,3.0,1.0,0.0,0.34941542271988696,3.7975437689414995,100.0,3.0
german_credit,SVM (RBF Kernel),58,124,Untargeted Causal (Karimi 2021),True,['checking_balance'],500,0.5318882465362549,3.0,1.0,0.0,0.34941542271988696,3.7975437689414995,100.0,3.0
german_credit,SVM (RBF Kernel),58,124,Wachter's CE,True,"['amount', 'checking_balance', 'credit_history', 'dependents', 'employment_length', 'housing', 'installment_rate', 'job', 'months_loan_duration', 'other_debtors', 'personal_status', 'property', 'purpose', 'savings_balance']",500,0.08662581443786621,18.42314167729964,14.0,1.232595164407831e-32,0.7622221915981457,3.6489915960174053,83.2638027360311,18.42314167729964
german_credit,SVM (RBF Kernel),58,124,SHAP-Targeted CE,True,"['checking_balance', 'months_loan_duration', 'purpose']",500,0.047943115234375,3.6250000000000004,3.0,0.00812128828062587,0.3859423101623663,3.738248776787478,62.06896551724136,3.6250000000000004
german_credit,SVM (RBF Kernel),59,125,Actionable CBFI (Proposed),True,['savings_balance'],500,0.4917933940887451,0.9002161903721868,1.0,0.0,0.6220129922802448,3.459084716758602,100.0,0.8997659696936781
german_credit,SVM (RBF Kernel),59,125,Untargeted Causal (Karimi 2021),True,['savings_balance'],500,0.5020487308502197,0.9002161903721868,1.0,0.0,0.6220129922802448,3.459084716758602,100.0,0.8997659696936781
german_credit,SVM (RBF Kernel),59,125,Wachter's CE,True,"['amount', 'checking_balance', 'credit_history', 'dependents', 'existing_credits', 'foreign_worker', 'installment_plan', 'installment_rate', 'job', 'months_loan_duration', 'personal_status', 'property', 'purpose', 'savings_balance', 'telephone']",500,0.08855485916137695,19.04750006128812,15.0,,3.9677145308731148,5.325476050980458,60.77656516381911,19.04750006128812
german_credit,SVM (RBF Kernel),59,125,SHAP-Targeted CE,True,"['checking_balance', 'months_loan_duration', 'purpose']",500,0.04929161071777344,2.458333333333333,3.0,0.05775138332889495,0.6965463337768747,3.553772464897698,100.0,2.458333333333333
german_credit,SVM (RBF Kernel),60,126,Actionable CBFI (Proposed),True,['checking_balance'],500,0.5101196765899658,1.0000000000000002,1.0,0.0,0.4132328296054786,2.919436809379077,100.0,1.0000000000000002
german_credit,SVM (RBF Kernel),60,126,Untargeted Causal (Karimi 2021),True,['checking_balance'],500,0.5109913349151611,1.0000000000000002,1.0,0.0,0.4132328296054786,2.919436809379077,100.0,1.0000000000000002
german_credit,SVM (RBF Kernel),60,126,Wachter's CE,True,"['amount', 'checking_balance', 'credit_history', 'dependents', 'employment_length', 'housing', 'installment_rate', 'job', 'months_loan_duration', 'other_debtors', 'personal_status', 'property', 'purpose', 'savings_balance']",500,0.08731603622436523,16.60358717716897,14.0,0.0,0.8460675422850713,3.797986883089567,83.93139732364119,16.60358717716897
german_credit,SVM (RBF Kernel),60,126,SHAP-Targeted CE,True,"['checking_balance', 'months_loan_duration', 'purpose']",500,0.047000885009765625,1.958333333333333,3.0,0.057751383328894935,0.34495395556653285,3.13996703235733,100.0,1.958333333333333
german_credit,SVM (RBF Kernel),61,127,Actionable CBFI (Proposed),True,['checking_balance'],500,0.5265910625457764,2.0,1.0,0.0,0.34240914288042995,2.630203993633531,100.0,2.0
german_credit,SVM (RBF Kernel),61,127,Untargeted Causal (Karimi 2021),True,['checking_balance'],500,0.5197546482086182,2.0,1.0,0.0,0.34240914288042995,2.630203993633531,100.0,2.0
german_credit,SVM (RBF Kernel),61,127,Wachter's CE,True,"['amount', 'checking_balance', 'credit_history', 'dependents', 'employment_length', 'housing', 'installment_rate', 'job', 'months_loan_duration', 'other_debtors', 'personal_status', 'property', 'purpose', 'savings_balance']",500,0.08802103996276855,16.914012917199653,14.0,0.0,0.7796356008602827,3.6669898384953603,84.43649912466023,16.914012917199653
german_credit,SVM (RBF Kernel),61,127,SHAP-Targeted CE,True,"['checking_balance', 'months_loan_duration', 'purpose']",500,0.04911541938781738,3.333333333333333,3.0,0.05775138332889496,0.28081734616100557,3.1331898823629984,100.0,3.333333333333333
german_credit,SVM (RBF Kernel),62,128,Actionable CBFI (Proposed),True,['savings_balance'],500,0.4855191707611084,0.9002161903721868,1.0,0.0,0.5707514299692203,3.985976349490177,100.0,0.8997659696936781
german_credit,SVM (RBF Kernel),62,128,Untargeted Causal (Karimi 2021),True,['savings_balance'],500,0.48818159103393555,0.9002161903721868,1.0,0.0,0.5707514299692203,3.985976349490177,100.0,0.8997659696936781
german_credit,SVM (RBF Kernel),62,128,Wachter's CE,True,"['amount', 'checking_balance', 'credit_history', 'employment_length', 'existing_credits', 'installment_rate', 'months_loan_duration', 'personal_status', 'property', 'purpose', 'savings_balance', 'telephone']",500,0.08928155899047852,17.01045464153951,12.0,,1.4137750938061313,4.521588878900717,97.06063117925726,17.01045464153951
german_credit,SVM (RBF Kernel),62,128,SHAP-Targeted CE,True,"['checking_balance', 'months_loan_duration', 'purpose']",500,0.05212688446044922,2.208333333333333,3.0,0.057751383328894935,0.6145000180871542,3.975523130344117,100.0,2.208333333333333
german_credit,SVM (RBF Kernel),63,129,Actionable CBFI (Proposed),True,['purpose'],500,0.5423121452331543,3.000000000000001,1.0,0.0,0.5157605451367795,5.20404077646685,100.0,3.000000000000001
german_credit,SVM (RBF Kernel),63,129,Untargeted Causal (Karimi 2021),True,['purpose'],500,0.5558943748474121,3.000000000000001,1.0,0.0,0.5157605451367795,5.20404077646685,100.0,3.000000000000001
german_credit,SVM (RBF Kernel),63,129,Wachter's CE,True,"['amount', 'checking_balance', 'employment_length', 'existing_credits', 'housing', 'installment_rate', 'job', 'months_loan_duration', 'personal_status', 'property', 'purpose', 'telephone']",500,0.08661985397338867,18.657574718978424,12.0,,0.2955657712042036,6.569137861206253,57.960182749791834,18.657574718978424
german_credit,SVM (RBF Kernel),63,129,SHAP-Targeted CE,True,"['checking_balance', 'months_loan_duration', 'purpose']",500,0.04607796669006348,3.5833333333333335,3.0,0.057751383328894935,0.7271058926736848,5.443077810378635,100.0,3.5833333333333335
german_credit,SVM (RBF Kernel),64,130,Actionable CBFI (Proposed),True,['credit_history'],500,0.4848363399505615,0.5555748466837644,1.0,0.0,0.7191396571696759,4.322086257574408,100.0,0.5552969897788216
german_credit,SVM (RBF Kernel),64,130,Untargeted Causal (Karimi 2021),True,['credit_history'],500,0.49778103828430176,0.5555748466837644,1.0,0.0,0.7191396571696759,4.322086257574408,100.0,0.5552969897788216
german_credit,SVM (RBF Kernel),64,130,Wachter's CE,True,"['amount', 'checking_balance', 'credit_history', 'dependents', 'employment_length', 'foreign_worker', 'housing', 'installment_plan', 'job', 'months_loan_duration', 'personal_status', 'property', 'purpose']",500,0.0869600772857666,19.281769046098283,13.0,0.003340807320890736,0.6326285442502768,8.136399990871213,41.68044733478282,19.281769046098283
german_credit,SVM (RBF Kernel),64,130,SHAP-Targeted CE,True,"['credit_history', 'months_loan_duration', 'purpose']",500,0.05852556228637695,2.222241513350432,3.0,0.04421590286118526,0.6404554986659704,4.786958890997591,100.0,2.222241513350432
german_credit,SVM (RBF Kernel),65,131,Actionable CBFI (Proposed),True,"['checking_balance', 'credit_history']",500,0.49918675422668457,1.555574846683765,2.0,0.0,0.7594656571469312,4.378627077017684,100.0,1.5552969897788218
german_credit,SVM (RBF Kernel),65,131,Untargeted Causal (Karimi 2021),True,"['checking_balance', 'credit_history']",500,0.5119383335113525,1.555574846683765,2.0,0.0,0.7594656571469312,4.378627077017684,100.0,1.5552969897788218
german_credit,SVM (RBF Kernel),65,131,Wachter's CE,True,"['amount', 'checking_balance', 'employment_length', 'existing_credits', 'foreign_worker', 'housing', 'installment_rate', 'job', 'months_loan_duration', 'personal_status', 'purpose', 'savings_balance', 'telephone']",500,0.08765602111816406,18.749223053344245,13.0,,1.39994717850919,6.308711332643214,74.51086998105838,18.749223053344245
german_credit,SVM (RBF Kernel),65,131,SHAP-Targeted CE,True,"['checking_balance', 'months_loan_duration', 'purpose']",500,0.04922795295715332,2.583333333333335,3.0,0.0036094614580559525,0.7255875043013349,4.2510494081784165,90.32258064516131,2.583333333333335
german_credit,SVM (RBF Kernel),66,132,Actionable CBFI (Proposed),True,['savings_balance'],500,0.4838368892669678,0.9002161903721868,1.0,0.0,0.7227628944352693,4.8201657390754145,100.0,0.8997659696936781
german_credit,SVM (RBF Kernel),66,132,Untargeted Causal (Karimi 2021),True,['savings_balance'],500,0.48281311988830566,0.9002161903721868,1.0,0.0,0.7227628944352693,4.8201657390754145,100.0,0.8997659696936781
german_credit,SVM (RBF Kernel),66,132,Wachter's CE,True,"['amount', 'credit_history', 'dependents', 'employment_length', 'existing_credits', 'foreign_worker', 'housing', 'installment_rate', 'months_loan_duration', 'personal_status', 'purpose', 'savings_balance']",500,0.08685302734375,20.27112645292423,12.0,,1.8566466370742114,6.648530141859249,62.05216297210762,20.27112645292423
german_credit,SVM (RBF Kernel),66,132,SHAP-Targeted CE,True,"['months_loan_duration', 'purpose']",500,0.044968366622924805,2.7083333333333335,2.0,0.10918620910619202,0.8801269947274557,5.06032817317603,100.0,2.7083333333333335
german_credit,SVM (RBF Kernel),67,137,Actionable CBFI (Proposed),True,['installment_rate'],500,0.5141403675079346,2.0,1.0,0.0,0.9194807789161082,4.843092318468319,99.99999999999999,1.9999999999999998
german_credit,SVM (RBF Kernel),67,137,Untargeted Causal (Karimi 2021),True,['installment_rate'],500,0.5090007781982422,2.0,1.0,0.0,0.9194807789161082,4.843092318468319,99.99999999999999,1.9999999999999998
german_credit,SVM (RBF Kernel),67,137,Wachter's CE,True,"['amount', 'checking_balance', 'credit_history', 'dependents', 'employment_length', 'housing', 'installment_rate', 'job', 'months_loan_duration', 'other_debtors', 'personal_status', 'property', 'purpose']",500,0.0896000862121582,17.743669721948137,13.0,1.232595164407831e-32,1.0791787459567128,5.018727765831183,87.98212217743352,17.743669721948137
german_credit,SVM (RBF Kernel),67,137,SHAP-Targeted CE,True,"['checking_balance', 'months_loan_duration', 'purpose']",500,0.04704928398132324,3.708333333333333,3.0,0.057751383328894935,0.5658638444155212,4.636733117193002,100.0,3.708333333333333
german_credit,SVM (RBF Kernel),68,141,Actionable CBFI (Proposed),True,"['checking_balance', 'personal_status']",500,0.5285561084747314,2.9810732226228787,2.0,0.0,0.5253822683697905,3.9032930811916002,100.0,2.9805825633160588
german_credit,SVM (RBF Kernel),68,141,Untargeted Causal (Karimi 2021),True,"['checking_balance', 'personal_status']",500,0.5356078147888184,2.9810732226228787,2.0,0.0,0.5253822683697905,3.9032930811916002,100.0,2.9805825633160588
german_credit,SVM (RBF Kernel),68,141,Wachter's CE,True,"['amount', 'checking_balance', 'employment_length', 'existing_credits', 'foreign_worker', 'housing', 'job', 'months_loan_duration', 'personal_status', 'property', 'purpose', 'savings_balance', 'telephone']",500,0.0889444351196289,19.04118757738709,13.0,0.19103429854068513,1.5429918642468692,6.613020255326044,47.18756145084564,19.04118757738709
german_credit,SVM (RBF Kernel),68,141,SHAP-Targeted CE,True,"['checking_balance', 'months_loan_duration', 'purpose']",500,0.04941368103027344,3.4583333333333344,3.0,0.0036094614580559525,0.5432635241633166,4.264982994017963,96.3855421686747,3.4583333333333344
german_credit,SVM (RBF Kernel),69,142,Actionable CBFI (Proposed),True,['checking_balance'],500,0.5184483528137207,1.0000000000000004,1.0,0.0,0.1326366340756349,2.872688999109053,100.0,1.0000000000000002
german_credit,SVM (RBF Kernel),69,142,Untargeted Causal (Karimi 2021),True,['checking_balance'],500,0.5307216644287109,1.0000000000000004,1.0,0.0,0.1326366340756349,2.872688999109053,100.0,1.0000000000000002
german_credit,SVM (RBF Kernel),69,142,Wachter's CE,True,"['amount', 'checking_balance', 'credit_history', 'dependents', 'employment_length', 'foreign_worker', 'installment_rate', 'months_loan_duration', 'property', 'purpose', 'telephone']",500,0.0874323844909668,15.63834977684242,11.0,1.232595164407831e-32,0.17192496731791854,6.685238840748864,50.89467442355797,15.63834977684242
german_credit,SVM (RBF Kernel),69,142,SHAP-Targeted CE,True,"['checking_balance', 'credit_history', 'months_loan_duration', 'purpose']",500,0.052167415618896484,2.180574846683764,4.0,0.03248515312250339,0.1209146229377935,2.744195239447662,94.26756663775605,2.180574846683764
german_credit,SVM (RBF Kernel),70,143,Actionable CBFI (Proposed),True,['savings_balance'],500,0.4966137409210205,0.9002161903721868,1.0,0.0,0.39335528847605317,2.758288878378216,100.0,0.8997659696936781
german_credit,SVM (RBF Kernel),70,143,Untargeted Causal (Karimi 2021),True,['savings_balance'],500,0.511932373046875,0.9002161903721868,1.0,0.0,0.39335528847605317,2.758288878378216,100.0,0.8997659696936781
german_credit,SVM (RBF Kernel),70,143,Wachter's CE,True,"['amount', 'checking_balance', 'credit_history', 'dependents', 'employment_length', 'housing', 'installment_rate', 'job', 'months_loan_duration', 'other_debtors', 'personal_status', 'property', 'purpose', 'savings_balance']",500,0.08748435974121094,15.075060753190542,14.0,0.0,0.7357805332538659,3.7662001859842342,66.29399531231405,15.075060753190542
german_credit,SVM (RBF Kernel),70,143,SHAP-Targeted CE,True,"['checking_balance', 'months_loan_duration', 'purpose']",500,0.053475141525268555,1.2500000000000007,3.0,0.00812128828062587,0.40764180342441775,2.546709408558445,59.99999999999998,1.2500000000000007
german_credit,SVM (RBF Kernel),71,145,Actionable CBFI (Proposed),True,['checking_balance'],500,0.5433499813079834,2.0,1.0,0.0,0.9660098122931998,4.164743569393114,100.0,2.0
german_credit,SVM (RBF Kernel),71,145,Untargeted Causal (Karimi 2021),True,['checking_balance'],500,0.5333492755889893,2.0,1.0,0.0,0.9660098122931998,4.164743569393114,100.0,2.0
german_credit,SVM (RBF Kernel),71,145,Wachter's CE,True,"['amount', 'checking_balance', 'credit_history', 'employment_length', 'existing_credits', 'installment_rate', 'job', 'months_loan_duration', 'personal_status', 'property', 'purpose', 'savings_balance', 'telephone']",500,0.08773326873779297,20.066167605025207,13.0,,1.4121688461567015,4.5584611797336585,89.74852713223869,20.066167605025207
german_credit,SVM (RBF Kernel),71,145,SHAP-Targeted CE,True,"['checking_balance', 'months_loan_duration']",500,0.05197548866271973,3.416666666666667,2.0,0.04421590286118521,1.3175431234375001,4.7193767227698205,100.0,3.416666666666667
german_credit,SVM (RBF Kernel),72,148,Actionable CBFI (Proposed),True,['checking_balance'],500,0.5185031890869141,1.0000000000000002,1.0,0.0,0.44000857976349544,3.6656960534866303,100.0,1.0000000000000002
german_credit,SVM (RBF Kernel),72,148,Untargeted Causal (Karimi 2021),True,['checking_balance'],500,0.5271244049072266,1.0000000000000002,1.0,0.0,0.44000857976349544,3.6656960534866303,100.0,1.0000000000000002
german_credit,SVM (RBF Kernel),72,148,Wachter's CE,True,"['amount', 'checking_balance', 'credit_history', 'dependents', 'existing_credits', 'housing', 'installment_rate', 'job', 'months_loan_duration', 'other_debtors', 'personal_status', 'property', 'purpose', 'savings_balance', 'telephone']",500,0.09146595001220703,17.58901707208124,15.0,,0.49499622002566984,6.595986299769964,77.25853591700054,17.58901707208124
german_credit,SVM (RBF Kernel),72,148,SHAP-Targeted CE,True,"['checking_balance', 'credit_history', 'months_loan_duration', 'purpose']",500,0.0649869441986084,3.013908180017099,4.0,0.0036094614580559525,0.44549675373440173,3.7421490187738105,70.96792776231705,3.013908180017099
german_credit,SVM (RBF Kernel),73,155,Actionable CBFI (Proposed),True,['checking_balance'],500,0.5127139091491699,1.0000000000000002,1.0,4.108650548026103e-33,0.4673207252150468,3.0227058832036686,100.0,1.0000000000000002
german_credit,SVM (RBF Kernel),73,155,Untargeted Causal (Karimi 2021),True,['checking_balance'],500,0.5201437473297119,1.0000000000000004,1.0,0.0,0.4673207252150468,3.0227058832036686,100.0,1.0000000000000004
german_credit,SVM (RBF Kernel),73,155,Wachter's CE,True,"['amount', 'checking_balance', 'credit_history', 'dependents', 'employment_length', 'housing', 'installment_rate', 'job', 'months_loan_duration', 'other_debtors', 'personal_status', 'property', 'purpose', 'savings_balance']",500,0.08703088760375977,11.037743465120185,14.0,0.0,0.7261071115652359,4.060922893968972,71.72058793457629,11.037743465120185
german_credit,SVM (RBF Kernel),73,155,SHAP-Targeted CE,True,"['checking_balance', 'credit_history', 'months_loan_duration', 'purpose']",500,0.04812121391296387,2.6389081800170984,4.0,0.0577513833288949,0.48175643733325374,3.168565297465538,90.52638504465203,2.6389081800170984
german_credit,SVM (RBF Kernel),74,158,Actionable CBFI (Proposed),True,['checking_balance'],500,0.5449995994567871,3.0,1.0,0.0,0.5729400916800381,4.519293910625607,100.0,3.0
german_credit,SVM (RBF Kernel),74,158,Untargeted Causal (Karimi 2021),True,['checking_balance'],500,0.5321388244628906,3.0,1.0,0.0,0.5729400916800381,4.519293910625607,100.0,3.0
german_credit,SVM (RBF Kernel),74,158,Wachter's CE,True,"['amount', 'checking_balance', 'credit_history', 'dependents', 'employment_length', 'existing_credits', 'foreign_worker', 'installment_rate', 'job', 'months_loan_duration', 'personal_status', 'property', 'purpose', 'savings_balance', 'telephone']",500,0.08754777908325195,20.99370609247574,15.0,,1.2037309038676085,5.0121718036331275,75.83900546168037,20.99370609247574
german_credit,SVM (RBF Kernel),74,158,SHAP-Targeted CE,True,"['checking_balance', 'months_loan_duration', 'purpose']",500,0.050788164138793945,3.3749999999999996,3.0,0.008121288280625836,0.5698533203850379,4.256843829240924,100.0,3.3749999999999996
german_credit,SVM (RBF Kernel),75,163,Actionable CBFI (Proposed),True,['checking_balance'],500,0.5045063495635986,2.0,1.0,0.0,1.6689324568614123,5.247267697213774,100.0,2.0
german_credit,SVM (RBF Kernel),75,163,Untargeted Causal (Karimi 2021),True,['checking_balance'],500,0.5159595012664795,2.0,1.0,0.0,1.6689324568614123,5.247267697213774,100.0,2.0
german_credit,SVM (RBF Kernel),75,163,Wachter's CE,True,"['amount', 'checking_balance', 'credit_history', 'dependents', 'foreign_worker', 'housing', 'installment_rate', 'months_loan_duration', 'personal_status', 'property', 'purpose', 'telephone']",500,0.09054994583129883,20.579540189539095,12.0,1.232595164407831e-32,1.5817047927485566,5.73372176983228,76.98634995456975,20.579540189539095
german_credit,SVM (RBF Kernel),75,163,SHAP-Targeted CE,True,"['checking_balance', 'credit_history', 'months_loan_duration', 'purpose']",500,0.05673933029174805,2.9305748466837644,4.0,0.032485153122503434,2.087159922139346,5.48733307875359,100.0,2.9305748466837644
german_credit,SVM (RBF Kernel),76,166,Actionable CBFI (Proposed),True,['checking_balance'],500,0.5211422443389893,2.0000000000000004,1.0,0.0,0.43238792685714994,3.6028069439586585,100.0,2.0000000000000004
german_credit,SVM (RBF Kernel),76,166,Untargeted Causal (Karimi 2021),True,['checking_balance'],500,0.5201268196105957,2.0000000000000004,1.0,0.0,0.43238792685714994,3.6028069439586585,100.0,2.0000000000000004
german_credit,SVM (RBF Kernel),76,166,Wachter's CE,True,"['amount', 'checking_balance', 'credit_history', 'dependents', 'employment_length', 'housing', 'installment_rate', 'job', 'months_loan_duration', 'other_debtors', 'personal_status', 'property', 'purpose', 'savings_balance']",500,0.08759212493896484,14.900158043707883,14.0,0.0,0.7982103208140964,3.67675802704165,87.36649273852258,14.900158043707883
german_credit,SVM (RBF Kernel),76,166,SHAP-Targeted CE,True,"['checking_balance', 'months_loan_duration', 'purpose']",500,0.047383785247802734,2.6250000000000004,3.0,0.00812128828062587,0.501039846189253,3.525870453277294,66.66666666666666,2.6250000000000004
german_credit,SVM (RBF Kernel),77,167,Actionable CBFI (Proposed),True,['checking_balance'],500,0.5352568626403809,2.0,1.0,0.0,0.2739008628682223,3.266971790132126,100.0,2.0
german_credit,SVM (RBF Kernel),77,167,Untargeted Causal (Karimi 2021),True,['checking_balance'],500,0.5260603427886963,2.0,1.0,0.0,0.2739008628682223,3.266971790132126,100.0,2.0
german_credit,SVM (RBF Kernel),77,167,Wachter's CE,True,"['amount', 'checking_balance', 'credit_history', 'dependents', 'employment_length', 'housing', 'installment_rate', 'job', 'months_loan_duration', 'other_debtors', 'personal_status', 'property', 'purpose', 'savings_balance']",500,0.08692216873168945,16.040085699531854,14.0,0.0,0.7261071115652359,4.059877026888102,83.23269384944363,16.040085699531854
german_credit,SVM (RBF Kernel),77,167,SHAP-Targeted CE,True,"['checking_balance', 'months_loan_duration', 'purpose']",500,0.04844188690185547,2.9166666666666674,3.0,0.04421590286118518,0.3182366102049707,3.5934392275204927,100.0,2.9166666666666674
german_credit,SVM (RBF Kernel),78,169,Actionable CBFI (Proposed),True,['checking_balance'],500,0.5260829925537109,2.0,1.0,0.0,0.735859158509372,4.088938984805564,100.0,2.0
german_credit,SVM (RBF Kernel),78,169,Untargeted Causal (Karimi 2021),True,['checking_balance'],500,0.5349972248077393,2.0,1.0,0.0,0.735859158509372,4.088938984805564,100.0,2.0
german_credit,SVM (RBF Kernel),78,169,Wachter's CE,True,"['amount', 'checking_balance', 'credit_history', 'existing_credits', 'installment_rate', 'job', 'months_loan_duration', 'personal_status', 'property', 'purpose', 'savings_balance', 'telephone']",500,0.08747577667236328,16.13586949900873,12.0,,1.4123768562871133,4.506424932091675,100.0,16.13586949900873
german_credit,SVM (RBF Kernel),78,169,SHAP-Targeted CE,True,"['checking_balance', 'months_loan_duration']",500,0.04953122138977051,2.7499999999999996,2.0,0.008121288280625836,0.6779636568319307,4.090192249631305,100.0,2.7499999999999996
german_credit,SVM (RBF Kernel),79,170,Actionable CBFI (Proposed),True,['telephone'],500,0.4888346195220947,2.0379155708089978,1.0,0.0,0.6277076092742706,4.26253297330887,100.0,2.036896358156698
german_credit,SVM (RBF Kernel),79,170,Untargeted Causal (Karimi 2021),True,['telephone'],500,0.5029473304748535,2.0379155708089978,1.0,0.0,0.6277076092742706,4.26253297330887,100.0,2.036896358156698
german_credit,SVM (RBF Kernel),79,170,Wachter's CE,True,"['amount', 'checking_balance', 'employment_length', 'existing_credits', 'foreign_worker', 'installment_plan', 'installment_rate', 'job', 'months_loan_duration', 'personal_status', 'property', 'purpose', 'savings_balance', 'telephone']",500,0.08788800239562988,16.001844399298875,14.0,,1.2535376401062546,5.430055364275684,62.456112012897535,16.001844399298875
german_credit,SVM (RBF Kernel),79,170,SHAP-Targeted CE,True,"['checking_balance', 'credit_history', 'months_loan_duration', 'purpose']",500,0.04705309867858887,4.73614969336753,4.0,0.032485153122503434,0.7693485683690321,4.263237200334593,78.88580250323605,4.73614969336753
german_credit,SVM (RBF Kernel),80,172,Actionable CBFI (Proposed),True,['checking_balance'],500,0.5409460067749023,2.0,1.0,0.0,0.26651734795245935,3.9911933807764592,100.0,2.0
german_credit,SVM (RBF Kernel),80,172,Untargeted Causal (Karimi 2021),True,['checking_balance'],500,0.5373291969299316,2.0,1.0,0.0,0.26651734795245935,3.9911933807764592,100.0,2.0
german_credit,SVM (RBF Kernel),80,172,Wachter's CE,True,"['amount', 'checking_balance', 'credit_history', 'employment_length', 'existing_credits', 'installment_rate', 'months_loan_duration', 'personal_status', 'property', 'purpose', 'savings_balance', 'telephone']",500,0.0880591869354248,16.275686020422604,12.0,,1.4137750938061313,4.521588878900717,90.01578183579505,16.275686020422604
german_credit,SVM (RBF Kernel),80,172,SHAP-Targeted CE,True,"['checking_balance', 'credit_history', 'months_loan_duration', 'purpose']",500,0.0487213134765625,3.430574846683764,4.0,0.00812128828062583,0.2155554440697207,4.378033675526373,74.49407055363223,3.430574846683764
german_credit,SVM (RBF Kernel),81,174,Actionable CBFI (Proposed),True,['checking_balance'],500,0.5218279361724854,1.0000000000000002,1.0,0.0,0.6887584305419291,3.3293746069026664,100.0,1.0000000000000002
german_credit,SVM (RBF Kernel),81,174,Untargeted Causal (Karimi 2021),True,['checking_balance'],500,0.5221326351165771,1.0000000000000002,1.0,0.0,0.6887584305419291,3.3293746069026664,100.0,1.0000000000000002
german_credit,SVM (RBF Kernel),81,174,Wachter's CE,True,"['amount', 'checking_balance', 'credit_history', 'dependents', 'existing_credits', 'foreign_worker', 'housing', 'installment_rate', 'job', 'other_debtors', 'personal_status', 'purpose', 'savings_balance', 'telephone']",500,0.09010481834411621,16.10001030242409,14.0,,1.1522851964904401,4.624051337593631,52.597520135142915,16.10001030242409
german_credit,SVM (RBF Kernel),81,174,SHAP-Targeted CE,True,"['checking_balance', 'credit_history', 'purpose']",500,0.0537564754486084,1.3055748466837647,3.0,7.767917442361852e-33,0.6887584305419289,3.482089891359468,100.0,1.3055748466837647
german_credit,SVM (RBF Kernel),82,175,Actionable CBFI (Proposed),True,['savings_balance'],500,0.5594272613525391,3.6008647614887472,1.0,0.0,1.1782040394118785,5.758831168966262,100.0,3.5990638787747122
german_credit,SVM (RBF Kernel),82,175,Untargeted Causal (Karimi 2021),True,['savings_balance'],500,0.5434305667877197,3.6008647614887472,1.0,0.0,1.1782040394118785,5.758831168966262,100.0,3.5990638787747122
german_credit,SVM (RBF Kernel),82,175,Wachter's CE,True,"['amount', 'credit_history', 'employment_length', 'existing_credits', 'installment_plan', 'installment_rate', 'months_loan_duration', 'personal_status', 'property', 'purpose', 'telephone']",500,0.09042024612426758,16.037984038169327,11.0,,1.4495988130444086,5.224710492002212,88.78285650956092,16.037984038169327
german_credit,SVM (RBF Kernel),82,175,SHAP-Targeted CE,True,"['credit_history', 'months_loan_duration', 'purpose']",500,0.04403877258300781,5.541724540051293,3.0,0.07309159452563263,1.5490940603522614,5.992457636948679,100.0,5.541724540051293
german_credit,SVM (RBF Kernel),83,176,Actionable CBFI (Proposed),True,['savings_balance'],500,0.49662256240844727,0.9002161903721868,1.0,4.108650548026103e-33,0.514012137826133,3.4894397429816246,100.0,0.8997659696936781
german_credit,SVM (RBF Kernel),83,176,Untargeted Causal (Karimi 2021),True,['savings_balance'],500,0.5068285465240479,0.9002161903721869,1.0,0.0,0.514012137826133,3.4894397429816246,100.0,0.8997659696936782
german_credit,SVM (RBF Kernel),83,176,Wachter's CE,True,"['amount', 'checking_balance', 'credit_history', 'dependents', 'employment_length', 'housing', 'installment_rate', 'job', 'months_loan_duration', 'other_debtors', 'personal_status', 'property', 'purpose', 'savings_balance']",500,0.08749651908874512,12.708234518345062,14.0,1.232595164407831e-32,0.860902344825598,4.1917540375616875,74.99769876325982,12.708234518345062
german_credit,SVM (RBF Kernel),83,176,SHAP-Targeted CE,True,"['checking_balance', 'months_loan_duration', 'purpose']",500,0.05013871192932129,2.0833333333333335,3.0,0.057751383328894935,0.627690640063921,3.581990760086191,100.0,2.0833333333333335
german_credit,SVM (RBF Kernel),84,180,Actionable CBFI (Proposed),True,['savings_balance'],500,0.47617030143737793,1.8004323807443736,1.0,0.0,1.5825946817457244,5.008055066915229,100.0,1.7995319393873561
german_credit,SVM (RBF Kernel),84,180,Untargeted Causal (Karimi 2021),True,['savings_balance'],500,0.48900842666625977,1.8004323807443736,1.0,0.0,1.5825946817457244,5.008055066915229,100.0,1.7995319393873561
german_credit,SVM (RBF Kernel),84,180,Wachter's CE,True,"['amount', 'checking_balance', 'dependents', 'employment_length', 'existing_credits', 'foreign_worker', 'installment_rate', 'job', 'months_loan_duration', 'other_debtors', 'personal_status', 'property', 'purpose', 'telephone']",500,0.08741044998168945,19.685496656029887,14.0,,0.7959201123833669,5.650801474636848,60.248519391140235,19.685496656029887
german_credit,SVM (RBF Kernel),84,180,SHAP-Targeted CE,True,"['credit_history', 'months_loan_duration', 'purpose']",500,0.04511427879333496,4.180574846683764,3.0,0.2030322070156463,2.546268334296855,4.921760810809419,100.0,4.180574846683764
german_credit,SVM (RBF Kernel),85,181,Actionable CBFI (Proposed),True,['checking_balance'],500,0.5351653099060059,3.0,1.0,0.0,0.6373665452223221,4.882521299004501,100.0,3.0
german_credit,SVM (RBF Kernel),85,181,Untargeted Causal (Karimi 2021),True,['checking_balance'],500,0.5414819717407227,3.0,1.0,0.0,0.6373665452223221,4.882521299004501,100.0,3.0
german_credit,SVM (RBF Kernel),85,181,Wachter's CE,True,"['amount', 'checking_balance', 'dependents', 'employment_length', 'existing_credits', 'foreign_worker', 'housing', 'installment_rate', 'job', 'months_loan_duration', 'personal_status', 'property']",500,0.08744287490844727,16.941505825179394,12.0,,1.1631537492274961,5.208863161108077,70.4838812476635,16.941505825179394
german_credit,SVM (RBF Kernel),85,181,SHAP-Targeted CE,True,"['checking_balance', 'months_loan_duration']",500,0.045911550521850586,3.3333333333333344,2.0,0.0036094614580559525,0.6660173200880745,4.962441704163153,100.0,3.3333333333333344
german_credit,SVM (RBF Kernel),86,182,Actionable CBFI (Proposed),True,['installment_rate'],500,0.501884937286377,3.0,1.0,0.0,1.671354546518754,4.797592127400678,100.0,3.0
german_credit,SVM (RBF Kernel),86,182,Untargeted Causal (Karimi 2021),True,['installment_rate'],500,0.49614739418029785,3.0,1.0,0.0,1.671354546518754,4.797592127400678,100.0,3.0
german_credit,SVM (RBF Kernel),86,182,Wachter's CE,True,"['amount', 'checking_balance', 'credit_history', 'employment_length', 'existing_credits', 'foreign_worker', 'housing', 'installment_plan', 'installment_rate', 'job', 'other_debtors', 'purpose', 'telephone']",500,0.08753085136413574,18.65953328751338,13.0,,1.249242680678975,5.573913885525405,59.048218923951225,18.65953328751338
german_credit,SVM (RBF Kernel),86,182,SHAP-Targeted CE,True,"['checking_balance', 'purpose']",500,0.049086570739746094,4.125000000000002,2.0,8.217301096052206e-33,0.6353325351421291,4.354014318135283,100.0,4.125000000000002
german_credit,SVM (RBF Kernel),87,184,Actionable CBFI (Proposed),True,"['checking_balance', 'installment_plan']",500,0.4983830451965332,3.373322653616383,2.0,0.0,0.48217365979254495,4.381164482632832,100.0,3.3721356954758175
german_credit,SVM (RBF Kernel),87,184,Untargeted Causal (Karimi 2021),True,"['checking_balance', 'installment_plan']",500,0.511202335357666,3.373322653616383,2.0,0.0,0.48217365979254495,4.381164482632832,100.0,3.3721356954758175
german_credit,SVM (RBF Kernel),87,184,Wachter's CE,True,"['amount', 'checking_balance', 'credit_history', 'dependents', 'employment_length', 'foreign_worker', 'installment_rate', 'job', 'months_loan_duration', 'personal_status', 'property', 'purpose', 'telephone']",500,0.08771967887878418,16.337165325063996,13.0,0.0,1.1844947095366614,5.066560951627847,73.01439293713673,16.337165325063996
german_credit,SVM (RBF Kernel),87,184,SHAP-Targeted CE,True,"['checking_balance', 'months_loan_duration', 'purpose']",500,0.04818606376647949,5.250000000000001,3.0,0.00812128828062587,0.56137405543544,4.859298354824133,100.0,5.250000000000001
german_credit,SVM (RBF Kernel),88,186,Actionable CBFI (Proposed),True,['other_debtors'],500,0.5559046268463135,4.494166425668559,1.0,0.0,1.0614262477950343,7.301893867180294,100.0,4.491918780403861
german_credit,SVM (RBF Kernel),88,186,Untargeted Causal (Karimi 2021),True,['other_debtors'],500,0.569366455078125,4.494166425668559,1.0,0.0,1.0614262477950343,7.301893867180294,100.0,4.491918780403861
german_credit,SVM (RBF Kernel),88,186,Wachter's CE,True,"['amount', 'credit_history', 'dependents', 'employment_length', 'foreign_worker', 'housing', 'installment_plan', 'installment_rate', 'months_loan_duration', 'other_debtors', 'personal_status', 'property', 'purpose']",500,0.09177994728088379,19.468121376761573,13.0,1.232595164407831e-32,1.3128033445108327,7.183227661670929,62.46892195355295,19.468121376761573
german_credit,SVM (RBF Kernel),88,186,SHAP-Targeted CE,True,"['checking_balance', 'credit_history', 'months_loan_duration', 'purpose']",500,0.05051898956298828,5.069483026700862,4.0,0.02255913411284961,1.2773171691012406,6.124595293078994,83.56176894282545,5.069483026700862
german_credit,SVM (RBF Kernel),89,188,Actionable CBFI (Proposed),True,['checking_balance'],500,0.5347533226013184,2.0000000000000004,1.0,0.0,0.27870278094681056,3.8891679994501622,100.0,2.0000000000000004
german_credit,SVM (RBF Kernel),89,188,Untargeted Causal (Karimi 2021),True,['checking_balance'],500,0.5288279056549072,2.0000000000000004,1.0,0.0,0.27870278094681056,3.8891679994501622,100.0,2.0000000000000004
german_credit,SVM (RBF Kernel),89,188,Wachter's CE,True,"['amount', 'checking_balance', 'credit_history', 'dependents', 'housing', 'installment_rate', 'job', 'months_loan_duration', 'other_debtors', 'personal_status', 'property', 'purpose', 'savings_balance']",500,0.08734536170959473,14.464830355169031,13.0,0.0,0.7261071115652359,4.059877026888102,81.40669326902251,14.464830355169031
german_credit,SVM (RBF Kernel),89,188,SHAP-Targeted CE,True,"['checking_balance', 'months_loan_duration', 'purpose']",500,0.04608917236328125,3.458333333333334,3.0,0.057751383328894935,0.23333851808202336,4.132348405953152,100.0,3.458333333333334
german_credit,SVM (RBF Kernel),90,189,Actionable CBFI (Proposed),True,['checking_balance'],500,0.5289947986602783,3.0,1.0,0.0,1.4216627547785043,4.108287955447009,100.0,3.0
german_credit,SVM (RBF Kernel),90,189,Untargeted Causal (Karimi 2021),True,['checking_balance'],500,0.5407869815826416,3.0,1.0,0.0,1.4216627547785043,4.108287955447009,100.0,3.0
german_credit,SVM (RBF Kernel),90,189,Wachter's CE,True,"['amount', 'checking_balance', 'credit_history', 'dependents', 'existing_credits', 'foreign_worker', 'installment_plan', 'installment_rate', 'job', 'months_loan_duration', 'personal_status', 'property', 'purpose', 'savings_balance', 'telephone']",500,0.08872342109680176,17.589661462811026,15.0,,3.892845983124868,5.403222924958813,64.85188332839526,17.589661462811026
german_credit,SVM (RBF Kernel),90,189,SHAP-Targeted CE,True,"['checking_balance', 'months_loan_duration', 'purpose']",500,0.048064470291137695,3.6250000000000004,3.0,0.008121288280625869,1.415994442871115,4.186521946981162,75.86206896551724,3.6250000000000004
german_credit,SVM (RBF Kernel),91,190,Actionable CBFI (Proposed),True,['credit_history'],500,0.49848103523254395,2.222299386735058,1.0,0.0,2.304851511086071,4.684731488975974,100.0,2.2211879591152863
german_credit,SVM (RBF Kernel),91,190,Untargeted Causal (Karimi 2021),True,['credit_history'],500,0.5111703872680664,2.222299386735058,1.0,0.0,2.304851511086071,4.684731488975974,100.0,2.2211879591152863
german_credit,SVM (RBF Kernel),91,190,Wachter's CE,True,"['amount', 'checking_balance', 'credit_history', 'existing_credits', 'installment_plan', 'installment_rate', 'job', 'months_loan_duration', 'other_debtors', 'personal_status', 'property', 'purpose', 'telephone']",500,0.1040961742401123,18.444434752332306,13.0,,6.086113935320253,8.203395772245388,69.20031527798157,18.444434752332306
german_credit,SVM (RBF Kernel),91,190,SHAP-Targeted CE,True,"['credit_history', 'months_loan_duration', 'purpose']",500,0.04696369171142578,3.847299386735058,3.0,0.008121288280625836,2.330276673045062,4.524655663424176,100.0,3.847299386735058
german_credit,SVM (RBF Kernel),92,191,Actionable CBFI (Proposed),False,[],500,0.534308671951294,,,,,,,
german_credit,SVM (RBF Kernel),92,191,Untargeted Causal (Karimi 2021),True,['foreign_worker'],500,0.5365822315216064,5.297683326341458,1.0,0.0,0.9407162094760588,7.704121386505782,3.6901217160249754e-15,5.295033822136559
german_credit,SVM (RBF Kernel),92,191,Wachter's CE,True,"['amount', 'checking_balance', 'credit_history', 'dependents', 'employment_length', 'existing_credits', 'housing', 'installment_plan', 'installment_rate', 'months_loan_duration', 'personal_status', 'telephone']",500,0.08762502670288086,20.055375985827975,12.0,,2.053212008167492,6.965269750789737,84.11068768264414,20.055375985827975
german_credit,SVM (RBF Kernel),92,191,SHAP-Targeted CE,True,"['checking_balance', 'credit_history', 'months_loan_duration', 'purpose']",500,0.04260087013244629,12.055574846683767,4.0,0.5197624499600548,2.4474522111217105,7.493841355659135,62.67287079024808,12.055574846683767
german_credit,SVM (RBF Kernel),93,192,Actionable CBFI (Proposed),True,['checking_balance'],500,0.5375113487243652,2.0,1.0,0.0,0.49081360354361486,3.6648082179381753,100.0,2.0
german_credit,SVM (RBF Kernel),93,192,Untargeted Causal (Karimi 2021),True,['checking_balance'],500,0.5273997783660889,2.0,1.0,0.0,0.49081360354361486,3.6648082179381753,100.0,2.0
german_credit,SVM (RBF Kernel),93,192,Wachter's CE,True,"['amount', 'credit_history', 'dependents', 'foreign_worker', 'installment_plan', 'installment_rate', 'job', 'months_loan_duration', 'other_debtors', 'personal_status', 'property']",500,0.08738851547241211,20.673362143255357,11.0,0.0,1.1502634757815045,6.08803668654882,66.05555941297148,20.673362143255357
german_credit,SVM (RBF Kernel),93,192,SHAP-Targeted CE,True,"['checking_balance', 'months_loan_duration']",500,0.053435564041137695,3.2499999999999996,2.0,0.03248515312250339,0.5072710910117203,3.7210401092176832,100.0,3.2499999999999996
german_credit,SVM (RBF Kernel),94,194,Actionable CBFI (Proposed),True,['checking_balance'],500,0.5475335121154785,3.0,1.0,0.0,0.8826125418057004,5.161876644637003,100.0,3.0
german_credit,SVM (RBF Kernel),94,194,Untargeted Causal (Karimi 2021),True,['checking_balance'],500,0.5412123203277588,3.0,1.0,0.0,0.8826125418057004,5.161876644637003,100.0,3.0
german_credit,SVM (RBF Kernel),94,194,Wachter's CE,True,"['amount', 'checking_balance', 'dependents', 'employment_length', 'existing_credits', 'foreign_worker', 'housing', 'installment_plan', 'installment_rate', 'job', 'months_loan_duration', 'personal_status', 'property', 'purpose']",500,0.08781671524047852,21.19686631436349,14.0,,0.259918368644753,6.683593040639306,72.49265581682741,21.19686631436349
german_credit,SVM (RBF Kernel),94,194,SHAP-Targeted CE,True,"['checking_balance', 'months_loan_duration', 'purpose']",500,0.048516035079956055,4.291666666666666,3.0,0.04421590286118512,0.6214361104930576,4.824459179838691,97.0873786407767,4.291666666666666
german_credit,SVM (RBF Kernel),95,197,Actionable CBFI (Proposed),False,[],500,0.5424644947052002,,,,,,,
german_credit,SVM (RBF Kernel),95,197,Untargeted Causal (Karimi 2021),False,[],500,0.5563211441040039,,,,,,,
german_credit,SVM (RBF Kernel),95,197,Wachter's CE,True,"['amount', 'checking_balance', 'credit_history', 'dependents', 'employment_length', 'existing_credits', 'foreign_worker', 'housing', 'installment_plan', 'installment_rate', 'job', 'months_loan_duration', 'personal_status', 'property', 'purpose', 'savings_balance', 'telephone']",500,0.0885002613067627,19.929193082728254,17.0,,4.043744389313038,5.4984989872176255,75.97712051424597,19.929193082728254
german_credit,SVM (RBF Kernel),95,197,SHAP-Targeted CE,True,"['checking_balance', 'credit_history', 'months_loan_duration', 'purpose']",500,0.04307389259338379,8.555632720068392,4.0,0.05775138332889496,7.2245597669195405,7.05830788496891,76.6235874605892,8.555632720068392
german_credit,SVM (RBF Kernel),96,198,Actionable CBFI (Proposed),True,['installment_rate'],500,0.5009565353393555,1.0,1.0,0.0,0.20502858921907494,4.57179277237934,100.0,1.0
german_credit,SVM (RBF Kernel),96,198,Untargeted Causal (Karimi 2021),True,['checking_balance'],500,0.5078125,1.0,1.0,0.0,0.45672077380694337,4.391327856243362,100.0,1.0
german_credit,SVM (RBF Kernel),96,198,Wachter's CE,True,"['amount', 'checking_balance', 'credit_history', 'existing_credits', 'housing', 'installment_plan', 'installment_rate', 'job', 'months_loan_duration', 'personal_status', 'property', 'purpose', 'telephone']",500,0.08755040168762207,20.20971650563729,13.0,,1.415352424758631,4.436959850945454,82.84374200615716,20.20971650563729
german_credit,SVM (RBF Kernel),96,198,SHAP-Targeted CE,True,"['months_loan_duration', 'purpose']",500,0.0552213191986084,1.7499999999999996,2.0,0.00812128828062584,0.4304707002878894,4.499647118813226,100.0,1.7499999999999996
german_credit,SVM (RBF Kernel),97,199,Actionable CBFI (Proposed),True,['checking_balance'],500,0.5525791645050049,2.0,1.0,0.0,0.6251977358949633,4.174160625599283,100.0,2.0
german_credit,SVM (RBF Kernel),97,199,Untargeted Causal (Karimi 2021),True,['checking_balance'],500,0.532137393951416,2.0,1.0,0.0,0.6251977358949633,4.174160625599283,100.0,2.0
german_credit,SVM (RBF Kernel),97,199,Wachter's CE,True,"['amount', 'checking_balance', 'dependents', 'employment_length', 'existing_credits', 'foreign_worker', 'installment_plan', 'installment_rate', 'months_loan_duration', 'purpose', 'savings_balance', 'telephone']",500,0.08721137046813965,17.194558783552964,12.0,,3.3924520608125186,7.194705446498016,59.363216532242426,17.194558783552964
german_credit,SVM (RBF Kernel),97,199,SHAP-Targeted CE,True,"['checking_balance', 'credit_history', 'months_loan_duration', 'purpose']",500,0.04826235771179199,3.5555748466837653,4.0,0.00812128828062587,0.5804335069285202,3.920827129952455,78.90636444625781,3.5555748466837653
german_credit,SVM (RBF Kernel),98,201,Actionable CBFI (Proposed),True,"['checking_balance', 'credit_history']",500,0.488727331161499,2.555574846683765,2.0,0.0,0.3055448991853454,3.358890744892155,100.0,2.555296989778822
german_credit,SVM (RBF Kernel),98,201,Untargeted Causal (Karimi 2021),True,"['checking_balance', 'credit_history']",500,0.5001058578491211,2.555574846683765,2.0,0.0,0.3055448991853454,3.358890744892155,100.0,2.555296989778822
german_credit,SVM (RBF Kernel),98,201,Wachter's CE,True,"['amount', 'checking_balance', 'credit_history', 'dependents', 'employment_length', 'housing', 'installment_rate', 'job', 'months_loan_duration', 'other_debtors', 'personal_status', 'property', 'purpose', 'savings_balance']",500,0.0895240306854248,17.52909970564277,14.0,1.232595164407831e-32,0.7622221915981457,3.6489915960174053,87.83501386704414,17.52909970564277
german_credit,SVM (RBF Kernel),98,201,SHAP-Targeted CE,True,"['checking_balance', 'months_loan_duration', 'purpose']",500,0.0462794303894043,3.833333333333334,3.0,0.05775138332889496,0.2998185452352768,3.914997829443265,100.0,3.833333333333334
german_credit,SVM (RBF Kernel),99,203,Actionable CBFI (Proposed),True,"['amount', 'checking_balance', 'installment_rate']",500,0.5018815994262695,1.3667285080006257,3.0,0.0,0.25643469414246,3.5481471503670403,100.0,1.3667285080006257
german_credit,SVM (RBF Kernel),99,203,Untargeted Causal (Karimi 2021),True,"['amount', 'checking_balance', 'installment_rate']",500,0.5189208984375,1.3667285080006257,3.0,0.0,0.25643469414246,3.5481471503670403,100.0,1.3667285080006257
german_credit,SVM (RBF Kernel),99,203,Wachter's CE,True,"['amount', 'checking_balance', 'credit_history', 'dependents', 'housing', 'installment_rate', 'job', 'months_loan_duration', 'other_debtors', 'personal_status', 'property', 'purpose', 'savings_balance']",500,0.08826065063476562,15.672575229884295,13.0,0.0,0.7308793051489021,4.026240058167696,73.85400659815774,15.672575229884295
german_credit,SVM (RBF Kernel),99,203,SHAP-Targeted CE,True,"['checking_balance', 'months_loan_duration']",500,0.04820728302001953,2.583333333333333,2.0,0.0577513833288949,0.2519176987169282,3.8222939517396997,100.0,2.583333333333333
german_credit,SVM (RBF Kernel),100,207,Actionable CBFI (Proposed),True,['installment_rate'],500,0.5288422107696533,2.0,1.0,0.0,0.48389709329498504,3.989699013709951,100.0,1.9999999999999998
german_credit,SVM (RBF Kernel),100,207,Untargeted Causal (Karimi 2021),True,['installment_rate'],500,0.5241718292236328,2.0,1.0,0.0,0.48389709329498504,3.989699013709951,100.0,1.9999999999999998
german_credit,SVM (RBF Kernel),100,207,Wachter's CE,True,"['amount', 'checking_balance', 'credit_history', 'dependents', 'housing', 'installment_rate', 'job', 'months_loan_duration', 'other_debtors', 'personal_status', 'property', 'purpose', 'savings_balance']",500,0.08821272850036621,17.740424569564905,13.0,1.232595164407831e-32,0.7566757908866949,3.665088374124269,82.4004084736179,17.740424569564905
german_credit,SVM (RBF Kernel),100,207,SHAP-Targeted CE,True,"['checking_balance', 'months_loan_duration', 'purpose']",500,0.05274248123168945,3.2083333333333335,3.0,0.057751383328894935,0.3215926588609305,3.9685718169117217,100.0,3.2083333333333335
german_credit,XGBoost,1,1,Actionable CBFI (Proposed),True,"['employment_length', 'savings_balance']",500,0.8944954872131348,1.9002161903721868,2.0,0.0,0.26667908234995236,3.9961490588754933,100.0,1.8997659696936782
german_credit,XGBoost,1,1,Untargeted Causal (Karimi 2021),True,"['employment_length', 'savings_balance']",500,0.9423942565917969,1.9002161903721868,2.0,0.0,0.26667908234995236,3.9961490588754933,100.0,1.8997659696936782
german_credit,XGBoost,1,1,Wachter's CE,True,"['amount', 'checking_balance', 'credit_history', 'dependents', 'employment_length', 'foreign_worker', 'installment_rate', 'job', 'months_loan_duration', 'personal_status', 'property', 'purpose', 'telephone']",500,0.0775613784790039,19.290451702184573,13.0,0.0,0.14304756717896974,6.747482961250882,65.37529200550102,19.290451702184573
german_credit,XGBoost,1,1,SHAP-Targeted CE,True,"['checking_balance', 'savings_balance']",500,0.03261446952819824,3.9002161903721873,2.0,0.0,0.26667908234995236,4.042944212789977,99.99999999999999,3.9002161903721873
german_credit,XGBoost,2,4,Actionable CBFI (Proposed),True,"['credit_history', 'purpose']",500,0.9102659225463867,1.0555748466837647,2.0,0.0,0.2537031581631449,4.229338158458999,100.0,1.0552969897788218
german_credit,XGBoost,2,4,Untargeted Causal (Karimi 2021),True,"['credit_history', 'purpose']",500,0.9113967418670654,1.0555748466837647,2.0,0.0,0.2537031581631449,4.229338158458999,100.0,1.0552969897788218
german_credit,XGBoost,2,4,Wachter's CE,True,"['amount', 'checking_balance', 'credit_history', 'employment_length', 'existing_credits', 'foreign_worker', 'installment_plan', 'installment_rate', 'job', 'months_loan_duration', 'other_debtors', 'property', 'purpose', 'savings_balance', 'telephone']",500,0.0761871337890625,17.722375575335615,15.0,,1.032415840083355,5.739240039214746,73.15165029089093,17.722375575335615
german_credit,XGBoost,2,4,SHAP-Targeted CE,True,"['checking_balance', 'other_debtors', 'savings_balance']",500,0.031147480010986328,2.273757796789327,3.0,3.611118645726067e-35,0.2537031581631449,4.392858484759765,50.586574876020485,2.273757796789327
german_credit,XGBoost,3,9,Actionable CBFI (Proposed),True,['purpose'],500,0.8825757503509521,0.5000000000000002,1.0,0.0,0.850028304151475,4.016730085192743,100.0,0.5000000000000002
german_credit,XGBoost,3,9,Untargeted Causal (Karimi 2021),True,['purpose'],500,0.8979442119598389,0.5000000000000002,1.0,0.0,0.850028304151475,4.016730085192743,100.0,0.5000000000000002
german_credit,XGBoost,3,9,Wachter's CE,True,"['amount', 'checking_balance', 'credit_history', 'employment_length', 'existing_credits', 'installment_rate', 'months_loan_duration', 'personal_status', 'property', 'purpose', 'savings_balance', 'telephone']",500,0.0784001350402832,16.603641100010027,12.0,,1.4121399294597712,4.590600861413998,93.86304618808049,16.603641100010027
german_credit,XGBoost,3,9,SHAP-Targeted CE,True,['savings_balance'],500,0.03182077407836914,1.800432380744374,1.0,4.108650548026103e-33,0.850028304151475,4.482016758945664,99.99999999999997,1.800432380744374
german_credit,XGBoost,4,10,Actionable CBFI (Proposed),True,['purpose'],500,0.8508071899414062,0.5000000000000001,1.0,0.0,0.12629653881229225,3.6004196757530944,100.0,0.5000000000000001
german_credit,XGBoost,4,10,Untargeted Causal (Karimi 2021),True,['purpose'],500,0.8789548873901367,0.5000000000000001,1.0,0.0,0.12629653881229225,3.6004196757530944,100.0,0.5000000000000001
german_credit,XGBoost,4,10,Wachter's CE,True,"['amount', 'checking_balance', 'credit_history', 'dependents', 'employment_length', 'housing', 'installment_rate', 'job', 'months_loan_duration', 'other_debtors', 'personal_status', 'property', 'purpose', 'savings_balance']",500,0.07791304588317871,15.549588567625879,14.0,0.0,0.7512584246965416,3.979049942638987,88.75939808177549,15.549588567625879
german_credit,XGBoost,4,10,SHAP-Targeted CE,True,"['checking_balance', 'savings_balance']",500,0.030439376831054688,3.9002161903721873,2.0,3.611118645726067e-35,0.12629653881229225,3.5981727554288465,99.99999999999999,3.9002161903721873
german_credit,XGBoost,5,11,Actionable CBFI (Proposed),True,"['amount', 'checking_balance', 'installment_rate', 'savings_balance']",500,0.9348850250244141,2.319916593972903,4.0,0.0,0.3362736725273037,4.542045634793007,100.0,2.3194663732943943
german_credit,XGBoost,5,11,Untargeted Causal (Karimi 2021),True,"['amount', 'checking_balance', 'installment_rate', 'savings_balance']",500,1.0025651454925537,2.319916593972903,4.0,0.0,0.3362736725273037,4.542045634793007,100.0,2.3194663732943943
german_credit,XGBoost,5,11,Wachter's CE,True,"['amount', 'checking_balance', 'employment_length', 'existing_credits', 'foreign_worker', 'housing', 'installment_plan', 'installment_rate', 'job', 'months_loan_duration', 'other_debtors', 'personal_status', 'property', 'savings_balance', 'telephone']",500,0.07929301261901855,19.15068739339346,15.0,,0.5950771988609173,5.151827071438505,62.17456725302638,19.15068739339346
german_credit,XGBoost,5,11,SHAP-Targeted CE,False,[],500,0.030134201049804688,,,,,,,
german_credit,XGBoost,6,13,Actionable CBFI (Proposed),True,['purpose'],500,0.9228720664978027,0.5000000000000004,1.0,0.0,0.6914677786252921,3.8198906998829925,100.0,0.5000000000000004
german_credit,XGBoost,6,13,Untargeted Causal (Karimi 2021),True,['purpose'],500,0.9055757522583008,0.5000000000000004,1.0,0.0,0.6914677786252921,3.8198906998829925,100.0,0.5000000000000004
german_credit,XGBoost,6,13,Wachter's CE,True,"['amount', 'checking_balance', 'credit_history', 'existing_credits', 'installment_rate', 'job', 'months_loan_duration', 'personal_status', 'property', 'purpose', 'savings_balance', 'telephone']",500,0.07571053504943848,16.079409920097508,12.0,,1.4745391668334176,4.904091291443611,100.0,16.079409920097508
german_credit,XGBoost,6,13,SHAP-Targeted CE,True,['checking_balance'],500,0.05112814903259277,1.2500000000000004,1.0,4.108650548026103e-33,0.6914677786252921,3.86465597080477,99.99999999999997,1.2500000000000004
german_credit,XGBoost,7,15,Actionable CBFI (Proposed),True,['checking_balance'],500,0.8869369029998779,1.0000000000000002,1.0,0.0,0.5535712669281444,3.581014030293494,100.0,1.0000000000000002
german_credit,XGBoost,7,15,Untargeted Causal (Karimi 2021),True,['checking_balance'],500,0.9248752593994141,1.0000000000000002,1.0,0.0,0.5535712669281444,3.581014030293494,100.0,1.0000000000000002
german_credit,XGBoost,7,15,Wachter's CE,True,"['amount', 'checking_balance', 'credit_history', 'dependents', 'employment_length', 'foreign_worker', 'installment_plan', 'months_loan_duration', 'other_debtors', 'personal_status', 'property', 'purpose', 'savings_balance', 'telephone']",500,0.080230712890625,16.655040257750123,14.0,0.004924622804324298,0.6402348671079924,5.58797612366936,76.62772743559125,16.655040257750123
german_credit,XGBoost,7,15,SHAP-Targeted CE,True,['checking_balance'],500,0.035681962966918945,1.2500000000000004,1.0,0.0,0.5535712669281444,3.626278129987378,99.99999999999997,1.2500000000000004
german_credit,XGBoost,8,18,Actionable CBFI (Proposed),True,"['checking_balance', 'personal_status']",500,0.920945405960083,2.9810732226228787,2.0,0.0,4.548736355950341,5.731722757719521,100.0,2.9805825633160588
german_credit,XGBoost,8,18,Untargeted Causal (Karimi 2021),True,"['checking_balance', 'personal_status']",500,0.9380373954772949,2.9810732226228787,2.0,0.0,4.548736355950341,5.731722757719521,100.0,2.9805825633160588
german_credit,XGBoost,8,18,Wachter's CE,True,"['amount', 'dependents', 'employment_length', 'foreign_worker', 'installment_rate', 'months_loan_duration', 'other_debtors', 'personal_status', 'property', 'purpose']",500,0.09798836708068848,19.079202062754348,10.0,0.0,0.7393620585743527,6.895454264380998,64.99191868332768,19.079202062754348
german_credit,XGBoost,8,18,SHAP-Targeted CE,True,"['checking_balance', 'savings_balance']",500,0.03194713592529297,3.9002161903721873,2.0,4.108650548026103e-33,4.548736355950341,6.348786447951597,99.99999999999999,3.9002161903721873
german_credit,XGBoost,9,29,Actionable CBFI (Proposed),True,"['credit_history', 'savings_balance']",500,0.9109983444213867,1.4557910370559513,2.0,0.0,0.4738231221009985,5.198972244318257,100.0,1.4550629594724998
german_credit,XGBoost,9,29,Untargeted Causal (Karimi 2021),True,"['credit_history', 'savings_balance']",500,0.947465181350708,1.4557910370559513,2.0,0.0,0.4738231221009985,5.198972244318257,100.0,1.4550629594724998
german_credit,XGBoost,9,29,Wachter's CE,True,"['amount', 'checking_balance', 'credit_history', 'dependents', 'existing_credits', 'foreign_worker', 'installment_plan', 'installment_rate', 'job', 'months_loan_duration', 'other_debtors', 'property', 'savings_balance']",500,0.07694220542907715,15.94363513649504,13.0,,0.04557005589678833,5.874742490279163,58.38078164478952,15.94363513649504
german_credit,XGBoost,9,29,SHAP-Targeted CE,True,"['checking_balance', 'other_debtors', 'savings_balance']",500,0.03497004508972168,2.273757796789327,3.0,3.611118645726067e-35,0.4738231221009985,5.2436798397325175,50.586574876020485,2.273757796789327
german_credit,XGBoost,10,35,Actionable CBFI (Proposed),True,['savings_balance'],500,0.9079282283782959,0.900216190372187,1.0,0.0,0.9923163281896006,4.676989524203844,100.0,0.8997659696936783
german_credit,XGBoost,10,35,Untargeted Causal (Karimi 2021),True,['savings_balance'],500,0.969334602355957,0.900216190372187,1.0,0.0,0.9923163281896006,4.676989524203844,100.0,0.8997659696936783
german_credit,XGBoost,10,35,Wachter's CE,True,"['amount', 'checking_balance', 'credit_history', 'employment_length', 'existing_credits', 'foreign_worker', 'housing', 'installment_plan', 'installment_rate', 'job', 'months_loan_duration', 'personal_status', 'purpose', 'savings_balance']",500,0.07628130912780762,19.34875764025739,14.0,,1.4658604862012876,6.428336868914491,55.94441171860128,19.34875764025739
german_credit,XGBoost,10,35,SHAP-Targeted CE,True,['savings_balance'],500,0.03310894966125488,1.800432380744374,1.0,1.6434602192104412e-32,0.9923163281896006,4.940543435294264,99.99999999999997,1.800432380744374
german_credit,XGBoost,11,37,Actionable CBFI (Proposed),True,"['amount', 'installment_rate', 'months_loan_duration']",500,0.8410482406616211,0.9486094342958209,3.0,0.0,0.41315117805964263,5.550419664955045,100.0,0.9486094342958209
german_credit,XGBoost,11,37,Untargeted Causal (Karimi 2021),True,"['amount', 'installment_rate', 'months_loan_duration']",500,0.8700931072235107,0.9486094342958209,3.0,0.0,0.41315117805964263,5.550419664955045,100.0,0.9486094342958209
german_credit,XGBoost,11,37,Wachter's CE,True,"['amount', 'checking_balance', 'credit_history', 'dependents', 'employment_length', 'installment_rate', 'job', 'months_loan_duration', 'property', 'purpose', 'savings_balance', 'telephone']",500,0.07937431335449219,15.643558766641231,12.0,0.0,0.878486834528473,6.613384877301666,95.5841913372489,15.643558766641231
german_credit,XGBoost,11,37,SHAP-Targeted CE,True,"['checking_balance', 'savings_balance']",500,0.03937578201293945,1.900216190372187,2.0,0.0,0.41315117805964263,5.719403495928418,100.0,1.900216190372187
german_credit,XGBoost,12,44,Actionable CBFI (Proposed),True,['checking_balance'],500,0.8788354396820068,1.0000000000000004,1.0,0.0,0.7432490646117332,5.755080351438353,100.0,1.0000000000000004
german_credit,XGBoost,12,44,Untargeted Causal (Karimi 2021),True,['checking_balance'],500,0.8950788974761963,1.0000000000000004,1.0,0.0,0.7432490646117332,5.755080351438353,100.0,1.0000000000000004
german_credit,XGBoost,12,44,Wachter's CE,True,"['amount', 'checking_balance', 'credit_history', 'existing_credits', 'foreign_worker', 'installment_rate', 'job', 'months_loan_duration', 'personal_status', 'property', 'purpose', 'savings_balance']",500,0.0768587589263916,13.816375264940048,12.0,,0.9838187161822964,6.368992696052019,84.14617984380351,13.816375264940048
german_credit,XGBoost,12,44,SHAP-Targeted CE,True,"['checking_balance', 'savings_balance']",500,0.037638187408447266,1.9002161903721868,2.0,4.108650548026103e-33,0.7432490646117332,5.908916877188144,100.0,1.9002161903721868
german_credit,XGBoost,13,54,Actionable CBFI (Proposed),True,['savings_balance'],500,0.8827035427093506,0.9002161903721869,1.0,0.0,0.9507302770571262,4.614063760794892,100.0,0.8997659696936782
german_credit,XGBoost,13,54,Untargeted Causal (Karimi 2021),True,['savings_balance'],500,0.9386637210845947,0.9002161903721869,1.0,0.0,0.9507302770571262,4.614063760794892,100.0,0.8997659696936782
german_credit,XGBoost,13,54,Wachter's CE,True,"['amount', 'checking_balance', 'credit_history', 'existing_credits', 'housing', 'installment_plan', 'installment_rate', 'job', 'months_loan_duration', 'personal_status', 'property', 'purpose', 'savings_balance', 'telephone']",500,0.0770406723022461,18.60110005847855,14.0,,1.4630762366532013,4.77909808458062,80.92776590731559,18.60110005847855
german_credit,XGBoost,13,54,SHAP-Targeted CE,True,['savings_balance'],500,0.03596854209899902,0.9002161903721868,1.0,5.135813185032629e-33,0.9507302770571262,4.614063760794892,100.0,0.9002161903721868
german_credit,XGBoost,14,56,Actionable CBFI (Proposed),True,['savings_balance'],500,0.9189319610595703,1.8004323807443736,1.0,0.0,1.1732765347202072,5.165765697793461,100.0,1.7995319393873561
german_credit,XGBoost,14,56,Untargeted Causal (Karimi 2021),True,['savings_balance'],500,0.8992841243743896,1.8004323807443736,1.0,0.0,1.1732765347202072,5.165765697793461,100.0,1.7995319393873561
german_credit,XGBoost,14,56,Wachter's CE,True,"['amount', 'foreign_worker', 'housing', 'installment_rate', 'months_loan_duration', 'personal_status', 'property', 'purpose', 'savings_balance']",500,0.07740283012390137,22.602384491654988,9.0,0.0,2.1218180347722284,8.019906032439863,72.39536273755269,22.602384491654988
german_credit,XGBoost,14,56,SHAP-Targeted CE,True,['savings_balance'],500,0.03845834732055664,1.800432380744374,1.0,0.0,1.1732765347202072,5.165765697793461,99.99999999999997,1.800432380744374
german_credit,XGBoost,15,59,Actionable CBFI (Proposed),True,"['amount', 'checking_balance', 'installment_rate', 'months_loan_duration']",500,0.928961992263794,3.897218868591643,4.0,0.0,0.9857866130109558,6.8299145292981,100.0,3.897218868591643
german_credit,XGBoost,15,59,Untargeted Causal (Karimi 2021),True,"['amount', 'checking_balance', 'installment_rate', 'months_loan_duration']",500,0.9430418014526367,3.897218868591643,4.0,0.0,0.9857866130109558,6.8299145292981,100.0,3.897218868591643
german_credit,XGBoost,15,59,Wachter's CE,True,"['amount', 'checking_balance', 'dependents', 'existing_credits', 'foreign_worker', 'installment_plan', 'installment_rate', 'months_loan_duration', 'other_debtors', 'personal_status', 'purpose', 'savings_balance', 'telephone']",500,0.07791638374328613,20.641692200311603,13.0,,0.32970513898056053,7.514440511818344,59.42482471429705,20.641692200311603
german_credit,XGBoost,15,59,SHAP-Targeted CE,True,"['checking_balance', 'installment_plan', 'other_debtors', 'savings_balance']",500,0.032601118087768555,7.457502336431797,4.0,4.108650548026103e-33,0.9857866130109558,5.674236055948896,84.08768414310714,7.457502336431797
german_credit,XGBoost,16,62,Actionable CBFI (Proposed),True,"['purpose', 'savings_balance']",500,0.863161563873291,1.4002161903721868,2.0,0.0,1.1816242024427057,4.5487657603602525,100.0,1.3997659696936782
german_credit,XGBoost,16,62,Untargeted Causal (Karimi 2021),True,"['purpose', 'savings_balance']",500,0.9777071475982666,1.4002161903721868,2.0,0.0,1.1816242024427057,4.5487657603602525,100.0,1.3997659696936782
german_credit,XGBoost,16,62,Wachter's CE,True,"['amount', 'checking_balance', 'existing_credits', 'housing', 'installment_rate', 'months_loan_duration', 'personal_status', 'property', 'purpose', 'savings_balance', 'telephone']",500,0.0765693187713623,15.733291294684799,11.0,,1.4786182126027516,4.949320284989183,90.64652267366668,15.733291294684799
german_credit,XGBoost,16,62,SHAP-Targeted CE,True,['savings_balance'],500,0.03515052795410156,1.800432380744374,1.0,0.0,1.1816242024427057,4.884888427987118,99.99999999999997,1.800432380744374
german_credit,XGBoost,17,63,Actionable CBFI (Proposed),True,['savings_balance'],500,0.9568285942077637,0.9002161903721881,1.0,0.0,2.382282589783292,4.754073412260651,100.0,0.8997659696936794
german_credit,XGBoost,17,63,Untargeted Causal (Karimi 2021),True,['savings_balance'],500,0.9479894638061523,0.9002161903721881,1.0,0.0,2.382282589783292,4.754073412260651,100.0,0.8997659696936794
german_credit,XGBoost,17,63,Wachter's CE,True,"['amount', 'dependents', 'employment_length', 'existing_credits', 'foreign_worker', 'housing', 'installment_plan', 'installment_rate', 'job', 'months_loan_duration', 'personal_status', 'property', 'purpose', 'savings_balance', 'telephone']",500,0.07626008987426758,17.475330713800652,15.0,,1.727671699410491,6.341013017895488,62.31482769445339,17.475330713800652
german_credit,XGBoost,17,63,SHAP-Targeted CE,True,['savings_balance'],500,0.03275346755981445,1.800432380744374,1.0,6.573840876841765e-32,2.382282589783292,4.958830893935171,99.99999999999997,1.800432380744374
german_credit,XGBoost,18,68,Actionable CBFI (Proposed),True,"['amount', 'installment_rate']",500,0.7895219326019287,0.5674104971009676,2.0,0.0,1.1171754197156576,4.965781473716483,100.0,0.5674104971009676
german_credit,XGBoost,18,68,Untargeted Causal (Karimi 2021),True,"['amount', 'installment_rate']",500,0.8217601776123047,0.5674104971009676,2.0,0.0,1.1171754197156576,4.965781473716483,100.0,0.5674104971009676
german_credit,XGBoost,18,68,Wachter's CE,True,"['amount', 'checking_balance', 'existing_credits', 'foreign_worker', 'housing', 'job', 'months_loan_duration', 'other_debtors', 'personal_status', 'property', 'purpose', 'savings_balance', 'telephone']",500,0.07797074317932129,17.74033412951175,13.0,0.08182226914292201,0.5334765757320076,5.046936484972651,72.74094281484523,17.74033412951175
german_credit,XGBoost,18,68,SHAP-Targeted CE,True,['savings_balance'],500,0.030725479125976562,0.9002161903721868,1.0,4.108650548026103e-33,0.9340291529295909,4.908351991452596,100.0,0.9002161903721868
german_credit,XGBoost,19,74,Actionable CBFI (Proposed),True,"['amount', 'installment_rate']",500,0.8542048931121826,0.8917614886215215,2.0,0.0,0.6991565895934005,3.8802657818272714,100.0,0.8917614886215215
german_credit,XGBoost,19,74,Untargeted Causal (Karimi 2021),True,"['amount', 'installment_rate']",500,0.888002872467041,0.8917614886215215,2.0,0.0,0.6991565895934005,3.8802657818272714,100.0,0.8917614886215215
german_credit,XGBoost,19,74,Wachter's CE,True,"['amount', 'checking_balance', 'credit_history', 'existing_credits', 'installment_rate', 'months_loan_duration', 'personal_status', 'property', 'purpose', 'telephone']",500,0.07729911804199219,11.932630638369838,10.0,,1.4200555009191989,4.423748487219834,87.66734780843464,11.932630638369838
german_credit,XGBoost,19,74,SHAP-Targeted CE,True,['checking_balance'],500,0.03667163848876953,1.0000000000000004,1.0,1.0271626370065257e-33,0.9257602362191634,4.291777350436386,99.99999999999996,1.0000000000000004
german_credit,XGBoost,20,76,Actionable CBFI (Proposed),True,"['amount', 'installment_rate', 'savings_balance']",500,0.9358038902282715,1.6693273668734991,3.0,0.0,0.585399270306144,3.460819805585374,100.0,1.6688771461949903
german_credit,XGBoost,20,76,Untargeted Causal (Karimi 2021),True,"['amount', 'installment_rate', 'savings_balance']",500,0.879603385925293,1.6693273668734991,3.0,0.0,0.585399270306144,3.460819805585374,100.0,1.6688771461949903
german_credit,XGBoost,20,76,Wachter's CE,True,"['amount', 'checking_balance', 'credit_history', 'dependents', 'employment_length', 'foreign_worker', 'installment_rate', 'job', 'months_loan_duration', 'property', 'purpose', 'telephone']",500,0.07880115509033203,17.02853304737162,12.0,0.0,0.21777277740693832,6.657032257937349,60.7760542019665,17.02853304737162
german_credit,XGBoost,20,76,SHAP-Targeted CE,True,"['checking_balance', 'other_debtors', 'savings_balance']",500,0.07048654556274414,2.273757796789327,3.0,0.0,0.7096961690649902,3.5871298609286235,99.99999999999997,2.273757796789327
german_credit,XGBoost,21,80,Actionable CBFI (Proposed),True,"['credit_history', 'employment_length']",500,0.8546464443206787,1.5555748466837644,2.0,0.0,1.2131860834904642,4.3838238639235545,100.0,1.5552969897788216
german_credit,XGBoost,21,80,Untargeted Causal (Karimi 2021),True,"['credit_history', 'employment_length']",500,0.9294748306274414,1.5555748466837644,2.0,0.0,1.2131860834904642,4.3838238639235545,100.0,1.5552969897788216
german_credit,XGBoost,21,80,Wachter's CE,True,"['amount', 'checking_balance', 'credit_history', 'dependents', 'existing_credits', 'foreign_worker', 'housing', 'job', 'months_loan_duration', 'other_debtors', 'personal_status', 'property', 'purpose', 'savings_balance', 'telephone']",500,0.07831406593322754,15.923185201088641,15.0,0.012219727581067874,1.0285408105821512,5.0644333979608485,55.920414495587046,15.923185201088641
german_credit,XGBoost,21,80,SHAP-Targeted CE,True,"['other_debtors', 'savings_balance']",500,0.03420686721801758,2.923973987161514,2.0,0.0,1.2131860834904642,4.645792491430475,61.5748426165777,2.923973987161514
german_credit,XGBoost,22,87,Actionable CBFI (Proposed),True,['checking_balance'],500,0.9333720207214355,2.0,1.0,0.0,2.5550825866696862,5.671749425578917,100.0,2.0
german_credit,XGBoost,22,87,Untargeted Causal (Karimi 2021),True,['checking_balance'],500,0.9591314792633057,2.0,1.0,0.0,2.5550825866696862,5.671749425578917,100.0,2.0
german_credit,XGBoost,22,87,Wachter's CE,True,"['amount', 'checking_balance', 'credit_history', 'dependents', 'employment_length', 'foreign_worker', 'installment_plan', 'installment_rate', 'job', 'months_loan_duration', 'other_debtors', 'personal_status', 'property', 'purpose', 'telephone']",500,0.07609915733337402,21.65905949716986,15.0,0.0,4.850236113019129,7.495582806938323,75.67925668878468,21.65905949716986
german_credit,XGBoost,22,87,SHAP-Targeted CE,True,['checking_balance'],500,0.03840804100036621,2.2500000000000004,1.0,0.0,2.5550825866696862,5.705125073316329,99.99999999999997,2.2500000000000004
german_credit,XGBoost,23,89,Actionable CBFI (Proposed),True,['checking_balance'],500,0.8618040084838867,1.0000000000000004,1.0,0.0,0.6188817990708081,2.870930559677267,100.0,1.0000000000000004
german_credit,XGBoost,23,89,Untargeted Causal (Karimi 2021),True,['checking_balance'],500,0.8781447410583496,1.0000000000000004,1.0,0.0,0.6188817990708081,2.870930559677267,100.0,1.0000000000000004
german_credit,XGBoost,23,89,Wachter's CE,True,"['amount', 'checking_balance', 'credit_history', 'dependents', 'existing_credits', 'housing', 'installment_rate', 'job', 'months_loan_duration', 'other_debtors', 'personal_status', 'property', 'purpose', 'savings_balance']",500,0.08224129676818848,17.07335267918277,14.0,,0.767897626830894,3.6357274844206136,77.50982263719793,17.07335267918277
german_credit,XGBoost,23,89,SHAP-Targeted CE,True,['checking_balance'],500,0.059870243072509766,1.2500000000000004,1.0,4.108650548026103e-33,0.6188817990708081,2.889620878918774,99.99999999999997,1.2500000000000004
german_credit,XGBoost,24,92,Actionable CBFI (Proposed),True,"['amount', 'months_loan_duration']",500,0.9884626865386963,0.998405466970387,2.0,0.0013835288825970761,0.46322283388057234,5.887681724860153,100.0,0.998405466970387
german_credit,XGBoost,24,92,Untargeted Causal (Karimi 2021),True,"['amount', 'months_loan_duration']",500,0.9260811805725098,0.998405466970387,2.0,0.0013835288825970761,0.46322283388057234,5.887681724860153,100.0,0.998405466970387
german_credit,XGBoost,24,92,Wachter's CE,True,"['amount', 'credit_history', 'dependents', 'employment_length', 'existing_credits', 'foreign_worker', 'housing', 'months_loan_duration', 'personal_status', 'purpose', 'savings_balance']",500,0.0794062614440918,16.89197776537864,11.0,0.0027670577651941522,1.7734774106482154,6.60721298899922,56.50571496954645,16.89197776537864
german_credit,XGBoost,24,92,SHAP-Targeted CE,True,['installment_plan'],500,0.035036325454711914,2.373322653616383,1.0,0.0,0.35483795923304357,5.461852227203109,100.0,2.373322653616383
german_credit,XGBoost,25,95,Actionable CBFI (Proposed),True,"['credit_history', 'savings_balance']",500,0.9530556201934814,2.0113658837397157,2.0,0.0,3.243601804631925,7.3412860417594095,100.0,2.0103599492513213
german_credit,XGBoost,25,95,Untargeted Causal (Karimi 2021),True,"['credit_history', 'savings_balance']",500,0.9607367515563965,2.0113658837397157,2.0,0.0,3.243601804631925,7.3412860417594095,100.0,2.0103599492513213
german_credit,XGBoost,25,95,Wachter's CE,True,"['amount', 'checking_balance', 'credit_history', 'foreign_worker', 'housing', 'installment_plan', 'installment_rate', 'job', 'months_loan_duration', 'other_debtors', 'property', 'purpose', 'savings_balance']",500,0.07647013664245605,20.18910938430372,13.0,0.0,5.402672453257814,8.168761340415408,77.11436508416337,20.18910938430372
german_credit,XGBoost,25,95,SHAP-Targeted CE,True,"['checking_balance', 'savings_balance']",500,0.030049800872802734,4.050432380744374,2.0,6.780878345863393e-34,3.243601804631925,7.162104392285575,100.0,4.050432380744374
german_credit,XGBoost,26,105,Actionable CBFI (Proposed),True,['savings_balance'],500,0.9204764366149902,1.8004323807443736,1.0,0.0,3.075441177989008,6.896896845417363,100.0,1.7995319393873561
german_credit,XGBoost,26,105,Untargeted Causal (Karimi 2021),True,['savings_balance'],500,0.9091267585754395,1.8004323807443736,1.0,0.0,3.075441177989008,6.896896845417363,100.0,1.7995319393873561
german_credit,XGBoost,26,105,Wachter's CE,True,"['amount', 'credit_history', 'employment_length', 'existing_credits', 'foreign_worker', 'installment_rate', 'job', 'months_loan_duration', 'other_debtors', 'personal_status', 'property', 'purpose', 'telephone']",500,0.07859420776367188,18.909492440427748,13.0,,0.6936429317796562,5.219108586977595,75.93381534576822,18.909492440427748
german_credit,XGBoost,26,105,SHAP-Targeted CE,True,['savings_balance'],500,0.03786778450012207,1.800432380744374,1.0,0.0,3.075441177989008,6.896896845417363,99.99999999999997,1.800432380744374
german_credit,XGBoost,27,106,Actionable CBFI (Proposed),True,"['credit_history', 'purpose']",500,0.9030494689941406,1.0555748466837644,2.0,0.0,0.9430883203697497,4.863505994753329,100.0,1.0552969897788218
german_credit,XGBoost,27,106,Untargeted Causal (Karimi 2021),True,"['credit_history', 'purpose']",500,0.9298605918884277,1.0555748466837644,2.0,0.0,0.9430883203697497,4.863505994753329,100.0,1.0552969897788218
german_credit,XGBoost,27,106,Wachter's CE,True,"['amount', 'checking_balance', 'credit_history', 'dependents', 'employment_length', 'existing_credits', 'foreign_worker', 'installment_rate', 'months_loan_duration', 'personal_status', 'property', 'purpose', 'telephone']",500,0.07812690734863281,18.646482843915418,13.0,,1.213542552815028,5.032326404731597,83.35955613900337,18.646482843915418
german_credit,XGBoost,27,106,SHAP-Targeted CE,True,"['checking_balance', 'savings_balance']",500,0.03211021423339844,3.150216190372187,2.0,0.0,0.9430883203697497,4.57689079847656,100.0,3.150216190372187
german_credit,XGBoost,28,113,Actionable CBFI (Proposed),True,"['purpose', 'savings_balance']",500,1.0183563232421875,1.4002161903721873,2.0,0.0,1.319355626770033,4.631153058298833,100.0,1.3997659696936786
german_credit,XGBoost,28,113,Untargeted Causal (Karimi 2021),True,"['purpose', 'savings_balance']",500,0.9907467365264893,1.4002161903721873,2.0,0.0,1.319355626770033,4.631153058298833,100.0,1.3997659696936786
german_credit,XGBoost,28,113,Wachter's CE,True,"['amount', 'checking_balance', 'credit_history', 'existing_credits', 'foreign_worker', 'job', 'months_loan_duration', 'other_debtors', 'personal_status', 'property', 'purpose', 'savings_balance', 'telephone']",500,0.11904072761535645,15.283192892662743,13.0,0.08667864237485001,0.5895644822616782,4.932863940735348,73.17286422392564,15.283192892662743
german_credit,XGBoost,28,113,SHAP-Targeted CE,True,"['checking_balance', 'savings_balance']",500,0.046231985092163086,3.900216190372187,2.0,2.0543252740130517e-32,1.319355626770033,4.7433275293788,100.0,3.900216190372187
german_credit,XGBoost,29,116,Actionable CBFI (Proposed),True,['checking_balance'],500,0.9263861179351807,1.0000000000000002,1.0,0.0,0.7264327849956421,3.7934881302270633,100.0,1.0000000000000002
german_credit,XGBoost,29,116,Untargeted Causal (Karimi 2021),True,['checking_balance'],500,0.8911905288696289,1.0000000000000002,1.0,0.0,0.7264327849956421,3.7934881302270633,100.0,1.0000000000000002
german_credit,XGBoost,29,116,Wachter's CE,True,"['amount', 'checking_balance', 'existing_credits', 'housing', 'installment_plan', 'installment_rate', 'months_loan_duration', 'other_debtors', 'personal_status', 'property', 'purpose']",500,0.09298872947692871,15.101420932535833,11.0,,1.5624911513076218,5.614519511399297,77.26210960556361,15.101420932535833
german_credit,XGBoost,29,116,SHAP-Targeted CE,True,['checking_balance'],500,0.038114309310913086,1.0000000000000004,1.0,4.108650548026103e-33,0.7264327849956421,3.7934881302270633,99.99999999999996,1.0000000000000004
german_credit,XGBoost,30,118,Actionable CBFI (Proposed),True,"['amount', 'installment_rate', 'months_loan_duration']",500,0.8945498466491699,0.948609434295821,3.0,0.0,1.4184923403946865,3.8329485145497486,100.0,0.948609434295821
german_credit,XGBoost,30,118,Untargeted Causal (Karimi 2021),True,"['amount', 'installment_rate', 'months_loan_duration']",500,0.9270470142364502,0.948609434295821,3.0,0.0,1.4184923403946865,3.8329485145497486,100.0,0.948609434295821
german_credit,XGBoost,30,118,Wachter's CE,True,"['amount', 'checking_balance', 'credit_history', 'dependents', 'employment_length', 'existing_credits', 'foreign_worker', 'housing', 'job', 'months_loan_duration', 'other_debtors', 'personal_status', 'property', 'purpose', 'telephone']",500,0.0772557258605957,16.484318515156065,15.0,0.0024290212397998674,1.176973848229357,4.930164560030624,60.396679920822,16.484318515156065
german_credit,XGBoost,30,118,SHAP-Targeted CE,True,"['checking_balance', 'other_debtors', 'savings_balance']",500,0.03219914436340332,4.023757796789328,3.0,0.0,1.4184923403946865,4.119652843663697,72.07730526639435,4.023757796789328
german_credit,XGBoost,31,120,Actionable CBFI (Proposed),True,"['amount', 'checking_balance', 'installment_rate']",500,0.9231460094451904,1.5837095419009954,3.0,0.0,0.6154827392616068,3.531980355907271,96.1095220879164,1.5837095419009954
german_credit,XGBoost,31,120,Untargeted Causal (Karimi 2021),True,"['amount', 'checking_balance', 'installment_rate']",500,0.9397921562194824,1.5837095419009954,3.0,0.0,0.6154827392616068,3.531980355907271,96.1095220879164,1.5837095419009954
german_credit,XGBoost,31,120,Wachter's CE,True,"['amount', 'checking_balance', 'credit_history', 'dependents', 'existing_credits', 'foreign_worker', 'installment_plan', 'installment_rate', 'job', 'personal_status', 'property', 'purpose', 'savings_balance', 'telephone']",500,0.07658696174621582,15.416984276907488,14.0,,4.095076134212808,5.397133041294403,64.53857552071541,15.416984276907488
german_credit,XGBoost,31,120,SHAP-Targeted CE,True,"['checking_balance', 'other_debtors']",500,0.032523155212402344,1.3735416064171404,2.0,1.643861454615522e-32,0.5359134224256764,3.5502722001580813,99.99999999999997,1.3735416064171404
german_credit,XGBoost,32,124,Actionable CBFI (Proposed),True,"['amount', 'installment_rate']",500,0.8787434101104736,0.9457520745216138,2.0,0.0,0.32562578070495635,3.853438384408733,99.99999999999999,0.9457520745216138
german_credit,XGBoost,32,124,Untargeted Causal (Karimi 2021),True,"['amount', 'installment_rate']",500,0.8635759353637695,0.9457520745216138,2.0,0.0,0.32562578070495635,3.853438384408733,99.99999999999999,0.9457520745216138
german_credit,XGBoost,32,124,Wachter's CE,True,"['amount', 'checking_balance', 'credit_history', 'dependents', 'employment_length', 'housing', 'installment_rate', 'job', 'months_loan_duration', 'other_debtors', 'personal_status', 'property', 'purpose', 'savings_balance']",500,0.07791900634765625,18.42314167729964,14.0,1.232595164407831e-32,0.7622221915981457,3.6489915960174053,90.51265315425415,18.42314167729964
german_credit,XGBoost,32,124,SHAP-Targeted CE,True,"['other_debtors', 'savings_balance']",500,0.029349803924560547,2.023757796789327,2.0,4.108650548026103e-33,0.34941542271988696,3.486632310314036,99.99999999999997,2.023757796789327
german_credit,XGBoost,33,127,Actionable CBFI (Proposed),True,"['amount', 'installment_rate']",500,0.8688144683837891,0.39627052670067536,2.0,0.0,0.3882782818220521,2.9972904132208265,100.0,0.39627052670067536
german_credit,XGBoost,33,127,Untargeted Causal (Karimi 2021),True,"['amount', 'installment_rate']",500,0.8755266666412354,0.39627052670067536,2.0,0.0,0.3882782818220521,2.9972904132208265,100.0,0.39627052670067536
german_credit,XGBoost,33,127,Wachter's CE,True,"['amount', 'checking_balance', 'credit_history', 'dependents', 'employment_length', 'housing', 'installment_rate', 'job', 'months_loan_duration', 'other_debtors', 'personal_status', 'property', 'purpose', 'savings_balance']",500,0.08041739463806152,16.914012917199653,14.0,0.0,0.7796356008602827,3.6669898384953603,90.34875664093015,16.914012917199653
german_credit,XGBoost,33,127,SHAP-Targeted CE,True,"['checking_balance', 'other_debtors']",500,0.04167580604553223,1.8735416064171404,2.0,0.0,0.34240914288042995,2.7705742469410284,99.99999999999997,1.8735416064171404
german_credit,XGBoost,34,129,Actionable CBFI (Proposed),True,['purpose'],500,0.8674790859222412,0.5000000000000002,1.0,0.0,0.5157605451367795,5.524355401740119,100.0,0.5000000000000002
german_credit,XGBoost,34,129,Untargeted Causal (Karimi 2021),True,['purpose'],500,0.8881752490997314,0.5000000000000002,1.0,0.0,0.5157605451367795,5.524355401740119,100.0,0.5000000000000002
german_credit,XGBoost,34,129,Wachter's CE,True,"['amount', 'checking_balance', 'credit_history', 'employment_length', 'existing_credits', 'foreign_worker', 'installment_plan', 'installment_rate', 'job', 'months_loan_duration', 'personal_status', 'property', 'purpose', 'telephone']",500,0.07772088050842285,15.638603247715782,14.0,,1.1287578554432003,6.021886573215955,70.91173900158255,15.638603247715782
german_credit,XGBoost,34,129,SHAP-Targeted CE,True,"['checking_balance', 'savings_balance']",500,0.034543752670288086,2.1502161903721873,2.0,2.608030133024382e-34,0.5157605451367795,5.546909389658952,99.99999999999997,2.1502161903721873
german_credit,XGBoost,35,131,Actionable CBFI (Proposed),True,"['credit_history', 'savings_balance']",500,0.8980903625488281,1.4557910370559513,2.0,0.0,0.7594656571469312,4.454770429517915,100.0,1.4550629594724998
german_credit,XGBoost,35,131,Untargeted Causal (Karimi 2021),True,"['credit_history', 'savings_balance']",500,0.911505937576294,1.4557910370559513,2.0,0.0,0.7594656571469312,4.454770429517915,100.0,1.4550629594724998
german_credit,XGBoost,35,131,Wachter's CE,True,"['amount', 'checking_balance', 'credit_history', 'existing_credits', 'foreign_worker', 'job', 'months_loan_duration', 'other_debtors', 'personal_status', 'property', 'purpose', 'savings_balance', 'telephone']",500,0.07812333106994629,17.221079333882333,13.0,0.04053120385986724,0.5688039610776959,4.888728005689801,84.76620156461988,17.221079333882333
german_credit,XGBoost,35,131,SHAP-Targeted CE,True,"['checking_balance', 'savings_balance']",500,0.036391258239746094,1.9002161903721868,2.0,0.0,0.7594656571469312,4.381174218286839,100.0,1.9002161903721868
german_credit,XGBoost,36,137,Actionable CBFI (Proposed),True,"['amount', 'installment_rate']",500,0.8357391357421875,0.5052703888008617,2.0,0.0,0.6067229118665173,4.692939252914288,99.99999999999997,0.5052703888008617
german_credit,XGBoost,36,137,Untargeted Causal (Karimi 2021),True,"['amount', 'installment_rate']",500,0.8998074531555176,0.5052703888008617,2.0,0.0,0.6067229118665173,4.692939252914288,99.99999999999997,0.5052703888008617
german_credit,XGBoost,36,137,Wachter's CE,True,"['amount', 'checking_balance', 'credit_history', 'dependents', 'employment_length', 'housing', 'installment_rate', 'job', 'months_loan_duration', 'other_debtors', 'personal_status', 'property', 'purpose']",500,0.07805657386779785,17.743669721948137,13.0,1.232595164407831e-32,1.0791787459567128,5.018727765831183,90.8000285510036,17.743669721948137
german_credit,XGBoost,36,137,SHAP-Targeted CE,True,"['other_debtors', 'savings_balance']",500,0.04180192947387695,2.023757796789327,2.0,4.108650548026103e-33,0.6609908918427291,4.9723537829072,99.99999999999997,2.023757796789327
german_credit,XGBoost,37,143,Actionable CBFI (Proposed),True,"['amount', 'installment_rate']",500,0.8827264308929443,0.3976966931206791,2.0,0.0,0.39427227264436376,2.5574864026906288,100.0,0.3976966931206791
german_credit,XGBoost,37,143,Untargeted Causal (Karimi 2021),True,"['amount', 'installment_rate']",500,0.8683598041534424,0.3976966931206791,2.0,0.0,0.39427227264436376,2.5574864026906288,100.0,0.3976966931206791
german_credit,XGBoost,37,143,Wachter's CE,True,"['amount', 'checking_balance', 'credit_history', 'dependents', 'employment_length', 'housing', 'installment_rate', 'job', 'months_loan_duration', 'other_debtors', 'personal_status', 'property', 'purpose', 'savings_balance']",500,0.07789492607116699,15.075060753190542,14.0,0.0,0.7357805332538659,3.7662001859842342,74.52861144514958,15.075060753190542
german_credit,XGBoost,37,143,SHAP-Targeted CE,True,"['checking_balance', 'other_debtors']",500,0.05067253112792969,1.3735416064171404,2.0,0.0,0.39335528847605317,2.6840521708571328,99.99999999999997,1.3735416064171404
german_credit,XGBoost,38,155,Actionable CBFI (Proposed),True,"['amount', 'installment_rate']",500,0.8660304546356201,0.6364776994410852,2.0,0.0,0.46062258038254383,3.002318935790932,100.0,0.6364776994410852
german_credit,XGBoost,38,155,Untargeted Causal (Karimi 2021),True,"['amount', 'installment_rate']",500,0.9125938415527344,0.6364776994410852,2.0,0.0,0.46062258038254383,3.002318935790932,100.0,0.6364776994410852
german_credit,XGBoost,38,155,Wachter's CE,True,"['amount', 'checking_balance', 'credit_history', 'dependents', 'employment_length', 'housing', 'installment_rate', 'job', 'months_loan_duration', 'other_debtors', 'personal_status', 'property', 'purpose', 'savings_balance']",500,0.07699346542358398,11.037743465120185,14.0,0.0,0.7261071115652359,4.060922893968972,77.05483238672045,11.037743465120185
german_credit,XGBoost,38,155,SHAP-Targeted CE,True,"['checking_balance', 'savings_balance']",500,0.03351712226867676,2.9002161903721877,2.0,4.108650548026103e-33,0.4673207252150468,3.380831458357331,68.96037635536881,2.9002161903721877
german_credit,XGBoost,39,166,Actionable CBFI (Proposed),True,"['amount', 'installment_rate', 'months_loan_duration']",500,0.8994138240814209,1.39746615430153,3.0,0.0,0.5010821681350506,3.483502302458597,100.0,1.39746615430153
german_credit,XGBoost,39,166,Untargeted Causal (Karimi 2021),True,"['amount', 'installment_rate', 'months_loan_duration']",500,0.940009355545044,1.39746615430153,3.0,0.0,0.5010821681350506,3.483502302458597,100.0,1.39746615430153
german_credit,XGBoost,39,166,Wachter's CE,True,"['amount', 'checking_balance', 'credit_history', 'dependents', 'employment_length', 'housing', 'installment_rate', 'job', 'months_loan_duration', 'other_debtors', 'personal_status', 'property', 'purpose', 'savings_balance']",500,0.07941031455993652,14.900158043707883,14.0,0.0,0.7982103208140964,3.67675802704165,85.6886581862537,14.900158043707883
german_credit,XGBoost,39,166,SHAP-Targeted CE,True,"['checking_balance', 'other_debtors', 'savings_balance']",500,0.03401994705200195,2.273757796789327,3.0,0.0,0.43238792685714994,3.634669813599254,99.99999999999997,2.273757796789327
german_credit,XGBoost,40,169,Actionable CBFI (Proposed),True,['savings_balance'],500,0.8866565227508545,0.9002161903721868,1.0,0.0,0.735859158509372,4.386732331868945,100.0,0.8997659696936781
german_credit,XGBoost,40,169,Untargeted Causal (Karimi 2021),True,['savings_balance'],500,0.9071393013000488,0.9002161903721868,1.0,0.0,0.735859158509372,4.386732331868945,100.0,0.8997659696936781
german_credit,XGBoost,40,169,Wachter's CE,True,"['amount', 'checking_balance', 'credit_history', 'existing_credits', 'installment_rate', 'job', 'months_loan_duration', 'personal_status', 'property', 'purpose', 'savings_balance', 'telephone']",500,0.07953000068664551,16.13586949900873,12.0,,1.4123768562871133,4.506424932091675,100.0,16.13586949900873
german_credit,XGBoost,40,169,SHAP-Targeted CE,True,['savings_balance'],500,0.036004066467285156,1.800432380744374,1.0,0.0,0.735859158509372,4.670264711634902,99.99999999999997,1.800432380744374
german_credit,XGBoost,41,170,Actionable CBFI (Proposed),True,"['amount', 'installment_rate', 'purpose']",500,0.9225919246673584,1.2130832100012159,3.0,0.0,0.7349810221038933,4.1646692592323395,100.0,1.2130832100012159
german_credit,XGBoost,41,170,Untargeted Causal (Karimi 2021),True,"['amount', 'installment_rate', 'purpose']",500,1.1244897842407227,1.2130832100012159,3.0,0.0,0.7349810221038933,4.1646692592323395,100.0,1.2130832100012159
german_credit,XGBoost,41,170,Wachter's CE,True,"['amount', 'checking_balance', 'credit_history', 'dependents', 'existing_credits', 'job', 'months_loan_duration', 'other_debtors', 'personal_status', 'property', 'purpose']",500,0.12378382682800293,15.602058925142627,11.0,0.0045314756740109366,0.6492723089276277,5.536836984113869,77.40754876292392,15.602058925142627
german_credit,XGBoost,41,170,SHAP-Targeted CE,True,"['checking_balance', 'savings_balance']",500,0.04881000518798828,2.9002161903721877,2.0,0.0,0.6277076092742706,4.388108347910402,99.99999999999999,2.9002161903721877
german_credit,XGBoost,42,172,Actionable CBFI (Proposed),True,"['amount', 'installment_rate']",500,0.8771035671234131,0.8031354325213705,2.0,0.0,0.18677152314700798,4.191104075094697,100.0,0.8031354325213705
german_credit,XGBoost,42,172,Untargeted Causal (Karimi 2021),True,"['amount', 'installment_rate']",500,0.9592380523681641,0.8031354325213705,2.0,0.0,0.18677152314700798,4.191104075094697,100.0,0.8031354325213705
german_credit,XGBoost,42,172,Wachter's CE,True,"['amount', 'checking_balance', 'credit_history', 'employment_length', 'existing_credits', 'installment_rate', 'months_loan_duration', 'personal_status', 'property', 'purpose', 'savings_balance', 'telephone']",500,0.11579656600952148,16.275686020422604,12.0,,1.4137750938061313,4.521588878900717,93.73938656640391,16.275686020422604
german_credit,XGBoost,42,172,SHAP-Targeted CE,True,['savings_balance'],500,0.037566423416137695,1.800432380744374,1.0,1.0311749910573326e-33,0.26651734795245935,4.626651679496095,99.99999999999997,1.800432380744374
german_credit,XGBoost,43,174,Actionable CBFI (Proposed),True,['savings_balance'],500,0.8788845539093018,0.9002161903721868,1.0,0.0,0.6887584305419291,3.5205263392089283,100.0,0.8997659696936781
german_credit,XGBoost,43,174,Untargeted Causal (Karimi 2021),True,['savings_balance'],500,0.9080257415771484,0.9002161903721868,1.0,0.0,0.6887584305419291,3.5205263392089283,100.0,0.8997659696936781
german_credit,XGBoost,43,174,Wachter's CE,True,"['amount', 'checking_balance', 'credit_history', 'dependents', 'existing_credits', 'foreign_worker', 'housing', 'installment_rate', 'job', 'other_debtors', 'personal_status', 'purpose', 'savings_balance', 'telephone']",500,0.11705398559570312,16.10001030242409,14.0,,1.1522851964904401,4.624051337593631,70.2439128031172,16.10001030242409
german_credit,XGBoost,43,174,SHAP-Targeted CE,True,"['checking_balance', 'other_debtors']",500,0.03755807876586914,1.3735416064171404,2.0,0.0,0.6887584305419291,3.5312011082063033,99.99999999999997,1.3735416064171404
german_credit,XGBoost,44,175,Actionable CBFI (Proposed),True,"['credit_history', 'personal_status']",500,0.8560647964477539,1.536648069306643,2.0,0.0,1.1782040394118785,5.218980922592652,100.0,1.5358795530948806
german_credit,XGBoost,44,175,Untargeted Causal (Karimi 2021),True,"['credit_history', 'personal_status']",500,0.9043259620666504,1.536648069306643,2.0,0.0,1.1782040394118785,5.218980922592652,100.0,1.5358795530948806
german_credit,XGBoost,44,175,Wachter's CE,True,"['amount', 'credit_history', 'employment_length', 'existing_credits', 'installment_plan', 'installment_rate', 'months_loan_duration', 'personal_status', 'property', 'purpose', 'telephone']",500,0.07778739929199219,16.037984038169327,11.0,,1.4495988130444086,5.224710492002212,91.9004553225416,16.037984038169327
german_credit,XGBoost,44,175,SHAP-Targeted CE,True,['checking_balance'],500,0.03504157066345215,3.0,1.0,4.108650548026103e-33,1.1782040394118785,5.402607390764275,100.0,3.0
german_credit,XGBoost,45,180,Actionable CBFI (Proposed),True,['savings_balance'],500,0.8687314987182617,0.9002161903721868,1.0,0.0,1.5825946817457244,4.779018245864325,100.0,0.8997659696936781
german_credit,XGBoost,45,180,Untargeted Causal (Karimi 2021),True,['savings_balance'],500,0.8763082027435303,0.9002161903721868,1.0,0.0,1.5825946817457244,4.779018245864325,100.0,0.8997659696936781
german_credit,XGBoost,45,180,Wachter's CE,True,"['amount', 'checking_balance', 'dependents', 'employment_length', 'existing_credits', 'foreign_worker', 'installment_rate', 'job', 'months_loan_duration', 'other_debtors', 'personal_status', 'property', 'purpose', 'telephone']",500,0.07960629463195801,19.685496656029887,14.0,,0.7959201123833669,5.650801474636848,68.35193531061724,19.685496656029887
german_credit,XGBoost,45,180,SHAP-Targeted CE,True,['savings_balance'],500,0.034269094467163086,1.800432380744374,1.0,0.0,1.5825946817457244,5.008055066915229,99.99999999999997,1.800432380744374
german_credit,XGBoost,46,181,Actionable CBFI (Proposed),True,['savings_balance'],500,0.8687295913696289,0.9002161903721868,1.0,0.0,0.6373665452223221,5.036440064140218,100.0,0.8997659696936781
german_credit,XGBoost,46,181,Untargeted Causal (Karimi 2021),True,['savings_balance'],500,0.8889296054840088,0.9002161903721868,1.0,0.0,0.6373665452223221,5.036440064140218,100.0,0.8997659696936781
german_credit,XGBoost,46,181,Wachter's CE,True,"['amount', 'checking_balance', 'dependents', 'employment_length', 'existing_credits', 'foreign_worker', 'housing', 'installment_rate', 'job', 'months_loan_duration', 'personal_status', 'property']",500,0.08273148536682129,16.941505825179394,12.0,,1.1631537492274961,5.208863161108077,76.98872611749627,16.941505825179394
german_credit,XGBoost,46,181,SHAP-Targeted CE,True,['savings_balance'],500,0.03802156448364258,0.9002161903721868,1.0,0.0,0.6373665452223221,5.036440064140218,100.0,0.9002161903721868
german_credit,XGBoost,47,182,Actionable CBFI (Proposed),True,['credit_history'],500,0.852257251739502,1.1111496933675291,1.0,0.0,0.635332535142129,4.308159559058146,100.0,1.1105939795576434
german_credit,XGBoost,47,182,Untargeted Causal (Karimi 2021),True,['credit_history'],500,0.9137325286865234,1.1111496933675291,1.0,0.0,0.635332535142129,4.308159559058146,100.0,1.1105939795576434
german_credit,XGBoost,47,182,Wachter's CE,True,"['amount', 'checking_balance', 'credit_history', 'employment_length', 'existing_credits', 'foreign_worker', 'housing', 'installment_plan', 'installment_rate', 'job', 'other_debtors', 'purpose', 'telephone']",500,0.07887911796569824,18.65953328751338,13.0,,1.249242680678975,5.573913885525405,71.80888512670242,18.65953328751338
german_credit,XGBoost,47,182,SHAP-Targeted CE,True,"['checking_balance', 'other_debtors', 'savings_balance']",500,0.03558516502380371,2.273757796789327,3.0,4.108650548026103e-33,0.635332535142129,4.327239883760358,60.40843964808641,2.273757796789327
german_credit,XGBoost,48,184,Actionable CBFI (Proposed),True,"['amount', 'installment_rate']",500,0.8702437877655029,0.6458496502011009,2.0,0.0,0.6013367263847172,5.13698618471858,100.0,0.6458496502011009
german_credit,XGBoost,48,184,Untargeted Causal (Karimi 2021),True,"['amount', 'installment_rate']",500,1.0017926692962646,0.6458496502011009,2.0,0.0,0.6013367263847172,5.13698618471858,100.0,0.6458496502011009
german_credit,XGBoost,48,184,Wachter's CE,True,"['amount', 'checking_balance', 'credit_history', 'dependents', 'employment_length', 'foreign_worker', 'installment_rate', 'job', 'months_loan_duration', 'personal_status', 'property', 'purpose', 'telephone']",500,0.11636638641357422,16.337165325063996,13.0,0.0,1.1844947095366614,5.066560951627847,76.41507375066452,16.337165325063996
german_credit,XGBoost,48,184,SHAP-Targeted CE,True,"['installment_plan', 'savings_balance']",500,0.03268909454345703,4.173755034360757,2.0,4.108650548026103e-33,0.48217365979254495,4.911123821696862,100.0,4.173755034360757
german_credit,XGBoost,49,186,Actionable CBFI (Proposed),True,"['credit_history', 'savings_balance']",500,0.999882698059082,1.4557910370559513,2.0,0.0,1.0614262477950343,5.920923837432016,100.0,1.4550629594724995
german_credit,XGBoost,49,186,Untargeted Causal (Karimi 2021),True,"['credit_history', 'savings_balance']",500,1.0474214553833008,1.4557910370559513,2.0,0.0,1.0614262477950343,5.920923837432016,100.0,1.4550629594724995
german_credit,XGBoost,49,186,Wachter's CE,True,"['amount', 'checking_balance', 'credit_history', 'existing_credits', 'installment_rate', 'job', 'months_loan_duration', 'personal_status', 'property', 'purpose', 'savings_balance', 'telephone']",500,0.07817673683166504,16.601073390898407,12.0,,0.39870433792222265,6.656788409068339,84.53135283801852,16.601073390898407
german_credit,XGBoost,49,186,SHAP-Targeted CE,True,"['checking_balance', 'savings_balance']",500,0.03180527687072754,4.800432380744374,2.0,4.108650548026103e-33,1.0614262477950343,5.926077500629692,100.0,4.800432380744374
german_credit,XGBoost,50,188,Actionable CBFI (Proposed),True,"['amount', 'installment_rate']",500,0.874091386795044,0.4319246872007361,2.0,0.0,0.32346141458501715,3.689982665676421,100.0,0.4319246872007361
german_credit,XGBoost,50,188,Untargeted Causal (Karimi 2021),True,"['amount', 'installment_rate']",500,0.9039742946624756,0.4319246872007361,2.0,0.0,0.32346141458501715,3.689982665676421,100.0,0.4319246872007361
german_credit,XGBoost,50,188,Wachter's CE,True,"['amount', 'checking_balance', 'credit_history', 'dependents', 'housing', 'installment_rate', 'job', 'months_loan_duration', 'other_debtors', 'personal_status', 'property', 'purpose', 'savings_balance']",500,0.07753539085388184,14.464830355169031,13.0,0.0,0.7261071115652359,4.059877026888102,87.91643380605588,14.464830355169031
german_credit,XGBoost,50,188,SHAP-Targeted CE,True,['checking_balance'],500,0.0416414737701416,1.2500000000000004,1.0,0.0,0.27870278094681056,3.7298823147014186,99.99999999999997,1.2500000000000004
german_credit,XGBoost,51,190,Actionable CBFI (Proposed),True,['purpose'],500,1.031219244003296,1.0000000000000002,1.0,0.0,2.304851511086071,5.631784994268531,100.0,1.0000000000000002
german_credit,XGBoost,51,190,Untargeted Causal (Karimi 2021),True,['purpose'],500,0.8708977699279785,1.0000000000000002,1.0,0.0,2.304851511086071,5.631784994268531,100.0,1.0000000000000002
german_credit,XGBoost,51,190,Wachter's CE,True,"['amount', 'credit_history', 'employment_length', 'existing_credits', 'installment_rate', 'months_loan_duration', 'personal_status', 'property', 'purpose', 'savings_balance', 'telephone']",500,0.07736611366271973,18.83062604914133,11.0,,1.4527746171646605,4.677088440657843,93.3618776309511,18.83062604914133
german_credit,XGBoost,51,190,SHAP-Targeted CE,True,"['checking_balance', 'installment_plan', 'other_debtors']",500,0.06481170654296875,5.310202933225331,3.0,0.0,2.304851511086071,5.960584537747961,78.84183296673525,5.310202933225331
german_credit,XGBoost,52,191,Actionable CBFI (Proposed),True,"['credit_history', 'property']",500,0.9580485820770264,1.5555748466837644,2.0,0.0,0.9407162094760588,5.563594843381154,100.0,1.5552969897788218
german_credit,XGBoost,52,191,Untargeted Causal (Karimi 2021),True,"['credit_history', 'property']",500,1.1940200328826904,1.5555748466837644,2.0,0.0,0.9407162094760588,5.563594843381154,100.0,1.5552969897788218
german_credit,XGBoost,52,191,Wachter's CE,True,"['amount', 'employment_length', 'housing', 'installment_plan', 'installment_rate', 'job', 'months_loan_duration', 'other_debtors', 'purpose', 'telephone']",500,0.07783794403076172,20.33644063028266,10.0,0.0,1.4102976379837502,6.359671931215475,63.69986736618208,20.33644063028266
german_credit,XGBoost,52,191,SHAP-Targeted CE,True,['savings_balance'],500,0.03261995315551758,3.6008647614887477,1.0,4.365441207277735e-33,0.9407162094760588,5.49826939745823,99.99999999999999,3.6008647614887477
german_credit,XGBoost,53,192,Actionable CBFI (Proposed),True,['savings_balance'],500,0.830540657043457,0.9002161903721868,1.0,0.0,0.49081360354361486,3.9280009251247683,100.0,0.8997659696936781
german_credit,XGBoost,53,192,Untargeted Causal (Karimi 2021),True,['savings_balance'],500,0.8704664707183838,0.9002161903721868,1.0,0.0,0.49081360354361486,3.9280009251247683,100.0,0.8997659696936781
german_credit,XGBoost,53,192,Wachter's CE,True,"['amount', 'checking_balance', 'dependents', 'existing_credits', 'foreign_worker', 'installment_plan', 'job', 'months_loan_duration', 'other_debtors', 'personal_status', 'property', 'savings_balance', 'telephone']",500,0.07982444763183594,19.083774436750183,13.0,0.007137187473459089,0.5374408780756776,4.921615450001592,66.07921780198569,19.083774436750183
german_credit,XGBoost,53,192,SHAP-Targeted CE,True,['savings_balance'],500,0.03548836708068848,1.800432380744374,1.0,0.0,0.49081360354361486,4.20859791077092,99.99999999999997,1.800432380744374
german_credit,XGBoost,54,194,Actionable CBFI (Proposed),True,"['credit_history', 'employment_length']",500,0.9061686992645264,2.6667245400512933,2.0,0.0,0.8826125418057004,5.252706741314702,100.0,2.6658909693364645
german_credit,XGBoost,54,194,Untargeted Causal (Karimi 2021),True,"['credit_history', 'employment_length']",500,0.9052808284759521,2.6667245400512933,2.0,0.0,0.8826125418057004,5.252706741314702,100.0,2.6658909693364645
german_credit,XGBoost,54,194,Wachter's CE,True,"['amount', 'credit_history', 'dependents', 'employment_length', 'housing', 'installment_plan', 'installment_rate', 'job', 'months_loan_duration', 'other_debtors', 'property', 'purpose', 'telephone']",500,0.07954001426696777,17.47548981031957,13.0,0.0,1.265879296467627,6.514416840266042,58.71881515346751,17.47548981031957
german_credit,XGBoost,54,194,SHAP-Targeted CE,True,"['checking_balance', 'savings_balance']",500,0.0352017879486084,3.450648571116561,2.0,5.7777898331617076e-34,0.8826125418057004,4.673181678762787,99.99999999999997,3.450648571116561
german_credit,XGBoost,55,195,Actionable CBFI (Proposed),True,"['amount', 'installment_rate', 'purpose']",500,0.8364202976226807,0.9133845237407048,3.0,0.0,0.7314686896778971,3.6581182708477247,100.0,0.9133845237407048
german_credit,XGBoost,55,195,Untargeted Causal (Karimi 2021),True,"['amount', 'installment_rate', 'purpose']",500,0.8780536651611328,0.9133845237407048,3.0,0.0,0.7314686896778971,3.6581182708477247,100.0,0.9133845237407048
german_credit,XGBoost,55,195,Wachter's CE,True,"['amount', 'checking_balance', 'credit_history', 'dependents', 'employment_length', 'existing_credits', 'housing', 'installment_rate', 'months_loan_duration', 'other_debtors', 'personal_status', 'property', 'purpose', 'savings_balance', 'telephone']",500,0.07937765121459961,15.561280330849334,15.0,,0.8046599631746291,3.616908360117457,76.4137137742051,15.561280330849334
german_credit,XGBoost,55,195,SHAP-Targeted CE,True,"['checking_balance', 'other_debtors']",500,0.03866171836853027,1.8735416064171404,2.0,4.108650548026103e-33,0.7266456096257743,3.557780595066745,99.99999999999997,1.8735416064171404
german_credit,XGBoost,56,197,Actionable CBFI (Proposed),True,"['amount', 'installment_rate', 'months_loan_duration']",500,0.8886134624481201,0.9486094342958212,3.0,0.0,7.280541106461087,7.608042609189946,95.00813700204559,0.9486094342958212
german_credit,XGBoost,56,197,Untargeted Causal (Karimi 2021),True,"['amount', 'installment_rate', 'months_loan_duration']",500,0.9762933254241943,0.9486094342958212,3.0,0.0,7.280541106461087,7.608042609189946,95.00813700204559,0.9486094342958212
german_credit,XGBoost,56,197,Wachter's CE,True,"['amount', 'checking_balance', 'credit_history', 'dependents', 'employment_length', 'installment_plan', 'installment_rate', 'job', 'months_loan_duration', 'personal_status', 'property', 'purpose', 'telephone']",500,0.07712006568908691,17.849871345735536,13.0,0.0,7.656169808787166,7.704047584348833,74.71601668547689,17.849871345735536
german_credit,XGBoost,56,197,SHAP-Targeted CE,True,"['other_debtors', 'savings_balance']",500,0.037134408950805664,2.9239739871615136,2.0,0.0,7.280541106461087,7.430520975828654,100.0,2.9239739871615136
german_credit,XGBoost,57,199,Actionable CBFI (Proposed),True,"['amount', 'installment_rate', 'savings_balance']",500,0.8890519142150879,1.3311221872729224,3.0,0.0,0.6834891925737582,4.465888624120313,100.0,1.3306719665944136
german_credit,XGBoost,57,199,Untargeted Causal (Karimi 2021),True,"['amount', 'installment_rate', 'savings_balance']",500,0.880530595779419,1.3311221872729224,3.0,0.0,0.6834891925737582,4.465888624120313,100.0,1.3306719665944136
german_credit,XGBoost,57,199,Wachter's CE,True,"['amount', 'checking_balance', 'dependents', 'employment_length', 'existing_credits', 'foreign_worker', 'installment_plan', 'installment_rate', 'months_loan_duration', 'purpose', 'savings_balance', 'telephone']",500,0.07888150215148926,17.194558783552964,12.0,,3.3924520608125186,7.194705446498016,61.955970198076784,17.194558783552964
german_credit,XGBoost,57,199,SHAP-Targeted CE,True,"['other_debtors', 'savings_balance']",500,0.033884525299072266,2.023757796789327,2.0,0.0,0.6251977358949633,4.484859783892746,99.99999999999997,2.023757796789327
german_credit,XGBoost,58,203,Actionable CBFI (Proposed),True,"['amount', 'installment_rate']",500,0.861011266708374,0.6641860756011322,2.0,0.0,0.3394470476767455,3.560329161810222,100.0,0.6641860756011322
german_credit,XGBoost,58,203,Untargeted Causal (Karimi 2021),True,"['amount', 'installment_rate']",500,0.8735179901123047,0.6641860756011322,2.0,0.0,0.3394470476767455,3.560329161810222,100.0,0.6641860756011322
german_credit,XGBoost,58,203,Wachter's CE,True,"['amount', 'checking_balance', 'credit_history', 'dependents', 'housing', 'installment_rate', 'job', 'months_loan_duration', 'other_debtors', 'personal_status', 'property', 'purpose', 'savings_balance']",500,0.07653427124023438,15.672575229884295,13.0,0.0,0.7308793051489021,4.026240058167696,87.76760600387524,15.672575229884295
german_credit,XGBoost,58,203,SHAP-Targeted CE,True,['checking_balance'],500,0.04375195503234863,1.2500000000000004,1.0,0.0,0.27613548107151603,3.5572335494156335,99.99999999999997,1.2500000000000004
german_credit,XGBoost,59,212,Actionable CBFI (Proposed),True,['purpose'],500,0.8835301399230957,1.0000000000000002,1.0,0.0,0.418414031646261,4.376957322379495,100.0,1.0000000000000002
german_credit,XGBoost,59,212,Untargeted Causal (Karimi 2021),True,['purpose'],500,0.8939743041992188,1.0000000000000002,1.0,0.0,0.418414031646261,4.376957322379495,100.0,1.0000000000000002
german_credit,XGBoost,59,212,Wachter's CE,True,"['amount', 'checking_balance', 'credit_history', 'dependents', 'employment_length', 'existing_credits', 'foreign_worker', 'housing', 'installment_rate', 'job', 'months_loan_duration', 'personal_status', 'property']",500,0.07709956169128418,18.703705172734846,13.0,,1.1374938312742349,5.37458517725363,79.15676990602218,18.703705172734846
german_credit,XGBoost,59,212,SHAP-Targeted CE,True,"['checking_balance', 'savings_balance']",500,0.07153582572937012,1.9002161903721868,2.0,0.0,0.418414031646261,4.775367077796042,100.0,1.9002161903721868
german_credit,XGBoost,60,213,Actionable CBFI (Proposed),True,['credit_history'],500,0.8021275997161865,0.5555748466837649,1.0,0.0,1.0041832940285458,4.578220202593857,100.0,0.555296989778822
german_credit,XGBoost,60,213,Untargeted Causal (Karimi 2021),True,['credit_history'],500,0.8809285163879395,0.5555748466837649,1.0,0.0,1.0041832940285458,4.578220202593857,100.0,0.555296989778822
german_credit,XGBoost,60,213,Wachter's CE,True,"['amount', 'checking_balance', 'credit_history', 'existing_credits', 'installment_rate', 'months_loan_duration', 'personal_status', 'property', 'purpose', 'savings_balance', 'telephone']",500,0.07724285125732422,12.364618012977145,11.0,,1.500948959268883,5.200066120626001,88.09821838094952,12.364618012977145
german_credit,XGBoost,60,213,SHAP-Targeted CE,True,"['checking_balance', 'savings_balance']",500,0.03662896156311035,1.9002161903721875,2.0,9.244463733058732e-33,1.0041832940285458,4.614051735889653,99.99999999999997,1.9002161903721875
german_credit,XGBoost,61,226,Actionable CBFI (Proposed),True,['credit_history'],500,1.003328561782837,1.111149693367529,1.0,0.0,1.3765005480287904,6.369317784301512,100.0,1.1105939795576432
german_credit,XGBoost,61,226,Untargeted Causal (Karimi 2021),True,['credit_history'],500,0.8984129428863525,1.111149693367529,1.0,0.0,1.3765005480287904,6.369317784301512,100.0,1.1105939795576432
german_credit,XGBoost,61,226,Wachter's CE,True,"['amount', 'checking_balance', 'credit_history', 'dependents', 'employment_length', 'existing_credits', 'installment_rate', 'job', 'months_loan_duration', 'other_debtors', 'property', 'purpose', 'savings_balance']",500,0.07671213150024414,15.864811957824601,13.0,,2.1396176767443684,6.0971751265288905,95.64577490728338,15.864811957824601
german_credit,XGBoost,61,226,SHAP-Targeted CE,True,['checking_balance'],500,0.0333704948425293,3.0,1.0,0.0,1.3765005480287904,6.78156741305451,100.0,3.0
german_credit,XGBoost,62,227,Actionable CBFI (Proposed),True,"['checking_balance', 'purpose']",500,0.9866116046905518,2.0,2.0,0.0,2.2746572277249677,4.807580838633033,100.0,2.0
german_credit,XGBoost,62,227,Untargeted Causal (Karimi 2021),True,"['checking_balance', 'purpose']",500,0.9411752223968506,2.0,2.0,0.0,2.2746572277249677,4.807580838633033,100.0,2.0
german_credit,XGBoost,62,227,Wachter's CE,True,"['amount', 'checking_balance', 'credit_history', 'employment_length', 'foreign_worker', 'housing', 'months_loan_duration', 'other_debtors', 'personal_status', 'property', 'purpose', 'savings_balance', 'telephone']",500,0.07723140716552734,18.978257704281663,13.0,0.010019111211057261,2.4828507974149487,6.088408984371648,76.11958071032338,18.978257704281663
german_credit,XGBoost,62,227,SHAP-Targeted CE,True,"['checking_balance', 'savings_balance']",500,0.032811880111694336,2.9002161903721877,2.0,4.108650548026103e-33,2.2746572277249677,4.998766754021927,99.99999999999999,2.9002161903721877
german_credit,XGBoost,63,228,Actionable CBFI (Proposed),True,"['amount', 'installment_rate']",500,0.8386287689208984,0.2200371048003752,2.0,0.0,0.2782203806114401,3.060350283823242,100.0,0.2200371048003752
german_credit,XGBoost,63,228,Untargeted Causal (Karimi 2021),True,"['amount', 'installment_rate']",500,0.9237875938415527,0.2200371048003752,2.0,0.0,0.2782203806114401,3.060350283823242,100.0,0.2200371048003752
german_credit,XGBoost,63,228,Wachter's CE,True,"['amount', 'checking_balance', 'credit_history', 'dependents', 'housing', 'installment_rate', 'job', 'months_loan_duration', 'other_debtors', 'personal_status', 'property', 'purpose', 'savings_balance']",500,0.11974215507507324,14.17847760968257,13.0,0.0,0.7357805332538659,3.7662001859842342,88.48668669964495,14.17847760968257
german_credit,XGBoost,63,228,SHAP-Targeted CE,True,"['checking_balance', 'savings_balance']",500,0.05584001541137695,1.6502161903721875,2.0,4.108650548026103e-33,0.27934165336474265,3.0880005566630384,99.99999999999997,1.6502161903721875
german_credit,XGBoost,64,230,Actionable CBFI (Proposed),True,"['amount', 'installment_rate']",500,0.8551461696624756,0.5195320530008867,2.0,0.0,0.4664257863029322,2.73188063407095,100.0,0.5195320530008867
german_credit,XGBoost,64,230,Untargeted Causal (Karimi 2021),True,"['amount', 'installment_rate']",500,0.9329874515533447,0.5195320530008867,2.0,0.0,0.4664257863029322,2.73188063407095,100.0,0.5195320530008867
german_credit,XGBoost,64,230,Wachter's CE,True,"['amount', 'checking_balance', 'credit_history', 'dependents', 'employment_length', 'foreign_worker', 'installment_rate', 'job', 'months_loan_duration', 'property', 'purpose', 'telephone']",500,0.11444926261901855,14.471965089892501,12.0,1.232595164407831e-32,0.1658914182475339,6.694581716414994,50.32643168532607,14.471965089892501
german_credit,XGBoost,64,230,SHAP-Targeted CE,True,"['checking_balance', 'savings_balance']",500,0.03680276870727539,1.4002161903721873,2.0,4.108650548026103e-33,0.5030926575853606,2.7964013533070484,99.99999999999997,1.4002161903721873
german_credit,XGBoost,65,235,Actionable CBFI (Proposed),True,['checking_balance'],500,0.869145393371582,1.0000000000000004,1.0,0.0,0.46989185256498905,5.19682351703662,100.0,1.0000000000000004
german_credit,XGBoost,65,235,Untargeted Causal (Karimi 2021),True,['checking_balance'],500,0.8728580474853516,1.0000000000000004,1.0,0.0,0.46989185256498905,5.19682351703662,100.0,1.0000000000000004
german_credit,XGBoost,65,235,Wachter's CE,True,"['amount', 'checking_balance', 'employment_length', 'foreign_worker', 'housing', 'installment_plan', 'installment_rate', 'job', 'months_loan_duration', 'other_debtors', 'property', 'purpose', 'savings_balance', 'telephone']",500,0.08138656616210938,17.80992616861863,14.0,0.0,0.1414767147477712,5.586834462578866,71.6923789653694,17.80992616861863
german_credit,XGBoost,65,235,SHAP-Targeted CE,True,"['checking_balance', 'other_debtors']",500,0.042574405670166016,1.37354160641714,2.0,4.108650548026103e-33,0.46989185256498905,5.3140800118537435,100.0,1.37354160641714
german_credit,XGBoost,66,236,Actionable CBFI (Proposed),True,"['credit_history', 'property', 'purpose']",500,0.9101991653442383,2.0555748466837644,3.0,0.0,8.081591202377513,7.803779133604263,99.99999999999997,2.055296989778822
german_credit,XGBoost,66,236,Untargeted Causal (Karimi 2021),True,"['property', 'purpose']",500,0.9314754009246826,2.5,2.0,0.0,8.081591202377513,7.842255963434024,100.0,2.5
german_credit,XGBoost,66,236,Wachter's CE,True,"['amount', 'checking_balance', 'credit_history', 'dependents', 'existing_credits', 'foreign_worker', 'installment_rate', 'job', 'months_loan_duration', 'property', 'purpose', 'savings_balance']",500,0.07803606986999512,18.15010042417644,12.0,,10.9146366372593,9.237324360151309,42.30786039195823,18.15010042417644
german_credit,XGBoost,66,236,SHAP-Targeted CE,True,"['checking_balance', 'other_debtors', 'savings_balance']",500,0.02885746955871582,5.923973987161514,3.0,4.108650548026103e-33,8.081591202377513,7.95000016224376,100.0,5.923973987161514
german_credit,XGBoost,67,237,Actionable CBFI (Proposed),True,"['amount', 'employment_length', 'installment_rate']",500,0.8676502704620361,1.0869961516201494,3.0,0.0,0.44064642309481156,6.357027076258994,100.0,1.0869961516201494
german_credit,XGBoost,67,237,Untargeted Causal (Karimi 2021),True,"['amount', 'employment_length', 'installment_rate']",500,0.8857479095458984,1.0869961516201494,3.0,0.0,0.44064642309481156,6.357027076258994,100.0,1.0869961516201494
german_credit,XGBoost,67,237,Wachter's CE,True,"['amount', 'checking_balance', 'dependents', 'existing_credits', 'housing', 'installment_rate', 'job', 'months_loan_duration', 'personal_status', 'property', 'telephone']",500,0.07781696319580078,20.52564159236659,11.0,,0.3982393563070749,6.264796378832682,80.35571136727027,20.52564159236659
german_credit,XGBoost,67,237,SHAP-Targeted CE,True,['savings_balance'],500,0.034004926681518555,2.7006485711165604,1.0,0.0,0.44683176784813067,6.267351563268913,100.0,2.7006485711165604
german_credit,XGBoost,68,240,Actionable CBFI (Proposed),True,"['amount', 'installment_rate', 'purpose']",500,0.8723480701446533,1.5103370395417228,3.0,0.0,0.4074724921474058,4.36410753278133,100.0,1.5103370395417228
german_credit,XGBoost,68,240,Untargeted Causal (Karimi 2021),True,"['amount', 'installment_rate', 'purpose']",500,0.9380724430084229,1.5103370395417228,3.0,0.0,0.4074724921474058,4.36410753278133,100.0,1.5103370395417228
german_credit,XGBoost,68,240,Wachter's CE,True,"['amount', 'checking_balance', 'credit_history', 'existing_credits', 'installment_plan', 'installment_rate', 'job', 'months_loan_duration', 'personal_status', 'property', 'purpose', 'telephone']",500,0.07827448844909668,14.164304038449872,12.0,,1.4120898705475875,4.573405558249384,100.0,14.164304038449872
german_credit,XGBoost,68,240,SHAP-Targeted CE,True,['checking_balance'],500,0.031402587890625,2.0000000000000004,1.0,0.0,0.5893888118723208,4.504094425772434,100.0,2.0000000000000004
german_credit,XGBoost,69,242,Actionable CBFI (Proposed),True,"['amount', 'installment_rate', 'savings_balance']",500,0.9529075622558594,1.017365574872387,3.0,0.0,0.7195002542375768,5.016952086663537,100.0,1.0169153541938785
german_credit,XGBoost,69,242,Untargeted Causal (Karimi 2021),True,"['amount', 'installment_rate', 'savings_balance']",500,0.9426875114440918,1.017365574872387,3.0,0.0,0.7195002542375768,5.016952086663537,100.0,1.0169153541938785
german_credit,XGBoost,69,242,Wachter's CE,True,"['amount', 'checking_balance', 'credit_history', 'existing_credits', 'installment_plan', 'installment_rate', 'job', 'months_loan_duration', 'personal_status', 'property', 'purpose', 'savings_balance', 'telephone']",500,0.08972883224487305,16.79696857645239,13.0,,0.5162728792948417,6.2325962602515395,72.72878505625367,16.79696857645239
german_credit,XGBoost,69,242,SHAP-Targeted CE,True,"['checking_balance', 'other_debtors', 'savings_balance']",500,0.03511524200439453,2.273757796789327,3.0,3.611118645726067e-35,0.7435256521947045,5.125732708345966,99.99999999999997,2.273757796789327
german_credit,XGBoost,70,249,Actionable CBFI (Proposed),True,"['amount', 'checking_balance']",500,0.8208329677581787,1.166742596810934,2.0,0.0001548516212724002,0.35330670165533856,5.8333086414323745,100.0,1.166742596810934
german_credit,XGBoost,70,249,Untargeted Causal (Karimi 2021),True,"['amount', 'checking_balance', 'installment_rate']",500,0.846428394317627,1.1864203249003178,3.0,0.0,0.35028451481239103,5.831871027355827,100.0,1.1864203249003178
german_credit,XGBoost,70,249,Wachter's CE,True,"['amount', 'checking_balance', 'credit_history', 'employment_length', 'installment_rate', 'job', 'months_loan_duration', 'other_debtors', 'personal_status', 'property', 'purpose']",500,0.07862448692321777,11.879278305819108,11.0,0.0,0.5569573475829989,5.706204387123201,91.10149875762355,11.879278305819108
german_credit,XGBoost,70,249,SHAP-Targeted CE,True,['checking_balance'],500,0.04321694374084473,1.5000000000000007,1.0,3.611118645726067e-35,0.3152219121606788,5.775808962911285,99.99999999999997,1.5000000000000007
german_credit,XGBoost,71,252,Actionable CBFI (Proposed),True,"['purpose', 'savings_balance']",500,0.9065320491790771,1.4002161903721868,2.0,0.0,0.5362734105796073,4.6993664047825545,100.0,1.3997659696936782
german_credit,XGBoost,71,252,Untargeted Causal (Karimi 2021),True,"['purpose', 'savings_balance']",500,0.9218728542327881,1.4002161903721868,2.0,0.0,0.5362734105796073,4.6993664047825545,100.0,1.3997659696936782
german_credit,XGBoost,71,252,Wachter's CE,True,"['amount', 'checking_balance', 'credit_history', 'employment_length', 'housing', 'installment_plan', 'job', 'months_loan_duration', 'other_debtors', 'personal_status', 'purpose']",500,0.09430241584777832,16.200311502405494,11.0,0.016692476717530078,0.5725805753176182,5.724591398353463,72.60039909410533,16.200311502405494
german_credit,XGBoost,71,252,SHAP-Targeted CE,True,"['checking_balance', 'installment_plan', 'savings_balance']",500,0.029251813888549805,6.27353884398857,3.0,0.0,0.5362734105796073,4.332447051002217,100.0,6.27353884398857
german_credit,XGBoost,72,257,Actionable CBFI (Proposed),True,['credit_history'],500,0.8735365867614746,0.5555748466837644,1.0,0.0,0.35073186964733627,4.45508880005182,100.0,0.5552969897788216
german_credit,XGBoost,72,257,Untargeted Causal (Karimi 2021),True,['credit_history'],500,0.9037070274353027,0.5555748466837644,1.0,0.0,0.35073186964733627,4.45508880005182,100.0,0.5552969897788216
german_credit,XGBoost,72,257,Wachter's CE,True,"['amount', 'checking_balance', 'dependents', 'employment_length', 'housing', 'installment_rate', 'job', 'months_loan_duration', 'other_debtors', 'personal_status', 'property', 'purpose', 'savings_balance']",500,0.07924866676330566,17.645928301191667,13.0,0.0,0.7737020965849396,3.9614351368011658,83.01099664671014,17.645928301191667
german_credit,XGBoost,72,257,SHAP-Targeted CE,True,"['checking_balance', 'other_debtors']",500,0.04242110252380371,1.3735416064171404,2.0,0.0,0.35073186964733627,4.536837068118347,99.99999999999997,1.3735416064171404
german_credit,XGBoost,73,265,Actionable CBFI (Proposed),True,"['amount', 'installment_rate']",500,0.9036498069763184,0.5623170456009584,2.0,0.0,0.51998875656827,3.878043275717465,100.0,0.5623170456009584
german_credit,XGBoost,73,265,Untargeted Causal (Karimi 2021),True,"['amount', 'installment_rate']",500,0.9022352695465088,0.5623170456009584,2.0,0.0,0.51998875656827,3.878043275717465,100.0,0.5623170456009584
german_credit,XGBoost,73,265,Wachter's CE,True,"['amount', 'checking_balance', 'foreign_worker', 'housing', 'installment_plan', 'installment_rate', 'job', 'months_loan_duration', 'other_debtors', 'property', 'purpose', 'savings_balance', 'telephone']",500,0.08023786544799805,14.851091177241653,13.0,0.0,0.18662421127150033,5.441833327719259,61.492736309978156,14.851091177241653
german_credit,XGBoost,73,265,SHAP-Targeted CE,True,"['other_debtors', 'savings_balance']",500,0.03518390655517578,2.023757796789327,2.0,0.0,0.43410100799818646,3.9581884241189367,99.99999999999997,2.023757796789327
german_credit,XGBoost,74,268,Actionable CBFI (Proposed),True,"['checking_balance', 'purpose']",500,0.9149556159973145,1.5000000000000004,2.0,0.0,2.566436650229161,7.26209988954119,100.0,1.5000000000000004
german_credit,XGBoost,74,268,Untargeted Causal (Karimi 2021),True,"['checking_balance', 'purpose']",500,0.938021183013916,1.5000000000000004,2.0,0.0,2.566436650229161,7.26209988954119,100.0,1.5000000000000004
german_credit,XGBoost,74,268,Wachter's CE,True,"['amount', 'checking_balance', 'employment_length', 'housing', 'months_loan_duration', 'personal_status', 'property', 'purpose', 'savings_balance']",500,0.0775902271270752,18.207951396566123,9.0,0.3522435524399941,2.0441040756494715,7.681963259084165,94.82850703665035,18.207951396566123
german_credit,XGBoost,74,268,SHAP-Targeted CE,True,"['checking_balance', 'savings_balance']",500,0.03321719169616699,2.9002161903721877,2.0,4.108650548026103e-33,2.566436650229161,7.497583670040084,99.99999999999999,2.9002161903721877
german_credit,XGBoost,75,273,Actionable CBFI (Proposed),True,['savings_balance'],500,0.902195930480957,0.900216190372187,1.0,0.0,1.4124720763786807,4.563950587022118,100.0,0.8997659696936783
german_credit,XGBoost,75,273,Untargeted Causal (Karimi 2021),True,['savings_balance'],500,0.9237997531890869,0.900216190372187,1.0,0.0,1.4124720763786807,4.563950587022118,100.0,0.8997659696936783
german_credit,XGBoost,75,273,Wachter's CE,True,"['amount', 'credit_history', 'dependents', 'existing_credits', 'foreign_worker', 'installment_rate', 'job', 'months_loan_duration', 'personal_status', 'property', 'purpose', 'savings_balance', 'telephone']",500,0.07702803611755371,17.11419565874163,13.0,,2.132684137312101,6.370834258286504,72.41348277855565,17.11419565874163
german_credit,XGBoost,75,273,SHAP-Targeted CE,True,['savings_balance'],500,0.03564453125,1.800432380744374,1.0,1.6049416203226967e-33,1.4124720763786807,4.8521406177241575,99.99999999999997,1.800432380744374
german_credit,XGBoost,76,274,Actionable CBFI (Proposed),True,"['credit_history', 'savings_balance']",500,0.9084174633026123,1.4557910370559513,2.0,0.0,2.7667315211700423,6.20283355158738,100.0,1.4550629594724995
german_credit,XGBoost,76,274,Untargeted Causal (Karimi 2021),True,"['credit_history', 'savings_balance']",500,1.050450086593628,1.4557910370559513,2.0,0.0,2.7667315211700423,6.20283355158738,100.0,1.4550629594724995
german_credit,XGBoost,76,274,Wachter's CE,True,"['amount', 'checking_balance', 'credit_history', 'dependents', 'foreign_worker', 'housing', 'installment_plan', 'months_loan_duration', 'purpose', 'savings_balance', 'telephone']",500,0.11792278289794922,17.57675468087498,11.0,0.19093916529525956,9.860981803625386,9.860979885118917,69.6749705483182,17.57675468087498
german_credit,XGBoost,76,274,SHAP-Targeted CE,True,"['checking_balance', 'savings_balance']",500,0.03207540512084961,2.9002161903721877,2.0,0.0,2.7667315211700423,6.5425941657986755,99.99999999999999,2.9002161903721877
german_credit,XGBoost,77,278,Actionable CBFI (Proposed),True,['personal_status'],500,0.9302065372467041,0.9810732226228787,1.0,0.0,1.5830593506835584,4.230877571842971,100.0,0.980582563316059
german_credit,XGBoost,77,278,Untargeted Causal (Karimi 2021),True,['personal_status'],500,0.8946712017059326,0.9810732226228787,1.0,0.0,1.5830593506835584,4.230877571842971,100.0,0.980582563316059
german_credit,XGBoost,77,278,Wachter's CE,True,"['amount', 'checking_balance', 'credit_history', 'dependents', 'existing_credits', 'foreign_worker', 'housing', 'job', 'months_loan_duration', 'other_debtors', 'personal_status', 'purpose', 'savings_balance', 'telephone']",500,0.07826495170593262,14.838704095885769,14.0,0.0003080131870765903,1.106391825087637,4.903081265184847,65.93366574642349,14.838704095885769
german_credit,XGBoost,77,278,SHAP-Targeted CE,True,['other_debtors'],500,0.03735518455505371,1.1235416064171404,1.0,0.0,1.5830593506835584,4.377237926234751,100.0,1.1235416064171404
german_credit,XGBoost,78,289,Actionable CBFI (Proposed),True,"['amount', 'credit_history', 'installment_rate']",500,0.8742187023162842,1.3440411388851086,3.0,0.0,0.9579042112401749,4.952417049828472,100.0,1.3437632819801655
german_credit,XGBoost,78,289,Untargeted Causal (Karimi 2021),True,"['amount', 'credit_history', 'installment_rate']",500,0.982356071472168,1.3440411388851086,3.0,0.0,0.9579042112401749,4.952417049828472,100.0,1.3437632819801655
german_credit,XGBoost,78,289,Wachter's CE,True,"['amount', 'checking_balance', 'credit_history', 'employment_length', 'existing_credits', 'foreign_worker', 'housing', 'job', 'months_loan_duration', 'personal_status', 'property', 'purpose', 'savings_balance', 'telephone']",500,0.07847404479980469,15.971412294957588,14.0,0.005540200654864823,0.6304013336638637,5.177818034136804,76.72588778633612,15.971412294957588
german_credit,XGBoost,78,289,SHAP-Targeted CE,True,"['checking_balance', 'other_debtors']",500,0.045269012451171875,1.37354160641714,2.0,1.232595164407831e-32,0.7497582182971502,4.717623065120562,100.0,1.37354160641714
german_credit,XGBoost,79,291,Actionable CBFI (Proposed),True,"['housing', 'savings_balance']",500,0.902031421661377,2.783462040859275,2.0,0.0,1.269225583550577,4.003028970424302,100.0,2.7820699617320153
german_credit,XGBoost,79,291,Untargeted Causal (Karimi 2021),True,"['credit_history', 'savings_balance']",500,0.932985782623291,2.0113658837397157,2.0,0.0,1.269225583550577,4.383329708524152,44.75646115158434,2.0103599492513213
german_credit,XGBoost,79,291,Wachter's CE,True,"['amount', 'employment_length', 'existing_credits', 'housing', 'installment_plan', 'installment_rate', 'months_loan_duration', 'other_debtors', 'personal_status', 'property', 'purpose', 'savings_balance']",500,0.07693266868591309,18.48659135428248,12.0,,1.5993910383114132,5.698596349983017,81.42575624766525,18.48659135428248
german_credit,XGBoost,79,291,SHAP-Targeted CE,True,"['other_debtors', 'savings_balance']",500,0.03435182571411133,2.023757796789327,2.0,0.0,1.269225583550577,4.325140124968388,44.482407519337116,2.023757796789327
german_credit,XGBoost,80,295,Actionable CBFI (Proposed),True,['savings_balance'],500,0.9939348697662354,0.9002161903721869,1.0,0.0,0.8772285398162855,4.04283637589147,100.0,0.8997659696936782
german_credit,XGBoost,80,295,Untargeted Causal (Karimi 2021),True,['savings_balance'],500,0.9410691261291504,0.9002161903721869,1.0,0.0,0.8772285398162855,4.04283637589147,100.0,0.8997659696936782
german_credit,XGBoost,80,295,Wachter's CE,True,"['amount', 'employment_length', 'existing_credits', 'housing', 'installment_plan', 'installment_rate', 'job', 'months_loan_duration', 'other_debtors', 'personal_status', 'property', 'purpose', 'savings_balance']",500,0.07657456398010254,17.055741974849653,13.0,,1.6368070634003942,5.726990082467451,74.34666007882905,17.055741974849653
german_credit,XGBoost,80,295,SHAP-Targeted CE,True,['savings_balance'],500,0.03589010238647461,1.800432380744374,1.0,4.108650548026103e-33,0.8772285398162855,4.328665870581713,99.99999999999997,1.800432380744374
german_credit,XGBoost,81,301,Actionable CBFI (Proposed),True,['savings_balance'],500,0.8494613170623779,0.900216190372187,1.0,0.0,0.6462507372973753,3.9512404123685174,100.0,0.8997659696936783
german_credit,XGBoost,81,301,Untargeted Causal (Karimi 2021),True,['savings_balance'],500,0.8563768863677979,0.900216190372187,1.0,0.0,0.6462507372973753,3.9512404123685174,100.0,0.8997659696936783
german_credit,XGBoost,81,301,Wachter's CE,True,"['amount', 'checking_balance', 'credit_history', 'dependents', 'employment_length', 'housing', 'installment_plan', 'job', 'months_loan_duration', 'other_debtors', 'personal_status', 'property', 'purpose', 'savings_balance']",500,0.07891154289245605,17.634875146360653,14.0,0.0045273615102548685,0.6303835330710434,6.727084837073136,54.5234829832173,17.634875146360653
german_credit,XGBoost,81,301,SHAP-Targeted CE,True,['savings_balance'],500,0.03807187080383301,1.800432380744374,1.0,4.365441207277735e-33,0.6462507372973753,4.224376039168064,99.99999999999997,1.800432380744374
german_credit,XGBoost,82,302,Actionable CBFI (Proposed),True,"['amount', 'installment_rate', 'purpose']",500,0.8662381172180176,1.073318900840978,3.0,0.0,0.6683993886286611,4.74511786123848,100.0,1.073318900840978
german_credit,XGBoost,82,302,Untargeted Causal (Karimi 2021),True,"['amount', 'installment_rate', 'purpose']",500,0.895228385925293,1.073318900840978,3.0,0.0,0.6683993886286611,4.74511786123848,100.0,1.073318900840978
german_credit,XGBoost,82,302,Wachter's CE,True,"['amount', 'checking_balance', 'credit_history', 'existing_credits', 'foreign_worker', 'housing', 'installment_plan', 'installment_rate', 'months_loan_duration', 'personal_status', 'property', 'purpose', 'savings_balance', 'telephone']",500,0.08066201210021973,19.114404863608204,14.0,,1.1898048436599393,5.574238131059315,79.36911126881296,19.114404863608204
german_credit,XGBoost,82,302,SHAP-Targeted CE,True,"['checking_balance', 'installment_plan']",500,0.03457760810852051,2.623322653616383,2.0,0.0,0.7710380285036834,4.223052744062084,100.0,2.623322653616383
german_credit,XGBoost,83,304,Actionable CBFI (Proposed),True,"['credit_history', 'purpose']",500,0.9289956092834473,1.0555748466837647,2.0,0.0,0.5669363834605133,5.208938291735813,100.0,1.0552969897788218
german_credit,XGBoost,83,304,Untargeted Causal (Karimi 2021),True,"['credit_history', 'purpose']",500,0.9446725845336914,1.0555748466837647,2.0,0.0,0.5669363834605133,5.208938291735813,100.0,1.0552969897788218
german_credit,XGBoost,83,304,Wachter's CE,True,"['amount', 'credit_history', 'employment_length', 'foreign_worker', 'installment_plan', 'installment_rate', 'job', 'months_loan_duration', 'other_debtors', 'personal_status', 'property', 'purpose', 'telephone']",500,0.11927223205566406,19.89348258384245,13.0,0.0,1.4825933707749648,6.405820557013773,66.34553239926669,19.89348258384245
german_credit,XGBoost,83,304,SHAP-Targeted CE,True,['installment_plan'],500,0.03688478469848633,2.373322653616383,1.0,0.0,0.5669363834605133,4.967734864751268,100.0,2.373322653616383
german_credit,XGBoost,84,307,Actionable CBFI (Proposed),True,"['amount', 'installment_rate']",500,0.869471549987793,1.4346241457858766,2.0,0.0,0.28678348687816874,4.418758285600013,100.0,1.4346241457858766
german_credit,XGBoost,84,307,Untargeted Causal (Karimi 2021),True,"['amount', 'installment_rate']",500,0.9332776069641113,1.4346241457858766,2.0,0.0,0.28678348687816874,4.418758285600013,100.0,1.4346241457858766
german_credit,XGBoost,84,307,Wachter's CE,True,"['amount', 'checking_balance', 'employment_length', 'existing_credits', 'foreign_worker', 'housing', 'job', 'months_loan_duration', 'other_debtors', 'personal_status', 'property', 'purpose', 'savings_balance', 'telephone']",500,0.07995223999023438,18.506100948807134,14.0,0.002104167609453126,0.2749212089252449,5.704519104786867,75.64765059331359,18.506100948807134
german_credit,XGBoost,84,307,SHAP-Targeted CE,True,"['checking_balance', 'savings_balance']",500,0.03343820571899414,2.9002161903721877,2.0,4.108650548026103e-33,0.35842027725283393,4.36589369667178,99.99999999999999,2.9002161903721877
german_credit,XGBoost,85,308,Actionable CBFI (Proposed),True,['amount'],500,0.8296449184417725,0.6102961275626424,1.0,0.0020744542610631636,0.12757322911969973,3.1124507404552175,100.0,0.6102961275626424
german_credit,XGBoost,85,308,Untargeted Causal (Karimi 2021),True,['amount'],500,0.868685245513916,0.6102961275626424,1.0,0.0020744542610631636,0.12757322911969973,3.1124507404552175,100.0,0.6102961275626424
german_credit,XGBoost,85,308,Wachter's CE,True,"['amount', 'checking_balance', 'credit_history', 'dependents', 'employment_length', 'housing', 'installment_rate', 'job', 'months_loan_duration', 'other_debtors', 'personal_status', 'property', 'purpose', 'savings_balance']",500,0.07623934745788574,12.33007452054919,14.0,0.0,0.7459700930276855,3.936470315485555,86.76072439219337,12.33007452054919
german_credit,XGBoost,85,308,SHAP-Targeted CE,True,"['checking_balance', 'other_debtors']",500,0.038558006286621094,1.8735416064171404,2.0,3.611118645726067e-35,0.11197428566580953,2.9863361260434385,99.99999999999997,1.8735416064171404
german_credit,XGBoost,86,313,Actionable CBFI (Proposed),True,"['amount', 'installment_rate']",500,0.8964638710021973,0.44313028050075526,2.0,0.0,0.6232555784546254,4.012713264577289,89.4444298925528,0.44313028050075526
german_credit,XGBoost,86,313,Untargeted Causal (Karimi 2021),True,"['amount', 'installment_rate']",500,0.9076724052429199,0.44313028050075526,2.0,0.0,0.6232555784546254,4.012713264577289,89.4444298925528,0.44313028050075526
german_credit,XGBoost,86,313,Wachter's CE,True,"['amount', 'checking_balance', 'credit_history', 'dependents', 'employment_length', 'foreign_worker', 'installment_rate', 'job', 'months_loan_duration', 'personal_status', 'property', 'purpose', 'telephone']",500,0.07839202880859375,15.999539034791432,13.0,0.0,1.0879216089892176,5.2722922090697395,73.34166662245423,15.999539034791432
german_credit,XGBoost,86,313,SHAP-Targeted CE,True,"['checking_balance', 'installment_plan', 'savings_balance']",500,0.03231692314147949,6.27353884398857,3.0,0.0,0.5751682060262251,3.5878582976495736,100.0,6.27353884398857
german_credit,XGBoost,87,315,Actionable CBFI (Proposed),True,['checking_balance'],500,0.8653314113616943,1.0000000000000002,1.0,0.0,0.6823021414283273,3.7076348733702553,100.0,1.0000000000000002
german_credit,XGBoost,87,315,Untargeted Causal (Karimi 2021),True,['checking_balance'],500,0.9054520130157471,1.0000000000000002,1.0,0.0,0.6823021414283273,3.7076348733702553,100.0,1.0000000000000002
german_credit,XGBoost,87,315,Wachter's CE,True,"['amount', 'checking_balance', 'credit_history', 'existing_credits', 'installment_plan', 'installment_rate', 'job', 'months_loan_duration', 'personal_status', 'property', 'purpose', 'savings_balance', 'telephone']",500,0.07843542098999023,16.808571924973908,13.0,,1.4123768562871133,4.506424932091675,93.711079487615,16.808571924973908
german_credit,XGBoost,87,315,SHAP-Targeted CE,True,"['checking_balance', 'savings_balance']",500,0.0426945686340332,1.1502161903721868,2.0,2.5679065925163143e-34,0.6823021414283273,3.804555414237846,100.0,1.1502161903721868
german_credit,XGBoost,88,320,Actionable CBFI (Proposed),True,['purpose'],500,0.9132692813873291,0.5000000000000002,1.0,0.0,0.7686740876642268,3.9648973837616284,100.0,0.5000000000000002
german_credit,XGBoost,88,320,Untargeted Causal (Karimi 2021),True,['purpose'],500,0.9521462917327881,0.5000000000000002,1.0,0.0,0.7686740876642268,3.9648973837616284,100.0,0.5000000000000002
german_credit,XGBoost,88,320,Wachter's CE,True,"['amount', 'checking_balance', 'credit_history', 'employment_length', 'existing_credits', 'installment_rate', 'months_loan_duration', 'personal_status', 'property', 'purpose', 'savings_balance', 'telephone']",500,0.07811808586120605,15.706146794770849,12.0,,1.4121399294597712,4.590600861413998,93.512363033919,15.706146794770849
german_credit,XGBoost,88,320,SHAP-Targeted CE,True,['savings_balance'],500,0.031389474868774414,1.800432380744374,1.0,4.108650548026103e-33,0.7686740876642268,4.455986447163772,99.99999999999997,1.800432380744374
german_credit,XGBoost,89,321,Actionable CBFI (Proposed),True,['checking_balance'],500,0.9202406406402588,1.0000000000000002,1.0,0.0,0.4739531599647953,3.5728080513703224,100.0,1.0000000000000002
german_credit,XGBoost,89,321,Untargeted Causal (Karimi 2021),True,['checking_balance'],500,0.9259943962097168,1.0000000000000002,1.0,0.0,0.4739531599647953,3.5728080513703224,100.0,1.0000000000000002
german_credit,XGBoost,89,321,Wachter's CE,True,"['amount', 'checking_balance', 'credit_history', 'dependents', 'existing_credits', 'foreign_worker', 'housing', 'installment_rate', 'job', 'months_loan_duration', 'other_debtors', 'personal_status', 'purpose', 'savings_balance', 'telephone']",500,0.07998371124267578,19.005312626025727,15.0,,1.106391825087637,4.633479911036951,61.68832181364235,19.005312626025727
german_credit,XGBoost,89,321,SHAP-Targeted CE,True,['checking_balance'],500,0.03775429725646973,1.2500000000000004,1.0,0.0,0.4739531599647953,3.606866032303111,99.99999999999997,1.2500000000000004
german_credit,XGBoost,90,331,Actionable CBFI (Proposed),True,"['amount', 'installment_rate', 'purpose']",500,0.8469521999359131,0.5435999448400745,3.0,0.0,0.6434657050496393,3.5606660575842017,100.0,0.5435999448400745
german_credit,XGBoost,90,331,Untargeted Causal (Karimi 2021),True,"['amount', 'installment_rate', 'purpose']",500,0.8534424304962158,0.5435999448400745,3.0,0.0,0.6434657050496393,3.5606660575842017,100.0,0.5435999448400745
german_credit,XGBoost,90,331,Wachter's CE,True,"['amount', 'credit_history', 'employment_length', 'existing_credits', 'installment_rate', 'job', 'months_loan_duration', 'personal_status', 'property', 'purpose', 'savings_balance', 'telephone']",500,0.08032941818237305,16.64053617421451,12.0,,1.4121688461567015,4.5584611797336585,93.64757411322675,16.64053617421451
german_credit,XGBoost,90,331,SHAP-Targeted CE,True,"['other_debtors', 'savings_balance']",500,0.03003549575805664,3.824190177533701,2.0,0.0,0.6468558164388948,3.2335891222383957,70.62014297778111,3.824190177533701
german_credit,XGBoost,91,332,Actionable CBFI (Proposed),True,"['purpose', 'savings_balance']",500,0.9428393840789795,3.2006485711165604,2.0,0.0,0.7631548303870886,4.977295569195815,100.0,3.199297909081034
german_credit,XGBoost,91,332,Untargeted Causal (Karimi 2021),True,"['purpose', 'savings_balance']",500,0.945526123046875,3.2006485711165604,2.0,0.0,0.7631548303870886,4.977295569195815,100.0,3.199297909081034
german_credit,XGBoost,91,332,Wachter's CE,True,"['amount', 'checking_balance', 'credit_history', 'dependents', 'existing_credits', 'installment_plan', 'installment_rate', 'months_loan_duration', 'personal_status', 'property', 'purpose', 'savings_balance', 'telephone']",500,0.07726693153381348,20.69204768224156,13.0,,1.7048789726306246,6.740743047545151,65.9593917605771,20.69204768224156
german_credit,XGBoost,91,332,SHAP-Targeted CE,True,"['checking_balance', 'savings_balance']",500,0.06558513641357422,5.850864761488747,2.0,4.108650548026103e-33,0.7631548303870886,5.124671402193159,100.0,5.850864761488747
german_credit,XGBoost,92,333,Actionable CBFI (Proposed),True,"['credit_history', 'employment_length']",500,0.896085262298584,1.5555748466837644,2.0,0.0,1.2876791541482249,6.261000926046424,100.0,1.5552969897788218
german_credit,XGBoost,92,333,Untargeted Causal (Karimi 2021),True,"['credit_history', 'employment_length']",500,0.9672536849975586,1.5555748466837644,2.0,0.0,1.2876791541482249,6.261000926046424,100.0,1.5552969897788218
german_credit,XGBoost,92,333,Wachter's CE,True,"['amount', 'checking_balance', 'credit_history', 'dependents', 'existing_credits', 'foreign_worker', 'installment_plan', 'installment_rate', 'job', 'months_loan_duration', 'personal_status', 'property', 'purpose', 'savings_balance', 'telephone']",500,0.07652616500854492,21.60027151126141,15.0,,0.959099517823551,6.450189391381253,71.42869687830054,21.60027151126141
german_credit,XGBoost,92,333,SHAP-Targeted CE,True,"['installment_plan', 'savings_balance']",500,0.03320884704589844,5.97418741510513,2.0,0.0,1.2876791541482249,5.65511794460275,100.0,5.97418741510513
german_credit,XGBoost,93,334,Actionable CBFI (Proposed),True,"['checking_balance', 'credit_history']",500,0.9405472278594971,1.5555748466837647,2.0,0.0,0.4871202038986286,5.243383101205282,100.0,1.5552969897788218
german_credit,XGBoost,93,334,Untargeted Causal (Karimi 2021),True,"['checking_balance', 'credit_history']",500,0.9255106449127197,1.5555748466837647,2.0,0.0,0.4871202038986286,5.243383101205282,100.0,1.5552969897788218
german_credit,XGBoost,93,334,Wachter's CE,True,"['amount', 'checking_balance', 'dependents', 'employment_length', 'existing_credits', 'foreign_worker', 'installment_rate', 'job', 'months_loan_duration', 'purpose', 'savings_balance', 'telephone']",500,0.07697367668151855,15.89421073118167,12.0,,0.17483308468618985,6.852718890500001,59.898609409927374,15.89421073118167
german_credit,XGBoost,93,334,SHAP-Targeted CE,True,"['checking_balance', 'savings_balance']",500,0.03611493110656738,1.1502161903721868,2.0,4.012354050806741e-36,0.4871202038986286,5.3130036435453345,100.0,1.1502161903721868
german_credit,XGBoost,94,335,Actionable CBFI (Proposed),True,"['amount', 'installment_rate']",500,0.8193895816802979,0.5415357634809225,2.0,0.0,1.3678713919556467,5.020314296646266,100.0,0.5415357634809225
german_credit,XGBoost,94,335,Untargeted Causal (Karimi 2021),True,"['amount', 'installment_rate']",500,0.8384296894073486,0.5415357634809225,2.0,0.0,1.3678713919556467,5.020314296646266,100.0,0.5415357634809225
german_credit,XGBoost,94,335,Wachter's CE,True,"['amount', 'checking_balance', 'credit_history', 'dependents', 'employment_length', 'housing', 'installment_rate', 'months_loan_duration', 'other_debtors', 'personal_status', 'property', 'purpose', 'savings_balance', 'telephone']",500,0.07636475563049316,15.035529571977204,14.0,0.0,0.8762532854513143,3.9478080544310856,92.08016174302723,15.035529571977204
german_credit,XGBoost,94,335,SHAP-Targeted CE,True,"['checking_balance', 'savings_balance']",500,0.034378767013549805,2.9002161903721877,2.0,6.419766481290786e-35,1.4553411376688976,5.187277208912242,99.99999999999999,2.9002161903721877
german_credit,XGBoost,95,337,Actionable CBFI (Proposed),True,"['amount', 'installment_rate']",500,0.8980708122253418,0.6436085315410977,2.0,0.0,0.2819771757160496,3.353287864577085,100.0,0.6436085315410977
german_credit,XGBoost,95,337,Untargeted Causal (Karimi 2021),True,"['amount', 'installment_rate']",500,0.9400577545166016,0.6436085315410977,2.0,0.0,0.2819771757160496,3.353287864577085,100.0,0.6436085315410977
german_credit,XGBoost,95,337,Wachter's CE,True,"['amount', 'checking_balance', 'credit_history', 'dependents', 'employment_length', 'housing', 'installment_rate', 'job', 'months_loan_duration', 'other_debtors', 'personal_status', 'property', 'purpose', 'savings_balance']",500,0.07747316360473633,15.831797713746106,14.0,0.0,0.7459700930276855,3.724681828905889,72.6306437343007,15.831797713746106
german_credit,XGBoost,95,337,SHAP-Targeted CE,True,['checking_balance'],500,0.03404426574707031,1.2500000000000004,1.0,0.0,0.3149897475012933,3.362452622831418,99.99999999999997,1.2500000000000004
german_credit,XGBoost,96,349,Actionable CBFI (Proposed),True,"['amount', 'installment_rate', 'months_loan_duration']",500,0.7909374237060547,0.9486094342958209,3.0,0.0,0.560447616761199,4.536662953365179,100.0,0.9486094342958209
german_credit,XGBoost,96,349,Untargeted Causal (Karimi 2021),True,"['amount', 'installment_rate', 'months_loan_duration']",500,0.8406212329864502,0.9486094342958209,3.0,0.0,0.560447616761199,4.536662953365179,100.0,0.9486094342958209
german_credit,XGBoost,96,349,Wachter's CE,True,"['amount', 'checking_balance', 'credit_history', 'existing_credits', 'foreign_worker', 'installment_plan', 'installment_rate', 'job', 'months_loan_duration', 'other_debtors', 'property', 'purpose', 'telephone']",500,0.0797569751739502,17.576261451387563,13.0,,0.1537308268623496,5.544282441549411,75.27926007075779,17.576261451387563
german_credit,XGBoost,96,349,SHAP-Targeted CE,True,"['checking_balance', 'savings_balance']",500,0.030807971954345703,3.9002161903721873,2.0,0.0,0.560447616761199,4.630170899915423,76.91881304953297,3.9002161903721873
german_credit,XGBoost,97,351,Actionable CBFI (Proposed),True,"['amount', 'installment_rate']",500,0.8707058429718018,0.7222514227012313,2.0,0.0,1.498895002207511,6.112644616664274,100.0,0.7222514227012313
german_credit,XGBoost,97,351,Untargeted Causal (Karimi 2021),True,"['amount', 'installment_rate']",500,0.9415440559387207,0.7222514227012313,2.0,0.0,1.498895002207511,6.112644616664274,100.0,0.7222514227012313
german_credit,XGBoost,97,351,Wachter's CE,True,"['amount', 'employment_length', 'housing', 'job', 'months_loan_duration', 'personal_status', 'property', 'purpose', 'savings_balance', 'telephone']",500,0.11774253845214844,14.598598883162994,10.0,0.0023243742074362103,1.890214521001895,7.783222335089983,81.21699672733378,14.598598883162994
german_credit,XGBoost,97,351,SHAP-Targeted CE,True,"['checking_balance', 'other_debtors']",500,0.03704547882080078,1.8735416064171404,2.0,0.0,1.4517159661624632,5.88989795235641,99.99999999999997,1.8735416064171404
german_credit,XGBoost,98,353,Actionable CBFI (Proposed),True,['credit_history'],500,0.9068751335144043,1.1111496933675291,1.0,0.0,1.667937554967893,4.488459537681361,100.0,1.1105939795576434
german_credit,XGBoost,98,353,Untargeted Causal (Karimi 2021),True,['credit_history'],500,0.8984894752502441,1.1111496933675291,1.0,0.0,1.667937554967893,4.488459537681361,100.0,1.1105939795576434
german_credit,XGBoost,98,353,Wachter's CE,True,"['amount', 'checking_balance', 'credit_history', 'employment_length', 'existing_credits', 'installment_rate', 'job', 'months_loan_duration', 'other_debtors', 'personal_status', 'property', 'purpose', 'savings_balance']",500,0.07919549942016602,16.338816163912412,13.0,,0.8923881469141736,5.63487370804698,67.99051234698894,16.338816163912412
german_credit,XGBoost,98,353,SHAP-Targeted CE,True,"['checking_balance', 'other_debtors', 'savings_balance']",500,0.0351409912109375,2.273757796789327,3.0,4.108650548026103e-33,1.667937554967893,4.416575523508564,50.586574876020485,2.273757796789327
german_credit,XGBoost,99,355,Actionable CBFI (Proposed),True,"['purpose', 'savings_balance']",500,0.9116230010986328,1.4002161903721868,2.0,0.0,0.4889743145748587,4.728897454899029,100.0,1.3997659696936782
german_credit,XGBoost,99,355,Untargeted Causal (Karimi 2021),True,"['purpose', 'savings_balance']",500,0.9216527938842773,1.4002161903721868,2.0,0.0,0.4889743145748587,4.728897454899029,100.0,1.3997659696936782
german_credit,XGBoost,99,355,Wachter's CE,True,"['amount', 'checking_balance', 'employment_length', 'existing_credits', 'foreign_worker', 'job', 'months_loan_duration', 'other_debtors', 'personal_status', 'property', 'purpose', 'savings_balance', 'telephone']",500,0.0772256851196289,18.41730389323061,13.0,0.11638268736782062,0.6007189499814537,4.962630571057582,86.04733539636447,18.41730389323061
german_credit,XGBoost,99,355,SHAP-Targeted CE,True,"['checking_balance', 'other_debtors', 'savings_balance']",500,0.03251910209655762,2.7737577967893268,3.0,4.108650548026103e-33,0.4889743145748587,4.573736701656238,100.0,2.7737577967893268
german_credit,XGBoost,100,357,Actionable CBFI (Proposed),True,"['amount', 'credit_history', 'installment_rate']",500,0.847078800201416,0.8173782537842119,3.0,0.0,0.8190237864332014,3.388605258677154,100.0,0.817100396879269
german_credit,XGBoost,100,357,Untargeted Causal (Karimi 2021),True,"['amount', 'credit_history', 'installment_rate']",500,0.9187746047973633,0.8173782537842119,3.0,0.0,0.8190237864332014,3.388605258677154,100.0,0.817100396879269
german_credit,XGBoost,100,357,Wachter's CE,True,"['amount', 'credit_history', 'employment_length', 'existing_credits', 'installment_rate', 'months_loan_duration', 'personal_status', 'property', 'purpose', 'savings_balance', 'telephone']",500,0.07684898376464844,15.076633781188322,11.0,,1.4126271508480306,4.631640680417165,100.0,15.076633781188322
german_credit,XGBoost,100,357,SHAP-Targeted CE,True,['savings_balance'],500,0.03396248817443848,1.800432380744374,1.0,4.108650548026103e-33,0.8368872312649667,3.6130582362695542,99.99999999999997,1.800432380744374
