Dataset,Model_Architecture,Instance,Original_Row_Index,Method,Success,Intervention_Nodes,Evaluations,Time (s),Recourse Cost (Pure MAD),Sparsity (L0),R_SCM,R_0,D_M,RCR (%),Reported_Minimum_Cost
diabetes,RandomForest,1,0,Actionable CBFI (Proposed),True,['bmi'],186,1.053875207901001,1.6739130434782608,1.0,0.04700297405607042,0.485686103639113,2.840536290698406,100.0,1.6739130434782608
diabetes,RandomForest,1,0,Untargeted Causal (Karimi 2021),True,['bmi'],422,2.405787706375122,1.6739130434782608,1.0,0.04700297405607042,0.485686103639113,2.840536290698406,100.0,1.6739130434782608
diabetes,RandomForest,1,0,Wachter's CE,True,"['bloodpressure', 'bmi', 'diabetespedigreefunction', 'glucose', 'skinthickness']",500,0.03985881805419922,10.6463524767467,5.0,0.03589246185696998,6.6185880324064525,7.954025060140634,36.98937407919395,10.6463524767467
diabetes,RandomForest,1,0,SHAP-Targeted CE,True,"['bmi', 'diabetespedigreefunction', 'glucose']",343,0.018520832061767578,3.3831332468094315,3.0,0.05286555484018186,0.424005382054956,2.356036646846369,100.0,3.3831332468094315
diabetes,RandomForest,2,2,Actionable CBFI (Proposed),True,"['bloodpressure', 'glucose', 'insulin']",195,0.9866681098937988,3.586522409456081,3.0,0.0,0.8848621501544084,2.741081099018204,64.12897334576559,3.586522409456081
diabetes,RandomForest,2,2,Untargeted Causal (Karimi 2021),True,"['bloodpressure', 'glucose']",426,2.1807258129119873,2.3000000000000003,2.0,0.038693884023830886,0.7532436093105093,2.6254125170886766,100.0,2.3000000000000003
diabetes,RandomForest,2,2,Wachter's CE,True,"['bloodpressure', 'bmi', 'diabetespedigreefunction', 'glucose']",500,0.043375253677368164,9.514746917585983,4.0,0.3044803497261953,0.48690028590554374,2.6520532239604204,85.09179200291908,9.514746917585983
diabetes,RandomForest,2,2,SHAP-Targeted CE,True,"['bmi', 'diabetespedigreefunction', 'glucose']",343,0.019503116607666016,3.833993078087822,3.0,0.06128917119534918,0.5804841901918456,2.7717662513835317,94.70790513722494,3.833993078087822
diabetes,RandomForest,3,4,Actionable CBFI (Proposed),True,"['glucose', 'insulin']",204,1.1872227191925049,2.400628540688064,2.0,0.0,1.055452942349493,6.0835863149928775,58.31806030260454,2.400628540688064
diabetes,RandomForest,3,4,Untargeted Causal (Karimi 2021),True,"['glucose', 'insulin']",424,2.5057177543640137,2.400628540688064,2.0,0.0,1.055452942349493,6.0835863149928775,58.31806030260454,2.400628540688064
diabetes,RandomForest,3,4,Wachter's CE,True,"['bloodpressure', 'bmi', 'diabetespedigreefunction', 'glucose', 'insulin', 'skinthickness']",500,0.04019761085510254,11.626608050268967,6.0,0.0,2.004751955276942,7.491272687043277,80.38640190669682,11.626608050268967
diabetes,RandomForest,3,4,SHAP-Targeted CE,True,"['bmi', 'diabetespedigreefunction', 'glucose']",343,0.01910090446472168,3.018132165260652,3.0,0.029313537135856986,1.2276600757195788,6.570171355194002,100.0,3.018132165260652
diabetes,RandomForest,4,6,Actionable CBFI (Proposed),True,['skinthickness'],197,0.809755802154541,0.41666666666666674,1.0,0.0,0.501891371516233,1.8493447857177152,99.99999999999999,0.41666666666666674
diabetes,RandomForest,4,6,Untargeted Causal (Karimi 2021),True,"['bmi', 'diabetespedigreefunction']",414,1.7034227848052979,0.36639844256975934,2.0,0.0006421387921304902,0.5858741477876827,2.0039027026418155,53.398746059296485,0.36639844256975934
diabetes,RandomForest,4,6,Wachter's CE,True,"['bloodpressure', 'bmi', 'diabetespedigreefunction', 'glucose', 'insulin', 'skinthickness']",500,0.04060006141662598,10.374357409318339,6.0,0.0,1.5894525708264784,3.182044416924695,48.277828641752116,10.374357409318339
diabetes,RandomForest,4,6,SHAP-Targeted CE,True,"['bmi', 'diabetespedigreefunction', 'glucose']",343,0.018862247467041016,2.1526065325546178,3.0,0.007150734279256127,0.7864944554256523,2.5019350718399207,52.85132894538511,2.1526065325546178
diabetes,RandomForest,5,8,Actionable CBFI (Proposed),True,"['diabetespedigreefunction', 'glucose', 'insulin', 'skinthickness']",164,0.9581308364868164,5.597781953431952,4.0,0.0,2.8784952909386687,4.8697779563026975,100.0,5.597781953431952
diabetes,RandomForest,5,8,Untargeted Causal (Karimi 2021),True,"['bmi', 'glucose', 'insulin']",394,2.3792686462402344,5.286836679800112,3.0,0.026008086735272672,3.4511527026603033,4.972241120420425,81.08509756276774,5.286836679800112
diabetes,RandomForest,5,8,Wachter's CE,True,"['bloodpressure', 'bmi', 'diabetespedigreefunction', 'glucose', 'insulin', 'skinthickness']",500,0.04067420959472656,14.201606099935107,6.0,0.0,5.302142982112067,6.30750330940251,71.06879585828898,14.201606099935107
diabetes,RandomForest,5,8,SHAP-Targeted CE,True,"['bmi', 'diabetespedigreefunction', 'glucose']",343,0.019202709197998047,5.462394548994158,3.0,0.19939942890834722,4.554518171189181,5.667550637564108,67.63111990226768,5.462394548994158
diabetes,RandomForest,6,9,Actionable CBFI (Proposed),True,['diabetespedigreefunction'],204,0.9505341053009033,1.3265671641791048,1.0,0.0,0.9422742609998277,5.079028813742763,100.0,1.3265671641791048
diabetes,RandomForest,6,9,Untargeted Causal (Karimi 2021),True,"['diabetespedigreefunction', 'glucose']",414,1.9635441303253174,1.222686567164179,2.0,0.005732427262789774,1.0524051855104233,5.033850497951948,100.0,1.222686567164179
diabetes,RandomForest,6,9,Wachter's CE,True,"['bloodpressure', 'diabetespedigreefunction', 'glucose', 'skinthickness']",500,0.038919687271118164,6.413619402985075,4.0,0.026336136775189915,1.4718817856844977,5.69133553461446,67.84187101841349,6.413619402985075
diabetes,RandomForest,6,9,SHAP-Targeted CE,True,"['diabetespedigreefunction', 'glucose']",343,0.019681215286254883,1.3027363184079603,2.0,0.0013161692803887973,0.9282989358154119,5.1538360682391104,100.0,1.3027363184079603
diabetes,RandomForest,7,11,Actionable CBFI (Proposed),True,"['bmi', 'glucose', 'insulin']",204,1.0741729736328125,4.430906188124742,3.0,0.1799548194192472,1.2203109135233807,2.8927905006201273,83.06280084359756,4.430906188124742
diabetes,RandomForest,7,11,Untargeted Causal (Karimi 2021),True,"['bloodpressure', 'diabetespedigreefunction', 'glucose']",409,2.324669122695923,3.696119402985074,3.0,0.013166668869220235,1.5067661436153847,2.9937263708672495,100.0,3.696119402985074
diabetes,RandomForest,7,11,Wachter's CE,True,"['bloodpressure', 'bmi', 'diabetespedigreefunction', 'glucose']",500,0.03926515579223633,11.091928942245293,4.0,0.37397659853991677,2.7139762033286616,4.790028162626029,100.0,11.091928942245293
diabetes,RandomForest,7,11,SHAP-Targeted CE,True,"['bmi', 'diabetespedigreefunction', 'glucose']",343,0.01887035369873047,5.257689811810513,3.0,0.030288194568298926,2.6262447777488163,3.9530106485134384,100.0,5.257689811810513
diabetes,RandomForest,8,13,Actionable CBFI (Proposed),True,"['bmi', 'glucose']",186,1.0280508995056152,3.0130434782608697,2.0,0.07085996012255341,9.468802494237153,8.430857658162742,100.0,3.0130434782608697
diabetes,RandomForest,8,13,Untargeted Causal (Karimi 2021),True,"['bmi', 'glucose']",413,2.2407748699188232,3.0130434782608697,2.0,0.07085996012255341,9.468802494237153,8.430857658162742,100.0,3.0130434782608697
diabetes,RandomForest,8,13,Wachter's CE,True,"['bloodpressure', 'bmi', 'diabetespedigreefunction', 'glucose', 'skinthickness']",500,0.040732622146606445,10.893407960199006,5.0,0.3117910223185669,10.5490155821382,8.940972051159688,84.11050089629266,10.893407960199006
diabetes,RandomForest,8,13,SHAP-Targeted CE,True,"['bmi', 'diabetespedigreefunction', 'glucose']",343,0.01916217803955078,4.9177265844689595,3.0,0.16460159541107244,9.983695302010753,8.597307819362735,91.46149159982672,4.9177265844689595
diabetes,RandomForest,9,14,Actionable CBFI (Proposed),True,"['diabetespedigreefunction', 'glucose', 'insulin']",186,0.9748079776763916,2.2260128636971777,3.0,0.0,0.14068740208851974,2.1198918543025838,100.0,2.2260128636971777
diabetes,RandomForest,9,14,Untargeted Causal (Karimi 2021),True,"['diabetespedigreefunction', 'glucose', 'insulin']",408,2.149519443511963,2.2260128636971777,3.0,0.0,0.14068740208851974,2.1198918543025838,100.0,2.2260128636971777
diabetes,RandomForest,9,14,Wachter's CE,True,"['bloodpressure', 'bmi', 'diabetespedigreefunction', 'glucose', 'insulin', 'skinthickness']",500,0.04289102554321289,12.329887004748175,6.0,0.0,1.7785177632332019,3.6799782686042084,82.44956117984704,12.329887004748175
diabetes,RandomForest,9,14,SHAP-Targeted CE,True,"['bmi', 'diabetespedigreefunction', 'glucose']",343,0.035318851470947266,3.1215011897036553,3.0,0.045566203373213585,0.23250458359395826,2.365652534620167,76.08917100348563,3.1215011897036553
diabetes,RandomForest,10,15,Actionable CBFI (Proposed),True,"['glucose', 'insulin']",204,1.0571367740631104,0.42868366798001095,2.0,0.0,3.066610206798377,4.0700266935701865,58.31806030260457,0.42868366798001095
diabetes,RandomForest,10,15,Untargeted Causal (Karimi 2021),True,"['glucose', 'insulin']",409,2.007138252258301,0.42868366798001095,2.0,0.0,3.066610206798377,4.0700266935701865,58.31806030260457,0.42868366798001095
diabetes,RandomForest,10,15,Wachter's CE,True,"['bmi', 'diabetespedigreefunction', 'glucose', 'skinthickness']",500,0.039649009704589844,7.345619727449707,4.0,0.0060438588289076734,3.533905576394742,5.240776302131965,43.84408459662885,7.345619727449707
diabetes,RandomForest,10,15,SHAP-Targeted CE,True,"['bmi', 'diabetespedigreefunction', 'glucose']",343,0.01887989044189453,1.7779526281635294,3.0,0.05804664254615358,2.498988762508592,3.897511586322518,100.0,1.7779526281635294
diabetes,RandomForest,11,16,Actionable CBFI (Proposed),True,"['glucose', 'insulin']",180,0.8914794921875,1.9719448727080517,2.0,0.0,0.7853231751320917,2.8066817323713242,100.0,1.9719448727080517
diabetes,RandomForest,11,16,Untargeted Causal (Karimi 2021),True,"['glucose', 'insulin']",402,1.9434988498687744,1.9719448727080517,2.0,0.0,0.7853231751320917,2.8066817323713242,100.0,1.9719448727080517
diabetes,RandomForest,11,16,Wachter's CE,True,"['bloodpressure', 'bmi', 'diabetespedigreefunction', 'glucose', 'insulin', 'skinthickness']",500,0.04151511192321777,11.323772929720606,6.0,0.0,0.7361725539227423,4.950704834770763,30.49118920568362,11.323772929720606
diabetes,RandomForest,11,16,SHAP-Targeted CE,True,"['bmi', 'diabetespedigreefunction', 'glucose']",343,0.0190277099609375,1.6504163962794722,3.0,0.01034390767405128,0.865354452206679,2.7676781575384037,70.09649568308784,1.6504163962794722
diabetes,RandomForest,12,17,Actionable CBFI (Proposed),True,['glucose'],188,1.0069324970245361,0.6,1.0,0.003224490335319245,0.6676596117233431,2.0730255210729305,100.0,0.6
diabetes,RandomForest,12,17,Untargeted Causal (Karimi 2021),True,['bmi'],409,2.172065258026123,0.8043478260869567,1.0,0.010852938350946266,0.5341138399068522,1.9816606617084078,100.0,0.8043478260869567
diabetes,RandomForest,12,17,Wachter's CE,True,"['bloodpressure', 'bmi', 'diabetespedigreefunction', 'glucose']",500,0.039780378341674805,5.838789746917585,4.0,0.1630384460397594,0.36545807122124174,2.50251428475166,82.00403997743835,5.838789746917585
diabetes,RandomForest,12,17,SHAP-Targeted CE,True,"['bmi', 'diabetespedigreefunction', 'glucose']",343,0.019030094146728516,2.284441920830629,3.0,0.014389985880930977,0.7315190073110782,2.3134234535115046,54.004246766988814,2.284441920830629
diabetes,RandomForest,13,19,Actionable CBFI (Proposed),True,"['bmi', 'diabetespedigreefunction', 'skinthickness']",197,0.9496724605560303,0.8922193380921475,3.0,0.00029995912522484035,0.15511375656482757,1.0572786777940024,100.0,0.8922193380921475
diabetes,RandomForest,13,19,Untargeted Causal (Karimi 2021),True,"['bloodpressure', 'bmi', 'diabetespedigreefunction']",406,1.9190526008605957,0.8922193380921473,3.0,0.0005587001097479831,0.1879859891666132,1.1558355791029662,71.9799841444167,0.8922193380921473
diabetes,RandomForest,13,19,Wachter's CE,True,"['bloodpressure', 'bmi', 'diabetespedigreefunction', 'glucose', 'insulin', 'skinthickness']",500,0.044345855712890625,10.968131190093722,6.0,0.0,1.3825301046497027,2.8922345064826884,20.456957573762484,10.968131190093722
diabetes,RandomForest,13,19,SHAP-Targeted CE,True,"['bmi', 'diabetespedigreefunction', 'glucose']",343,0.019048213958740234,1.365449924291586,3.0,0.00775282634067617,0.2798169784822631,1.3348521824397261,100.0,1.365449924291586
diabetes,RandomForest,14,22,Actionable CBFI (Proposed),True,"['diabetespedigreefunction', 'glucose']",188,1.0169916152954102,4.434776119402985,2.0,0.11287955403016875,0.8646831064321765,2.4457911650595365,100.0,4.434776119402985
diabetes,RandomForest,14,22,Untargeted Causal (Karimi 2021),True,"['diabetespedigreefunction', 'glucose']",425,2.444265604019165,4.434776119402985,2.0,0.11287955403016875,0.8646831064321765,2.4457911650595365,100.0,4.434776119402985
diabetes,RandomForest,14,22,Wachter's CE,True,"['bloodpressure', 'bmi', 'diabetespedigreefunction', 'glucose', 'skinthickness']",500,0.03952789306640625,14.508330629461383,5.0,0.6096509212793758,1.7920834661006755,5.596846629691256,84.4916685629494,14.508330629461383
diabetes,RandomForest,14,22,SHAP-Targeted CE,True,"['bmi', 'diabetespedigreefunction', 'glucose']",343,0.01899862289428711,6.000946355180619,3.0,0.19518239276668917,1.0945755011057126,3.145398913858417,100.0,6.000946355180619
diabetes,RandomForest,15,23,Actionable CBFI (Proposed),True,['bmi'],204,1.0297162532806396,0.6739130434782611,1.0,0.007618461472066738,1.1030688410346,2.990557793200369,100.0,0.6739130434782611
diabetes,RandomForest,15,23,Untargeted Causal (Karimi 2021),True,['bmi'],420,2.082784414291382,0.6739130434782611,1.0,0.007618461472066738,1.1030688410346,2.990557793200369,100.0,0.6739130434782611
diabetes,RandomForest,15,23,Wachter's CE,True,"['bloodpressure', 'bmi', 'diabetespedigreefunction', 'glucose', 'skinthickness']",500,0.0394742488861084,8.20194138005624,5.0,0.16804568697050612,2.392352861999636,4.004871686202356,85.26771556461614,8.20194138005624
diabetes,RandomForest,15,23,SHAP-Targeted CE,True,"['bmi', 'diabetespedigreefunction', 'glucose']",343,0.01926136016845703,2.77694138005624,3.0,0.029590337649165497,0.9852782209253703,2.973628176342929,100.0,2.77694138005624
diabetes,RandomForest,16,24,Actionable CBFI (Proposed),True,"['bmi', 'glucose', 'insulin']",190,1.0842878818511963,1.8041307699454308,3.0,0.0017699265075043647,0.5257506301028334,2.676179589120941,100.0,1.8041307699454308
diabetes,RandomForest,16,24,Untargeted Causal (Karimi 2021),True,"['diabetespedigreefunction', 'glucose', 'insulin']",424,2.421950578689575,1.7498283689071448,3.0,0.0,0.553120324914428,2.6961107253481833,88.19500427301246,1.7498283689071448
diabetes,RandomForest,16,24,Wachter's CE,True,"['bloodpressure', 'bmi', 'diabetespedigreefunction', 'glucose', 'insulin', 'skinthickness']",500,0.03875088691711426,11.688174992819226,6.0,0.0,2.2759555359797394,4.408107569579981,79.2461503173335,11.688174992819226
diabetes,RandomForest,16,24,SHAP-Targeted CE,True,"['bmi', 'diabetespedigreefunction', 'glucose']",343,0.019916772842407227,3.8887897469175865,3.0,0.06202931373447541,0.9362829755617323,3.167501142473093,72.98012139921988,3.8887897469175865
diabetes,RandomForest,17,25,Actionable CBFI (Proposed),True,['bmi'],199,0.9806294441223145,1.1304347826086958,1.0,0.021436336961985915,0.5445612640408946,2.3604938067272787,100.0,1.1304347826086958
diabetes,RandomForest,17,25,Untargeted Causal (Karimi 2021),True,"['bloodpressure', 'diabetespedigreefunction', 'skinthickness']",399,1.9048693180084229,1.091542288557214,3.0,0.0,0.49434279467446507,2.371548927023602,30.537830446672736,1.091542288557214
diabetes,RandomForest,17,25,Wachter's CE,True,"['bloodpressure', 'bmi', 'diabetespedigreefunction', 'glucose', 'insulin', 'skinthickness']",500,0.03905892372131348,12.209497859951842,6.0,0.0,0.6413887701710488,2.876866407619278,62.908378293286894,12.209497859951842
diabetes,RandomForest,17,25,SHAP-Targeted CE,True,"['bmi', 'diabetespedigreefunction', 'glucose']",343,0.029600143432617188,2.565817650876054,3.0,0.015593136812294323,0.6392281981289106,2.5262221284536497,70.44961652029312,2.565817650876054
diabetes,RandomForest,18,26,Actionable CBFI (Proposed),True,['bmi'],195,1.0824382305145264,2.934782608695651,1.0,0.14448122822936127,0.48163262928845174,1.9704241512799996,99.99999999999999,2.934782608695651
diabetes,RandomForest,18,26,Untargeted Causal (Karimi 2021),True,"['diabetespedigreefunction', 'glucose']",417,2.3283276557922363,2.1244776119402986,2.0,0.03233447252917353,0.7668699286591051,2.401324048953891,89.43375017563581,2.1244776119402986
diabetes,RandomForest,18,26,Wachter's CE,True,"['bloodpressure', 'bmi', 'diabetespedigreefunction', 'glucose']",500,0.039277076721191406,10.237134977287473,4.0,0.6508792084296474,0.2736560935077955,2.4494149861436187,89.56097854732916,10.237134977287473
diabetes,RandomForest,18,26,SHAP-Targeted CE,True,"['bmi', 'diabetespedigreefunction', 'glucose']",343,0.018642187118530273,4.603077006272983,3.0,0.058776996853522764,1.0584017829439742,3.209340374652993,76.78386186106454,4.603077006272983
diabetes,RandomForest,19,31,Actionable CBFI (Proposed),True,"['bmi', 'glucose', 'insulin']",199,0.9557325839996338,1.2691910260777637,3.0,0.0027655101679755936,0.7047734568407109,2.006866399636595,69.02719437192592,1.2691910260777637
diabetes,RandomForest,19,31,Untargeted Causal (Karimi 2021),True,"['bmi', 'glucose', 'insulin']",407,2.0665807723999023,1.2691910260777637,3.0,0.0027655101679755936,0.7047734568407109,2.006866399636595,69.02719437192592,1.2691910260777637
diabetes,RandomForest,19,31,Wachter's CE,True,"['bloodpressure', 'bmi', 'diabetespedigreefunction', 'glucose', 'insulin', 'skinthickness']",500,0.0403742790222168,10.70641549026074,6.0,0.0,0.6441571856189895,4.493461603598912,71.64447187296885,10.70641549026074
diabetes,RandomForest,19,31,SHAP-Targeted CE,True,"['bmi', 'diabetespedigreefunction', 'glucose']",343,0.019083261489868164,3.319684187756867,3.0,0.1172587874833253,1.0331617245187878,2.6441086248892782,100.0,3.319684187756867
diabetes,RandomForest,20,37,Actionable CBFI (Proposed),True,"['glucose', 'insulin']",198,1.0742192268371582,0.6001571351720156,2.0,0.0,0.6693260277730743,2.582749588260311,58.31806030260454,0.6001571351720156
diabetes,RandomForest,20,37,Untargeted Causal (Karimi 2021),True,"['glucose', 'insulin']",425,2.2577710151672363,0.6001571351720156,2.0,0.0,0.6693260277730743,2.582749588260311,58.31806030260454,0.6001571351720156
diabetes,RandomForest,20,37,Wachter's CE,True,"['bloodpressure', 'bmi', 'diabetespedigreefunction', 'glucose', 'skinthickness']",500,0.03923368453979492,9.237448626433054,5.0,0.11697865281269773,2.1908113056282428,4.041609291800008,79.02559377211772,9.237448626433054
diabetes,RandomForest,20,37,SHAP-Targeted CE,True,"['bmi', 'diabetespedigreefunction', 'glucose']",343,0.018822193145751953,3.0808565866320565,3.0,0.027080052915827466,1.1628507038624665,3.235563068568542,100.0,3.0808565866320565
diabetes,RandomForest,21,38,Actionable CBFI (Proposed),True,['diabetespedigreefunction'],192,0.850290060043335,0.2913432835820892,1.0,0.0,0.4205746192099228,2.167426611713974,100.0,0.2913432835820892
diabetes,RandomForest,21,38,Untargeted Causal (Karimi 2021),True,['diabetespedigreefunction'],415,1.7148282527923584,0.2913432835820892,1.0,0.0,0.4205746192099228,2.167426611713974,100.0,0.2913432835820892
diabetes,RandomForest,21,38,Wachter's CE,True,"['bloodpressure', 'bmi', 'diabetespedigreefunction', 'glucose', 'skinthickness']",500,0.04016280174255371,9.123182998053213,5.0,0.10499549604234126,1.7900807894718729,3.522674283745292,67.80180776131718,9.123182998053213
diabetes,RandomForest,21,38,SHAP-Targeted CE,True,"['bmi', 'diabetespedigreefunction', 'glucose']",343,0.020650386810302734,1.692834739346745,3.0,0.019972049117136046,0.44480057847772175,2.0575920461602006,100.0,1.692834739346745
diabetes,RandomForest,22,39,Actionable CBFI (Proposed),True,['bmi'],181,0.8557047843933105,2.4347826086956528,1.0,0.0994443087467275,1.4479432173181077,4.361039185439937,100.0,2.4347826086956528
diabetes,RandomForest,22,39,Untargeted Causal (Karimi 2021),True,"['glucose', 'insulin']",398,2.0346896648406982,1.3717877375360366,2.0,0.0,1.2396751589794885,4.269711773614687,41.681939697395485,1.3717877375360366
diabetes,RandomForest,22,39,Wachter's CE,True,"['bloodpressure', 'bmi', 'diabetespedigreefunction', 'glucose', 'insulin', 'skinthickness']",500,0.041272878646850586,8.897105660223472,6.0,4.8148248609680896e-33,0.8629153390712869,5.443048157340097,66.14067411306506,8.897105660223472
diabetes,RandomForest,22,39,SHAP-Targeted CE,True,"['bmi', 'diabetespedigreefunction', 'glucose']",343,0.01905512809753418,2.83529634436513,3.0,0.01866208387101172,1.335079499170932,4.735273841483807,79.71993293954067,2.83529634436513
diabetes,RandomForest,23,43,Actionable CBFI (Proposed),True,"['glucose', 'insulin', 'skinthickness']",172,0.9840452671051025,7.015991753296172,3.0,0.0,0.9326361923857173,3.8364250527375834,100.0,7.015991753296172
diabetes,RandomForest,23,43,Untargeted Causal (Karimi 2021),True,"['glucose', 'insulin', 'skinthickness']",416,2.5233631134033203,7.015991753296172,3.0,0.0,0.9326361923857173,3.8364250527375834,100.0,7.015991753296172
diabetes,RandomForest,23,43,Wachter's CE,True,"['bloodpressure', 'bmi', 'diabetespedigreefunction', 'glucose', 'insulin', 'skinthickness']",500,0.04008793830871582,16.046958144062295,6.0,0.0,2.635913394955053,5.87732092607222,66.73010596637768,16.046958144062295
diabetes,RandomForest,23,43,SHAP-Targeted CE,True,"['bmi', 'diabetespedigreefunction', 'glucose']",343,0.018883705139160156,6.2001514168288985,3.0,0.2512407497838722,1.9398326160467652,4.795585992505234,86.74402458893428,6.2001514168288985
diabetes,RandomForest,24,45,Actionable CBFI (Proposed),True,"['bmi', 'skinthickness']",198,0.9539365768432617,4.5,2.0,0.09599062327102606,1.3179617156135435,5.47588186074481,99.99999999999997,4.5
diabetes,RandomForest,24,45,Untargeted Causal (Karimi 2021),True,"['bloodpressure', 'glucose']",423,2.0103142261505127,3.75,2.0,0.0903155857809325,0.3844215808411165,4.8617656724885965,73.33333333333333,3.75
diabetes,RandomForest,24,45,Wachter's CE,True,"['bloodpressure', 'bmi', 'diabetespedigreefunction', 'glucose', 'skinthickness']",500,0.040506601333618164,10.484036340038937,5.0,0.5987191451133109,1.2146823372570874,5.807595367479326,94.03855557412463,10.484036340038937
diabetes,RandomForest,24,45,SHAP-Targeted CE,True,"['bmi', 'diabetespedigreefunction', 'glucose']",343,0.019744873046875,5.435123296560674,3.0,0.13519853002632343,0.35502711285399446,5.362874244544682,100.0,5.435123296560674
diabetes,RandomForest,25,48,Actionable CBFI (Proposed),True,"['glucose', 'insulin']",198,1.1112799644470215,0.6858938687680177,2.0,0.0,0.46760731309039477,2.148589721162307,58.31806030260456,0.6858938687680177
diabetes,RandomForest,25,48,Untargeted Causal (Karimi 2021),True,"['glucose', 'insulin']",418,2.128236770629883,0.6858938687680177,2.0,0.0,0.46760731309039477,2.148589721162307,58.31806030260456,0.6858938687680177
diabetes,RandomForest,25,48,Wachter's CE,True,"['bloodpressure', 'bmi', 'diabetespedigreefunction', 'glucose', 'skinthickness']",500,0.039151906967163086,9.07918288989833,5.0,0.09350427799969566,1.4731601167222275,5.575097554569572,82.50878167396051,9.07918288989833
diabetes,RandomForest,25,48,SHAP-Targeted CE,True,"['bmi', 'diabetespedigreefunction', 'glucose']",343,0.05461406707763672,2.9695814406229717,3.0,0.03232659298391376,0.43478195727744906,2.173728796215134,46.5224398371985,2.9695814406229717
diabetes,RandomForest,26,53,Actionable CBFI (Proposed),True,"['diabetespedigreefunction', 'glucose', 'insulin', 'skinthickness']",168,0.8650007247924805,4.532324657177209,4.0,0.0,0.6018879186081715,2.911768055182182,100.0,4.532324657177209
diabetes,RandomForest,26,53,Untargeted Causal (Karimi 2021),True,"['bmi', 'glucose', 'insulin', 'skinthickness']",408,2.1833345890045166,4.765350781530442,4.0,0.03665022336902883,0.6913963140449847,3.114070577437977,64.41705444885491,4.765350781530442
diabetes,RandomForest,26,53,Wachter's CE,True,"['bloodpressure', 'bmi', 'diabetespedigreefunction', 'glucose', 'insulin', 'skinthickness']",500,0.03947567939758301,14.82784150345918,6.0,0.0,3.4553183379997643,6.4018409469263915,49.32784414529319,14.82784150345918
diabetes,RandomForest,26,53,SHAP-Targeted CE,True,"['bmi', 'diabetespedigreefunction', 'glucose']",343,0.01848125457763672,3.8655688946571494,3.0,0.13197047521803662,1.3504122910586562,3.65334503912409,99.15643216973197,3.8655688946571494
diabetes,RandomForest,27,56,Actionable CBFI (Proposed),True,"['glucose', 'insulin']",165,0.9859344959259033,5.31567748295214,2.0,0.0,0.5536415250189244,2.2742144124589694,100.0,5.31567748295214
diabetes,RandomForest,27,56,Untargeted Causal (Karimi 2021),True,"['glucose', 'insulin']",405,2.4498114585876465,5.31567748295214,2.0,0.0,0.5536415250189244,2.2742144124589694,100.0,5.31567748295214
diabetes,RandomForest,27,56,Wachter's CE,True,"['bloodpressure', 'bmi', 'diabetespedigreefunction', 'glucose', 'insulin', 'skinthickness']",500,0.041591644287109375,14.779559525962492,6.0,1.232595164407831e-32,3.935901465630092,5.418167811863786,86.97020526712006,14.779559525962492
diabetes,RandomForest,27,56,SHAP-Targeted CE,True,"['bmi', 'diabetespedigreefunction', 'glucose']",343,0.01996326446533203,6.327920181700195,3.0,0.21707913122602115,1.3580493534647213,3.222010898801078,83.3950770792687,6.327920181700195
diabetes,RandomForest,28,61,Actionable CBFI (Proposed),True,['bmi'],195,1.0554683208465576,1.5217391304347818,1.0,0.038845433104190405,0.5055417580389523,1.9192366303239983,100.0,1.5217391304347818
diabetes,RandomForest,28,61,Untargeted Causal (Karimi 2021),True,['bmi'],420,2.2104363441467285,1.5217391304347818,1.0,0.038845433104190405,0.5055417580389523,1.9192366303239983,100.0,1.5217391304347818
diabetes,RandomForest,28,61,Wachter's CE,True,"['bloodpressure', 'bmi', 'diabetespedigreefunction', 'glucose']",500,0.03977823257446289,7.701703439325112,4.0,0.32930588212534107,0.3821117226617334,2.5231766737631482,85.11668664280764,7.701703439325112
diabetes,RandomForest,28,61,SHAP-Targeted CE,True,"['bmi', 'diabetespedigreefunction', 'glucose']",343,0.018739700317382812,2.9625730045425054,3.0,0.023835129371184614,0.7411203877025859,2.28659780890218,61.308340589114685,2.9625730045425054
diabetes,RandomForest,29,64,Actionable CBFI (Proposed),True,['bmi'],204,1.0717670917510986,1.499999999999999,1.0,0.03774349122633682,0.34261877624206455,1.6438721716085412,100.0,1.499999999999999
diabetes,RandomForest,29,64,Untargeted Causal (Karimi 2021),True,['bmi'],407,2.1242997646331787,1.499999999999999,1.0,0.03774349122633682,0.34261877624206455,1.6438721716085412,100.0,1.499999999999999
diabetes,RandomForest,29,64,Wachter's CE,True,"['bloodpressure', 'bmi', 'diabetespedigreefunction', 'glucose']",500,0.039990901947021484,5.908322517845551,4.0,0.26682638606573256,0.27464092288610004,2.4280062048145323,100.0,5.908322517845551
diabetes,RandomForest,29,64,SHAP-Targeted CE,True,"['bmi', 'diabetespedigreefunction', 'glucose']",343,0.018680334091186523,1.9626703439325117,3.0,0.00440972497307383,0.6625851178386564,2.1823853996812392,100.0,1.9626703439325117
diabetes,RandomForest,30,66,Actionable CBFI (Proposed),True,"['glucose', 'insulin']",204,1.0416045188903809,1.2003142703440317,2.0,0.0,0.8233818139231095,2.726953891306169,58.31806030260452,1.2003142703440317
diabetes,RandomForest,30,66,Untargeted Causal (Karimi 2021),True,"['glucose', 'insulin']",423,1.973292350769043,1.2003142703440317,2.0,0.0,0.8233818139231095,2.726953891306169,58.31806030260452,1.2003142703440317
diabetes,RandomForest,30,66,Wachter's CE,True,"['bloodpressure', 'bmi', 'diabetespedigreefunction', 'glucose', 'skinthickness']",500,0.04149460792541504,9.183217066839713,5.0,0.061732524006079474,1.0666486949190435,4.264130595192557,72.77642484323478,9.183217066839713
diabetes,RandomForest,30,66,SHAP-Targeted CE,True,"['bmi', 'diabetespedigreefunction', 'glucose']",343,0.020216941833496094,2.383484750162232,3.0,0.03833150043846337,1.2286640755068754,3.125627220583295,100.0,2.383484750162232
diabetes,RandomForest,31,70,Actionable CBFI (Proposed),True,['insulin'],176,0.6961724758148193,0.5836065573770478,1.0,0.0,0.08175171401762489,1.5497393000548176,100.0,0.5836065573770478
diabetes,RandomForest,31,70,Untargeted Causal (Karimi 2021),True,"['glucose', 'insulin']",413,1.6463825702667236,0.4286836679800111,2.0,0.0,0.13221720336842338,1.6512627055831985,41.68193969739546,0.4286836679800111
diabetes,RandomForest,31,70,Wachter's CE,True,"['bloodpressure', 'bmi', 'diabetespedigreefunction', 'glucose', 'insulin', 'skinthickness']",500,0.03997540473937988,10.198169611670798,6.0,0.0,1.1936391194443587,2.7128268093113905,95.8734424964679,10.198169611670798
diabetes,RandomForest,31,70,SHAP-Targeted CE,True,"['bmi', 'diabetespedigreefunction', 'glucose']",343,0.01902008056640625,1.8743889249405155,3.0,0.02407727477662025,0.5963624700022261,2.4004239607872906,10.192953504206457,1.8743889249405155
diabetes,RandomForest,32,72,Actionable CBFI (Proposed),True,"['glucose', 'insulin']",195,0.9580099582672119,2.65783874147607,2.0,0.0,2.188099059503726,4.090736084382018,58.31806030260454,2.65783874147607
diabetes,RandomForest,32,72,Untargeted Causal (Karimi 2021),True,"['glucose', 'insulin']",423,2.349648952484131,2.65783874147607,2.0,0.0,2.188099059503726,4.090736084382018,58.31806030260454,2.65783874147607
diabetes,RandomForest,32,72,Wachter's CE,True,"['bloodpressure', 'bmi', 'diabetespedigreefunction', 'glucose']",500,0.04174947738647461,11.276662881245942,4.0,0.7469328865742866,1.7463826293116824,4.912207866814583,98.33727405018173,11.276662881245942
diabetes,RandomForest,32,72,SHAP-Targeted CE,True,"['bmi', 'diabetespedigreefunction', 'glucose']",343,0.019697189331054688,3.957765520224962,3.0,0.07522116035815976,2.6084125358503942,4.631241828323282,100.0,3.957765520224962
diabetes,RandomForest,33,78,Actionable CBFI (Proposed),True,"['glucose', 'insulin']",186,0.9379928112030029,1.8862081391120498,2.0,0.0,3.9296715293464914,4.812399312855023,100.0,1.8862081391120498
diabetes,RandomForest,33,78,Untargeted Causal (Karimi 2021),True,"['glucose', 'insulin']",414,2.3029403686523438,1.8862081391120498,2.0,0.0,3.9296715293464914,4.812399312855023,100.0,1.8862081391120498
diabetes,RandomForest,33,78,Wachter's CE,True,"['bmi', 'diabetespedigreefunction', 'glucose', 'skinthickness']",500,0.04072260856628418,6.332681700194678,4.0,0.03114543873019721,3.701119228001937,5.413315781668161,49.33001832986845,6.332681700194678
diabetes,RandomForest,33,78,SHAP-Targeted CE,True,"['bmi', 'diabetespedigreefunction', 'glucose']",343,0.019686460494995117,3.0546019900497505,3.0,0.020748257208830702,4.020363272982018,5.080294064128946,62.47404210269146,3.0546019900497505
diabetes,RandomForest,34,84,Actionable CBFI (Proposed),True,"['glucose', 'insulin']",204,1.05372953414917,2.4006285406880634,2.0,0.0,1.5707115341193028,3.815344037273252,58.31806030260452,2.4006285406880634
diabetes,RandomForest,34,84,Untargeted Causal (Karimi 2021),True,"['diabetespedigreefunction', 'glucose']",420,2.1924855709075928,2.2895522388059706,2.0,0.017555558492293663,1.465531727525816,3.916966314076565,99.99999999999997,2.2895522388059706
diabetes,RandomForest,34,84,Wachter's CE,True,"['bloodpressure', 'bmi', 'diabetespedigreefunction', 'glucose', 'skinthickness']",500,0.040474891662597656,9.396073977936407,5.0,0.32030869167391074,1.9990066324956506,4.662784197960648,78.04934268458183,9.396073977936407
diabetes,RandomForest,34,84,SHAP-Targeted CE,True,"['bmi', 'diabetespedigreefunction', 'glucose']",343,0.019828081130981445,3.6486102098204625,3.0,0.05987636408765421,1.4046569750642273,3.6419994446696284,100.0,3.6486102098204625
diabetes,RandomForest,35,88,Actionable CBFI (Proposed),True,"['bloodpressure', 'glucose', 'insulin']",178,0.9847173690795898,1.4431040695560249,3.0,0.0,1.6843270781117614,3.7812844220495716,100.0,1.4431040695560249
diabetes,RandomForest,35,88,Untargeted Causal (Karimi 2021),True,"['bmi', 'glucose', 'insulin', 'skinthickness']",403,2.228299379348755,1.3452779825995023,4.0,0.00029517767013188736,1.7386882317956538,3.871607305138058,81.41648021943234,1.3452779825995023
diabetes,RandomForest,35,88,Wachter's CE,True,"['bloodpressure', 'bmi', 'diabetespedigreefunction', 'glucose', 'insulin', 'skinthickness']",500,0.03908109664916992,13.284391034847147,6.0,0.0,3.6047968151637875,5.0348335907317345,85.65162285299202,13.284391034847147
diabetes,RandomForest,35,88,SHAP-Targeted CE,True,"['bmi', 'diabetespedigreefunction', 'glucose']",343,0.018784761428833008,3.0445003244646336,3.0,0.052515866086246414,1.92319031048681,3.962241105962367,85.29278547182983,3.0445003244646336
diabetes,RandomForest,36,93,Actionable CBFI (Proposed),True,"['bloodpressure', 'diabetespedigreefunction']",204,0.9146957397460938,0.5938805970149252,2.0,0.0,0.5396374312510115,3.0746783704506537,100.0,0.5938805970149252
diabetes,RandomForest,36,93,Untargeted Causal (Karimi 2021),True,"['bloodpressure', 'diabetespedigreefunction']",427,1.8332273960113525,0.5938805970149252,2.0,0.0,0.5396374312510115,3.0746783704506537,100.0,0.5938805970149252
diabetes,RandomForest,36,93,Wachter's CE,True,"['bloodpressure', 'bmi', 'diabetespedigreefunction', 'glucose']",500,0.04020547866821289,5.815233614536016,4.0,0.1063490026608674,0.7088642937583114,3.6487041571888645,100.0,5.815233614536016
diabetes,RandomForest,36,93,SHAP-Targeted CE,True,"['bmi', 'diabetespedigreefunction', 'glucose']",343,0.019609928131103516,1.5205494267791477,3.0,0.0022260404511439563,0.509638450879301,3.0557380243038272,100.0,1.5205494267791477
diabetes,RandomForest,37,99,Actionable CBFI (Proposed),True,"['glucose', 'insulin']",177,0.8844115734100342,2.314891807092061,2.0,0.0,0.6554434674464018,3.1780576775794516,100.0,2.314891807092061
diabetes,RandomForest,37,99,Untargeted Causal (Karimi 2021),True,"['glucose', 'insulin']",401,1.9406795501708984,2.314891807092061,2.0,0.0,0.6554434674464018,3.1780576775794516,100.0,2.314891807092061
diabetes,RandomForest,37,99,Wachter's CE,True,"['bloodpressure', 'bmi', 'diabetespedigreefunction', 'glucose', 'insulin', 'skinthickness']",500,0.0402989387512207,10.863998388315018,6.0,0.0,0.6305026560873654,4.891742870403537,15.321781450169414,10.863998388315018
diabetes,RandomForest,37,99,SHAP-Targeted CE,True,"['bmi', 'diabetespedigreefunction', 'glucose']",343,0.018921613693237305,3.060431537962362,3.0,0.044573470659329706,0.897051071360633,2.7345331795025234,72.03919177997474,3.060431537962362
diabetes,RandomForest,38,100,Actionable CBFI (Proposed),True,"['bmi', 'glucose']",190,1.0658652782440186,3.6478260869565204,2.0,0.19228195387208555,0.6356370262450908,3.2837259827326086,100.0,3.6478260869565204
diabetes,RandomForest,38,100,Untargeted Causal (Karimi 2021),True,"['bmi', 'glucose']",422,2.257077217102051,3.6478260869565204,2.0,0.19228195387208555,0.6356370262450908,3.2837259827326086,100.0,3.6478260869565204
diabetes,RandomForest,38,100,Wachter's CE,True,"['bloodpressure', 'bmi', 'diabetespedigreefunction', 'glucose']",500,0.04183197021484375,10.605215768981179,4.0,0.7227177548561801,0.8663645680075606,4.113251708520607,77.01602632989932,10.605215768981179
diabetes,RandomForest,38,100,SHAP-Targeted CE,True,"['bmi', 'diabetespedigreefunction', 'glucose']",343,0.01958632469177246,4.520976638546397,3.0,0.14695504679619162,0.6556632048566862,3.3315065535111423,100.0,4.520976638546397
diabetes,RandomForest,39,109,Actionable CBFI (Proposed),True,"['bmi', 'skinthickness']",193,0.7939867973327637,0.25362318840579673,2.0,5.925118522959805e-05,0.31634993843559606,2.017955442903319,100.0,0.25362318840579673
diabetes,RandomForest,39,109,Untargeted Causal (Karimi 2021),True,"['bmi', 'diabetespedigreefunction']",406,1.5131452083587646,0.2517326411421148,2.0,0.0001268422305442945,0.31367210110003513,2.045956295659152,34.54320478449161,0.2517326411421148
diabetes,RandomForest,39,109,Wachter's CE,True,"['bloodpressure', 'bmi', 'diabetespedigreefunction', 'glucose', 'insulin', 'skinthickness']",500,0.040436506271362305,8.142906281138853,6.0,0.0,1.8527753687519308,3.640034606779118,73.11422952510186,8.142906281138853
diabetes,RandomForest,39,109,SHAP-Targeted CE,True,"['bmi', 'diabetespedigreefunction', 'glucose']",343,0.019860506057739258,2.070911745619727,3.0,0.013778707320943445,0.3409839248731886,2.087877605804204,51.279660950560505,2.070911745619727
diabetes,RandomForest,40,110,Actionable CBFI (Proposed),True,"['glucose', 'insulin']",179,0.8107779026031494,2.057681606304054,2.0,0.0,0.3350784631869986,1.8766524772247173,100.0,2.057681606304054
diabetes,RandomForest,40,110,Untargeted Causal (Karimi 2021),True,"['glucose', 'insulin']",410,1.9553496837615967,2.057681606304054,2.0,0.0,0.3350784631869986,1.8766524772247173,100.0,2.057681606304054
diabetes,RandomForest,40,110,Wachter's CE,True,"['bloodpressure', 'bmi', 'diabetespedigreefunction', 'glucose', 'insulin', 'skinthickness']",500,0.04034852981567383,8.48567887575664,6.0,0.0,0.4142650297668407,1.7075312424930575,51.11605813638177,8.48567887575664
diabetes,RandomForest,40,110,SHAP-Targeted CE,True,"['bmi', 'diabetespedigreefunction', 'glucose']",343,0.01970982551574707,2.693402552455116,3.0,0.03221213065184757,0.2103647745039871,1.8402492936242956,73.17935044492275,2.693402552455116
diabetes,RandomForest,41,111,Actionable CBFI (Proposed),True,"['bmi', 'diabetespedigreefunction', 'glucose', 'insulin', 'skinthickness']",193,1.117136001586914,4.056464926522722,5.0,0.03952368762725147,2.754944785905362,4.2543803470708035,92.9521424701904,4.056464926522722
diabetes,RandomForest,41,111,Untargeted Causal (Karimi 2021),True,"['bloodpressure', 'bmi', 'diabetespedigreefunction', 'glucose', 'insulin']",400,2.336850643157959,3.5564649265227213,5.0,0.0814397271200009,2.5641512279294845,4.330087590352503,84.93183878262005,3.5564649265227213
diabetes,RandomForest,41,111,Wachter's CE,True,"['bloodpressure', 'bmi', 'diabetespedigreefunction', 'glucose', 'insulin', 'skinthickness']",500,0.03950357437133789,9.554405360935878,6.0,0.0,4.978103317289311,6.056204200437892,50.820900785572,9.554405360935878
diabetes,RandomForest,41,111,SHAP-Targeted CE,True,"['bmi', 'diabetespedigreefunction', 'glucose']",343,0.018824100494384766,3.3185972312351293,3.0,0.07113961544203855,3.2296410696979754,4.926418999744997,100.0,3.3185972312351293
diabetes,RandomForest,42,114,Actionable CBFI (Proposed),True,"['bmi', 'diabetespedigreefunction', 'glucose', 'insulin']",176,0.966926097869873,2.7056223128674324,4.0,0.026008086735272672,0.5488758503723334,2.243756590315554,100.0,2.7056223128674324
diabetes,RandomForest,42,114,Untargeted Causal (Karimi 2021),True,"['bmi', 'diabetespedigreefunction', 'glucose', 'insulin']",415,2.2660069465637207,2.7056223128674324,4.0,0.026008086735272672,0.5488758503723334,2.243756590315554,100.0,2.7056223128674324
diabetes,RandomForest,42,114,Wachter's CE,True,"['bloodpressure', 'bmi', 'diabetespedigreefunction', 'glucose', 'insulin', 'skinthickness']",500,0.052165985107421875,11.304359749718973,6.0,1.232595164407831e-32,1.1678788398216493,3.752047283849746,68.6699048413183,11.304359749718973
diabetes,RandomForest,42,114,SHAP-Targeted CE,True,"['bmi', 'diabetespedigreefunction', 'glucose']",343,0.018841028213500977,3.849210469392168,3.0,0.0997741887276379,0.604437079845342,2.3813509732279527,100.0,3.849210469392168
diabetes,RandomForest,43,115,Actionable CBFI (Proposed),True,['bmi'],204,1.14274263381958,1.152173913043478,1.0,0.02226873909993283,0.7895503165360708,3.2474502088644,100.0,1.152173913043478
diabetes,RandomForest,43,115,Untargeted Causal (Karimi 2021),True,['bmi'],418,2.35530161857605,1.152173913043478,1.0,0.02226873909993283,0.7895503165360708,3.2474502088644,100.0,1.152173913043478
diabetes,RandomForest,43,115,Wachter's CE,True,"['bloodpressure', 'bmi', 'diabetespedigreefunction', 'glucose']",500,0.04068279266357422,8.600608371187539,4.0,0.1950264836617898,1.5671396581280401,4.644374363208576,100.0,8.600608371187539
diabetes,RandomForest,43,115,SHAP-Targeted CE,True,"['bmi', 'diabetespedigreefunction', 'glucose']",343,0.02001667022705078,3.008847069002811,3.0,0.09056985668977872,0.7243183714846877,3.352876849569301,100.0,3.008847069002811
diabetes,RandomForest,44,116,Actionable CBFI (Proposed),True,"['bmi', 'glucose']",175,0.8380630016326904,1.5760869565217384,2.0,0.01486278004850491,0.6386095529296736,2.082003329087505,100.0,1.5760869565217384
diabetes,RandomForest,44,116,Untargeted Causal (Karimi 2021),True,"['bloodpressure', 'diabetespedigreefunction']",423,2.0935819149017334,1.4943283582089548,2.0,0.0,0.5534588038892373,1.7590278565863011,0.0,1.4943283582089548
diabetes,RandomForest,44,116,Wachter's CE,True,"['bloodpressure', 'bmi', 'diabetespedigreefunction', 'glucose']",500,0.04198503494262695,7.442326411421154,4.0,0.3350613108886649,0.19103223244790565,2.256599192615258,66.77435176405191,7.442326411421154
diabetes,RandomForest,44,116,SHAP-Targeted CE,True,"['bmi', 'diabetespedigreefunction', 'glucose']",343,0.019363880157470703,2.170587280986373,3.0,0.014509112131828534,0.55218037475212,2.023398560056438,60.94323405209461,2.170587280986373
diabetes,RandomForest,45,120,Actionable CBFI (Proposed),True,"['glucose', 'insulin']",191,0.9943227767944336,3.1722591430520826,2.0,0.0,0.48168515748134,3.5098869132567216,58.31806030260456,3.1722591430520826
diabetes,RandomForest,45,120,Untargeted Causal (Karimi 2021),True,"['glucose', 'insulin']",415,2.2318015098571777,3.1722591430520826,2.0,0.0,0.48168515748134,3.5098869132567216,58.31806030260456,3.1722591430520826
diabetes,RandomForest,45,120,Wachter's CE,True,"['bloodpressure', 'bmi', 'diabetespedigreefunction', 'glucose', 'insulin', 'skinthickness']",500,0.04137921333312988,14.92072832558519,6.0,0.0,1.2268137069333311,4.634459193070376,65.04065746143404,14.92072832558519
diabetes,RandomForest,45,120,SHAP-Targeted CE,True,"['bmi', 'diabetespedigreefunction', 'glucose']",343,0.020943641662597656,4.310604585766817,3.0,0.08142386944746739,0.3954746690408513,3.7822163814469567,100.0,4.310604585766817
diabetes,RandomForest,46,124,Actionable CBFI (Proposed),True,"['glucose', 'insulin']",195,0.7955358028411865,0.3429469343840089,2.0,0.0,0.5936512209796142,2.2242546083626253,58.31806030260456,0.3429469343840089
diabetes,RandomForest,46,124,Untargeted Causal (Karimi 2021),True,"['glucose', 'insulin']",418,1.7027668952941895,0.3429469343840089,2.0,0.0,0.5936512209796142,2.2242546083626253,58.31806030260456,0.3429469343840089
diabetes,RandomForest,46,124,Wachter's CE,True,"['bloodpressure', 'bmi', 'diabetespedigreefunction', 'glucose']",500,0.040480852127075195,7.336421155094092,4.0,0.2799850176710485,0.2144093098506418,2.5392357260607854,74.44257955804403,7.336421155094092
diabetes,RandomForest,46,124,SHAP-Targeted CE,True,"['bmi', 'diabetespedigreefunction', 'glucose']",343,0.020410537719726562,1.8656662340471555,3.0,0.003877378440472766,0.6047273703357617,2.2728579679452015,100.0,1.8656662340471555
diabetes,RandomForest,47,125,Actionable CBFI (Proposed),True,['skinthickness'],200,0.8401749134063721,1.9999999999999998,1.0,0.0,1.98015965395463,4.645710315110024,100.0,1.9999999999999998
diabetes,RandomForest,47,125,Untargeted Causal (Karimi 2021),True,"['glucose', 'insulin', 'skinthickness']",428,1.9218823909759521,1.850157135172016,3.0,0.0,1.6827136298021403,4.430283891281106,67.56182900560945,1.850157135172016
diabetes,RandomForest,47,125,Wachter's CE,True,"['bloodpressure', 'bmi', 'diabetespedigreefunction', 'glucose', 'insulin', 'skinthickness']",500,0.041201114654541016,10.612851326049721,6.0,0.0,2.686368643468859,5.177399309143013,47.22413027292707,10.612851326049721
diabetes,RandomForest,47,125,SHAP-Targeted CE,True,"['bmi', 'diabetespedigreefunction', 'glucose']",343,0.018857479095458984,4.972058187324247,3.0,0.09812271031670389,1.2883294234013085,3.5029736788645893,88.43537266989549,4.972058187324247
diabetes,RandomForest,48,128,Actionable CBFI (Proposed),True,"['bmi', 'skinthickness']",179,0.8828730583190918,0.6739130434782602,2.0,0.00023700474091839144,0.48447526997470025,2.0153008188297283,100.0,0.6739130434782602
diabetes,RandomForest,48,128,Untargeted Causal (Karimi 2021),True,"['bmi', 'skinthickness']",419,1.983823299407959,0.6739130434782602,2.0,0.00023700474091839144,0.48447526997470025,2.0153008188297283,100.0,0.6739130434782602
diabetes,RandomForest,48,128,Wachter's CE,True,"['bloodpressure', 'bmi', 'diabetespedigreefunction', 'glucose', 'insulin', 'skinthickness']",500,0.04106450080871582,12.06707348857991,6.0,0.0,1.7107046106148762,3.3008808984054725,79.86070207580205,12.06707348857991
diabetes,RandomForest,48,128,SHAP-Targeted CE,True,"['bmi', 'diabetespedigreefunction', 'glucose']",343,0.01939702033996582,1.4715714903742154,3.0,0.009060065466714102,0.6422853133666727,2.1648404802302177,14.03409487621407,1.4715714903742154
diabetes,RandomForest,49,129,Actionable CBFI (Proposed),True,['bmi'],204,0.8287553787231445,0.43478260869565205,1.0,0.0031710557636073803,1.7530255733064084,4.304746847202394,100.0,0.43478260869565205
diabetes,RandomForest,49,129,Untargeted Causal (Karimi 2021),True,['bmi'],432,1.8350021839141846,0.43478260869565205,1.0,0.0031710557636073803,1.7530255733064084,4.304746847202394,100.0,0.43478260869565205
diabetes,RandomForest,49,129,Wachter's CE,True,"['bloodpressure', 'bmi', 'diabetespedigreefunction', 'glucose']",500,0.04139375686645508,6.663814081765087,4.0,0.12114594893105507,1.8897135580178777,5.344319357501797,100.0,6.663814081765087
diabetes,RandomForest,49,129,SHAP-Targeted CE,True,"['bmi', 'diabetespedigreefunction', 'glucose']",343,0.0199127197265625,2.180386112913691,3.0,0.03341276080135036,1.7809582113386906,4.529924108887803,100.0,2.180386112913691
diabetes,RandomForest,50,130,Actionable CBFI (Proposed),True,"['diabetespedigreefunction', 'glucose', 'insulin']",195,0.9656298160552979,2.5766177600632227,3.0,0.0,0.1761595627208614,1.2907009559799407,63.938963400094714,2.5766177600632227
diabetes,RandomForest,50,130,Untargeted Causal (Karimi 2021),True,"['diabetespedigreefunction', 'glucose', 'insulin']",414,2.0536723136901855,2.2376266209933937,3.0,0.0,0.18893308944931841,1.3385871251597894,73.62545078391022,2.2376266209933937
diabetes,RandomForest,50,130,Wachter's CE,True,"['bloodpressure', 'bmi', 'diabetespedigreefunction', 'glucose', 'insulin', 'skinthickness']",500,0.07572746276855469,12.946397689031674,6.0,0.0,1.0517894557073373,3.5539568574380773,50.84555826994145,12.946397689031674
diabetes,RandomForest,50,130,SHAP-Targeted CE,True,"['bmi', 'diabetespedigreefunction', 'glucose']",343,0.018828153610229492,3.494419208306294,3.0,0.038897709063207636,0.15516979919705096,1.1976641614352064,100.0,3.494419208306294
diabetes,RandomForest,51,131,Actionable CBFI (Proposed),True,['bmi'],204,1.1162464618682861,1.608695652173912,1.0,0.043411753403785,0.7848414868117297,3.2890624815171936,100.0,1.608695652173912
diabetes,RandomForest,51,131,Untargeted Causal (Karimi 2021),True,['bmi'],417,2.322509288787842,1.608695652173912,1.0,0.043411753403785,0.7848414868117297,3.2890624815171936,100.0,1.608695652173912
diabetes,RandomForest,51,131,Wachter's CE,True,"['bloodpressure', 'bmi', 'diabetespedigreefunction', 'glucose']",500,0.03902077674865723,9.960861453601554,4.0,0.30526113356901735,1.202899158075409,4.4560880717434825,100.0,9.960861453601554
diabetes,RandomForest,51,131,SHAP-Targeted CE,True,"['bmi', 'diabetespedigreefunction', 'glucose']",343,0.019685745239257812,3.643651308674021,3.0,0.06835568624102077,1.5420097109276196,4.200574455358532,100.0,3.643651308674021
diabetes,RandomForest,52,132,Actionable CBFI (Proposed),True,"['bmi', 'glucose', 'insulin', 'skinthickness']",167,0.9507746696472168,2.9791912495196455,4.0,0.00038553818139674923,0.31223256279915584,1.406810746681519,100.0,2.9791912495196455
diabetes,RandomForest,52,132,Untargeted Causal (Karimi 2021),True,"['diabetespedigreefunction', 'glucose', 'insulin', 'skinthickness']",400,2.119995594024658,2.4562234796732256,4.0,0.0,0.4131069972990093,1.6463472234612233,87.06909436674052,2.4562234796732256
diabetes,RandomForest,52,132,Wachter's CE,True,"['bloodpressure', 'bmi', 'diabetespedigreefunction', 'glucose', 'insulin', 'skinthickness']",500,0.04163217544555664,11.218298918805827,6.0,0.0,1.218095992528934,2.7341331466095187,46.308072737969425,11.218298918805827
diabetes,RandomForest,52,132,SHAP-Targeted CE,True,"['bmi', 'diabetespedigreefunction', 'glucose']",343,0.022462129592895508,3.732889898334415,3.0,0.034894807619215755,0.48880309688576296,2.118245425173239,55.53842899899462,3.732889898334415
diabetes,RandomForest,53,143,Actionable CBFI (Proposed),True,"['bloodpressure', 'diabetespedigreefunction']",204,1.0635757446289062,0.5640298507462684,2.0,0.0,0.8974002416057474,2.3885507816696103,100.0,0.5640298507462684
diabetes,RandomForest,53,143,Untargeted Causal (Karimi 2021),True,"['bloodpressure', 'diabetespedigreefunction']",407,2.171809434890747,0.5640298507462684,2.0,0.0,0.8974002416057474,2.3885507816696103,100.0,0.5640298507462684
diabetes,RandomForest,53,143,Wachter's CE,True,"['bloodpressure', 'bmi', 'diabetespedigreefunction', 'glucose']",500,0.039917945861816406,5.604948085658661,4.0,0.24061944257852574,0.6226866280663081,2.870725753382135,100.0,5.604948085658661
diabetes,RandomForest,53,143,SHAP-Targeted CE,True,"['bmi', 'diabetespedigreefunction', 'glucose']",343,0.020012855529785156,1.8332089552238808,3.0,0.0021592643693914065,1.0106308230188645,2.656646111301743,100.0,1.8332089552238808
diabetes,RandomForest,54,152,Actionable CBFI (Proposed),True,"['bmi', 'glucose', 'insulin']",186,1.0056874752044678,4.483925697997808,3.0,0.08672639886771448,0.5758407569748925,3.1303256428459494,100.0,4.483925697997808
diabetes,RandomForest,54,152,Untargeted Causal (Karimi 2021),True,"['bmi', 'glucose', 'insulin']",417,2.4654018878936768,4.483925697997808,3.0,0.08672639886771448,0.5758407569748925,3.1303256428459494,100.0,4.483925697997808
diabetes,RandomForest,54,152,Wachter's CE,True,"['bloodpressure', 'bmi', 'diabetespedigreefunction', 'glucose', 'insulin', 'skinthickness']",500,0.038964271545410156,13.97787811654486,6.0,0.0,3.933244635533255,5.252474828264503,54.98839942509184,13.97787811654486
diabetes,RandomForest,54,152,SHAP-Targeted CE,True,"['bmi', 'diabetespedigreefunction', 'glucose']",343,0.018725156784057617,4.11907852044127,3.0,0.17521631759317505,0.7520446450362146,3.5327792363778916,100.0,4.11907852044127
diabetes,RandomForest,55,154,Actionable CBFI (Proposed),True,"['bmi', 'glucose']",184,0.9948561191558838,5.345652173913042,2.0,0.24002769725357942,0.7597719045416349,2.3370849802624285,100.0,5.345652173913042
diabetes,RandomForest,55,154,Untargeted Causal (Karimi 2021),True,"['bmi', 'glucose']",433,2.4944937229156494,5.345652173913042,2.0,0.24002769725357942,0.7597719045416349,2.3370849802624285,100.0,5.345652173913042
diabetes,RandomForest,55,154,Wachter's CE,True,"['bloodpressure', 'bmi', 'diabetespedigreefunction', 'glucose', 'skinthickness']",500,0.038735389709472656,13.138651849448408,5.0,0.13433057598733383,1.620410932612252,5.675111807736028,81.14541100292455,13.138651849448408
diabetes,RandomForest,55,154,SHAP-Targeted CE,True,"['bmi', 'diabetespedigreefunction', 'glucose']",343,0.018723487854003906,5.465644603071597,3.0,0.20736975699721139,1.124343268939018,3.2822019962690003,93.55540230749367,5.465644603071597
diabetes,RandomForest,56,155,Actionable CBFI (Proposed),True,"['glucose', 'insulin']",204,1.0963108539581299,2.314891807092061,2.0,0.0,0.5467158666907808,3.1992480750127608,58.318060302604536,2.314891807092061
diabetes,RandomForest,56,155,Untargeted Causal (Karimi 2021),True,"['glucose', 'insulin']",421,2.296335458755493,2.314891807092061,2.0,0.0,0.5467158666907808,3.1992480750127608,58.318060302604536,2.314891807092061
diabetes,RandomForest,56,155,Wachter's CE,True,"['bloodpressure', 'bmi', 'diabetespedigreefunction', 'glucose', 'skinthickness']",500,0.03955197334289551,9.968188946571487,5.0,0.04486455666324123,2.446893017854941,4.184906933866006,95.40204007177276,9.968188946571487
diabetes,RandomForest,56,155,SHAP-Targeted CE,True,"['bmi', 'diabetespedigreefunction', 'glucose']",343,0.018941640853881836,3.6578628596149687,3.0,0.043868207710345206,0.5425697760341474,3.0081933244249726,100.0,3.6578628596149687
diabetes,RandomForest,57,159,Actionable CBFI (Proposed),True,"['bmi', 'glucose', 'insulin']",204,1.2546119689941406,4.632657302753426,3.0,0.276551016797559,2.6949296884926417,4.826051123412105,87.65745661358993,4.632657302753426
diabetes,RandomForest,57,159,Untargeted Causal (Karimi 2021),True,"['bmi', 'glucose', 'insulin']",406,2.401752471923828,4.632657302753426,3.0,0.276551016797559,2.6949296884926417,4.826051123412105,87.65745661358993,4.632657302753426
diabetes,RandomForest,57,159,Wachter's CE,True,"['bloodpressure', 'bmi', 'diabetespedigreefunction', 'glucose', 'insulin', 'skinthickness']",500,0.038784027099609375,16.6162189320681,6.0,0.0,5.2004115462272384,7.002867718473689,60.19920052101194,16.6162189320681
diabetes,RandomForest,57,159,SHAP-Targeted CE,True,"['bmi', 'diabetespedigreefunction', 'glucose']",343,0.018678665161132812,5.7944083928185135,3.0,0.40521428485754407,2.7933217618965016,4.970993790824908,100.0,5.7944083928185135
diabetes,RandomForest,58,164,Actionable CBFI (Proposed),True,"['diabetespedigreefunction', 'glucose', 'insulin']",204,1.057706356048584,0.848748759784969,3.0,0.0,0.8901758720272905,2.5337704553106026,74.73688189773176,0.848748759784969
diabetes,RandomForest,58,164,Untargeted Causal (Karimi 2021),True,"['diabetespedigreefunction', 'glucose', 'insulin']",416,2.225647211074829,0.848748759784969,3.0,0.0,0.8901758720272905,2.5337704553106026,74.73688189773176,0.848748759784969
diabetes,RandomForest,58,164,Wachter's CE,True,"['bloodpressure', 'bmi', 'diabetespedigreefunction', 'glucose']",500,0.04061603546142578,8.25622160934458,4.0,0.2807422246755793,0.9699516043813249,4.201823396694636,100.0,8.25622160934458
diabetes,RandomForest,58,164,SHAP-Targeted CE,True,"['bmi', 'diabetespedigreefunction', 'glucose']",343,0.01970815658569336,2.6894603071598517,3.0,0.021153816643923684,0.9233078091647119,2.9092203802748235,100.0,2.6894603071598517
diabetes,RandomForest,59,165,Actionable CBFI (Proposed),True,"['glucose', 'insulin']",199,0.9963424205780029,0.7716306023640203,2.0,0.0,0.36287329066823154,1.9166549144908598,58.31806030260452,0.7716306023640203
diabetes,RandomForest,59,165,Untargeted Causal (Karimi 2021),True,"['glucose', 'insulin']",417,2.0777838230133057,0.7716306023640203,2.0,0.0,0.36287329066823154,1.9166549144908598,58.31806030260452,0.7716306023640203
diabetes,RandomForest,59,165,Wachter's CE,True,"['bloodpressure', 'bmi', 'diabetespedigreefunction', 'glucose', 'insulin', 'skinthickness']",500,0.040592193603515625,7.41240412336039,6.0,0.0,0.3468287548150212,1.6669508424678865,53.52827404146026,7.41240412336039
diabetes,RandomForest,59,165,SHAP-Targeted CE,True,"['bmi', 'diabetespedigreefunction', 'glucose']",343,0.018726110458374023,2.532906121566082,3.0,0.012363088751232125,0.3102423387556037,1.7283832043086862,100.0,2.532906121566082
diabetes,RandomForest,60,170,Actionable CBFI (Proposed),True,"['bmi', 'glucose', 'insulin']",192,0.8879745006561279,0.7523310482154941,3.0,0.0006022666588035726,0.6283516928628861,2.0070811530442234,66.74906136528845,0.7523310482154941
diabetes,RandomForest,60,170,Untargeted Causal (Karimi 2021),True,"['bmi', 'glucose']",422,1.7609453201293945,0.502173913043478,2.0,0.00196833222562648,0.61644076799338,2.0157225991334258,100.0,0.502173913043478
diabetes,RandomForest,60,170,Wachter's CE,True,"['bloodpressure', 'bmi', 'diabetespedigreefunction', 'glucose']",500,0.05275583267211914,6.407868267358856,4.0,0.18476484008938684,0.2275245235214523,2.2890404542379748,59.03473837982081,6.407868267358856
diabetes,RandomForest,60,170,SHAP-Targeted CE,True,"['bmi', 'diabetespedigreefunction', 'glucose']",343,0.019481420516967773,1.3317813108371181,3.0,0.007093109567505492,0.6482858882170593,2.189728102575823,100.0,1.3317813108371181
diabetes,RandomForest,61,171,Actionable CBFI (Proposed),True,"['bmi', 'glucose', 'insulin']",204,0.9731204509735107,1.1411958197553238,3.0,0.0035521441713108524,0.16791162793120576,1.169036223844585,71.81635291715499,1.1411958197553238
diabetes,RandomForest,61,171,Untargeted Causal (Karimi 2021),True,"['bmi', 'glucose', 'insulin']",410,1.949922800064087,1.1411958197553238,3.0,0.0035521441713108524,0.16791162793120576,1.169036223844585,71.81635291715499,1.1411958197553238
diabetes,RandomForest,61,171,Wachter's CE,True,"['bloodpressure', 'bmi', 'diabetespedigreefunction', 'glucose', 'insulin', 'skinthickness']",500,0.04066729545593262,5.833011528246153,6.0,0.0,0.5146645210911267,1.8553315731919893,51.689372338312324,5.833011528246153
diabetes,RandomForest,61,171,SHAP-Targeted CE,True,"['bmi', 'diabetespedigreefunction', 'glucose']",343,0.018961191177368164,2.566974908068354,3.0,0.03506585119397404,0.28324725331611134,1.4614453343515184,100.0,2.566974908068354
diabetes,RandomForest,62,175,Actionable CBFI (Proposed),True,"['bmi', 'glucose', 'insulin']",188,0.9636626243591309,4.22183634463729,3.0,0.05683430674097395,0.9221011676098854,2.8196763526720847,100.0,4.22183634463729
diabetes,RandomForest,62,175,Untargeted Causal (Karimi 2021),True,"['bmi', 'glucose', 'insulin']",415,2.358380079269409,4.22183634463729,3.0,0.05683430674097395,0.9221011676098854,2.8196763526720847,100.0,4.22183634463729
diabetes,RandomForest,62,175,Wachter's CE,True,"['bloodpressure', 'bmi', 'diabetespedigreefunction', 'glucose', 'insulin', 'skinthickness']",500,0.03942394256591797,14.927930952862203,6.0,0.0,3.475789277162934,4.488766395154598,86.6022960160026,14.927930952862203
diabetes,RandomForest,62,175,SHAP-Targeted CE,True,"['bmi', 'diabetespedigreefunction', 'glucose']",343,0.01879286766052246,5.396874324032014,3.0,0.19155444750612532,1.0142301649275929,3.0499747739610967,100.0,5.396874324032014
diabetes,RandomForest,63,177,Actionable CBFI (Proposed),True,"['diabetespedigreefunction', 'glucose', 'insulin', 'skinthickness']",191,0.9574582576751709,1.3563300189611234,4.0,0.0,0.5139531908075079,5.061390310020433,89.46075568735854,1.3563300189611234
diabetes,RandomForest,63,177,Untargeted Causal (Karimi 2021),True,"['diabetespedigreefunction', 'glucose', 'insulin']",415,2.0812032222747803,0.9524541228284807,3.0,0.0,0.3667390334734182,4.9507604109228875,31.15283044072463,0.9524541228284807
diabetes,RandomForest,63,177,Wachter's CE,True,"['bloodpressure', 'diabetespedigreefunction', 'glucose', 'insulin', 'skinthickness']",500,0.04225754737854004,12.120514232118099,5.0,0.0,2.860273270404341,6.124098811611718,65.5779361531933,12.120514232118099
diabetes,RandomForest,63,177,SHAP-Targeted CE,True,"['diabetespedigreefunction', 'glucose']",343,0.020246505737304688,2.3665422885572136,2.0,0.019486893849385893,0.4018407971533625,5.062004317821328,100.0,2.3665422885572136
diabetes,RandomForest,64,179,Actionable CBFI (Proposed),True,['glucose'],192,1.004713535308838,1.05,1.0,0.009875001651915176,0.7084361720410517,2.814460177638124,100.0,1.05
diabetes,RandomForest,64,179,Untargeted Causal (Karimi 2021),True,"['glucose', 'insulin']",422,2.271927833557129,1.8004714055160471,2.0,0.0,0.7718656709652117,2.8300942459205087,100.0,1.8004714055160471
diabetes,RandomForest,64,179,Wachter's CE,True,"['bloodpressure', 'bmi', 'diabetespedigreefunction', 'glucose']",500,0.04125523567199707,9.3150146009085,4.0,0.5575771856188737,0.7068553104141096,3.9930912178806897,87.251764480496,9.3150146009085
diabetes,RandomForest,64,179,SHAP-Targeted CE,True,"['bmi', 'diabetespedigreefunction', 'glucose']",343,0.019752025604248047,3.3126162664936194,3.0,0.06467321981493182,0.6039002219143745,2.436734755352192,100.0,3.3126162664936194
diabetes,RandomForest,65,185,Actionable CBFI (Proposed),True,"['bmi', 'glucose', 'insulin']",194,1.104285717010498,6.203539522490365,3.0,0.12291156302113736,0.5979860345751317,2.7402660572259534,72.92470737193221,6.203539522490365
diabetes,RandomForest,65,185,Untargeted Causal (Karimi 2021),True,"['bmi', 'glucose']",410,2.321356773376465,4.5239130434782595,2.0,0.18554062022098178,0.4091973101298982,2.3974645001414037,100.0,4.5239130434782595
diabetes,RandomForest,65,185,Wachter's CE,True,"['bloodpressure', 'bmi', 'diabetespedigreefunction', 'glucose', 'skinthickness']",500,0.03928947448730469,13.168270062729826,5.0,0.9859883601254341,2.195958581309465,3.713381947692613,64.40306906169067,13.168270062729826
diabetes,RandomForest,65,185,SHAP-Targeted CE,True,"['bmi', 'diabetespedigreefunction', 'glucose']",343,0.019634246826171875,6.68730261734804,3.0,0.33103890466941277,0.34008714495807324,2.650623597744034,100.0,6.68730261734804
diabetes,RandomForest,66,186,Actionable CBFI (Proposed),True,"['glucose', 'insulin', 'skinthickness']",163,0.9512097835540771,5.551257081376125,3.0,0.0,2.0295504499938173,4.428624866697721,100.0,5.551257081376125
diabetes,RandomForest,66,186,Untargeted Causal (Karimi 2021),True,"['bmi', 'glucose', 'insulin', 'skinthickness']",404,2.27817964553833,3.9114257538582797,4.0,0.010626396124748,2.298716883883904,4.48300656109589,76.65701624630782,3.9114257538582797
diabetes,RandomForest,66,186,Wachter's CE,True,"['bloodpressure', 'bmi', 'diabetespedigreefunction', 'glucose', 'insulin', 'skinthickness']",500,0.03960847854614258,11.160061861044033,6.0,0.0,4.86993192676139,6.409024482942497,66.20324172574136,11.160061861044033
diabetes,RandomForest,66,186,SHAP-Targeted CE,True,"['bmi', 'diabetespedigreefunction', 'glucose']",343,0.018451213836669922,4.973447977503786,3.0,0.14098398683332036,3.1131194371243147,5.060001391877581,66.19730561384814,4.973447977503786
diabetes,RandomForest,67,187,Actionable CBFI (Proposed),True,['bmi'],194,0.9841296672821045,1.3260869565217388,1.0,0.02949874624095769,1.2428534894349108,3.830980050006418,100.0,1.3260869565217388
diabetes,RandomForest,67,187,Untargeted Causal (Karimi 2021),True,['bmi'],417,2.2439420223236084,1.3260869565217388,1.0,0.02949874624095769,1.2428534894349108,3.830980050006418,100.0,1.3260869565217388
diabetes,RandomForest,67,187,Wachter's CE,True,"['bloodpressure', 'bmi', 'diabetespedigreefunction', 'glucose', 'insulin', 'skinthickness']",500,0.04052615165710449,10.287106032559938,6.0,0.0,4.377793118656339,6.445678418946912,73.6161041242142,10.287106032559938
diabetes,RandomForest,67,187,SHAP-Targeted CE,True,"['bmi', 'diabetespedigreefunction', 'glucose']",343,0.01968860626220703,2.1918072680077874,3.0,0.01709313170155592,0.9354633874885533,3.3228351907125417,100.0,2.1918072680077874
diabetes,RandomForest,68,188,Actionable CBFI (Proposed),True,['bmi'],194,1.0443720817565918,0.43478260869565244,1.0,0.0031710557636073825,0.9329749577882268,2.500482844634887,99.99999999999997,0.43478260869565244
diabetes,RandomForest,68,188,Untargeted Causal (Karimi 2021),True,['bmi'],401,2.3108839988708496,0.43478260869565244,1.0,0.0031710557636073825,0.9329749577882268,2.500482844634887,99.99999999999997,0.43478260869565244
diabetes,RandomForest,68,188,Wachter's CE,True,"['bloodpressure', 'bmi', 'diabetespedigreefunction', 'glucose', 'insulin', 'skinthickness']",500,0.038672685623168945,11.467998079807659,6.0,4.930380657631324e-32,3.4929339495590925,4.474402622221849,55.77500731879724,11.467998079807659
diabetes,RandomForest,68,188,SHAP-Targeted CE,True,"['bmi', 'diabetespedigreefunction', 'glucose']",343,0.019155502319335938,2.702774172615184,3.0,0.03649779385345457,1.1658987741072804,2.7824990643455134,100.0,2.702774172615184
diabetes,RandomForest,69,189,Actionable CBFI (Proposed),True,"['bmi', 'insulin']",178,0.7769877910614014,0.6539558089807552,2.0,0.002074132625981694,0.5874969115369647,1.9265775084968886,100.0,0.6539558089807552
diabetes,RandomForest,69,189,Untargeted Causal (Karimi 2021),True,"['bloodpressure', 'bmi']",423,1.8640069961547852,0.5760869565217389,2.0,0.0015519447492999613,0.6401246767986366,1.9732392185268566,56.60377358490566,0.5760869565217389
diabetes,RandomForest,69,189,Wachter's CE,True,"['bloodpressure', 'bmi', 'diabetespedigreefunction', 'glucose', 'insulin', 'skinthickness']",500,0.04107046127319336,7.660074449562592,6.0,0.0,0.5056707806937716,1.895318909399192,45.41867475592912,7.660074449562592
diabetes,RandomForest,69,189,SHAP-Targeted CE,True,"['bmi', 'diabetespedigreefunction', 'glucose']",343,0.019414424896240234,2.430131948950897,3.0,0.003694562931772347,0.4562453636200077,2.125547539446753,30.474876496506276,2.430131948950897
diabetes,RandomForest,70,192,Actionable CBFI (Proposed),True,"['bmi', 'diabetespedigreefunction']",184,0.9627711772918701,1.4570668397144706,2.0,0.016053469803262367,0.7618975150173725,2.2499010249886453,100.0,1.4570668397144706
diabetes,RandomForest,70,192,Untargeted Causal (Karimi 2021),True,"['bmi', 'diabetespedigreefunction']",421,2.230010509490967,1.4570668397144706,2.0,0.016053469803262367,0.7618975150173725,2.2499010249886453,100.0,1.4570668397144706
diabetes,RandomForest,70,192,Wachter's CE,True,"['bloodpressure', 'bmi', 'diabetespedigreefunction', 'glucose']",500,0.041149139404296875,8.382852044127189,4.0,0.36147609259952973,0.3059993617112244,2.3981354098926495,92.54430357699252,8.382852044127189
diabetes,RandomForest,70,192,SHAP-Targeted CE,True,"['bmi', 'diabetespedigreefunction', 'glucose']",343,0.019896745681762695,3.5724962145792762,3.0,0.09612328205295172,0.36637434367423893,1.9469752695591336,100.0,3.5724962145792762
diabetes,RandomForest,71,193,Actionable CBFI (Proposed),True,"['glucose', 'insulin']",204,1.1617989540100098,3.4294693438400907,2.0,0.0,6.059367939455106,6.272040411796175,58.31806030260454,3.4294693438400907
diabetes,RandomForest,71,193,Untargeted Causal (Karimi 2021),True,"['glucose', 'insulin']",422,2.438070297241211,3.4294693438400907,2.0,0.0,6.059367939455106,6.272040411796175,58.31806030260454,3.4294693438400907
diabetes,RandomForest,71,193,Wachter's CE,True,"['bmi', 'diabetespedigreefunction', 'glucose', 'skinthickness']",500,0.039504051208496094,7.251922452952627,4.0,0.04690794778663062,4.77088448247318,5.976399520675317,71.559265651548,7.251922452952627
diabetes,RandomForest,71,193,SHAP-Targeted CE,True,"['bmi', 'diabetespedigreefunction', 'glucose']",343,0.01990485191345215,4.874291585550508,3.0,0.09900387696642603,6.757405470950625,6.941170481330048,100.0,4.874291585550508
diabetes,RandomForest,72,195,Actionable CBFI (Proposed),True,"['glucose', 'insulin']",178,0.8621554374694824,0.9431040695560245,2.0,0.0,0.5489671473999178,1.8933088635949993,100.0,0.9431040695560245
diabetes,RandomForest,72,195,Untargeted Causal (Karimi 2021),True,"['glucose', 'insulin']",401,2.0639686584472656,0.9431040695560245,2.0,0.0,0.5489671473999178,1.8933088635949993,100.0,0.9431040695560245
diabetes,RandomForest,72,195,Wachter's CE,True,"['bloodpressure', 'bmi', 'diabetespedigreefunction', 'glucose', 'insulin', 'skinthickness']",500,0.04105806350708008,12.64411597571657,6.0,0.0,0.6840733903417788,4.556985349865505,24.61687421206925,12.64411597571657
diabetes,RandomForest,72,195,SHAP-Targeted CE,True,"['bmi', 'diabetespedigreefunction', 'glucose']",343,0.01885986328125,2.97621674237508,3.0,0.059944507246669665,0.7169812848656294,1.8072605639573989,85.28968206380529,2.97621674237508
diabetes,RandomForest,73,197,Actionable CBFI (Proposed),True,['skinthickness'],118,0.4301109313964844,0.4166666666666667,1.0,0.0,0.04009313818410746,1.6987120840244017,100.0,0.4166666666666667
diabetes,RandomForest,73,197,Untargeted Causal (Karimi 2021),True,['skinthickness'],292,1.059082269668579,0.4166666666666667,1.0,0.0,0.04009313818410746,1.6987120840244017,100.0,0.4166666666666667
diabetes,RandomForest,73,197,Wachter's CE,True,"['bloodpressure', 'bmi', 'diabetespedigreefunction', 'glucose', 'insulin', 'skinthickness']",500,0.04064631462097168,8.070715116505852,6.0,0.0,0.13526998077845603,2.3913897867271077,78.95142540307201,8.070715116505852
diabetes,RandomForest,73,197,SHAP-Targeted CE,True,"['bmi', 'diabetespedigreefunction', 'glucose']",343,0.020041942596435547,1.5695489941596354,3.0,0.001856166247241961,0.055765375179544906,2.1149836379242637,100.0,1.5695489941596354
diabetes,RandomForest,74,198,Actionable CBFI (Proposed),True,['bmi'],174,0.7514293193817139,1.0217391304347812,1.0,0.01751215545452173,0.5484092391377623,2.2765048524447904,100.0,1.0217391304347812
diabetes,RandomForest,74,198,Untargeted Causal (Karimi 2021),True,['bmi'],398,1.7797062397003174,1.0217391304347812,1.0,0.01751215545452173,0.5484092391377623,2.2765048524447904,100.0,1.0217391304347812
diabetes,RandomForest,74,198,Wachter's CE,True,"['bloodpressure', 'bmi', 'diabetespedigreefunction', 'glucose', 'insulin', 'skinthickness']",500,0.04043245315551758,9.393721432041504,6.0,1.925929944387236e-34,0.42273173985246937,1.685938079953655,74.58408770930379,9.393721432041504
diabetes,RandomForest,74,198,SHAP-Targeted CE,True,"['bmi', 'diabetespedigreefunction', 'glucose']",343,0.01865696907043457,2.681689379191001,3.0,0.04650866876181606,0.9880396202313474,2.665021046076763,20.44815667738123,2.681689379191001
diabetes,RandomForest,75,199,Actionable CBFI (Proposed),True,['bmi'],172,0.7895967960357666,1.08695652173913,1.0,0.01981909852254614,1.0284714436609257,2.803800717217611,100.0,1.08695652173913
diabetes,RandomForest,75,199,Untargeted Causal (Karimi 2021),True,['bmi'],400,1.9509968757629395,1.08695652173913,1.0,0.01981909852254614,1.0284714436609257,2.803800717217611,100.0,1.08695652173913
diabetes,RandomForest,75,199,Wachter's CE,True,"['bloodpressure', 'bmi', 'diabetespedigreefunction', 'glucose', 'insulin', 'skinthickness']",500,0.04010629653930664,9.673560653610064,6.0,1.925929944387236e-34,3.589472466038714,5.096294771001741,93.6181643101781,9.673560653610064
diabetes,RandomForest,75,199,SHAP-Targeted CE,True,"['bmi', 'diabetespedigreefunction', 'glucose']",343,0.0190274715423584,1.7726043694570623,3.0,0.00902654527748177,0.8610064420901009,2.736502475930185,75.75032795387293,1.7726043694570623
diabetes,RandomForest,76,206,Actionable CBFI (Proposed),True,"['bmi', 'glucose', 'insulin']",172,0.936593770980835,6.722839076638893,3.0,0.16538979920124242,0.4159906273209151,2.7819746540868535,100.0,6.722839076638893
diabetes,RandomForest,76,206,Untargeted Causal (Karimi 2021),True,"['bloodpressure', 'bmi', 'skinthickness']",404,2.2881815433502197,5.688405797101448,3.0,0.012400727278344735,1.1475021892949715,3.751733739545525,44.331210191082796,5.688405797101448
diabetes,RandomForest,76,206,Wachter's CE,True,"['bloodpressure', 'bmi', 'diabetespedigreefunction', 'glucose', 'insulin', 'skinthickness']",500,0.03942418098449707,16.987365515615082,6.0,0.0,3.4148498181392313,6.1212272045882345,74.7361257240171,16.987365515615082
diabetes,RandomForest,76,206,SHAP-Targeted CE,True,"['bmi', 'diabetespedigreefunction', 'glucose']",343,0.01922774314880371,6.499616050183864,3.0,0.253975633592541,1.0723768536632021,3.428646778909198,100.0,6.499616050183864
diabetes,RandomForest,77,207,Actionable CBFI (Proposed),True,"['glucose', 'insulin']",192,1.0122182369232178,3.1722591430520835,2.0,0.0,1.1511620696864657,3.0597626902585486,58.318060302604536,3.1722591430520835
diabetes,RandomForest,77,207,Untargeted Causal (Karimi 2021),True,"['glucose', 'insulin']",423,2.37054705619812,3.1722591430520835,2.0,0.0,1.1511620696864657,3.0597626902585486,58.318060302604536,3.1722591430520835
diabetes,RandomForest,77,207,Wachter's CE,True,"['bloodpressure', 'bmi', 'diabetespedigreefunction', 'glucose', 'skinthickness']",500,0.044344186782836914,8.350494808565866,5.0,0.01798759604417446,1.9696551824561592,4.273883964038659,73.05548890717267,8.350494808565866
diabetes,RandomForest,77,207,SHAP-Targeted CE,True,"['bmi', 'diabetespedigreefunction', 'glucose']",343,0.035119056701660156,2.804661475232533,3.0,0.045912270949959776,0.9495495490073285,2.955335724211687,100.0,2.804661475232533
diabetes,RandomForest,78,209,Actionable CBFI (Proposed),True,"['glucose', 'insulin']",204,1.1088206768035889,5.058467282164132,2.0,0.0,0.5538259260211776,2.2903757718565956,58.31806030260454,5.058467282164132
diabetes,RandomForest,78,209,Untargeted Causal (Karimi 2021),True,"['bmi', 'glucose']",411,2.3286917209625244,3.93695652173913,2.0,0.14992931055938014,0.6634341454050185,2.5937525106411226,100.0,3.93695652173913
diabetes,RandomForest,78,209,Wachter's CE,True,"['bloodpressure', 'bmi', 'diabetespedigreefunction', 'glucose', 'skinthickness']",500,0.039475440979003906,11.102644386761842,5.0,0.8488770118099955,2.0059733983944956,3.7730801108314123,87.61556299470897,11.102644386761842
diabetes,RandomForest,78,209,SHAP-Targeted CE,True,"['bmi', 'diabetespedigreefunction', 'glucose']",343,0.01845693588256836,4.64431105342851,3.0,0.07065035918337566,0.3750033075522549,2.26182342296047,100.0,4.64431105342851
diabetes,RandomForest,79,213,Actionable CBFI (Proposed),True,"['glucose', 'insulin']",204,0.8732709884643555,1.2860510039400341,2.0,0.0,0.16457630976889778,1.8941241047872186,58.31806030260454,1.2860510039400341
diabetes,RandomForest,79,213,Untargeted Causal (Karimi 2021),True,"['glucose', 'insulin']",407,1.7909414768218994,1.2860510039400341,2.0,0.0,0.16457630976889778,1.8941241047872186,58.31806030260454,1.2860510039400341
diabetes,RandomForest,79,213,Wachter's CE,True,"['bloodpressure', 'bmi', 'diabetespedigreefunction', 'glucose', 'insulin', 'skinthickness']",500,0.04046797752380371,12.469248820048014,6.0,0.0,1.1990730850551157,2.7734659637849846,77.7348430986161,12.469248820048014
diabetes,RandomForest,79,213,SHAP-Targeted CE,True,"['bmi', 'diabetespedigreefunction', 'glucose']",343,0.019631624221801758,2.7116536880813316,3.0,0.03444077953060983,0.24304561806066002,2.3496118321029824,100.0,2.7116536880813316
diabetes,RandomForest,80,214,Actionable CBFI (Proposed),True,"['glucose', 'insulin']",173,0.8712577819824219,1.457524471132038,2.0,0.0,0.8303761185949743,2.4227456556618554,100.0,1.457524471132038
diabetes,RandomForest,80,214,Untargeted Causal (Karimi 2021),True,['diabetespedigreefunction'],406,2.1003522872924805,1.0865671641791044,1.0,0.0,0.7013507421986294,2.504570873834583,0.0,1.0865671641791044
diabetes,RandomForest,80,214,Wachter's CE,True,"['bloodpressure', 'bmi', 'diabetespedigreefunction', 'glucose', 'insulin', 'skinthickness']",500,0.03927135467529297,12.723909763371314,6.0,0.0,2.266949391391802,3.9187740073468773,82.12760695045537,12.723909763371314
diabetes,RandomForest,80,214,SHAP-Targeted CE,True,"['bmi', 'diabetespedigreefunction', 'glucose']",343,0.01808905601501465,1.852871512005192,3.0,0.004556765818907867,0.8467181665796237,2.6434991019460097,41.3576625719064,1.852871512005192
diabetes,RandomForest,81,215,Actionable CBFI (Proposed),True,"['diabetespedigreefunction', 'glucose', 'insulin']",172,0.9398696422576904,4.851244625734864,3.0,0.0,1.4003495535735102,3.4588921459575244,100.0,4.851244625734864
diabetes,RandomForest,81,215,Untargeted Causal (Karimi 2021),True,"['diabetespedigreefunction', 'glucose', 'insulin']",393,2.2472081184387207,4.851244625734864,3.0,0.0,1.4003495535735102,3.4588921459575244,100.0,4.851244625734864
diabetes,RandomForest,81,215,Wachter's CE,True,"['bloodpressure', 'bmi', 'diabetespedigreefunction', 'glucose', 'insulin', 'skinthickness']",500,0.04390239715576172,13.793570591447608,6.0,0.0,3.7484675902258777,6.146089722571959,67.67817800492048,13.793570591447608
diabetes,RandomForest,81,215,SHAP-Targeted CE,True,"['bmi', 'diabetespedigreefunction', 'glucose']",343,0.018344879150390625,5.837821760761408,3.0,0.40979748673356914,2.161744747427328,3.975512166849573,100.0,5.837821760761408
diabetes,RandomForest,82,216,Actionable CBFI (Proposed),True,"['bmi', 'diabetespedigreefunction']",194,0.8216071128845215,0.8135366645035674,2.0,0.0034960889793771216,0.46578321634087894,1.7742944841508412,100.0,0.8135366645035674
diabetes,RandomForest,82,216,Untargeted Causal (Karimi 2021),True,"['bmi', 'diabetespedigreefunction']",399,1.6566641330718994,0.8135366645035674,2.0,0.0034960889793771216,0.46578321634087894,1.7742944841508412,100.0,0.8135366645035674
diabetes,RandomForest,82,216,Wachter's CE,True,"['bloodpressure', 'bmi', 'diabetespedigreefunction', 'glucose', 'insulin', 'skinthickness']",500,0.040221452713012695,7.578252447668996,6.0,0.0,0.5056707806937716,1.895318909399192,37.75058213799776,7.578252447668996
diabetes,RandomForest,82,216,SHAP-Targeted CE,True,"['bmi', 'diabetespedigreefunction', 'glucose']",343,0.018943309783935547,1.236767250703006,3.0,0.008719442059233966,0.5294169290781641,1.8396184624403633,61.59342028744703,1.236767250703006
diabetes,RandomForest,83,218,Actionable CBFI (Proposed),True,"['bmi', 'skinthickness']",198,0.8368930816650391,0.5724637681159422,2.0,0.00044808708829883836,0.3171947952236156,2.899656994800596,100.0,0.5724637681159422
diabetes,RandomForest,83,218,Untargeted Causal (Karimi 2021),True,"['bmi', 'skinthickness']",423,2.042111396789551,0.5724637681159422,2.0,0.00044808708829883836,0.3171947952236156,2.899656994800596,100.0,0.5724637681159422
diabetes,RandomForest,83,218,Wachter's CE,True,"['bloodpressure', 'bmi', 'diabetespedigreefunction', 'glucose', 'skinthickness']",500,0.040403127670288086,7.552695760328789,5.0,0.0021807333162339143,0.7668493791987294,4.066385943199724,90.40077843717566,7.552695760328789
diabetes,RandomForest,83,218,SHAP-Targeted CE,True,"['bmi', 'diabetespedigreefunction', 'glucose']",343,0.01911616325378418,2.0717174994592247,3.0,0.021634988427537,0.6146097328104637,3.270255323084588,54.94881258777035,2.0717174994592247
diabetes,RandomForest,84,219,Actionable CBFI (Proposed),True,"['bloodpressure', 'diabetespedigreefunction']",204,1.0816059112548828,1.342537313432836,2.0,0.0,0.6718764670782335,2.2761773589128635,100.0,1.342537313432836
diabetes,RandomForest,84,219,Untargeted Causal (Karimi 2021),True,"['bloodpressure', 'diabetespedigreefunction']",407,2.037217855453491,1.342537313432836,2.0,0.0,0.6718764670782335,2.2761773589128635,100.0,1.342537313432836
diabetes,RandomForest,84,219,Wachter's CE,True,"['bloodpressure', 'bmi', 'diabetespedigreefunction', 'glucose']",500,0.05643725395202637,6.9131894873458775,4.0,0.43877767678886087,0.2101816989035658,2.330721520137741,100.0,6.9131894873458775
diabetes,RandomForest,84,219,SHAP-Targeted CE,True,"['bmi', 'diabetespedigreefunction', 'glucose']",343,0.01895737648010254,2.641450356911096,3.0,0.025577901689774897,0.595595571140925,2.081726060186273,100.0,2.641450356911096
diabetes,RandomForest,85,220,Actionable CBFI (Proposed),True,['bmi'],204,1.0045971870422363,1.8913043478260871,1.0,0.06000430268686069,2.8635310721872402,4.322851412123663,100.0,1.8913043478260871
diabetes,RandomForest,85,220,Untargeted Causal (Karimi 2021),True,['bmi'],404,2.010575532913208,1.8913043478260871,1.0,0.06000430268686069,2.8635310721872402,4.322851412123663,100.0,1.8913043478260871
diabetes,RandomForest,85,220,Wachter's CE,True,"['bloodpressure', 'bmi', 'diabetespedigreefunction', 'glucose', 'insulin', 'skinthickness']",500,0.041104793548583984,9.92992264266692,6.0,0.0,3.4778037856856217,5.360353037539043,78.273291415976,9.92992264266692
diabetes,RandomForest,85,220,SHAP-Targeted CE,True,"['bmi', 'diabetespedigreefunction', 'glucose']",343,0.02013707160949707,3.501643954142332,3.0,0.048765985744960084,2.410956773568271,4.335324360266823,100.0,3.501643954142332
diabetes,RandomForest,86,221,Actionable CBFI (Proposed),True,['bmi'],204,1.0801429748535156,1.239130434782609,1.0,0.025756900439900966,1.34604240340125,4.187108151571718,100.0,1.239130434782609
diabetes,RandomForest,86,221,Untargeted Causal (Karimi 2021),True,['bmi'],417,2.324214220046997,1.239130434782609,1.0,0.025756900439900966,1.34604240340125,4.187108151571718,100.0,1.239130434782609
diabetes,RandomForest,86,221,Wachter's CE,True,"['bloodpressure', 'bmi', 'diabetespedigreefunction', 'glucose']",500,0.04090237617492676,8.986072355613237,4.0,0.39528585217168105,1.5335653220034957,5.265699183459945,100.0,8.986072355613237
diabetes,RandomForest,86,221,SHAP-Targeted CE,True,"['bmi', 'diabetespedigreefunction', 'glucose']",343,0.019938945770263672,2.7193110534285094,3.0,0.08016643195976986,1.3776000140015412,4.419002366506621,100.0,2.7193110534285094
diabetes,RandomForest,87,227,Actionable CBFI (Proposed),True,['bmi'],197,1.0622966289520264,2.456521739130435,1.0,0.10122802761375667,1.084727608904831,3.3555953239712233,99.99999999999997,2.456521739130435
diabetes,RandomForest,87,227,Untargeted Causal (Karimi 2021),True,['bmi'],422,2.3003015518188477,2.456521739130435,1.0,0.10122802761375667,1.084727608904831,3.3555953239712233,99.99999999999997,2.456521739130435
diabetes,RandomForest,87,227,Wachter's CE,True,"['bloodpressure', 'bmi', 'diabetespedigreefunction', 'glucose', 'skinthickness']",500,0.040763139724731445,10.266301643954144,5.0,0.6306042778347021,1.5281482935856632,3.168032620957601,73.82212121555305,10.266301643954144
diabetes,RandomForest,87,227,SHAP-Targeted CE,True,"['bmi', 'diabetespedigreefunction', 'glucose']",343,0.01933431625366211,4.51282176076141,3.0,0.21389270541868244,1.2341475411663778,3.676317547028222,100.0,4.51282176076141
diabetes,RandomForest,88,230,Actionable CBFI (Proposed),True,"['diabetespedigreefunction', 'glucose', 'insulin']",198,0.8903114795684814,2.5966289487439784,3.0,0.0,1.1350248093651807,3.1491673779640736,76.60333905520443,2.5966289487439784
diabetes,RandomForest,88,230,Untargeted Causal (Karimi 2021),True,"['diabetespedigreefunction', 'glucose']",427,1.9935684204101562,1.9891044776119402,2.0,0.006471372964633757,1.0699067642841507,3.1311026726408357,100.0,1.9891044776119402
diabetes,RandomForest,88,230,Wachter's CE,True,"['bloodpressure', 'bmi', 'diabetespedigreefunction', 'glucose']",500,0.041928768157958984,12.336948410123295,4.0,0.8569754891649636,0.8927795236602891,4.332477214993077,94.42730911125591,12.336948410123295
diabetes,RandomForest,88,230,SHAP-Targeted CE,True,"['bmi', 'diabetespedigreefunction', 'glucose']",343,0.02096843719482422,3.3391466580142763,3.0,0.03852673822577276,1.02203041004064,3.310586561548129,100.0,3.3391466580142763
diabetes,RandomForest,89,231,Actionable CBFI (Proposed),True,"['glucose', 'insulin']",166,0.9207143783569336,2.143418339900057,2.0,0.0,1.0473930615863871,3.692173858568483,100.0,2.143418339900057
diabetes,RandomForest,89,231,Untargeted Causal (Karimi 2021),True,"['diabetespedigreefunction', 'glucose', 'insulin', 'skinthickness']",405,2.1110897064208984,1.8935211496277011,4.0,0.0,0.952522439565129,3.7969034266264563,49.553038750856935,1.8935211496277011
diabetes,RandomForest,89,231,Wachter's CE,True,"['bloodpressure', 'bmi', 'diabetespedigreefunction', 'glucose', 'insulin', 'skinthickness']",500,0.040592193603515625,11.585501262397914,6.0,0.0,2.607265690718661,5.643730867492085,46.43974619607711,11.585501262397914
diabetes,RandomForest,89,231,SHAP-Targeted CE,True,"['bmi', 'diabetespedigreefunction', 'glucose']",343,0.01878976821899414,2.999064460307161,3.0,0.03276539237526377,1.4785366739280765,4.157791816940142,68.14927143982821,2.999064460307161
diabetes,RandomForest,90,235,Actionable CBFI (Proposed),True,"['glucose', 'insulin']",182,0.9184291362762451,3.9438897454161035,2.0,0.0,1.115284960971342,2.822218038122079,100.0,3.9438897454161035
diabetes,RandomForest,90,235,Untargeted Causal (Karimi 2021),True,"['bloodpressure', 'bmi', 'diabetespedigreefunction', 'glucose']",417,2.1866962909698486,3.7502336145360142,4.0,0.13226069728453982,0.8081266926663201,2.180077348757435,93.33374862219269,3.7502336145360142
diabetes,RandomForest,90,235,Wachter's CE,True,"['bloodpressure', 'bmi', 'diabetespedigreefunction', 'glucose']",500,0.04053139686584473,12.0630515898767,4.0,0.6063873954053481,2.390316112384862,4.612424000109433,79.79367010213612,12.0630515898767
diabetes,RandomForest,90,235,SHAP-Targeted CE,True,"['bmi', 'diabetespedigreefunction', 'glucose']",343,0.019587039947509766,3.8850584036340035,3.0,0.1093719650396698,0.9233519042590459,2.998763410941629,100.0,3.8850584036340035
diabetes,RandomForest,91,236,Actionable CBFI (Proposed),True,"['diabetespedigreefunction', 'glucose', 'insulin']",180,0.9761347770690918,5.867795448984586,3.0,0.0,0.09032123852763209,1.971597405927036,100.0,5.867795448984586
diabetes,RandomForest,91,236,Untargeted Causal (Karimi 2021),True,"['bmi', 'glucose', 'insulin', 'skinthickness']",405,2.2832889556884766,5.338961985742336,4.0,0.06024034084324258,0.1737431280192705,2.0991119188399567,95.31744184229774,5.338961985742336
diabetes,RandomForest,91,236,Wachter's CE,True,"['bloodpressure', 'bmi', 'diabetespedigreefunction', 'glucose', 'insulin', 'skinthickness']",500,0.03971266746520996,15.42540039467665,6.0,0.0,3.2005339842205602,5.877767324872186,70.01698573998702,15.42540039467665
diabetes,RandomForest,91,236,SHAP-Targeted CE,True,"['bmi', 'diabetespedigreefunction', 'glucose']",343,0.01868748664855957,5.288357127406446,3.0,0.16927733756500973,0.5232202102388381,2.5293975827740045,100.0,5.288357127406446
diabetes,RandomForest,92,237,Actionable CBFI (Proposed),True,"['bloodpressure', 'glucose', 'insulin']",204,1.008159875869751,3.743575475072071,3.0,0.0,0.7729985426464862,2.8651603164024184,69.45231950879645,3.743575475072071
diabetes,RandomForest,92,237,Untargeted Causal (Karimi 2021),True,"['bloodpressure', 'glucose']",424,2.284558057785034,2.5999999999999996,2.0,0.030572945401545374,0.6164006521386786,2.6533768248523195,100.0,2.5999999999999996
diabetes,RandomForest,92,237,Wachter's CE,True,"['bloodpressure', 'bmi', 'diabetespedigreefunction', 'glucose', 'skinthickness']",500,0.040744781494140625,11.583784879948082,5.0,0.5149383966774564,2.284732101452624,5.850489555609961,98.38135806264351,11.583784879948082
diabetes,RandomForest,92,237,SHAP-Targeted CE,True,"['bmi', 'diabetespedigreefunction', 'glucose']",343,0.020043611526489258,5.143526930564567,3.0,0.1379607393653242,0.37745167552599834,2.8385824244471625,100.0,5.143526930564567
diabetes,RandomForest,93,238,Actionable CBFI (Proposed),True,"['bmi', 'glucose', 'insulin']",196,1.0227677822113037,2.5227418624363858,3.0,0.029511066281375103,1.0715526039429215,3.1358711581683334,75.91808816517954,2.5227418624363858
diabetes,RandomForest,93,238,Untargeted Causal (Karimi 2021),True,"['bmi', 'glucose']",425,2.3529436588287354,1.9152173913043478,2.0,0.03681841314389811,1.0124033765830147,3.056087341052088,100.0,1.9152173913043478
diabetes,RandomForest,93,238,Wachter's CE,True,"['bloodpressure', 'bmi', 'diabetespedigreefunction', 'glucose', 'skinthickness']",500,0.07511258125305176,9.68315217391304,5.0,0.21237051686769878,2.450717945957211,5.92720861707675,90.31823539316383,9.68315217391304
diabetes,RandomForest,93,238,SHAP-Targeted CE,True,"['bmi', 'diabetespedigreefunction', 'glucose']",343,0.01897573471069336,3.565174129353233,3.0,0.1132533591423209,0.9253670366984237,3.172905336804985,100.0,3.565174129353233
diabetes,RandomForest,94,242,Actionable CBFI (Proposed),True,"['bloodpressure', 'diabetespedigreefunction']",195,0.7865135669708252,1.0616417910447769,2.0,0.0,0.4517300629114855,2.112364283865816,99.99999999999997,1.0616417910447769
diabetes,RandomForest,94,242,Untargeted Causal (Karimi 2021),True,"['bloodpressure', 'diabetespedigreefunction']",425,1.817105770111084,1.0616417910447764,2.0,3.0814879110195774e-33,0.4517300629114855,2.112364283865816,100.0,1.0616417910447764
diabetes,RandomForest,94,242,Wachter's CE,True,"['bloodpressure', 'bmi', 'diabetespedigreefunction', 'glucose']",500,0.041046142578125,6.70280661907852,4.0,0.1547780772588827,0.13848514879990997,2.4327051364395316,71.37798582150785,6.70280661907852
diabetes,RandomForest,94,242,SHAP-Targeted CE,True,"['bmi', 'diabetespedigreefunction', 'glucose']",343,0.020436525344848633,1.4155851178888164,3.0,0.012869295968956272,0.3156448433150171,2.1522367974028285,50.3457233449211,1.4155851178888164
diabetes,RandomForest,95,243,Actionable CBFI (Proposed),True,"['bmi', 'glucose', 'insulin']",184,0.8890013694763184,1.1182369011774143,3.0,0.0017699265075043864,0.44424628044344605,3.1953899988597834,100.0,1.1182369011774143
diabetes,RandomForest,95,243,Untargeted Causal (Karimi 2021),True,"['bmi', 'skinthickness']",415,1.8966469764709473,0.5942028985507251,2.0,0.0005332606670663882,0.3908196310355154,3.1899120667726293,43.90243902439029,0.5942028985507251
diabetes,RandomForest,95,243,Wachter's CE,True,"['bloodpressure', 'bmi', 'diabetespedigreefunction', 'glucose', 'insulin', 'skinthickness']",500,0.04097437858581543,10.115237692506817,6.0,0.0,1.365077219653069,2.9480962147091074,73.63713293023174,10.115237692506817
diabetes,RandomForest,95,243,SHAP-Targeted CE,True,"['bmi', 'diabetespedigreefunction', 'glucose']",343,0.01995372772216797,2.1242591390871737,3.0,0.021294324945467655,0.41852209573948285,3.158753812654595,100.0,2.1242591390871737
diabetes,RandomForest,96,245,Actionable CBFI (Proposed),True,"['bmi', 'glucose', 'insulin']",197,1.1073191165924072,5.949771629990219,3.0,0.02066143374385319,0.5266640012929394,3.447303125214503,64.56221493382598,5.949771629990219
diabetes,RandomForest,96,245,Untargeted Causal (Karimi 2021),True,"['bmi', 'glucose']",422,2.2845897674560547,3.8413043478260867,2.0,0.11363870874143446,0.32349522124406327,3.2333390189750313,100.0,3.8413043478260867
diabetes,RandomForest,96,245,Wachter's CE,True,"['bloodpressure', 'bmi', 'diabetespedigreefunction', 'glucose', 'skinthickness']",500,0.039057016372680664,9.377425373134328,5.0,0.5198070737955696,0.784837655686241,4.226665219901109,91.33557487615144,9.377425373134328
diabetes,RandomForest,96,245,SHAP-Targeted CE,True,"['bmi', 'diabetespedigreefunction', 'glucose']",343,0.019479036331176758,4.441012329656067,3.0,0.14757803719246,0.3586569935484838,3.535085265274971,100.0,4.441012329656067
diabetes,RandomForest,97,254,Actionable CBFI (Proposed),True,['bmi'],167,0.8074376583099365,0.36956521739130493,1.0,0.0022910877892063433,1.8275580060780054,4.278192214656617,100.0,0.36956521739130493
diabetes,RandomForest,97,254,Untargeted Causal (Karimi 2021),True,['bmi'],405,2.1030681133270264,0.36956521739130493,1.0,0.0022910877892063433,1.8275580060780054,4.278192214656617,100.0,0.36956521739130493
diabetes,RandomForest,97,254,Wachter's CE,True,"['bloodpressure', 'bmi', 'diabetespedigreefunction', 'glucose', 'insulin', 'skinthickness']",500,0.03911900520324707,10.054759967092547,6.0,0.0,5.469479206489166,6.949588217918771,53.007331696986405,10.054759967092547
diabetes,RandomForest,97,254,SHAP-Targeted CE,True,"['bmi', 'diabetespedigreefunction', 'glucose']",343,0.01827526092529297,1.914671209171534,3.0,0.025311350492274762,1.6744776668332673,4.155259171410195,80.41439187032744,1.914671209171534
diabetes,RandomForest,98,255,Actionable CBFI (Proposed),True,['diabetespedigreefunction'],193,0.8108303546905518,0.5301492537313431,1.0,0.0,0.23692264354860876,1.8818529028062725,100.0,0.5301492537313431
diabetes,RandomForest,98,255,Untargeted Causal (Karimi 2021),True,['diabetespedigreefunction'],415,1.6764922142028809,0.5301492537313431,1.0,0.0,0.23692264354860876,1.8818529028062725,100.0,0.5301492537313431
diabetes,RandomForest,98,255,Wachter's CE,True,"['bloodpressure', 'bmi', 'diabetespedigreefunction', 'glucose', 'skinthickness']",500,0.0405120849609375,8.934439216958685,5.0,0.1796615526708407,1.440757647473847,3.1618004942944533,53.13080207595347,8.934439216958685
diabetes,RandomForest,98,255,SHAP-Targeted CE,True,"['bmi', 'diabetespedigreefunction', 'glucose']",343,0.019515275955200195,1.131640709495999,3.0,0.004136583332563454,0.23890195545990128,1.8299959834404518,100.0,1.131640709495999
diabetes,RandomForest,99,259,Actionable CBFI (Proposed),True,"['bmi', 'glucose', 'insulin']",186,1.0213119983673096,4.18079766005398,3.0,0.0673063719103748,0.5127089034089571,3.7622860435022374,100.0,4.18079766005398
diabetes,RandomForest,99,259,Untargeted Causal (Karimi 2021),True,"['bmi', 'glucose', 'insulin']",411,2.383960008621216,4.18079766005398,3.0,0.0673063719103748,0.5127089034089571,3.7622860435022374,100.0,4.18079766005398
diabetes,RandomForest,99,259,Wachter's CE,True,"['bloodpressure', 'bmi', 'diabetespedigreefunction', 'glucose', 'insulin', 'skinthickness']",500,0.039331674575805664,14.6499701244313,6.0,0.0,5.36746952742125,6.9387943759174595,71.2741166187416,14.6499701244313
diabetes,RandomForest,99,259,SHAP-Targeted CE,True,"['bmi', 'diabetespedigreefunction', 'glucose']",343,0.019377470016479492,4.114373783257624,3.0,0.1488377295816111,0.6292508531372331,3.7524013381656234,100.0,4.114373783257624
diabetes,RandomForest,100,261,Actionable CBFI (Proposed),True,"['glucose', 'insulin']",195,1.0425114631652832,2.7435754750720722,2.0,0.0,2.7252232191585417,3.9693976317348185,58.318060302604536,2.7435754750720722
diabetes,RandomForest,100,261,Untargeted Causal (Karimi 2021),True,"['bmi', 'glucose']",418,2.0954482555389404,1.6913043478260867,2.0,0.02755192019083818,2.3865690542274853,3.8735377223055454,47.30077120822623,1.6913043478260867
diabetes,RandomForest,100,261,Wachter's CE,True,"['bmi', 'diabetespedigreefunction', 'glucose', 'skinthickness']",500,0.07664966583251953,10.750932835820894,4.0,0.10632508746945375,3.531425735413331,6.077055583452759,73.25813449023862,10.750932835820894
diabetes,RandomForest,100,261,SHAP-Targeted CE,True,"['bmi', 'diabetespedigreefunction', 'glucose']",343,0.01932811737060547,2.659171533636166,3.0,0.06430081266096367,2.2083290370092468,4.025245851229848,37.59634273814705,2.659171533636166
diabetes,SVM (RBF Kernel),1,0,Actionable CBFI (Proposed),True,"['diabetespedigreefunction', 'glucose', 'insulin']",196,0.19606661796569824,3.907467260767753,3.0,0.0,0.3542743177182641,2.4693971969265953,78.96476623206426,3.907467260767753
diabetes,SVM (RBF Kernel),1,0,Untargeted Causal (Karimi 2021),True,"['diabetespedigreefunction', 'glucose']",426,0.4029109477996826,3.5834328358208953,2.0,0.011845523523499163,0.2787579156015937,2.417152367006003,100.0,3.5834328358208953
diabetes,SVM (RBF Kernel),1,0,Wachter's CE,True,"['bloodpressure', 'bmi', 'diabetespedigreefunction', 'glucose', 'skinthickness']",500,0.03965592384338379,10.809314838849232,5.0,6.04862570470672e-05,1.963308197559919,4.173410890895141,42.17949894902517,10.809314838849232
diabetes,SVM (RBF Kernel),1,0,SHAP-Targeted CE,True,"['bloodpressure', 'glucose', 'skinthickness']",343,0.019444942474365234,5.008333333333335,3.0,0.10534454710075955,1.007730867948686,3.327582433261779,72.54575707154741,5.008333333333335
diabetes,SVM (RBF Kernel),2,2,Actionable CBFI (Proposed),True,['glucose'],194,0.18671727180480957,3.7,1.0,0.12262020191811229,0.5422384848178589,2.34907480143657,100.0,3.7
diabetes,SVM (RBF Kernel),2,2,Untargeted Causal (Karimi 2021),True,['glucose'],435,0.4014475345611572,3.7,1.0,0.12262020191811229,0.5422384848178589,2.34907480143657,100.0,3.7
diabetes,SVM (RBF Kernel),2,2,Wachter's CE,True,"['bloodpressure', 'bmi', 'diabetespedigreefunction', 'glucose']",500,0.039852142333984375,9.514746917585983,4.0,0.3044803497261953,0.48690028590554374,2.6520532239604204,96.05874960996711,9.514746917585983
diabetes,SVM (RBF Kernel),2,2,SHAP-Targeted CE,True,"['bloodpressure', 'glucose']",343,0.019561767578125,4.550000000000001,2.0,0.2081662290780518,0.5877901550702146,2.386229579830371,91.75824175824174,4.550000000000001
diabetes,SVM (RBF Kernel),3,4,Actionable CBFI (Proposed),True,['bmi'],202,0.20104241371154785,9.369565217391301,1.0,1.4726462242586766,1.8516234695446419,7.725641845671854,100.0,9.369565217391301
diabetes,SVM (RBF Kernel),3,4,Untargeted Causal (Karimi 2021),True,['bmi'],438,0.4065573215484619,9.369565217391301,1.0,1.4726462242586766,1.8516234695446419,7.725641845671854,100.0,9.369565217391301
diabetes,SVM (RBF Kernel),3,4,Wachter's CE,True,"['bloodpressure', 'bmi', 'diabetespedigreefunction', 'glucose', 'insulin', 'skinthickness']",500,0.03969717025756836,14.194542832877662,6.0,0.0,2.3009334754065995,7.531487542890363,71.45924630405716,14.194542832877662
diabetes,SVM (RBF Kernel),3,4,SHAP-Targeted CE,True,"['bloodpressure', 'glucose', 'skinthickness']",343,0.017998695373535156,10.733333333333333,3.0,0.482838815338396,2.962170551612284,7.705931924749721,75.54347826086958,10.733333333333333
diabetes,SVM (RBF Kernel),4,7,Actionable CBFI (Proposed),True,['bmi'],198,0.20164227485656738,7.673913043478256,1.0,0.9878552191183795,1.9742052082875847,5.549215594938028,100.0,7.673913043478256
diabetes,SVM (RBF Kernel),4,7,Untargeted Causal (Karimi 2021),True,"['bmi', 'glucose']",430,0.3905317783355713,2.1304347826086945,2.0,0.04393526905157042,3.5864268062108984,4.597105215434523,53.061224489795876,2.1304347826086945
diabetes,SVM (RBF Kernel),4,7,Wachter's CE,True,"['bmi', 'diabetespedigreefunction', 'glucose', 'insulin']",500,0.039284706115722656,8.424189370325848,4.0,0.0037641666175223117,4.118854338750351,5.318056557071567,8.484651868527537,8.424189370325848
diabetes,SVM (RBF Kernel),4,7,SHAP-Targeted CE,True,['glucose'],343,0.019744873046875,2.433333333333333,1.0,0.053034904311469885,4.371061681425224,5.079934076544948,0.0,2.433333333333333
diabetes,SVM (RBF Kernel),5,8,Actionable CBFI (Proposed),False,[],164,0.1682910919189453,,,,,,,
diabetes,SVM (RBF Kernel),5,8,Untargeted Causal (Karimi 2021),False,[],394,0.38897037506103516,,,,,,,
diabetes,SVM (RBF Kernel),5,8,Wachter's CE,True,"['bloodpressure', 'bmi', 'diabetespedigreefunction', 'glucose', 'insulin', 'skinthickness']",500,0.04077005386352539,15.250081648067571,6.0,0.0,4.639741491867754,6.049839472228297,88.27518750702923,15.250081648067571
diabetes,SVM (RBF Kernel),5,8,SHAP-Targeted CE,False,[],343,0.018696069717407227,,,,,,,
diabetes,SVM (RBF Kernel),6,9,Actionable CBFI (Proposed),True,['diabetespedigreefunction'],197,0.1738591194152832,1.3265671641791048,1.0,0.0,0.9422742609998277,5.079028813742763,100.0,1.3265671641791048
diabetes,SVM (RBF Kernel),6,9,Untargeted Causal (Karimi 2021),True,['diabetespedigreefunction'],428,0.3557553291320801,1.3265671641791048,1.0,0.0,0.9422742609998277,5.079028813742763,100.0,1.3265671641791048
diabetes,SVM (RBF Kernel),6,9,Wachter's CE,True,"['bloodpressure', 'diabetespedigreefunction', 'glucose', 'skinthickness']",500,0.04074573516845703,6.413619402985075,4.0,0.026336136775189915,1.4718817856844977,5.69133553461446,81.09491811385519,6.413619402985075
diabetes,SVM (RBF Kernel),6,9,SHAP-Targeted CE,True,"['bloodpressure', 'glucose']",343,0.02272629737854004,3.108333333333334,2.0,0.01941411889390127,0.6490920489917383,4.754354303706321,58.981233243967836,3.108333333333334
diabetes,SVM (RBF Kernel),7,11,Actionable CBFI (Proposed),True,"['bmi', 'glucose', 'insulin']",198,0.19879388809204102,8.88921633511686,3.0,0.1799548194192472,1.2292422869402297,2.811412564346836,70.65228863648903,8.88921633511686
diabetes,SVM (RBF Kernel),7,11,Untargeted Causal (Karimi 2021),True,"['bmi', 'glucose']",425,0.39193010330200195,5.367391304347825,2.0,0.2265499535225246,1.1178814764132974,2.7443551938823756,100.0,5.367391304347825
diabetes,SVM (RBF Kernel),7,11,Wachter's CE,True,"['bloodpressure', 'bmi', 'diabetespedigreefunction', 'glucose']",500,0.03910660743713379,12.404428942245293,4.0,0.7069350318127396,0.8062363816446299,3.0276329139478118,86.8998403105378,12.404428942245293
diabetes,SVM (RBF Kernel),7,11,SHAP-Targeted CE,True,"['bloodpressure', 'glucose']",343,0.01846909523010254,6.0,2.0,0.3085989850237371,1.7903471626756464,3.6424209358503337,84.72222222222223,6.0
diabetes,SVM (RBF Kernel),8,13,Actionable CBFI (Proposed),False,[],186,0.17837810516357422,,,,,,,
diabetes,SVM (RBF Kernel),8,13,Untargeted Causal (Karimi 2021),True,['diabetespedigreefunction'],422,0.40273141860961914,12.071641791044776,1.0,0.0,8.786713247733948,9.47526976591295,1.111865529053053e-15,12.071641791044776
diabetes,SVM (RBF Kernel),8,13,Wachter's CE,True,"['bloodpressure', 'bmi', 'diabetespedigreefunction', 'glucose', 'insulin', 'skinthickness']",500,0.03954482078552246,29.387633553543758,6.0,0.0,6.9436473696919965,7.025694133007866,90.9470500360407,29.387633553543758
diabetes,SVM (RBF Kernel),8,13,SHAP-Targeted CE,False,[],343,0.018105745315551758,,,,,,,
diabetes,SVM (RBF Kernel),9,14,Actionable CBFI (Proposed),True,"['bloodpressure', 'glucose', 'insulin']",196,0.1795947551727295,4.015206077436092,3.0,0.0,0.1272460465283745,2.0033945218022366,63.50857093811486,4.015206077436092
diabetes,SVM (RBF Kernel),9,14,Untargeted Causal (Karimi 2021),True,"['glucose', 'insulin', 'skinthickness']",421,0.35967445373535156,2.9530054644808743,3.0,0.0,0.1558352241280426,2.057505369757818,72.24278312361214,2.9530054644808743
diabetes,SVM (RBF Kernel),9,14,Wachter's CE,True,"['bloodpressure', 'bmi', 'diabetespedigreefunction', 'glucose', 'insulin', 'skinthickness']",500,0.039534807205200195,12.329887004748175,6.0,0.0,1.7785177632332019,3.6799782686042084,86.59000095662573,12.329887004748175
diabetes,SVM (RBF Kernel),9,14,SHAP-Targeted CE,True,"['bloodpressure', 'glucose', 'skinthickness']",343,0.020088911056518555,4.208333333333334,3.0,0.04976065332282783,0.47856372119249446,2.4914376595290584,100.0,4.208333333333334
diabetes,SVM (RBF Kernel),10,16,Actionable CBFI (Proposed),True,"['bmi', 'diabetespedigreefunction']",168,0.15515685081481934,3.2209214795587275,2.0,0.050736892217718085,0.9715871464766405,2.4229916511038225,100.0,3.2209214795587275
diabetes,SVM (RBF Kernel),10,16,Untargeted Causal (Karimi 2021),True,"['glucose', 'insulin']",399,0.3370680809020996,1.9719448727080517,2.0,0.0,0.7853231751320917,2.8066817323713242,41.681939697395464,1.9719448727080517
diabetes,SVM (RBF Kernel),10,16,Wachter's CE,True,"['bloodpressure', 'bmi', 'diabetespedigreefunction', 'glucose', 'insulin', 'skinthickness']",500,0.03986024856567383,12.466061486934535,6.0,0.0,2.794178919126291,5.522750561143649,49.56305961919231,12.466061486934535
diabetes,SVM (RBF Kernel),10,16,SHAP-Targeted CE,True,"['bloodpressure', 'glucose', 'skinthickness']",343,0.019188642501831055,2.4250000000000007,3.0,0.015327525239764017,0.6279123198558109,2.816473951332842,48.10996563573881,2.4250000000000007
diabetes,SVM (RBF Kernel),11,20,Actionable CBFI (Proposed),True,"['bmi', 'diabetespedigreefunction']",166,0.1595933437347412,1.8174302401038278,2.0,0.0017837188670291454,0.6662567478747015,1.8724923109674891,100.0,1.8174302401038278
diabetes,SVM (RBF Kernel),11,20,Untargeted Causal (Karimi 2021),True,"['diabetespedigreefunction', 'glucose', 'insulin']",402,0.37772250175476074,1.5590170084454704,3.0,0.0,0.6004625494132398,1.9815639384587567,45.47846525115507,1.5590170084454704
diabetes,SVM (RBF Kernel),11,20,Wachter's CE,True,"['bloodpressure', 'bmi', 'diabetespedigreefunction', 'glucose', 'insulin', 'skinthickness']",500,0.04015660285949707,12.128949514721471,6.0,0.0,1.1553087012155143,2.697542573353382,29.816675469973873,12.128949514721471
diabetes,SVM (RBF Kernel),11,20,SHAP-Targeted CE,True,"['bloodpressure', 'glucose', 'skinthickness']",343,0.020615100860595703,2.825,3.0,0.03144997691636021,0.5495440802594598,2.163288603987685,23.598820058997028,2.825
diabetes,SVM (RBF Kernel),12,22,Actionable CBFI (Proposed),True,"['glucose', 'insulin']",198,0.202667236328125,8.659410093196227,2.0,0.0,1.3799523041101665,2.8625145781430352,58.31806030260454,8.659410093196227
diabetes,SVM (RBF Kernel),12,22,Untargeted Causal (Karimi 2021),True,['glucose'],434,0.3898324966430664,5.05,1.0,0.22842379104577487,0.976352901213531,2.7532631748248475,100.0,5.05
diabetes,SVM (RBF Kernel),12,22,Wachter's CE,True,"['bloodpressure', 'bmi', 'diabetespedigreefunction', 'glucose', 'skinthickness']",500,0.04033374786376953,14.048061323815702,5.0,0.14925918213431372,2.2474345441509724,4.1141182435326495,71.52632019609145,14.048061323815702
diabetes,SVM (RBF Kernel),12,22,SHAP-Targeted CE,True,"['bloodpressure', 'glucose']",343,0.019277572631835938,6.283333333333333,2.0,0.27803018634330195,1.1664747039845291,2.9906064287649134,76.79045092838197,6.283333333333333
diabetes,SVM (RBF Kernel),13,23,Actionable CBFI (Proposed),True,"['glucose', 'insulin']",199,0.19044780731201172,0.8573673359600227,2.0,0.0,1.0259051905820802,2.8059778745650528,58.31806030260454,0.8573673359600227
diabetes,SVM (RBF Kernel),13,23,Untargeted Causal (Karimi 2021),True,['glucose'],436,0.39615607261657715,0.5000000000000002,1.0,0.0022392293995272517,1.004028696505283,2.7624676980554597,100.0,0.5000000000000002
diabetes,SVM (RBF Kernel),13,23,Wachter's CE,True,"['bloodpressure', 'bmi', 'diabetespedigreefunction', 'glucose', 'skinthickness']",500,0.0392765998840332,8.20194138005624,5.0,0.16804568697050612,2.392352861999636,4.004871686202356,87.94028890296916,8.20194138005624
diabetes,SVM (RBF Kernel),13,23,SHAP-Targeted CE,True,"['bloodpressure', 'glucose', 'skinthickness']",343,0.020528793334960938,1.308333333333332,3.0,0.017029339583404742,1.008973513643028,2.6996607306957103,100.0,1.308333333333332
diabetes,SVM (RBF Kernel),14,24,Actionable CBFI (Proposed),True,"['glucose', 'insulin']",192,0.18955302238464355,2.531147540983607,2.0,0.0,0.9350774625250642,3.094565245107969,100.0,2.531147540983607
diabetes,SVM (RBF Kernel),14,24,Untargeted Causal (Karimi 2021),True,"['diabetespedigreefunction', 'glucose', 'insulin']",422,0.3912959098815918,2.881893809640323,3.0,0.0,0.7239250400848396,3.065459442759203,100.0,2.881893809640323
diabetes,SVM (RBF Kernel),14,24,Wachter's CE,True,"['bloodpressure', 'bmi', 'diabetespedigreefunction', 'glucose', 'insulin', 'skinthickness']",500,0.03936433792114258,12.850674992819226,6.0,0.0,2.4370124963493858,4.386023437207508,86.86839406534715,12.850674992819226
diabetes,SVM (RBF Kernel),14,24,SHAP-Targeted CE,True,"['bloodpressure', 'glucose']",343,0.01959514617919922,3.758333333333334,2.0,0.05649575775007256,0.7295185982683432,2.911046891790367,57.87139689578713,3.758333333333334
diabetes,SVM (RBF Kernel),15,25,Actionable CBFI (Proposed),True,"['glucose', 'insulin']",166,0.16204595565795898,1.3717877375360361,2.0,0.0,0.5378884817708334,2.1993057820554096,100.0,1.3717877375360361
diabetes,SVM (RBF Kernel),15,25,Untargeted Causal (Karimi 2021),True,"['glucose', 'insulin']",406,0.391294002532959,1.3717877375360361,2.0,0.0,0.5378884817708334,2.1993057820554096,100.0,1.3717877375360361
diabetes,SVM (RBF Kernel),15,25,Wachter's CE,True,"['bloodpressure', 'bmi', 'diabetespedigreefunction', 'glucose', 'insulin', 'skinthickness']",500,0.0396120548248291,12.209497859951842,6.0,0.0,0.6413887701710488,2.876866407619278,65.28005915224979,12.209497859951842
diabetes,SVM (RBF Kernel),15,25,SHAP-Targeted CE,True,"['bloodpressure', 'glucose', 'skinthickness']",343,0.02007317543029785,2.9833333333333343,3.0,0.02912117834085191,0.8230718701638832,2.588554818862906,62.29050279329608,2.9833333333333343
diabetes,SVM (RBF Kernel),16,26,Actionable CBFI (Proposed),True,"['bmi', 'glucose']",175,0.1584455966949463,3.921739130434781,2.0,0.1458483905389244,0.47294978841964824,1.7706236611057307,100.0,3.921739130434781
diabetes,SVM (RBF Kernel),16,26,Untargeted Causal (Karimi 2021),True,"['bmi', 'diabetespedigreefunction', 'glucose']",427,0.37828803062438965,3.3636080467229057,3.0,0.08157312396714661,0.5704578105095515,1.9464501245903862,93.32628508369154,3.3636080467229057
diabetes,SVM (RBF Kernel),16,26,Wachter's CE,True,"['bloodpressure', 'bmi', 'diabetespedigreefunction', 'glucose']",500,0.04009556770324707,10.237134977287473,4.0,0.6508792084296474,0.2736560935077955,2.4494149861436187,71.24530717872894,10.237134977287473
diabetes,SVM (RBF Kernel),16,26,SHAP-Targeted CE,True,"['bloodpressure', 'glucose']",343,0.020043134689331055,3.041666666666666,2.0,0.0673634844357782,0.836293291754212,2.5470279643859364,78.08219178082193,3.041666666666666
diabetes,SVM (RBF Kernel),17,31,Actionable CBFI (Proposed),True,"['diabetespedigreefunction', 'glucose', 'insulin', 'skinthickness']",167,0.16080522537231445,3.8917500196133474,4.0,0.0,0.46608436343596127,1.467355858504787,100.0,3.8917500196133474
diabetes,SVM (RBF Kernel),17,31,Untargeted Causal (Karimi 2021),True,"['bmi', 'glucose', 'insulin']",406,0.37172436714172363,4.068442643450683,3.0,0.039933966825567574,0.7070023335805885,2.1384669179995694,69.54288057182416,4.068442643450683
diabetes,SVM (RBF Kernel),17,31,Wachter's CE,True,"['bloodpressure', 'bmi', 'diabetespedigreefunction', 'glucose', 'insulin', 'skinthickness']",500,0.040094614028930664,12.19167668429059,6.0,0.0,1.1750259191506878,2.705552794132065,49.87225135855979,12.19167668429059
diabetes,SVM (RBF Kernel),17,31,SHAP-Targeted CE,True,"['bloodpressure', 'glucose', 'skinthickness']",343,0.019843101501464844,3.8416666666666655,3.0,0.15326405625064268,0.841534332171116,2.2805032809146155,82.64642082429502,3.8416666666666655
diabetes,SVM (RBF Kernel),18,34,Actionable CBFI (Proposed),True,"['bmi', 'diabetespedigreefunction']",192,0.1910400390625,2.1164308890330954,2.0,0.0022910877892063433,0.6355753860653396,2.6674523880522742,100.0,2.1164308890330954
diabetes,SVM (RBF Kernel),18,34,Untargeted Causal (Karimi 2021),True,['glucose'],425,0.39939284324645996,1.35,1.0,0.01632398232255368,0.77059974574134,2.5592114942933026,100.0,1.35
diabetes,SVM (RBF Kernel),18,34,Wachter's CE,True,"['bloodpressure', 'bmi', 'diabetespedigreefunction', 'glucose', 'skinthickness']",500,0.03958868980407715,10.726189703655635,5.0,0.17102342758500522,2.3277570914379675,4.125178204376516,84.26747944402963,10.726189703655635
diabetes,SVM (RBF Kernel),18,34,SHAP-Targeted CE,True,"['bloodpressure', 'glucose', 'skinthickness']",343,0.019364595413208008,2.749999999999999,3.0,0.022672197670213418,0.6001486496317556,2.2263616102277046,84.84848484848486,2.749999999999999
diabetes,SVM (RBF Kernel),19,36,Actionable CBFI (Proposed),True,"['bmi', 'glucose']",175,0.16623544692993164,2.8239130434782607,2.0,0.061414741922491536,1.3292995300841834,2.9468647040323233,99.99999999999999,2.8239130434782607
diabetes,SVM (RBF Kernel),19,36,Untargeted Causal (Karimi 2021),True,"['bmi', 'glucose']",426,0.3796350955963135,2.8239130434782607,2.0,0.061414741922491536,1.3292995300841834,2.9468647040323233,99.99999999999999,2.8239130434782607
diabetes,SVM (RBF Kernel),19,36,Wachter's CE,True,"['bloodpressure', 'bmi', 'diabetespedigreefunction', 'glucose']",500,0.03924107551574707,9.412443218689162,4.0,0.35870479065240585,1.004130262699414,3.2448308527854937,58.38709510619925,9.412443218689162
diabetes,SVM (RBF Kernel),19,36,SHAP-Targeted CE,True,"['bloodpressure', 'glucose']",343,0.01913762092590332,4.249999999999999,2.0,0.1533457466565144,1.8786064417173551,3.552119850121489,84.3137254901961,4.249999999999999
diabetes,SVM (RBF Kernel),20,37,Actionable CBFI (Proposed),True,"['diabetespedigreefunction', 'glucose', 'insulin']",198,0.19449567794799805,1.8586645978585825,3.0,0.0,0.6693260277730743,2.50367127944755,86.5410286793955,1.8586645978585825
diabetes,SVM (RBF Kernel),20,37,Untargeted Causal (Karimi 2021),True,"['diabetespedigreefunction', 'glucose']",428,0.3950340747833252,1.6085074626865667,2.0,0.001097222405768353,0.6561813688041898,2.4755272894196496,100.0,1.6085074626865667
diabetes,SVM (RBF Kernel),20,37,Wachter's CE,True,"['bloodpressure', 'bmi', 'diabetespedigreefunction', 'glucose', 'skinthickness']",500,0.03916525840759277,9.237448626433054,5.0,0.11697865281269773,2.1908113056282428,4.041609291800008,79.02559377211772,9.237448626433054
diabetes,SVM (RBF Kernel),20,37,SHAP-Targeted CE,True,"['bloodpressure', 'glucose', 'skinthickness']",343,0.01896381378173828,3.874999999999999,3.0,0.0002799036749409058,0.790741085241567,2.5252614933023243,82.7956989247312,3.874999999999999
diabetes,SVM (RBF Kernel),21,39,Actionable CBFI (Proposed),True,['diabetespedigreefunction'],193,0.18613648414611816,6.490746268656718,1.0,0.0,1.0252824019718816,3.4364582590593162,99.99999999999999,6.490746268656718
diabetes,SVM (RBF Kernel),21,39,Untargeted Causal (Karimi 2021),True,['diabetespedigreefunction'],398,0.3672678470611572,6.490746268656718,1.0,0.0,1.0252824019718816,3.4364582590593162,99.99999999999999,6.490746268656718
diabetes,SVM (RBF Kernel),21,39,Wachter's CE,True,"['bloodpressure', 'bmi', 'diabetespedigreefunction', 'glucose', 'insulin', 'skinthickness']",500,0.04091477394104004,12.550382753020354,6.0,4.8148248609680896e-33,2.9666877090461647,6.683822869973573,87.86856932120142,12.550382753020354
diabetes,SVM (RBF Kernel),21,39,SHAP-Targeted CE,True,"['bloodpressure', 'glucose', 'skinthickness']",343,0.019446611404418945,10.066666666666666,3.0,0.08935022910646968,3.0102983508965386,5.769201472098988,61.092715231788084,10.066666666666666
diabetes,SVM (RBF Kernel),22,40,Actionable CBFI (Proposed),True,"['bmi', 'diabetespedigreefunction', 'glucose', 'insulin']",204,0.19523072242736816,3.9851979971171323,4.0,0.01869484873551498,0.2970792667418256,1.85503483166839,70.40768841294256,3.9851979971171323
diabetes,SVM (RBF Kernel),22,40,Untargeted Causal (Karimi 2021),True,"['bmi', 'glucose', 'insulin']",416,0.3825395107269287,2.5699572344975063,3.0,0.01869484873551498,0.2377833107924689,1.6143344091018363,97.19329385825017,2.5699572344975063
diabetes,SVM (RBF Kernel),22,40,Wachter's CE,True,"['bloodpressure', 'bmi', 'diabetespedigreefunction', 'glucose', 'insulin', 'skinthickness']",500,0.04405617713928223,13.375503230462083,6.0,0.0,2.3520209318012553,6.286423648965644,82.68539687335232,13.375503230462083
diabetes,SVM (RBF Kernel),22,40,SHAP-Targeted CE,True,"['bloodpressure', 'glucose', 'skinthickness']",343,0.021240949630737305,3.408333333333335,3.0,0.10033738136014997,0.18542570393694252,1.565051492095847,80.440097799511,3.408333333333335
diabetes,SVM (RBF Kernel),23,41,Actionable CBFI (Proposed),True,"['bmi', 'glucose', 'insulin']",194,0.181304931640625,4.671039354908955,3.0,0.05193013537643059,0.8746175128233059,2.4604944469434082,70.92732958413373,4.671039354908955
diabetes,SVM (RBF Kernel),23,41,Untargeted Causal (Karimi 2021),True,"['bmi', 'glucose']",425,0.39020824432373047,3.313043478260869,2.0,0.09363677750412772,0.7802447480789767,2.4536216455494144,100.0,3.313043478260869
diabetes,SVM (RBF Kernel),23,41,Wachter's CE,True,"['bloodpressure', 'bmi', 'diabetespedigreefunction', 'glucose']",500,0.039510250091552734,11.006383841661258,4.0,0.6204842686014865,0.817525732429945,4.107556671036898,91.48221601675036,11.006383841661258
diabetes,SVM (RBF Kernel),23,41,SHAP-Targeted CE,True,"['bloodpressure', 'glucose']",343,0.01885700225830078,3.666666666666667,2.0,0.13269507552754087,1.369202637913776,3.412035810835074,90.90909090909089,3.666666666666667
diabetes,SVM (RBF Kernel),24,43,Actionable CBFI (Proposed),True,"['glucose', 'insulin', 'skinthickness']",202,0.20979595184326172,16.660981444916384,3.0,0.0,4.8465941005469295,6.565883584778189,63.32159984020045,16.660981444916384
diabetes,SVM (RBF Kernel),24,43,Untargeted Causal (Karimi 2021),False,[],411,0.40039849281311035,,,,,,,
diabetes,SVM (RBF Kernel),24,43,Wachter's CE,True,"['bloodpressure', 'bmi', 'diabetespedigreefunction', 'glucose', 'insulin', 'skinthickness']",500,0.03930950164794922,17.428796768119483,6.0,0.0,1.8838696989943293,3.936157587380291,37.620901923677415,17.428796768119483
diabetes,SVM (RBF Kernel),24,43,SHAP-Targeted CE,False,[],343,0.018030405044555664,,,,,,,
diabetes,SVM (RBF Kernel),25,44,Actionable CBFI (Proposed),True,['glucose'],179,0.1601879596710205,2.5,1.0,0.05598073498818126,0.4191645733584413,1.613515701976475,100.0,2.5
diabetes,SVM (RBF Kernel),25,44,Untargeted Causal (Karimi 2021),True,['glucose'],423,0.3808009624481201,2.5,1.0,0.05598073498818126,0.4191645733584413,1.613515701976475,100.0,2.5
diabetes,SVM (RBF Kernel),25,44,Wachter's CE,True,"['bloodpressure', 'bmi', 'diabetespedigreefunction', 'glucose']",500,0.040860652923583984,6.949334847501621,4.0,0.2758437089228743,0.2802462191506086,2.3990170927179917,48.2060524282316,6.949334847501621
diabetes,SVM (RBF Kernel),25,44,SHAP-Targeted CE,True,"['bloodpressure', 'glucose']",343,0.020721912384033203,3.3500000000000014,2.0,0.10569909175568469,0.5021225211374548,1.7392604746523168,100.0,3.3500000000000014
diabetes,SVM (RBF Kernel),26,45,Actionable CBFI (Proposed),True,"['glucose', 'insulin']",202,0.19748783111572266,7.287622355660192,2.0,0.0,0.7074524560642815,5.3033366445232755,58.318060302604536,7.287622355660192
diabetes,SVM (RBF Kernel),26,45,Untargeted Causal (Karimi 2021),True,"['bloodpressure', 'bmi', 'glucose', 'skinthickness']",439,0.3944740295410156,6.833333333333332,4.0,0.31065149804525916,0.5277971654422123,5.014139451867758,96.34146341463415,6.833333333333332
diabetes,SVM (RBF Kernel),26,45,Wachter's CE,True,"['bloodpressure', 'bmi', 'diabetespedigreefunction', 'glucose', 'skinthickness']",500,0.04056406021118164,10.484036340038937,5.0,0.5987191451133109,1.2146823372570874,5.807595367479326,94.03855557412463,10.484036340038937
diabetes,SVM (RBF Kernel),26,45,SHAP-Targeted CE,True,"['bloodpressure', 'glucose', 'skinthickness']",343,0.019324302673339844,6.525,3.0,0.29021532632572966,0.43520255039219125,4.997522708728045,90.4214559386973,6.525
diabetes,SVM (RBF Kernel),27,46,Actionable CBFI (Proposed),True,"['bloodpressure', 'glucose']",178,0.1452946662902832,1.5499999999999998,2.0,0.013166668869220235,0.48497851488425453,1.7563599922442579,100.0,1.5499999999999998
diabetes,SVM (RBF Kernel),27,46,Untargeted Causal (Karimi 2021),True,"['bloodpressure', 'glucose']",432,0.36952805519104004,1.5499999999999998,2.0,0.013166668869220235,0.48497851488425453,1.7563599922442579,100.0,1.5499999999999998
diabetes,SVM (RBF Kernel),27,46,Wachter's CE,True,"['bloodpressure', 'bmi', 'diabetespedigreefunction', 'glucose']",500,0.03974008560180664,8.661275146009084,4.0,0.2812450290756428,0.22493409015608087,2.3887570391176935,34.05964999690943,8.661275146009084
diabetes,SVM (RBF Kernel),27,46,SHAP-Targeted CE,True,"['bloodpressure', 'glucose']",343,0.020699024200439453,2.949999999999999,2.0,0.06455698358837068,0.4798403292225224,1.8057822568984059,100.0,2.949999999999999
diabetes,SVM (RBF Kernel),28,53,Actionable CBFI (Proposed),True,"['glucose', 'insulin']",172,0.17150354385375977,6.944675421276182,2.0,0.0,0.9185941601279864,3.2311861499509593,100.0,6.944675421276182
diabetes,SVM (RBF Kernel),28,53,Untargeted Causal (Karimi 2021),True,"['glucose', 'insulin']",407,0.40530872344970703,6.944675421276182,2.0,0.0,0.9185941601279864,3.2311861499509593,100.0,6.944675421276182
diabetes,SVM (RBF Kernel),28,53,Wachter's CE,True,"['bloodpressure', 'bmi', 'diabetespedigreefunction', 'glucose', 'insulin', 'skinthickness']",500,0.0407862663269043,16.14071570160601,6.0,0.0,1.9408630714894446,4.128630868132499,95.0222651594962,16.14071570160601
diabetes,SVM (RBF Kernel),28,53,SHAP-Targeted CE,True,"['bloodpressure', 'glucose', 'skinthickness']",343,0.019503355026245117,6.65,3.0,0.5386142876316204,2.276171366659221,4.39803138721203,98.7468671679198,6.65
diabetes,SVM (RBF Kernel),29,54,Actionable CBFI (Proposed),True,"['bmi', 'glucose', 'insulin']",172,0.18062782287597656,6.628563826040994,3.0,0.0951827144035688,1.6906267171511327,3.131959302123665,100.0,6.628563826040994
diabetes,SVM (RBF Kernel),29,54,Untargeted Causal (Karimi 2021),True,"['bmi', 'glucose', 'insulin']",393,0.3947179317474365,6.628563826040994,3.0,0.0951827144035688,1.6906267171511327,3.131959302123665,100.0,6.628563826040994
diabetes,SVM (RBF Kernel),29,54,Wachter's CE,True,"['bloodpressure', 'bmi', 'diabetespedigreefunction', 'glucose', 'insulin', 'skinthickness']",500,0.03967547416687012,13.254061658918523,6.0,0.0,1.5485163753678926,3.2436556951455637,55.67396507434555,13.254061658918523
diabetes,SVM (RBF Kernel),29,54,SHAP-Targeted CE,True,"['bloodpressure', 'glucose', 'skinthickness']",343,0.018659591674804688,8.1,3.0,0.31349709199914755,2.977776774288523,4.426951199893767,51.64609053497943,8.1
diabetes,SVM (RBF Kernel),30,56,Actionable CBFI (Proposed),True,"['glucose', 'insulin']",164,0.16387295722961426,6.687465220488177,2.0,0.0,0.6129030647001921,2.362104381408971,100.0,6.687465220488177
diabetes,SVM (RBF Kernel),30,56,Untargeted Causal (Karimi 2021),True,"['glucose', 'insulin']",393,0.3859736919403076,6.687465220488177,2.0,0.0,0.6129030647001921,2.362104381408971,100.0,6.687465220488177
diabetes,SVM (RBF Kernel),30,56,Wachter's CE,True,"['bloodpressure', 'bmi', 'diabetespedigreefunction', 'glucose', 'insulin', 'skinthickness']",500,0.0398259162902832,14.779559525962492,6.0,1.232595164407831e-32,3.935901465630092,5.418167811863786,86.97020526712006,14.779559525962492
diabetes,SVM (RBF Kernel),30,56,SHAP-Targeted CE,True,"['bloodpressure', 'glucose', 'skinthickness']",343,0.019574880599975586,5.75,3.0,0.34288200180261036,1.2207303554832247,3.1571387236833353,84.78260869565216,5.75
diabetes,SVM (RBF Kernel),31,61,Actionable CBFI (Proposed),True,"['diabetespedigreefunction', 'glucose']",174,0.16594862937927246,2.3462686567164184,2.0,0.01289796134127698,0.663862608694096,2.1540435141988667,100.0,2.3462686567164184
diabetes,SVM (RBF Kernel),31,61,Untargeted Causal (Karimi 2021),True,"['bloodpressure', 'diabetespedigreefunction', 'glucose']",423,0.3715355396270752,1.752089552238806,3.0,0.017197281788369306,0.6662333700982608,2.0186809243672217,85.73132294062526,1.752089552238806
diabetes,SVM (RBF Kernel),31,61,Wachter's CE,True,"['bloodpressure', 'bmi', 'diabetespedigreefunction', 'glucose']",500,0.039331674575805664,7.701703439325112,4.0,0.32930588212534107,0.3821117226617334,2.5231766737631482,36.631748793532374,7.701703439325112
diabetes,SVM (RBF Kernel),31,61,SHAP-Targeted CE,True,"['bloodpressure', 'glucose']",343,0.019932270050048828,2.841666666666666,2.0,0.0335063359149261,0.769026245579371,2.203711092715031,58.9442815249267,2.841666666666666
diabetes,SVM (RBF Kernel),32,64,Actionable CBFI (Proposed),True,['bloodpressure'],184,0.1686689853668213,1.9999999999999998,1.0,0.0,0.5692650518986729,1.901922111421993,100.0,1.9999999999999998
diabetes,SVM (RBF Kernel),32,64,Untargeted Causal (Karimi 2021),True,['glucose'],427,0.3614778518676758,0.9499999999999998,1.0,0.008083618132293382,0.6805551665052562,2.0320734219459604,0.0,0.9499999999999998
diabetes,SVM (RBF Kernel),32,64,Wachter's CE,True,"['bloodpressure', 'bmi', 'diabetespedigreefunction', 'glucose']",500,0.0395965576171875,5.908322517845551,4.0,0.26682638606573256,0.27464092288610004,2.4280062048145323,28.766656873216938,5.908322517845551
diabetes,SVM (RBF Kernel),32,64,SHAP-Targeted CE,True,"['bloodpressure', 'glucose']",343,0.02043294906616211,1.350000000000001,2.0,0.00627730641667473,0.6865783608241325,1.9977879404160992,46.29629629629633,1.350000000000001
diabetes,SVM (RBF Kernel),33,66,Actionable CBFI (Proposed),True,"['bmi', 'glucose', 'insulin']",204,0.18645453453063965,1.7220534007788137,3.0,0.0070797060300175005,0.874599213272717,2.7849582281384597,70.94664601470777,1.7220534007788137
diabetes,SVM (RBF Kernel),33,66,Untargeted Causal (Karimi 2021),True,"['bmi', 'glucose']",431,0.3473927974700928,1.221739130434782,2.0,0.012740505924806106,0.8490218076844753,2.727138640919896,100.0,1.221739130434782
diabetes,SVM (RBF Kernel),33,66,Wachter's CE,True,"['bloodpressure', 'bmi', 'diabetespedigreefunction', 'glucose', 'skinthickness']",500,0.040235042572021484,9.183217066839713,5.0,0.061732524006079474,1.0666486949190435,4.264130595192557,72.77642484323478,9.183217066839713
diabetes,SVM (RBF Kernel),33,66,SHAP-Targeted CE,True,"['bloodpressure', 'glucose', 'skinthickness']",343,0.019969463348388672,2.933333333333334,3.0,0.004041809066146696,1.2377883787817088,3.2967020653427888,44.602272727272734,2.933333333333334
diabetes,SVM (RBF Kernel),34,67,Actionable CBFI (Proposed),True,"['bmi', 'glucose']",192,0.18169212341308594,4.352173913043478,2.0,0.3025820194639204,1.194980565998342,3.584255450811318,100.0,4.352173913043478
diabetes,SVM (RBF Kernel),34,67,Untargeted Causal (Karimi 2021),True,"['bmi', 'glucose']",433,0.38579320907592773,4.352173913043478,2.0,0.3025820194639204,1.194980565998342,3.584255450811318,100.0,4.352173913043478
diabetes,SVM (RBF Kernel),34,67,Wachter's CE,True,"['bloodpressure', 'bmi', 'diabetespedigreefunction', 'glucose']",500,0.03953194618225098,8.585309863724852,4.0,0.6466484309960624,1.108650858595182,4.551455282049174,99.27201229784288,8.585309863724852
diabetes,SVM (RBF Kernel),34,67,SHAP-Targeted CE,True,"['bloodpressure', 'glucose']",343,0.01891493797302246,3.341666666666666,2.0,0.05435190293608072,2.2531816475846482,4.721601164472701,63.840399002493776,3.341666666666666
diabetes,SVM (RBF Kernel),35,72,Actionable CBFI (Proposed),True,"['diabetespedigreefunction', 'glucose', 'insulin']",199,0.19141173362731934,4.330674562371592,3.0,0.0,2.188099059503726,4.027759791104758,74.41879491241687,4.330674562371592
diabetes,SVM (RBF Kernel),35,72,Untargeted Causal (Karimi 2021),True,"['diabetespedigreefunction', 'glucose']",433,0.39053988456726074,3.222835820895522,2.0,0.021518994529456884,2.0960703065337176,4.053233443271866,100.0,3.222835820895522
diabetes,SVM (RBF Kernel),35,72,Wachter's CE,True,"['bloodpressure', 'bmi', 'diabetespedigreefunction', 'glucose']",500,0.03923630714416504,11.276662881245942,4.0,0.7469328865742866,1.7463826293116824,4.912207866814583,98.33727405018173,11.276662881245942
diabetes,SVM (RBF Kernel),35,72,SHAP-Targeted CE,True,"['bloodpressure', 'glucose']",343,0.018338680267333984,4.066666666666667,2.0,0.1062920728744484,2.512108448832761,4.506388602888214,73.3606557377049,4.066666666666667
diabetes,SVM (RBF Kernel),36,78,Actionable CBFI (Proposed),True,"['bmi', 'glucose', 'insulin']",196,0.17837977409362793,5.151739800760429,3.0,0.11092768562657655,3.1613030840529026,4.15013539429464,75.02741871268066,5.151739800760429
diabetes,SVM (RBF Kernel),36,78,Untargeted Causal (Karimi 2021),True,"['bmi', 'glucose']",427,0.3823280334472656,3.865217391304347,2.0,0.14536334650312097,3.0731871030608238,4.1302931159248075,100.0,3.865217391304347
diabetes,SVM (RBF Kernel),36,78,Wachter's CE,True,"['bmi', 'diabetespedigreefunction', 'glucose', 'skinthickness']",500,0.040291786193847656,8.94409474367294,4.0,0.10749498246593159,3.2691410058529575,5.109910304285042,87.18407296023682,8.94409474367294
diabetes,SVM (RBF Kernel),36,78,SHAP-Targeted CE,True,['glucose'],343,0.020992279052734375,3.2333333333333334,1.0,0.09363959742289743,4.234678351826906,5.12210442137453,100.0,3.2333333333333334
diabetes,SVM (RBF Kernel),37,84,Actionable CBFI (Proposed),True,['bmi'],199,0.18170905113220215,3.282608695652171,1.0,0.18075810616502969,1.2762135987926744,2.802369193177192,100.0,3.282608695652171
diabetes,SVM (RBF Kernel),37,84,Untargeted Causal (Karimi 2021),True,['glucose'],433,0.3836376667022705,2.1000000000000005,1.0,0.03950000660766075,1.5418889885380664,3.9746616148398486,100.0,2.1000000000000005
diabetes,SVM (RBF Kernel),37,84,Wachter's CE,True,"['bloodpressure', 'bmi', 'diabetespedigreefunction', 'glucose', 'skinthickness']",500,0.04091310501098633,9.396073977936407,5.0,0.32030869167391074,1.9990066324956506,4.662784197960648,90.53272418996708,9.396073977936407
diabetes,SVM (RBF Kernel),37,84,SHAP-Targeted CE,True,"['bloodpressure', 'glucose']",343,0.022444963455200195,4.325,2.0,0.14909618686274487,1.8038807419360232,4.313340205937506,100.0,4.325
diabetes,SVM (RBF Kernel),38,88,Actionable CBFI (Proposed),True,"['glucose', 'insulin', 'skinthickness']",165,0.1652204990386963,7.898225140425394,3.0,0.0,6.0843587318133405,7.023242697723037,100.0,7.898225140425394
diabetes,SVM (RBF Kernel),38,88,Untargeted Causal (Karimi 2021),False,[],405,0.40120768547058105,,,,,,,
diabetes,SVM (RBF Kernel),38,88,Wachter's CE,True,"['bloodpressure', 'bmi', 'diabetespedigreefunction', 'glucose', 'insulin', 'skinthickness']",500,0.054294586181640625,13.284391034847147,6.0,0.0,3.6047968151637875,5.0348335907317345,73.96012266305148,13.284391034847147
diabetes,SVM (RBF Kernel),38,88,SHAP-Targeted CE,True,"['bloodpressure', 'glucose', 'skinthickness']",343,0.019970417022705078,5.783333333333335,3.0,0.05966426735040362,3.2964728250419126,5.166240287530724,80.54755043227662,5.783333333333335
diabetes,SVM (RBF Kernel),39,95,Actionable CBFI (Proposed),True,"['bmi', 'diabetespedigreefunction', 'glucose', 'insulin']",172,0.16766071319580078,1.8850135126264431,4.0,4.916462520845283e-05,0.2585674333065102,1.725886552665121,100.0,1.8850135126264431
diabetes,SVM (RBF Kernel),39,95,Untargeted Causal (Karimi 2021),True,"['bmi', 'diabetespedigreefunction', 'glucose', 'insulin']",406,0.3757963180541992,1.8850135126264431,4.0,4.916462520845283e-05,0.2585674333065102,1.725886552665121,100.0,1.8850135126264431
diabetes,SVM (RBF Kernel),39,95,Wachter's CE,True,"['bloodpressure', 'bmi', 'diabetespedigreefunction', 'glucose', 'insulin', 'skinthickness']",500,0.039995431900024414,10.655876533228367,6.0,0.0,1.4639080979652217,3.1022722499086006,49.55834948688583,10.655876533228367
diabetes,SVM (RBF Kernel),39,95,SHAP-Targeted CE,True,"['bloodpressure', 'glucose', 'skinthickness']",343,0.02021503448486328,3.891666666666666,3.0,0.08868468036827686,0.713113809414269,2.278106251620221,57.173447537473244,3.891666666666666
diabetes,SVM (RBF Kernel),40,99,Actionable CBFI (Proposed),True,['bmi'],177,0.15195322036743164,3.478260869565216,1.0,0.20294756887087245,1.2825208415449185,2.5193930741728656,100.0,3.478260869565216
diabetes,SVM (RBF Kernel),40,99,Untargeted Causal (Karimi 2021),True,"['bmi', 'diabetespedigreefunction']",399,0.35144615173339844,3.2174042829331597,2.0,0.1122633016711104,1.053906190796134,2.5682449062839603,80.40508106058468,3.2174042829331597
diabetes,SVM (RBF Kernel),40,99,Wachter's CE,True,"['bloodpressure', 'bmi', 'diabetespedigreefunction', 'glucose', 'insulin', 'skinthickness']",500,0.03999924659729004,13.922953612195613,6.0,0.0,2.688509021290914,5.460606949520929,59.53878983369185,13.922953612195613
diabetes,SVM (RBF Kernel),40,99,SHAP-Targeted CE,True,"['bloodpressure', 'glucose', 'skinthickness']",343,0.018957138061523438,3.7083333333333335,3.0,0.022672197670213418,0.4426350467792548,3.133596280694513,69.66292134831461,3.7083333333333335
diabetes,SVM (RBF Kernel),41,100,Actionable CBFI (Proposed),True,"['glucose', 'insulin']",204,0.19965767860412598,5.830097884528152,2.0,0.0,1.098204059663875,3.6634264235715426,58.31806030260454,5.830097884528152
diabetes,SVM (RBF Kernel),41,100,Untargeted Causal (Karimi 2021),True,['glucose'],433,0.38309550285339355,3.4,1.0,0.10354196743414011,0.8700966563670154,3.568057168914256,100.0,3.4
diabetes,SVM (RBF Kernel),41,100,Wachter's CE,True,"['bloodpressure', 'bmi', 'diabetespedigreefunction', 'glucose']",500,0.04033184051513672,10.605215768981179,4.0,0.7227177548561801,0.8663645680075606,4.113251708520607,100.0,10.605215768981179
diabetes,SVM (RBF Kernel),41,100,SHAP-Targeted CE,True,"['bloodpressure', 'glucose']",343,0.0200197696685791,4.341666666666666,2.0,0.1203884366165835,0.8680980392389035,3.5989401575744653,100.0,4.341666666666666
diabetes,SVM (RBF Kernel),42,107,Actionable CBFI (Proposed),True,"['glucose', 'insulin']",188,0.17552495002746582,1.2778688524590167,2.0,0.0,0.21175000640622135,1.3945030883145837,100.0,1.2778688524590167
diabetes,SVM (RBF Kernel),42,107,Untargeted Causal (Karimi 2021),True,"['glucose', 'insulin']",419,0.3877594470977783,1.2778688524590167,2.0,0.0,0.21175000640622135,1.3945030883145837,100.0,1.2778688524590167
diabetes,SVM (RBF Kernel),42,107,Wachter's CE,True,"['bloodpressure', 'bmi', 'diabetespedigreefunction', 'glucose', 'insulin', 'skinthickness']",500,0.03972315788269043,10.329161170271238,6.0,1.925929944387236e-34,1.0709473164923105,3.6125776311587616,64.09840768090217,10.329161170271238
diabetes,SVM (RBF Kernel),42,107,SHAP-Targeted CE,True,"['bloodpressure', 'glucose', 'skinthickness']",343,0.02059006690979004,1.3583333333333323,3.0,0.005752331524118894,0.25755614367897894,1.5530397243574363,41.717791411042974,1.3583333333333323
diabetes,SVM (RBF Kernel),43,110,Actionable CBFI (Proposed),True,"['glucose', 'insulin']",180,0.15769505500793457,1.6918032786885249,2.0,0.0,0.3582438150558578,1.8359927062465198,100.0,1.6918032786885249
diabetes,SVM (RBF Kernel),43,110,Untargeted Causal (Karimi 2021),True,"['glucose', 'insulin']",407,0.3809633255004883,2.057681606304054,2.0,0.0,0.3350784631869986,1.8766524772247173,100.0,2.057681606304054
diabetes,SVM (RBF Kernel),43,110,Wachter's CE,True,"['bloodpressure', 'bmi', 'diabetespedigreefunction', 'glucose', 'insulin', 'skinthickness']",500,0.041112661361694336,13.785476085360791,6.0,0.0,1.0409095239037287,3.566934688000919,36.31056881908161,13.785476085360791
diabetes,SVM (RBF Kernel),43,110,SHAP-Targeted CE,True,"['bloodpressure', 'glucose']",343,0.02094244956970215,3.083333333333333,2.0,0.043872309346293194,0.31698235887303794,1.7149667535326576,62.16216216216218,3.083333333333333
diabetes,SVM (RBF Kernel),44,111,Actionable CBFI (Proposed),False,[],166,0.168900728225708,,,,,,,
diabetes,SVM (RBF Kernel),44,111,Untargeted Causal (Karimi 2021),False,[],408,0.39649128913879395,,,,,,,
diabetes,SVM (RBF Kernel),44,111,Wachter's CE,True,"['bloodpressure', 'bmi', 'diabetespedigreefunction', 'glucose', 'insulin', 'skinthickness']",500,0.03919839859008789,10.72626789431318,6.0,0.0,4.088344249524842,5.605118881385601,72.9531330788113,10.72626789431318
diabetes,SVM (RBF Kernel),44,111,SHAP-Targeted CE,False,[],343,0.018213510513305664,,,,,,,
diabetes,SVM (RBF Kernel),45,114,Actionable CBFI (Proposed),True,"['glucose', 'insulin']",184,0.18122315406799316,3.3696721311475413,2.0,0.0,0.519268497654807,1.8882445662351344,100.0,3.3696721311475413
diabetes,SVM (RBF Kernel),45,114,Untargeted Causal (Karimi 2021),True,"['bmi', 'glucose', 'insulin']",418,0.39861607551574707,3.5696721311475414,3.0,0.026008086735272672,0.48231743807714605,2.0199669500247945,71.9862227324914,3.5696721311475414
diabetes,SVM (RBF Kernel),45,114,Wachter's CE,True,"['bloodpressure', 'bmi', 'diabetespedigreefunction', 'glucose', 'insulin', 'skinthickness']",500,0.039956092834472656,8.877177725059662,6.0,1.232595164407831e-32,1.508123168188222,3.156363896425666,85.72507857592747,8.877177725059662
diabetes,SVM (RBF Kernel),45,114,SHAP-Targeted CE,True,"['bloodpressure', 'glucose', 'skinthickness']",343,0.01955413818359375,3.9833333333333325,3.0,0.16392278819239248,0.6322030970891863,1.9904841991517368,97.90794979079497,3.9833333333333325
diabetes,SVM (RBF Kernel),46,115,Actionable CBFI (Proposed),True,"['glucose', 'insulin']",198,0.1839599609375,3.1722591430520835,2.0,0.0,1.0748483389334034,3.3370485755093604,58.31806030260454,3.1722591430520835
diabetes,SVM (RBF Kernel),46,115,Untargeted Causal (Karimi 2021),True,['glucose'],430,0.3866093158721924,1.8500000000000003,1.0,0.030655050479528073,0.970885616238772,3.324824681075758,100.0,1.8500000000000003
diabetes,SVM (RBF Kernel),46,115,Wachter's CE,True,"['bloodpressure', 'bmi', 'diabetespedigreefunction', 'glucose']",500,0.0394132137298584,9.762175535366643,4.0,0.3262919583270742,0.9702394366018963,4.685198311461956,67.87734912308547,9.762175535366643
diabetes,SVM (RBF Kernel),46,115,SHAP-Targeted CE,True,"['bloodpressure', 'glucose']",343,0.02022385597229004,3.5333333333333328,2.0,0.06455698358837068,1.2717150567041577,3.6400111092090057,100.0,3.5333333333333328
diabetes,SVM (RBF Kernel),47,116,Actionable CBFI (Proposed),True,['glucose'],179,0.15887784957885742,1.45,1.0,0.01883191925002419,0.6046125884785569,1.9633641864225808,100.0,1.45
diabetes,SVM (RBF Kernel),47,116,Untargeted Causal (Karimi 2021),True,"['diabetespedigreefunction', 'glucose']",425,0.35248327255249023,1.597761194029851,2.0,0.0050382661489363125,0.5112832536386164,1.9435102172284333,100.0,1.597761194029851
diabetes,SVM (RBF Kernel),47,116,Wachter's CE,True,"['bloodpressure', 'bmi', 'diabetespedigreefunction', 'glucose']",500,0.03921055793762207,7.442326411421154,4.0,0.3350613108886649,0.19103223244790565,2.256599192615258,27.850984751877416,7.442326411421154
diabetes,SVM (RBF Kernel),47,116,SHAP-Targeted CE,True,"['bloodpressure', 'glucose']",343,0.02034449577331543,2.1416666666666657,2.0,0.017921299294216424,0.6079244628619987,2.0015504481724733,57.19844357976657,2.1416666666666657
diabetes,SVM (RBF Kernel),48,120,Actionable CBFI (Proposed),True,"['glucose', 'insulin']",186,0.17150425910949707,3.5614754098360644,2.0,0.0,0.4236921905867108,3.4829217690489243,100.0,3.5614754098360644
diabetes,SVM (RBF Kernel),48,120,Untargeted Causal (Karimi 2021),True,"['glucose', 'insulin']",417,0.37705516815185547,4.54404688058812,2.0,0.0,0.4690885591973439,3.5914982970064857,100.0,4.54404688058812
diabetes,SVM (RBF Kernel),48,120,Wachter's CE,True,"['bloodpressure', 'bmi', 'diabetespedigreefunction', 'glucose', 'insulin', 'skinthickness']",500,0.040467262268066406,14.92072832558519,6.0,0.0,1.2268137069333311,4.634459193070376,67.40860748741207,14.92072832558519
diabetes,SVM (RBF Kernel),48,120,SHAP-Targeted CE,True,"['bloodpressure', 'glucose', 'skinthickness']",343,0.01931166648864746,4.333333333333332,3.0,0.17493979683806646,0.2789257555301712,3.30696839650239,84.61538461538464,4.333333333333332
diabetes,SVM (RBF Kernel),49,125,Actionable CBFI (Proposed),True,['bmi'],202,0.16776633262634277,3.7391304347826075,1.0,0.23453128427640194,1.3216246532524152,3.0545114253155017,100.0,3.7391304347826075
diabetes,SVM (RBF Kernel),49,125,Untargeted Causal (Karimi 2021),True,['bmi'],431,0.3748891353607178,3.7391304347826075,1.0,0.23453128427640194,1.3216246532524152,3.0545114253155017,100.0,3.7391304347826075
diabetes,SVM (RBF Kernel),49,125,Wachter's CE,True,"['bloodpressure', 'bmi', 'diabetespedigreefunction', 'glucose', 'insulin', 'skinthickness']",500,0.04089188575744629,10.612851326049721,6.0,0.0,2.686368643468859,5.177399309143013,41.73057938685512,10.612851326049721
diabetes,SVM (RBF Kernel),49,125,SHAP-Targeted CE,True,"['bloodpressure', 'glucose', 'skinthickness']",343,0.01891636848449707,4.541666666666666,3.0,0.021023876028894745,1.8444152561357376,4.726463740392115,100.0,4.541666666666666
diabetes,SVM (RBF Kernel),50,126,Actionable CBFI (Proposed),True,['diabetespedigreefunction'],200,0.17956280708312988,0.8907462686567167,1.0,0.0,0.03618904238493279,1.6780551192024364,99.99999999999999,0.8907462686567167
diabetes,SVM (RBF Kernel),50,126,Untargeted Causal (Karimi 2021),True,['diabetespedigreefunction'],420,0.3635838031768799,0.8907462686567167,1.0,0.0,0.03618904238493279,1.6780551192024364,99.99999999999999,0.8907462686567167
diabetes,SVM (RBF Kernel),50,126,Wachter's CE,True,"['bloodpressure', 'bmi', 'diabetespedigreefunction', 'glucose', 'insulin', 'skinthickness']",500,0.03958702087402344,12.203491984127828,6.0,0.0,1.218095992528934,2.7341331466095187,38.98716260070857,12.203491984127828
diabetes,SVM (RBF Kernel),50,126,SHAP-Targeted CE,True,"['bloodpressure', 'glucose', 'skinthickness']",343,0.01981639862060547,2.4000000000000012,3.0,0.018820723103026547,0.24258654779673802,1.9710228871614497,53.124999999999986,2.4000000000000012
diabetes,SVM (RBF Kernel),51,128,Actionable CBFI (Proposed),True,"['diabetespedigreefunction', 'glucose', 'insulin']",188,0.17231464385986328,1.1621433814533892,3.0,0.0,0.5321705963390146,2.1286994113331494,100.0,1.1621433814533892
diabetes,SVM (RBF Kernel),51,128,Untargeted Causal (Karimi 2021),True,"['diabetespedigreefunction', 'glucose', 'insulin']",426,0.36997103691101074,1.1621433814533892,3.0,0.0,0.5321705963390146,2.1286994113331494,100.0,1.1621433814533892
diabetes,SVM (RBF Kernel),51,128,Wachter's CE,True,"['bloodpressure', 'bmi', 'diabetespedigreefunction', 'glucose', 'insulin', 'skinthickness']",500,0.03963947296142578,12.06707348857991,6.0,0.0,1.7107046106148762,3.3008808984054725,39.919152668944236,12.06707348857991
diabetes,SVM (RBF Kernel),51,128,SHAP-Targeted CE,True,"['bloodpressure', 'glucose', 'skinthickness']",343,0.020466089248657227,2.3333333333333335,3.0,0.013715280072104402,0.5714242380999177,2.221869639580831,37.49999999999999,2.3333333333333335
diabetes,SVM (RBF Kernel),52,129,Actionable CBFI (Proposed),True,"['bmi', 'glucose', 'insulin']",204,0.1897895336151123,1.292149944655674,3.0,0.004916462520845494,1.9156169331892585,4.408594917716317,72.3431992209502,1.292149944655674
diabetes,SVM (RBF Kernel),52,129,Untargeted Causal (Karimi 2021),True,"['bmi', 'glucose']",434,0.36974596977233887,0.9347826086956519,2.0,0.007776689536917078,1.900707627104174,4.4104329418144905,100.0,0.9347826086956519
diabetes,SVM (RBF Kernel),52,129,Wachter's CE,True,"['bloodpressure', 'bmi', 'diabetespedigreefunction', 'glucose']",500,0.040647029876708984,6.663814081765087,4.0,0.12114594893105507,1.8897135580178777,5.344319357501797,100.0,6.663814081765087
diabetes,SVM (RBF Kernel),52,129,SHAP-Targeted CE,True,"['bloodpressure', 'glucose']",343,0.020599842071533203,2.266666666666667,2.0,0.04463862340746477,2.5773244525251835,4.8270511463330985,100.0,2.266666666666667
diabetes,SVM (RBF Kernel),53,130,Actionable CBFI (Proposed),True,"['glucose', 'insulin']",174,0.16130566596984863,4.115363212608108,2.0,0.0,0.04446741963116382,0.7973145163812462,100.0,4.115363212608108
diabetes,SVM (RBF Kernel),53,130,Untargeted Causal (Karimi 2021),True,"['bmi', 'diabetespedigreefunction', 'glucose', 'insulin']",415,0.3991513252258301,3.561624025276326,4.0,0.01774842970025223,0.19499032929680923,1.6623143757515608,53.0702825736802,3.561624025276326
diabetes,SVM (RBF Kernel),53,130,Wachter's CE,True,"['bloodpressure', 'bmi', 'diabetespedigreefunction', 'glucose', 'insulin', 'skinthickness']",500,0.043543338775634766,12.946397689031674,6.0,0.0,1.0517894557073373,3.5539568574380773,65.24643413886857,12.946397689031674
diabetes,SVM (RBF Kernel),53,130,SHAP-Targeted CE,True,"['bloodpressure', 'glucose', 'skinthickness']",343,0.036820173263549805,3.350000000000001,3.0,0.07285457252995221,0.1508018524814015,1.1746570974726867,100.0,3.350000000000001
diabetes,SVM (RBF Kernel),54,131,Actionable CBFI (Proposed),True,"['bmi', 'diabetespedigreefunction', 'glucose', 'insulin']",204,0.19946765899658203,6.472841190609258,4.0,0.06730637191037475,0.9141341689719544,2.6151362780017364,85.09322600882102,6.472841190609258
diabetes,SVM (RBF Kernel),54,131,Untargeted Causal (Karimi 2021),True,"['bmi', 'diabetespedigreefunction', 'glucose']",422,0.3901031017303467,5.507949383517197,3.0,0.08630934200176213,0.8656565921871625,2.6101701466218437,100.0,5.507949383517197
diabetes,SVM (RBF Kernel),54,131,Wachter's CE,True,"['bloodpressure', 'bmi', 'diabetespedigreefunction', 'glucose']",500,0.03943514823913574,9.960861453601554,4.0,0.30526113356901735,1.202899158075409,4.4560880717434825,100.0,9.960861453601554
diabetes,SVM (RBF Kernel),54,131,SHAP-Targeted CE,True,"['bloodpressure', 'glucose']",343,0.018474578857421875,5.066666666666666,2.0,0.23560757069714722,2.3885824377075773,4.632650511339716,100.0,5.066666666666666
diabetes,SVM (RBF Kernel),55,132,Actionable CBFI (Proposed),True,"['glucose', 'insulin']",164,0.16127800941467285,3.8581530118201015,2.0,0.0,0.30529638193973985,1.3639407570370505,100.0,3.8581530118201015
diabetes,SVM (RBF Kernel),55,132,Untargeted Causal (Karimi 2021),True,"['glucose', 'insulin']",399,0.3878512382507324,3.8581530118201015,2.0,0.0,0.30529638193973985,1.3639407570370505,100.0,3.8581530118201015
diabetes,SVM (RBF Kernel),55,132,Wachter's CE,True,"['bloodpressure', 'bmi', 'diabetespedigreefunction', 'glucose', 'insulin', 'skinthickness']",500,0.03963470458984375,11.218298918805827,6.0,0.0,1.218095992528934,2.7341331466095187,46.308072737969425,11.218298918805827
diabetes,SVM (RBF Kernel),55,132,SHAP-Targeted CE,True,"['bloodpressure', 'glucose', 'skinthickness']",343,0.02028799057006836,2.575000000000001,3.0,0.06241976352815522,0.4118323412846676,1.5607728393033353,85.43689320388344,2.575000000000001
diabetes,SVM (RBF Kernel),56,138,Actionable CBFI (Proposed),True,['glucose'],192,0.16066932678222656,0.19999999999999996,1.0,0.00035827670392435987,0.6946375474215555,2.3274752923044097,100.0,0.19999999999999996
diabetes,SVM (RBF Kernel),56,138,Untargeted Causal (Karimi 2021),True,['glucose'],435,0.35692429542541504,0.19999999999999996,1.0,0.00035827670392435987,0.6946375474215555,2.3274752923044097,100.0,0.19999999999999996
diabetes,SVM (RBF Kernel),56,138,Wachter's CE,True,"['bloodpressure', 'bmi', 'diabetespedigreefunction', 'glucose']",500,0.04014921188354492,9.308071057754702,4.0,0.2619911015276751,0.9379634278980143,4.207334271844729,66.31021029212228,9.308071057754702
diabetes,SVM (RBF Kernel),56,138,SHAP-Targeted CE,True,"['bloodpressure', 'glucose']",343,0.02081465721130371,1.6416666666666657,2.0,0.025982525132514537,0.7124551073333463,2.4441658583281534,100.0,1.6416666666666657
diabetes,SVM (RBF Kernel),57,143,Actionable CBFI (Proposed),True,['bloodpressure'],199,0.17957830429077148,0.9999999999999999,1.0,0.0,0.8865647671477342,2.3750739343128626,100.0,0.9999999999999999
diabetes,SVM (RBF Kernel),57,143,Untargeted Causal (Karimi 2021),True,['bmi'],436,0.36675071716308594,0.4999999999999992,1.0,0.004193721247370752,0.8338979177721108,2.2925075389774934,1.3422042386538964e-14,0.4999999999999992
diabetes,SVM (RBF Kernel),57,143,Wachter's CE,True,"['bloodpressure', 'bmi', 'diabetespedigreefunction', 'glucose']",500,0.03939318656921387,5.604948085658661,4.0,0.24061944257852574,0.6226866280663081,2.870725753382135,39.397491671225445,5.604948085658661
diabetes,SVM (RBF Kernel),57,143,SHAP-Targeted CE,True,"['bloodpressure', 'glucose']",343,0.019793272018432617,1.050000000000001,2.0,0.0021571243215445855,1.0193869216279812,2.49726772118466,100.0,1.050000000000001
diabetes,SVM (RBF Kernel),58,144,Actionable CBFI (Proposed),True,['diabetespedigreefunction'],177,0.1533963680267334,0.10507462686567218,1.0,0.0,0.8764770068816905,2.4985098114121507,100.0,0.10507462686567218
diabetes,SVM (RBF Kernel),58,144,Untargeted Causal (Karimi 2021),True,['diabetespedigreefunction'],402,0.3470933437347412,0.10507462686567218,1.0,0.0,0.8764770068816905,2.4985098114121507,100.0,0.10507462686567218
diabetes,SVM (RBF Kernel),58,144,Wachter's CE,True,"['bloodpressure', 'bmi', 'diabetespedigreefunction', 'glucose', 'insulin', 'skinthickness']",500,0.04024934768676758,11.505831897178394,6.0,1.7333369499485123e-33,1.0887263455958966,3.6315557418374547,35.500572939938145,11.505831897178394
diabetes,SVM (RBF Kernel),58,144,SHAP-Targeted CE,True,"['bloodpressure', 'glucose', 'skinthickness']",343,0.020326614379882812,1.3583333333333352,3.0,0.020381963601030294,0.7911950079009709,2.3378861409465936,90.79754601226988,1.3583333333333352
diabetes,SVM (RBF Kernel),59,147,Actionable CBFI (Proposed),True,"['glucose', 'insulin', 'skinthickness']",199,0.16922473907470703,2.359770736222691,3.0,0.0,0.2679066749945985,3.2001234778056378,83.34142959221239,2.359770736222691
diabetes,SVM (RBF Kernel),59,147,Untargeted Causal (Karimi 2021),True,"['bloodpressure', 'bmi']",409,0.35223984718322754,1.5,2.0,0.014595178175638743,0.4908305813651401,3.3066908679183484,33.33333333333333,1.5
diabetes,SVM (RBF Kernel),59,147,Wachter's CE,True,"['bloodpressure', 'bmi', 'diabetespedigreefunction', 'glucose', 'insulin', 'skinthickness']",500,0.039885759353637695,13.188989567486871,6.0,0.0,4.400874525595414,6.258961633752281,71.97791123728213,13.188989567486871
diabetes,SVM (RBF Kernel),59,147,SHAP-Targeted CE,True,"['bloodpressure', 'glucose', 'skinthickness']",343,0.01920628547668457,2.5250000000000004,3.0,0.07046606117045648,0.994100347181736,3.6721663561175117,100.0,2.5250000000000004
diabetes,SVM (RBF Kernel),60,148,Actionable CBFI (Proposed),True,['skinthickness'],196,0.18149709701538086,2.2499999999999996,1.0,0.0,0.47441874999019695,3.477258173790293,100.0,2.2499999999999996
diabetes,SVM (RBF Kernel),60,148,Untargeted Causal (Karimi 2021),True,"['bmi', 'glucose']",426,0.3922245502471924,1.8826086956521741,2.0,0.02991226225052899,0.7075637973023468,3.312653539397247,100.0,1.8826086956521741
diabetes,SVM (RBF Kernel),60,148,Wachter's CE,True,"['bloodpressure', 'bmi', 'diabetespedigreefunction', 'glucose']",500,0.041274070739746094,9.015168721609344,4.0,0.4151489751741162,0.7560262814020112,3.9489907639618056,90.72872708950052,9.015168721609344
diabetes,SVM (RBF Kernel),60,148,SHAP-Targeted CE,True,"['bloodpressure', 'glucose', 'skinthickness']",343,0.021428346633911133,2.508333333333333,3.0,0.009200744799390863,0.44011169656293025,3.238666604551625,100.0,2.508333333333333
diabetes,SVM (RBF Kernel),61,150,Actionable CBFI (Proposed),True,['bmi'],165,0.15056085586547852,0.8043478260869554,1.0,0.01085293835094625,0.9415202798537743,2.2401589370688084,100.0,0.8043478260869554
diabetes,SVM (RBF Kernel),61,150,Untargeted Causal (Karimi 2021),True,['diabetespedigreefunction'],403,0.3240382671356201,0.5743283582089556,1.0,0.0,0.7808080155179644,2.268041633819918,1.544134944251887e-14,0.5743283582089556
diabetes,SVM (RBF Kernel),61,150,Wachter's CE,True,"['bloodpressure', 'bmi', 'diabetespedigreefunction', 'glucose', 'insulin', 'skinthickness']",500,0.04095578193664551,12.028629305361997,6.0,0.0,1.1319158655197232,2.7026407627775297,41.66746435120292,12.028629305361997
diabetes,SVM (RBF Kernel),61,150,SHAP-Targeted CE,True,"['bloodpressure', 'glucose', 'skinthickness']",343,0.02077770233154297,1.1249999999999984,3.0,0.0004976065332282723,0.8119033743721407,2.150903736688944,18.518518518518494,1.1249999999999984
diabetes,SVM (RBF Kernel),62,152,Actionable CBFI (Proposed),True,['bmi'],200,0.20640158653259277,7.45652173913043,1.0,0.9326788488316116,2.069187016670635,6.029213492732881,100.0,7.45652173913043
diabetes,SVM (RBF Kernel),62,152,Untargeted Causal (Karimi 2021),True,['bmi'],431,0.41814160346984863,7.45652173913043,1.0,0.9326788488316116,2.069187016670635,6.029213492732881,100.0,7.45652173913043
diabetes,SVM (RBF Kernel),62,152,Wachter's CE,True,"['bloodpressure', 'bmi', 'diabetespedigreefunction', 'glucose', 'insulin', 'skinthickness']",500,0.040541887283325195,14.92135637741442,6.0,0.0,3.125648596035268,6.508162567400453,66.64204720740045,14.92135637741442
diabetes,SVM (RBF Kernel),62,152,SHAP-Targeted CE,True,"['bloodpressure', 'glucose', 'skinthickness']",343,0.01838970184326172,16.68333333333333,3.0,0.6757111076176765,4.333101837648573,5.89905491206563,50.799200799200804,16.68333333333333
diabetes,SVM (RBF Kernel),63,153,Actionable CBFI (Proposed),True,"['glucose', 'insulin', 'skinthickness']",167,0.15226149559020996,2.514420401576013,3.0,0.0,2.2668406635257017,4.338214681127044,100.0,2.514420401576013
diabetes,SVM (RBF Kernel),63,153,Untargeted Causal (Karimi 2021),True,"['glucose', 'insulin', 'skinthickness']",400,0.3773782253265381,2.514420401576013,3.0,0.0,2.2668406635257017,4.338214681127044,100.0,2.514420401576013
diabetes,SVM (RBF Kernel),63,153,Wachter's CE,True,"['bloodpressure', 'bmi', 'diabetespedigreefunction', 'glucose', 'insulin', 'skinthickness']",500,0.04030179977416992,12.393194088360763,6.0,0.0,3.7522506108183764,5.563207982063014,86.50140398683828,12.393194088360763
diabetes,SVM (RBF Kernel),63,153,SHAP-Targeted CE,True,"['bloodpressure', 'glucose', 'skinthickness']",343,0.019689559936523438,1.85,3.0,0.018515939101424194,2.31128293589439,3.9633620276041235,100.0,1.85
diabetes,SVM (RBF Kernel),64,154,Actionable CBFI (Proposed),True,['glucose'],188,0.17564678192138672,4.6499999999999995,1.0,0.19367095076511195,1.317576184137274,3.649999375310866,100.0,4.6499999999999995
diabetes,SVM (RBF Kernel),64,154,Untargeted Causal (Karimi 2021),True,['glucose'],437,0.39654088020324707,4.6499999999999995,1.0,0.19367095076511195,1.317576184137274,3.649999375310866,100.0,4.6499999999999995
diabetes,SVM (RBF Kernel),64,154,Wachter's CE,True,"['bloodpressure', 'bmi', 'diabetespedigreefunction', 'glucose']",500,0.03960466384887695,13.668543153796232,4.0,1.4137677360130276,0.3488938853898679,2.547670267495361,81.87635084370982,13.668543153796232
diabetes,SVM (RBF Kernel),64,154,SHAP-Targeted CE,True,"['bloodpressure', 'glucose']",343,0.01968979835510254,4.841666666666666,2.0,0.23384272619263088,1.2624908124770329,3.59440715697638,91.39414802065406,4.841666666666666
diabetes,SVM (RBF Kernel),65,155,Actionable CBFI (Proposed),True,"['glucose', 'insulin']",191,0.17771291732788086,4.886993814972128,2.0,0.0,0.6980058255515461,3.4423300289482337,58.31806030260454,4.886993814972128
diabetes,SVM (RBF Kernel),65,155,Untargeted Causal (Karimi 2021),True,['glucose'],426,0.40137386322021484,2.85,1.0,0.0727525631906404,0.4785632218699735,3.184528374122386,100.0,2.85
diabetes,SVM (RBF Kernel),65,155,Wachter's CE,True,"['bloodpressure', 'bmi', 'diabetespedigreefunction', 'glucose', 'skinthickness']",500,0.04075145721435547,9.968188946571487,5.0,0.04486455666324123,2.446893017854941,4.184906933866006,84.48796802504181,9.968188946571487
diabetes,SVM (RBF Kernel),65,155,SHAP-Targeted CE,True,"['bloodpressure', 'glucose', 'skinthickness']",343,0.019152402877807617,3.916666666666668,3.0,0.12343752064893979,0.5322782209003244,3.3170002852770835,100.0,3.916666666666668
diabetes,SVM (RBF Kernel),66,159,Actionable CBFI (Proposed),False,[],194,0.20197248458862305,,,,,,,
diabetes,SVM (RBF Kernel),66,159,Untargeted Causal (Karimi 2021),False,[],405,0.407848596572876,,,,,,,
diabetes,SVM (RBF Kernel),66,159,Wachter's CE,True,"['bloodpressure', 'bmi', 'diabetespedigreefunction', 'glucose', 'insulin', 'skinthickness']",500,0.03993678092956543,18.555804636830104,6.0,0.0,4.167835017257365,5.482922359324341,83.04663475983472,18.555804636830104
diabetes,SVM (RBF Kernel),66,159,SHAP-Targeted CE,False,[],343,0.018342018127441406,,,,,,,
diabetes,SVM (RBF Kernel),67,160,Actionable CBFI (Proposed),True,"['glucose', 'insulin']",196,0.1817312240600586,0.3429469343840093,2.0,0.0,0.8292515885059748,2.6580093718699844,58.31806030260448,0.3429469343840093
diabetes,SVM (RBF Kernel),67,160,Untargeted Causal (Karimi 2021),True,['glucose'],429,0.3862583637237549,0.19999999999999996,1.0,0.000358276703924362,0.815308869291832,2.629975504433832,100.0,0.19999999999999996
diabetes,SVM (RBF Kernel),67,160,Wachter's CE,True,"['bloodpressure', 'bmi', 'diabetespedigreefunction', 'glucose', 'skinthickness']",500,0.04091072082519531,7.1723420938784335,5.0,0.0011259217008996176,2.3172953992624796,4.115883290972597,88.3307779971417,7.1723420938784335
diabetes,SVM (RBF Kernel),67,160,SHAP-Targeted CE,True,"['bloodpressure', 'glucose', 'skinthickness']",343,0.021892786026000977,2.4166666666666665,3.0,0.015052597630155411,0.38466633397192823,1.9507112637514439,100.0,2.4166666666666665
diabetes,SVM (RBF Kernel),68,164,Actionable CBFI (Proposed),True,['glucose'],190,0.17936062812805176,1.1000000000000003,1.0,0.010837870293711891,0.8525591803319108,2.623025165321401,100.0,1.1000000000000003
diabetes,SVM (RBF Kernel),68,164,Untargeted Causal (Karimi 2021),True,['glucose'],431,0.3853940963745117,1.1000000000000003,1.0,0.010837870293711891,0.8525591803319108,2.623025165321401,100.0,1.1000000000000003
diabetes,SVM (RBF Kernel),68,164,Wachter's CE,True,"['bloodpressure', 'bmi', 'diabetespedigreefunction', 'glucose']",500,0.059927940368652344,8.25622160934458,4.0,0.2807422246755793,0.9699516043813249,4.201823396694636,60.96487910027933,8.25622160934458
diabetes,SVM (RBF Kernel),68,164,SHAP-Targeted CE,True,"['bloodpressure', 'glucose']",343,0.021328449249267578,2.408333333333334,2.0,0.029625004955745538,0.7760578250570619,2.5281173786208413,100.0,2.408333333333334
diabetes,SVM (RBF Kernel),69,165,Actionable CBFI (Proposed),True,"['glucose', 'insulin']",190,0.18481135368347168,0.6467213114754099,2.0,0.0,0.37442289542268226,1.9394718403159559,100.0,0.6467213114754099
diabetes,SVM (RBF Kernel),69,165,Untargeted Causal (Karimi 2021),True,"['glucose', 'insulin']",409,0.37967753410339355,0.6467213114754099,2.0,0.0,0.37442289542268226,1.9394718403159559,100.0,0.6467213114754099
diabetes,SVM (RBF Kernel),69,165,Wachter's CE,True,"['bloodpressure', 'bmi', 'diabetespedigreefunction', 'glucose', 'insulin', 'skinthickness']",500,0.040979862213134766,9.187404123360388,6.0,0.0,1.4828743115441572,3.138348439875336,34.693196038431836,9.187404123360388
diabetes,SVM (RBF Kernel),69,165,SHAP-Targeted CE,True,"['bloodpressure', 'glucose', 'skinthickness']",343,0.02010321617126465,1.9750000000000008,3.0,0.0009068879068085329,0.3737089775215468,1.9363253107757306,11.392405063291127,1.9750000000000008
diabetes,SVM (RBF Kernel),70,167,Actionable CBFI (Proposed),True,['bmi'],184,0.18238139152526855,0.8043478260869567,1.0,0.010852938350946265,0.26623318006337543,1.7118244488945162,100.0,0.8043478260869567
diabetes,SVM (RBF Kernel),70,167,Untargeted Causal (Karimi 2021),True,['glucose'],413,0.35077404975891113,0.55,1.0,0.0027094675734279728,0.3621058003950562,1.7066870371451732,0.0,0.55
diabetes,SVM (RBF Kernel),70,167,Wachter's CE,True,"['bloodpressure', 'bmi', 'diabetespedigreefunction', 'glucose']",500,0.041231632232666016,8.455207657365346,4.0,0.19139718613693282,0.1635387223005974,2.2080223603467206,77.52864179101613,8.455207657365346
diabetes,SVM (RBF Kernel),70,167,SHAP-Targeted CE,True,"['bloodpressure', 'glucose']",343,0.02087259292602539,1.9000000000000008,2.0,0.012547148735351024,0.43285070933906883,1.800043826699607,0.0,1.9000000000000008
diabetes,SVM (RBF Kernel),71,171,Actionable CBFI (Proposed),True,['bmi'],180,0.17365431785583496,2.065217391304347,1.0,0.07154694566639151,0.2902684168837729,1.6262305478070722,100.0,2.065217391304347
diabetes,SVM (RBF Kernel),71,171,Untargeted Causal (Karimi 2021),True,['bmi'],411,0.395249605178833,2.065217391304347,1.0,0.07154694566639151,0.2902684168837729,1.6262305478070722,100.0,2.065217391304347
diabetes,SVM (RBF Kernel),71,171,Wachter's CE,True,"['bloodpressure', 'bmi', 'diabetespedigreefunction', 'glucose', 'insulin', 'skinthickness']",500,0.04039907455444336,10.608011528246154,6.0,0.0,1.335263773770722,2.9433920594535508,52.0802431275848,10.608011528246154
diabetes,SVM (RBF Kernel),71,171,SHAP-Targeted CE,True,"['bloodpressure', 'glucose', 'skinthickness']",343,0.019796133041381836,3.391666666666668,3.0,0.05330485585574623,0.35067694231240376,1.7844161043889408,50.85995085995086,3.391666666666668
diabetes,SVM (RBF Kernel),72,175,Actionable CBFI (Proposed),True,['bmi'],195,0.21024250984191895,7.10869565217391,1.0,0.847694554366934,2.91697368460244,6.249542812679891,100.0,7.10869565217391
diabetes,SVM (RBF Kernel),72,175,Untargeted Causal (Karimi 2021),True,['bmi'],404,0.41864871978759766,7.10869565217391,1.0,0.847694554366934,2.91697368460244,6.249542812679891,100.0,7.10869565217391
diabetes,SVM (RBF Kernel),72,175,Wachter's CE,True,"['bloodpressure', 'bmi', 'diabetespedigreefunction', 'glucose', 'insulin', 'skinthickness']",500,0.03944230079650879,13.788257039818724,6.0,0.0,1.5923873437143068,3.243483759879278,42.997645570115395,13.788257039818724
diabetes,SVM (RBF Kernel),72,175,SHAP-Targeted CE,True,"['bloodpressure', 'glucose', 'skinthickness']",343,0.01878833770751953,8.924999999999999,3.0,0.5684856078213142,1.1257551400213994,2.980719758038093,86.9281045751634,8.924999999999999
diabetes,SVM (RBF Kernel),73,177,Actionable CBFI (Proposed),True,['bmi'],188,0.19016098976135254,6.369565217391301,1.0,0.6805799156248252,1.3644449494228739,2.926528988887705,100.0,6.369565217391301
diabetes,SVM (RBF Kernel),73,177,Untargeted Causal (Karimi 2021),True,['bmi'],405,0.3950352668762207,6.369565217391301,1.0,0.6805799156248252,1.3644449494228739,2.926528988887705,100.0,6.369565217391301
diabetes,SVM (RBF Kernel),73,177,Wachter's CE,True,"['bloodpressure', 'diabetespedigreefunction', 'glucose', 'insulin', 'skinthickness']",500,0.04140734672546387,15.568700554604028,5.0,0.0,1.6054329492943846,6.387827822410441,62.98795097408969,15.568700554604028
diabetes,SVM (RBF Kernel),73,177,SHAP-Targeted CE,False,[],343,0.01835179328918457,,,,,,,
diabetes,SVM (RBF Kernel),74,178,Actionable CBFI (Proposed),True,['glucose'],182,0.16029977798461914,2.4000000000000004,1.0,0.05159184536510792,1.1193576008982051,3.322596437475994,100.0,2.4000000000000004
diabetes,SVM (RBF Kernel),74,178,Untargeted Causal (Karimi 2021),True,['glucose'],431,0.38089752197265625,2.4000000000000004,1.0,0.05159184536510792,1.1193576008982051,3.322596437475994,100.0,2.4000000000000004
diabetes,SVM (RBF Kernel),74,178,Wachter's CE,True,"['bloodpressure', 'bmi', 'diabetespedigreefunction', 'glucose']",500,0.040749549865722656,11.1045262816353,4.0,0.9179586083907473,0.2812013693859831,2.5947026983799484,74.84218015641002,11.1045262816353
diabetes,SVM (RBF Kernel),74,178,SHAP-Targeted CE,True,"['bloodpressure', 'glucose', 'skinthickness']",343,0.01981949806213379,3.9666666666666663,3.0,0.08474363662510886,0.4725585685718161,2.7552216050199054,89.49579831932775,3.9666666666666663
diabetes,SVM (RBF Kernel),75,179,Actionable CBFI (Proposed),True,"['diabetespedigreefunction', 'glucose']",192,0.17090964317321777,3.3559701492537313,2.0,0.027430560144208842,0.79334144788471,2.5906477490490003,100.0,3.3559701492537313
diabetes,SVM (RBF Kernel),75,179,Untargeted Causal (Karimi 2021),True,"['diabetespedigreefunction', 'glucose']",425,0.36498355865478516,3.3559701492537313,2.0,0.027430560144208842,0.79334144788471,2.5906477490490003,100.0,3.3559701492537313
diabetes,SVM (RBF Kernel),75,179,Wachter's CE,True,"['bloodpressure', 'bmi', 'diabetespedigreefunction', 'glucose']",500,0.04002666473388672,9.3150146009085,4.0,0.5575771856188737,0.7068553104141096,3.9930912178806897,87.251764480496,9.3150146009085
diabetes,SVM (RBF Kernel),75,179,SHAP-Targeted CE,True,"['bloodpressure', 'glucose']",343,0.019117355346679688,3.2666666666666675,2.0,0.12102122625800547,1.224177014553947,3.552466738032717,97.44897959183672,3.2666666666666675
diabetes,SVM (RBF Kernel),76,184,Actionable CBFI (Proposed),True,"['bmi', 'glucose']",183,0.17804670333862305,1.169565217391305,2.0,0.01073643798801532,0.3098722411480221,1.6193678642851324,100.0,1.169565217391305
diabetes,SVM (RBF Kernel),76,184,Untargeted Causal (Karimi 2021),True,"['bmi', 'glucose']",429,0.41283369064331055,1.169565217391305,2.0,0.01073643798801532,0.3098722411480221,1.6193678642851324,100.0,1.169565217391305
diabetes,SVM (RBF Kernel),76,184,Wachter's CE,True,"['bloodpressure', 'bmi', 'diabetespedigreefunction', 'glucose']",500,0.04283428192138672,7.044305645684619,4.0,0.2063170088946317,0.2166703347866919,2.3333144112174824,62.86298596765165,7.044305645684619
diabetes,SVM (RBF Kernel),76,184,SHAP-Targeted CE,True,"['bloodpressure', 'glucose']",343,0.022768497467041016,2.991666666666666,2.0,0.05142017111114416,0.4978274448446207,1.8780057669486176,69.35933147632315,2.991666666666666
diabetes,SVM (RBF Kernel),77,185,Actionable CBFI (Proposed),False,[],204,0.21570134162902832,,,,,,,
diabetes,SVM (RBF Kernel),77,185,Untargeted Causal (Karimi 2021),False,[],435,0.4293069839477539,,,,,,,
diabetes,SVM (RBF Kernel),77,185,Wachter's CE,True,"['bloodpressure', 'bmi', 'diabetespedigreefunction', 'glucose', 'skinthickness']",500,0.0408174991607666,13.168270062729826,5.0,0.9859883601254341,2.195958581309465,3.713381947692613,97.94328843467547,13.168270062729826
diabetes,SVM (RBF Kernel),77,185,SHAP-Targeted CE,True,"['bloodpressure', 'glucose', 'skinthickness']",343,0.01972031593322754,8.216666666666667,3.0,0.7299340475272289,0.9263243989591132,2.682425927409239,88.3367139959432,8.216666666666667
diabetes,SVM (RBF Kernel),78,186,Actionable CBFI (Proposed),False,[],168,0.19327473640441895,,,,,,,
diabetes,SVM (RBF Kernel),78,186,Untargeted Causal (Karimi 2021),False,[],407,0.42813563346862793,,,,,,,
diabetes,SVM (RBF Kernel),78,186,Wachter's CE,True,"['bloodpressure', 'bmi', 'diabetespedigreefunction', 'glucose', 'insulin', 'skinthickness']",500,0.04650998115539551,14.69162588695865,6.0,0.0,4.4348880140372335,6.18517442839446,88.93927729644635,14.69162588695865
diabetes,SVM (RBF Kernel),78,186,SHAP-Targeted CE,False,[],343,0.018173694610595703,,,,,,,
diabetes,SVM (RBF Kernel),79,187,Actionable CBFI (Proposed),True,['diabetespedigreefunction'],198,0.18787312507629395,5.174925373134328,1.0,0.0,0.9408663466136715,2.4462256689002455,100.0,5.174925373134328
diabetes,SVM (RBF Kernel),79,187,Untargeted Causal (Karimi 2021),True,"['bmi', 'diabetespedigreefunction']",421,0.405153751373291,5.1111615833874104,2.0,0.02949874624095769,1.2428534894349108,2.9291828677405296,74.05507662227188,5.1111615833874104
diabetes,SVM (RBF Kernel),79,187,Wachter's CE,True,"['bloodpressure', 'bmi', 'diabetespedigreefunction', 'glucose', 'insulin', 'skinthickness']",500,0.04224705696105957,11.295439365893268,6.0,0.0,0.8663645680075606,4.113251708520607,53.862600788297755,11.295439365893268
diabetes,SVM (RBF Kernel),79,187,SHAP-Targeted CE,True,"['bloodpressure', 'glucose', 'skinthickness']",343,0.021152496337890625,5.583333333333332,3.0,0.17030583599737822,1.3224907975882885,4.079412874497534,100.0,5.583333333333332
diabetes,SVM (RBF Kernel),80,188,Actionable CBFI (Proposed),True,['diabetespedigreefunction'],198,0.19543194770812988,1.1092537313432835,1.0,0.0,0.8541000894049031,2.297921241696426,99.99999999999997,1.1092537313432835
diabetes,SVM (RBF Kernel),80,188,Untargeted Causal (Karimi 2021),True,['diabetespedigreefunction'],405,0.37751221656799316,1.1092537313432835,1.0,0.0,0.8541000894049031,2.297921241696426,99.99999999999997,1.1092537313432835
diabetes,SVM (RBF Kernel),80,188,Wachter's CE,True,"['bloodpressure', 'bmi', 'diabetespedigreefunction', 'glucose', 'insulin', 'skinthickness']",500,0.04236102104187012,11.467998079807659,6.0,4.930380657631324e-32,3.4929339495590925,4.474402622221849,55.77500731879724,11.467998079807659
diabetes,SVM (RBF Kernel),80,188,SHAP-Targeted CE,True,"['bloodpressure', 'glucose', 'skinthickness']",343,0.0208737850189209,2.85,3.0,0.004041809066146686,0.7042062568429188,2.207336381410048,34.21052631578945,2.85
diabetes,SVM (RBF Kernel),81,191,Actionable CBFI (Proposed),True,"['diabetespedigreefunction', 'glucose', 'insulin']",188,0.2135472297668457,1.6253888972097035,3.0,0.0,0.7573854379620021,2.5171720429119584,69.21879611686049,1.6253888972097035
diabetes,SVM (RBF Kernel),81,191,Untargeted Causal (Karimi 2021),True,"['diabetespedigreefunction', 'glucose', 'insulin']",393,0.39992737770080566,1.6253888972097035,3.0,0.0,0.7573854379620021,2.5171720429119584,69.21879611686049,1.6253888972097035
diabetes,SVM (RBF Kernel),81,191,Wachter's CE,True,"['bloodpressure', 'bmi', 'diabetespedigreefunction', 'glucose', 'insulin', 'skinthickness']",500,0.041628122329711914,11.755290812509088,6.0,0.0,2.2219516070547796,3.93348235377543,50.92025110110142,11.755290812509088
diabetes,SVM (RBF Kernel),81,191,SHAP-Targeted CE,True,"['bloodpressure', 'glucose', 'skinthickness']",343,0.020416259765625,2.7583333333333346,3.0,0.024732288717778494,1.1405405766788734,2.94383936845461,59.214501510574,2.7583333333333346
diabetes,SVM (RBF Kernel),82,192,Actionable CBFI (Proposed),True,"['bloodpressure', 'glucose']",174,0.16535425186157227,3.5,2.0,0.07464097998424175,0.5351905250614637,1.7365419797310362,100.0,3.5
diabetes,SVM (RBF Kernel),82,192,Untargeted Causal (Karimi 2021),True,"['bloodpressure', 'bmi', 'diabetespedigreefunction', 'glucose']",421,0.37939023971557617,3.294023361453601,4.0,0.07629739080375166,0.514374132399311,1.681105465436691,83.48453238614762,3.294023361453601
diabetes,SVM (RBF Kernel),82,192,Wachter's CE,True,"['bloodpressure', 'bmi', 'diabetespedigreefunction', 'glucose']",500,0.03977560997009277,8.382852044127189,4.0,0.36147609259952973,0.3059993617112244,2.3981354098926495,42.94481139652307,8.382852044127189
diabetes,SVM (RBF Kernel),82,192,SHAP-Targeted CE,True,"['bloodpressure', 'glucose']",343,0.020379066467285156,3.600000000000001,2.0,0.10569909175568477,0.6081435480624796,1.7966318294672714,100.0,3.600000000000001
diabetes,SVM (RBF Kernel),83,193,Actionable CBFI (Proposed),False,[],204,0.23422574996948242,,,,,,,
diabetes,SVM (RBF Kernel),83,193,Untargeted Causal (Karimi 2021),False,[],436,0.4635477066040039,,,,,,,
diabetes,SVM (RBF Kernel),83,193,Wachter's CE,True,"['bmi', 'diabetespedigreefunction', 'glucose', 'skinthickness']",500,0.043066978454589844,19.095400713822187,4.0,1.1578394711822522,5.142639780349063,6.217060307623073,78.39793957811986,19.095400713822187
diabetes,SVM (RBF Kernel),83,193,SHAP-Targeted CE,True,"['bloodpressure', 'glucose']",343,0.022842884063720703,12.716666666666665,2.0,0.3096116143188567,3.7167428636208064,5.749832795687487,100.0,12.716666666666665
diabetes,SVM (RBF Kernel),84,195,Actionable CBFI (Proposed),True,"['bmi', 'glucose', 'insulin', 'skinthickness']",167,0.15437650680541992,3.6771382956245966,4.0,0.0015421527255870093,0.3226281444342387,1.5241780577837372,100.0,3.6771382956245966
diabetes,SVM (RBF Kernel),84,195,Untargeted Causal (Karimi 2021),True,"['diabetespedigreefunction', 'glucose', 'insulin']",395,0.3734288215637207,3.379759969862105,3.0,0.0,0.39257376938466076,1.8243746792796152,83.71340668856763,3.379759969862105
diabetes,SVM (RBF Kernel),84,195,Wachter's CE,True,"['bloodpressure', 'bmi', 'diabetespedigreefunction', 'glucose', 'insulin', 'skinthickness']",500,0.04337167739868164,13.890571199597163,6.0,0.0,1.25355188927325,2.825906402784851,40.31573680089344,13.890571199597163
diabetes,SVM (RBF Kernel),84,195,SHAP-Targeted CE,True,"['bloodpressure', 'glucose', 'skinthickness']",343,0.03538703918457031,3.925,3.0,0.1532640562506428,0.4929437997284435,2.0670010188435914,91.50743099787684,3.925
diabetes,SVM (RBF Kernel),85,198,Actionable CBFI (Proposed),True,['bmi'],198,0.17371916770935059,1.0217391304347812,1.0,0.01751215545452173,0.5484092391377623,2.2765048524447904,100.0,1.0217391304347812
diabetes,SVM (RBF Kernel),85,198,Untargeted Causal (Karimi 2021),True,['bmi'],399,0.3454909324645996,1.0217391304347812,1.0,0.01751215545452173,0.5484092391377623,2.2765048524447904,100.0,1.0217391304347812
diabetes,SVM (RBF Kernel),85,198,Wachter's CE,True,"['bloodpressure', 'bmi', 'diabetespedigreefunction', 'glucose', 'insulin', 'skinthickness']",500,0.03968167304992676,11.6687214320415,6.0,1.925929944387236e-34,1.164469416519679,2.747159884002645,32.50310553702212,11.6687214320415
diabetes,SVM (RBF Kernel),85,198,SHAP-Targeted CE,True,"['bloodpressure', 'glucose', 'skinthickness']",343,0.01986384391784668,1.7666666666666673,3.0,0.004041809066146686,0.21189455630506152,1.8533071492229014,78.77358490566031,1.7666666666666673
diabetes,SVM (RBF Kernel),86,201,Actionable CBFI (Proposed),True,['bmi'],197,0.16810131072998047,1.3913043478260858,1.0,0.03247161101933957,0.7916891230275882,2.2802931740873222,100.0,1.3913043478260858
diabetes,SVM (RBF Kernel),86,201,Untargeted Causal (Karimi 2021),True,"['bmi', 'glucose']",428,0.3686556816101074,1.1500000000000006,2.0,0.011379041691571017,0.7839778035936599,2.402340455538505,100.0,1.1500000000000006
diabetes,SVM (RBF Kernel),86,201,Wachter's CE,True,"['bloodpressure', 'bmi', 'diabetespedigreefunction', 'glucose']",500,0.04128909111022949,10.251435756002595,4.0,0.46218013167112754,2.359125046150017,4.603696089243168,90.79852223102286,10.251435756002595
diabetes,SVM (RBF Kernel),86,201,SHAP-Targeted CE,True,"['bloodpressure', 'glucose']",343,0.021487951278686523,2.008333333333334,2.0,0.04425463703265689,0.8254036450990199,2.6868794088170707,100.0,2.008333333333334
diabetes,SVM (RBF Kernel),87,206,Actionable CBFI (Proposed),True,"['bmi', 'glucose', 'insulin']",172,0.1930675506591797,10.26810574537014,3.0,0.06730637191037477,0.6671883321546387,2.914903726152877,100.0,10.26810574537014
diabetes,SVM (RBF Kernel),87,206,Untargeted Causal (Karimi 2021),False,[],394,0.4068305492401123,,,,,,,
diabetes,SVM (RBF Kernel),87,206,Wachter's CE,True,"['bloodpressure', 'bmi', 'diabetespedigreefunction', 'glucose', 'insulin', 'skinthickness']",500,0.041547536849975586,14.320517689528124,6.0,0.0,1.9122985344038352,4.062979805045944,57.81111550817306,14.320517689528124
diabetes,SVM (RBF Kernel),87,206,SHAP-Targeted CE,True,"['bloodpressure', 'glucose', 'skinthickness']",343,0.01950359344482422,9.566666666666666,3.0,0.752983182146363,2.43165941144576,5.1407058455893555,67.77003484320558,9.566666666666666
diabetes,SVM (RBF Kernel),88,207,Actionable CBFI (Proposed),True,"['bmi', 'glucose', 'insulin']",198,0.18962526321411133,4.041824360443387,3.0,0.019665850083381977,1.0760010759729919,2.9272564101725753,67.28558628146247,4.041824360443387
diabetes,SVM (RBF Kernel),88,207,Untargeted Causal (Karimi 2021),True,"['diabetespedigreefunction', 'glucose']",433,0.3896596431732178,2.2858208955223884,2.0,0.030655050479528073,1.0108509451552008,3.108438433538418,80.93372510610514,2.2858208955223884
diabetes,SVM (RBF Kernel),88,207,Wachter's CE,True,"['bloodpressure', 'bmi', 'diabetespedigreefunction', 'glucose', 'skinthickness']",500,0.03998732566833496,8.350494808565866,5.0,0.01798759604417446,1.9696551824561592,4.273883964038659,94.78089735382714,8.350494808565866
diabetes,SVM (RBF Kernel),88,207,SHAP-Targeted CE,True,"['bloodpressure', 'glucose']",343,0.020509958267211914,3.416666666666667,2.0,0.11662653122537768,1.106450604737812,3.2234066155886993,100.0,3.416666666666667
diabetes,SVM (RBF Kernel),89,209,Actionable CBFI (Proposed),True,['glucose'],183,0.19019722938537598,3.7500000000000004,1.0,0.12595665372340786,0.3309978251037302,1.823722944702009,100.0,3.7500000000000004
diabetes,SVM (RBF Kernel),89,209,Untargeted Causal (Karimi 2021),True,['glucose'],433,0.4108405113220215,3.7500000000000004,1.0,0.12595665372340786,0.3309978251037302,1.823722944702009,100.0,3.7500000000000004
diabetes,SVM (RBF Kernel),89,209,Wachter's CE,True,"['bloodpressure', 'bmi', 'diabetespedigreefunction', 'glucose', 'skinthickness']",500,0.040355682373046875,9.940144386761842,5.0,0.06526921395601966,2.2474345441509724,4.1141182435326495,35.57707922420132,9.940144386761842
diabetes,SVM (RBF Kernel),89,209,SHAP-Targeted CE,True,"['bloodpressure', 'glucose']",343,0.020061016082763672,4.558333333333334,2.0,0.21318210293299275,0.36870294506010937,1.8780795473874552,92.68738574040216,4.558333333333334
diabetes,SVM (RBF Kernel),90,211,Actionable CBFI (Proposed),True,['bmi'],186,0.15633392333984375,1.0869565217391297,1.0,0.019819098522546118,1.3098500342409505,3.4705827822941866,100.0,1.0869565217391297
diabetes,SVM (RBF Kernel),90,211,Untargeted Causal (Karimi 2021),True,['diabetespedigreefunction'],421,0.36684751510620117,0.9289552238805968,1.0,2.465190328815662e-33,1.1282131733128202,3.590386149975553,0.0,0.9289552238805968
diabetes,SVM (RBF Kernel),90,211,Wachter's CE,True,"['bloodpressure', 'bmi', 'diabetespedigreefunction', 'glucose', 'skinthickness']",500,0.04016923904418945,8.896503893575598,5.0,0.008779435394363731,2.7785172949228167,4.493238136479425,28.082599581859668,8.896503893575598
diabetes,SVM (RBF Kernel),90,211,SHAP-Targeted CE,True,"['bloodpressure', 'glucose', 'skinthickness']",343,0.020366191864013672,1.5500000000000003,3.0,0.009200744799390863,0.726964314506338,3.023250312602456,70.43010752688168,1.5500000000000003
diabetes,SVM (RBF Kernel),91,212,Actionable CBFI (Proposed),True,['glucose'],186,0.1652088165283203,1.6,1.0,0.02292970905115905,0.38749888891603107,3.0778094245939474,100.0,1.6
diabetes,SVM (RBF Kernel),91,212,Untargeted Causal (Karimi 2021),True,['glucose'],437,0.40060901641845703,1.6,1.0,0.02292970905115905,0.38749888891603107,3.0778094245939474,100.0,1.6
diabetes,SVM (RBF Kernel),91,212,Wachter's CE,True,"['bloodpressure', 'bmi', 'diabetespedigreefunction', 'glucose', 'skinthickness']",500,0.03968501091003418,7.058903850313649,5.0,0.04273859147739572,1.7658007946762666,4.464367437859923,50.18625522615885,7.058903850313649
diabetes,SVM (RBF Kernel),91,212,SHAP-Targeted CE,True,"['bloodpressure', 'glucose', 'skinthickness']",343,0.02050042152404785,3.033333333333333,3.0,0.0077639059346941855,1.2327710070498554,4.173108603029925,72.52747252747253,3.033333333333333
diabetes,SVM (RBF Kernel),92,213,Actionable CBFI (Proposed),True,"['glucose', 'insulin']",204,0.17949652671813965,1.2860510039400341,2.0,0.0,0.16457630976889778,1.8941241047872186,58.31806030260454,1.2860510039400341
diabetes,SVM (RBF Kernel),92,213,Untargeted Causal (Karimi 2021),True,"['glucose', 'insulin']",413,0.36273956298828125,1.2860510039400341,2.0,0.0,0.16457630976889778,1.8941241047872186,58.31806030260454,1.2860510039400341
diabetes,SVM (RBF Kernel),92,213,Wachter's CE,True,"['bloodpressure', 'bmi', 'diabetespedigreefunction', 'glucose', 'insulin', 'skinthickness']",500,0.041558027267456055,12.469248820048014,6.0,0.0,1.1990730850551157,2.7734659637849846,77.7348430986161,12.469248820048014
diabetes,SVM (RBF Kernel),92,213,SHAP-Targeted CE,True,"['bloodpressure', 'glucose', 'skinthickness']",343,0.021791458129882812,3.108333333333335,3.0,0.0734579204514915,0.2738060869554546,2.1278814647931408,81.2332439678284,3.108333333333335
diabetes,SVM (RBF Kernel),93,214,Actionable CBFI (Proposed),True,"['diabetespedigreefunction', 'glucose', 'insulin']",168,0.15971612930297852,0.49959826048949907,3.0,0.0,0.7158920313013315,2.3255435470833716,100.0,0.49959826048949907
diabetes,SVM (RBF Kernel),93,214,Untargeted Causal (Karimi 2021),True,"['diabetespedigreefunction', 'glucose', 'insulin']",399,0.35548949241638184,0.49959826048949907,3.0,0.0,0.7158920313013315,2.3255435470833716,100.0,0.49959826048949907
diabetes,SVM (RBF Kernel),93,214,Wachter's CE,True,"['bloodpressure', 'bmi', 'diabetespedigreefunction', 'glucose', 'insulin', 'skinthickness']",500,0.03963804244995117,12.723909763371314,6.0,0.0,2.266949391391802,3.9187740073468773,89.55663492952965,12.723909763371314
diabetes,SVM (RBF Kernel),93,214,SHAP-Targeted CE,True,"['bloodpressure', 'glucose', 'skinthickness']",343,0.01971435546875,0.7916666666666679,3.0,0.006997591873522658,0.838281322139587,2.430179209445401,89.47368421052623,0.7916666666666679
diabetes,SVM (RBF Kernel),94,215,Actionable CBFI (Proposed),False,[],172,0.1846635341644287,,,,,,,
diabetes,SVM (RBF Kernel),94,215,Untargeted Causal (Karimi 2021),False,[],403,0.3992929458618164,,,,,,,
diabetes,SVM (RBF Kernel),94,215,Wachter's CE,True,"['bloodpressure', 'bmi', 'diabetespedigreefunction', 'glucose', 'insulin', 'skinthickness']",500,0.03913998603820801,21.097975198845393,6.0,0.0,1.8853837043695314,6.1459347234742365,78.86843030521091,21.097975198845393
diabetes,SVM (RBF Kernel),94,215,SHAP-Targeted CE,False,[],343,0.018494129180908203,,,,,,,
diabetes,SVM (RBF Kernel),95,217,Actionable CBFI (Proposed),True,['bmi'],167,0.16423296928405762,0.8913043478260869,1.0,0.01332636184656003,0.30340186615713854,1.5517708356069504,100.0,0.8913043478260869
diabetes,SVM (RBF Kernel),95,217,Untargeted Causal (Karimi 2021),True,['bmi'],394,0.37035632133483887,0.8913043478260869,1.0,0.01332636184656003,0.30340186615713854,1.5517708356069504,100.0,0.8913043478260869
diabetes,SVM (RBF Kernel),95,217,Wachter's CE,True,"['bloodpressure', 'bmi', 'diabetespedigreefunction', 'glucose', 'insulin', 'skinthickness']",500,0.04105210304260254,11.362783906554183,6.0,0.0,1.3558060394285316,2.941069293353269,47.52606360347343,11.362783906554183
diabetes,SVM (RBF Kernel),95,217,SHAP-Targeted CE,True,"['bloodpressure', 'glucose', 'skinthickness']",343,0.020448684692382812,2.4000000000000012,3.0,0.029121178340851903,0.4244911473276717,1.5564439914137562,10.416666666666677,2.4000000000000012
diabetes,SVM (RBF Kernel),96,218,Actionable CBFI (Proposed),True,['bmi'],204,0.1813969612121582,0.6739130434782609,1.0,0.007618461472066742,0.36385702920724755,3.0121784543867416,100.0,0.6739130434782609
diabetes,SVM (RBF Kernel),96,218,Untargeted Causal (Karimi 2021),True,['bmi'],435,0.3651461601257324,0.6739130434782609,1.0,0.007618461472066742,0.36385702920724755,3.0121784543867416,100.0,0.6739130434782609
diabetes,SVM (RBF Kernel),96,218,Wachter's CE,True,"['bloodpressure', 'bmi', 'diabetespedigreefunction', 'glucose', 'skinthickness']",500,0.03954434394836426,7.552695760328789,5.0,0.0021807333162339143,0.7668493791987294,4.066385943199724,75.72610639285801,7.552695760328789
diabetes,SVM (RBF Kernel),96,218,SHAP-Targeted CE,True,"['bloodpressure', 'glucose', 'skinthickness']",343,0.019251585006713867,2.308333333333332,3.0,0.015604940882038823,0.7173923739385472,3.3350677255543246,80.14440433212997,2.308333333333332
diabetes,SVM (RBF Kernel),97,219,Actionable CBFI (Proposed),True,['skinthickness'],179,0.15669727325439453,2.2499999999999996,1.0,0.0,0.1959362652283135,1.7044800980606656,100.0,2.2499999999999996
diabetes,SVM (RBF Kernel),97,219,Untargeted Causal (Karimi 2021),True,"['diabetespedigreefunction', 'glucose']",427,0.34558796882629395,1.0983582089552237,2.0,0.006471372964633757,0.8036578223776661,2.352798000807223,1.2220095663787327e-14,1.0983582089552237
diabetes,SVM (RBF Kernel),97,219,Wachter's CE,True,"['bloodpressure', 'bmi', 'diabetespedigreefunction', 'glucose']",500,0.03999471664428711,6.9131894873458775,4.0,0.43877767678886087,0.2101816989035658,2.330721520137741,75.15564535621841,6.9131894873458775
diabetes,SVM (RBF Kernel),97,219,SHAP-Targeted CE,True,"['bloodpressure', 'glucose']",343,0.02014327049255371,2.5416666666666656,2.0,0.004665061249015105,0.7245904937751886,2.3059222549637033,75.40983606557377,2.5416666666666656
diabetes,SVM (RBF Kernel),98,220,Actionable CBFI (Proposed),True,"['glucose', 'insulin', 'skinthickness']",169,0.15373587608337402,5.374976813658784,3.0,0.0,1.79858666411101,4.0374686827119906,100.0,5.374976813658784
diabetes,SVM (RBF Kernel),98,220,Untargeted Causal (Karimi 2021),True,"['glucose', 'insulin', 'skinthickness']",411,0.3800623416900635,5.374976813658784,3.0,0.0,1.79858666411101,4.0374686827119906,100.0,5.374976813658784
diabetes,SVM (RBF Kernel),98,220,Wachter's CE,True,"['bloodpressure', 'bmi', 'diabetespedigreefunction', 'glucose', 'insulin', 'skinthickness']",500,0.04156041145324707,9.92992264266692,6.0,0.0,3.4778037856856217,5.360353037539043,87.05954382812237,9.92992264266692
diabetes,SVM (RBF Kernel),98,220,SHAP-Targeted CE,True,"['bloodpressure', 'glucose', 'skinthickness']",343,0.02019524574279785,4.333333333333332,3.0,0.26898743161821115,2.8129850209018956,4.40502749335216,100.0,4.333333333333332
diabetes,SVM (RBF Kernel),99,221,Actionable CBFI (Proposed),True,"['bloodpressure', 'glucose', 'insulin']",201,0.19167518615722656,6.401414216548142,3.0,0.0,1.8679072214787429,4.397358786848477,64.82942455546674,6.401414216548142
diabetes,SVM (RBF Kernel),99,221,Untargeted Causal (Karimi 2021),True,"['bmi', 'glucose']",434,0.40172386169433594,3.476086956521739,2.0,0.09854011449638386,1.7013284857671003,4.415628342596955,90.61913696060039,3.476086956521739
diabetes,SVM (RBF Kernel),99,221,Wachter's CE,True,"['bloodpressure', 'bmi', 'diabetespedigreefunction', 'glucose']",500,0.04283928871154785,8.986072355613237,4.0,0.39528585217168105,1.5335653220034957,5.265699183459945,64.1353200884995,8.986072355613237
diabetes,SVM (RBF Kernel),99,221,SHAP-Targeted CE,True,"['bloodpressure', 'glucose']",343,0.03581833839416504,5.666666666666668,2.0,0.2508766271692569,2.3735033569541635,4.864356727895923,100.0,5.666666666666668
diabetes,SVM (RBF Kernel),100,222,Actionable CBFI (Proposed),True,['skinthickness'],183,0.17013859748840332,1.4999999999999998,1.0,0.0,2.516087922038619,4.128615255277103,100.0,1.4999999999999998
diabetes,SVM (RBF Kernel),100,222,Untargeted Causal (Karimi 2021),True,['glucose'],435,0.3855125904083252,0.5,1.0,0.0022392293995272517,2.708149136266082,3.963883163448387,0.0,0.5
diabetes,SVM (RBF Kernel),100,222,Wachter's CE,True,"['bmi', 'diabetespedigreefunction', 'glucose', 'skinthickness']",500,0.03990602493286133,7.697306943543153,4.0,0.028697199174773088,3.6264840802600866,5.31762524421268,77.17267136251165,7.697306943543153
diabetes,SVM (RBF Kernel),100,222,SHAP-Targeted CE,True,['glucose'],343,0.020722389221191406,0.975,1.0,0.008514669791702371,2.764934761237318,3.9836462453746035,0.0,0.975
diabetes,XGBoost,1,0,Actionable CBFI (Proposed),True,"['bmi', 'diabetespedigreefunction']",186,0.27566075325012207,2.0321219987021415,2.0,0.04700297405607042,0.485686103639113,2.8702797212565443,100.0,2.0321219987021415
diabetes,XGBoost,1,0,Untargeted Causal (Karimi 2021),True,"['bmi', 'diabetespedigreefunction']",418,0.5903637409210205,2.0321219987021415,2.0,0.04700297405607042,0.485686103639113,2.8702797212565443,100.0,2.0321219987021415
diabetes,XGBoost,1,0,Wachter's CE,True,"['bloodpressure', 'bmi', 'diabetespedigreefunction', 'glucose', 'skinthickness']",500,0.03872847557067871,10.6463524767467,5.0,0.03589246185696998,6.6185880324064525,7.954025060140634,36.98937407919395,10.6463524767467
diabetes,XGBoost,1,0,SHAP-Targeted CE,True,"['bmi', 'diabetespedigreefunction', 'glucose']",343,0.016553163528442383,3.3831332468094315,3.0,0.05286555484018186,0.424005382054956,2.356036646846369,100.0,3.3831332468094315
diabetes,XGBoost,2,2,Actionable CBFI (Proposed),True,"['bloodpressure', 'glucose', 'insulin']",204,0.319258451461792,3.586522409456081,3.0,0.0,0.8951230925234039,2.764848610691302,64.12897334576559,3.586522409456081
diabetes,XGBoost,2,2,Untargeted Causal (Karimi 2021),True,"['bloodpressure', 'glucose']",426,0.6459982395172119,2.3000000000000003,2.0,0.038693884023830886,0.7635045516795047,2.6517328410914405,100.0,2.3000000000000003
diabetes,XGBoost,2,2,Wachter's CE,True,"['bloodpressure', 'bmi', 'diabetespedigreefunction', 'glucose']",500,0.036116838455200195,9.514746917585983,4.0,0.3044803497261953,0.48690028590554374,2.6520532239604204,100.0,9.514746917585983
diabetes,XGBoost,2,2,SHAP-Targeted CE,True,"['bmi', 'diabetespedigreefunction', 'glucose']",343,0.01581287384033203,3.935485615401255,3.0,0.06128917119534918,0.5804841901918456,2.315052876561827,100.0,3.935485615401255
diabetes,XGBoost,3,4,Actionable CBFI (Proposed),True,"['glucose', 'insulin']",204,0.3065011501312256,2.400628540688064,2.0,0.0,1.055452942349493,6.0835863149928775,58.31806030260454,2.400628540688064
diabetes,XGBoost,3,4,Untargeted Causal (Karimi 2021),True,"['glucose', 'insulin']",417,0.6088330745697021,2.400628540688064,2.0,0.0,1.055452942349493,6.0835863149928775,58.31806030260454,2.400628540688064
diabetes,XGBoost,3,4,Wachter's CE,True,"['bloodpressure', 'bmi', 'diabetespedigreefunction', 'glucose', 'insulin', 'skinthickness']",500,0.03765416145324707,11.626608050268967,6.0,0.0,2.004751955276942,7.491272687043277,80.38640190669682,11.626608050268967
diabetes,XGBoost,3,4,SHAP-Targeted CE,True,"['bmi', 'diabetespedigreefunction', 'glucose']",343,0.016370296478271484,3.018132165260652,3.0,0.029313537135856986,1.2276600757195788,6.570171355194002,100.0,3.018132165260652
diabetes,XGBoost,4,6,Actionable CBFI (Proposed),True,['diabetespedigreefunction'],195,0.24140691757202148,0.3271641791044776,1.0,0.0,0.5786355020413667,1.9213102806399593,99.99999999999997,0.3271641791044776
diabetes,XGBoost,4,6,Untargeted Causal (Karimi 2021),True,['diabetespedigreefunction'],414,0.5257117748260498,0.3271641791044776,1.0,0.0,0.5786355020413667,1.9213102806399593,99.99999999999997,0.3271641791044776
diabetes,XGBoost,4,6,Wachter's CE,True,"['bloodpressure', 'bmi', 'diabetespedigreefunction', 'glucose', 'insulin', 'skinthickness']",500,0.03719305992126465,10.374357409318339,6.0,0.0,1.5894525708264784,3.182044416924695,58.57337729873207,10.374357409318339
diabetes,XGBoost,4,6,SHAP-Targeted CE,True,"['bmi', 'diabetespedigreefunction', 'glucose']",343,0.015404224395751953,2.1526065325546178,3.0,0.007150734279256127,0.7864944554256523,2.5019350718399207,72.90107019042355,2.1526065325546178
diabetes,XGBoost,5,8,Actionable CBFI (Proposed),True,"['bmi', 'glucose', 'insulin']",172,0.2665562629699707,6.868696992825205,3.0,0.012586144053364482,3.0428152087709344,4.775638463085051,100.0,6.868696992825205
diabetes,XGBoost,5,8,Untargeted Causal (Karimi 2021),True,"['bloodpressure', 'bmi', 'glucose', 'insulin']",401,0.596038818359375,5.786836679800112,4.0,0.026265273980478867,3.4490907140680465,4.957450368499178,91.35970085789133,5.786836679800112
diabetes,XGBoost,5,8,Wachter's CE,True,"['bloodpressure', 'bmi', 'diabetespedigreefunction', 'glucose', 'insulin', 'skinthickness']",500,0.03716087341308594,14.201606099935107,6.0,0.0,5.302142982112067,6.30750330940251,80.19590192680496,14.201606099935107
diabetes,XGBoost,5,8,SHAP-Targeted CE,True,"['bmi', 'diabetespedigreefunction', 'glucose']",343,0.01704096794128418,5.462394548994158,3.0,0.19939942890834722,4.554518171189181,5.667550637564108,100.0,5.462394548994158
diabetes,XGBoost,6,9,Actionable CBFI (Proposed),True,"['glucose', 'insulin']",204,0.379180908203125,1.3717877375360366,2.0,0.0,1.0599205377778722,5.040665759242816,58.31806030260452,1.3717877375360366
diabetes,XGBoost,6,9,Untargeted Causal (Karimi 2021),True,"['diabetespedigreefunction', 'glucose']",415,0.6001932621002197,1.222686567164179,2.0,0.005732427262789774,1.0524051855104233,5.033850497951948,100.0,1.222686567164179
diabetes,XGBoost,6,9,Wachter's CE,True,"['bloodpressure', 'bmi', 'diabetespedigreefunction', 'glucose']",500,0.03522038459777832,10.216142115509406,4.0,0.23333381150462254,0.3575248643594788,2.954176262504557,100.0,10.216142115509406
diabetes,XGBoost,6,9,SHAP-Targeted CE,True,"['diabetespedigreefunction', 'glucose']",343,0.016627073287963867,1.3027363184079603,2.0,0.0013161692803887973,0.9282989358154119,5.1538360682391104,100.0,1.3027363184079603
diabetes,XGBoost,7,11,Actionable CBFI (Proposed),True,"['bloodpressure', 'bmi', 'diabetespedigreefunction']",204,0.2878725528717041,3.0829915639195318,3.0,0.012753537073136107,1.7204821930677057,3.096956329044318,100.0,3.0829915639195318
diabetes,XGBoost,7,11,Untargeted Causal (Karimi 2021),True,"['bloodpressure', 'bmi', 'diabetespedigreefunction']",408,0.7021481990814209,3.0829915639195318,3.0,0.012753537073136107,1.7204821930677057,3.096956329044318,100.0,3.0829915639195318
diabetes,XGBoost,7,11,Wachter's CE,True,"['bloodpressure', 'bmi', 'diabetespedigreefunction', 'glucose']",500,0.035588979721069336,12.404428942245293,4.0,0.7069350318127396,0.8062363816446299,3.0276329139478118,100.0,12.404428942245293
diabetes,XGBoost,7,11,SHAP-Targeted CE,True,"['bmi', 'diabetespedigreefunction', 'glucose']",343,0.016797304153442383,3.8160231451438458,3.0,0.020487130130131648,1.670486506148811,3.2144873004655543,100.0,3.8160231451438458
diabetes,XGBoost,8,13,Actionable CBFI (Proposed),True,"['bmi', 'diabetespedigreefunction']",193,0.27594518661499023,2.638416612589228,2.0,0.013984355917508554,8.93727502791583,8.087167126242397,100.0,2.638416612589228
diabetes,XGBoost,8,13,Untargeted Causal (Karimi 2021),True,"['bmi', 'diabetespedigreefunction']",413,0.5855145454406738,2.638416612589228,2.0,0.013984355917508554,8.93727502791583,8.087167126242397,100.0,2.638416612589228
diabetes,XGBoost,8,13,Wachter's CE,True,"['bloodpressure', 'bmi', 'diabetespedigreefunction', 'glucose', 'skinthickness']",500,0.07910919189453125,8.815147090633786,5.0,0.008054351662472006,10.1192819549627,8.58509204758441,58.16859364810804,8.815147090633786
diabetes,XGBoost,8,13,SHAP-Targeted CE,True,"['bmi', 'diabetespedigreefunction', 'glucose']",343,0.01785898208618164,3.259393251135625,3.0,0.0853776499120289,9.290647045742258,8.316342146178558,100.0,3.259393251135625
diabetes,XGBoost,9,14,Actionable CBFI (Proposed),True,"['glucose', 'insulin']",182,0.24585294723510742,3.5152060774360923,2.0,0.0,0.12015081616383956,1.9894855438290373,100.0,3.5152060774360923
diabetes,XGBoost,9,14,Untargeted Causal (Karimi 2021),True,"['bloodpressure', 'diabetespedigreefunction', 'skinthickness']",402,0.5833349227905273,2.6803482587064678,3.0,0.0,0.5010729503070758,2.7093501597683143,77.72621809744778,2.6803482587064678
diabetes,XGBoost,9,14,Wachter's CE,True,"['bloodpressure', 'bmi', 'diabetespedigreefunction', 'glucose', 'insulin', 'skinthickness']",500,0.036566734313964844,12.329887004748175,6.0,0.0,1.7785177632332019,3.6799782686042084,82.63164110278205,12.329887004748175
diabetes,XGBoost,9,14,SHAP-Targeted CE,True,"['bmi', 'diabetespedigreefunction', 'glucose']",343,0.016539812088012695,4.779834523036988,3.0,0.12866989548593624,0.5899587655182508,2.6887683728627607,69.56307763322688,4.779834523036988
diabetes,XGBoost,10,15,Actionable CBFI (Proposed),True,['glucose'],182,0.26975154876708984,0.24999999999999992,1.0,0.0005598073498818116,3.0583130144807784,4.070703296879038,100.0,0.24999999999999992
diabetes,XGBoost,10,15,Untargeted Causal (Karimi 2021),True,"['glucose', 'insulin']",406,0.5879034996032715,0.42868366798001095,2.0,0.0,3.066610206798377,4.0700266935701865,100.0,0.42868366798001095
diabetes,XGBoost,10,15,Wachter's CE,True,"['bmi', 'diabetespedigreefunction', 'glucose', 'skinthickness']",500,0.03579902648925781,7.345619727449707,4.0,0.0060438588289076734,3.533905576394742,5.240776302131965,10.846452171454816,7.345619727449707
diabetes,XGBoost,10,15,SHAP-Targeted CE,True,"['bmi', 'diabetespedigreefunction', 'glucose']",343,0.016319990158081055,0.8902714687432398,3.0,0.012354446941600046,3.3020105726908335,4.2119840330870915,89.4939530702367,0.8902714687432398
diabetes,XGBoost,11,16,Actionable CBFI (Proposed),True,"['bmi', 'diabetespedigreefunction']",192,0.27663135528564453,2.3170408825438016,2.0,0.050736892217718085,0.9715871464766405,2.2819889203109085,100.0,2.3170408825438016
diabetes,XGBoost,11,16,Untargeted Causal (Karimi 2021),True,"['bmi', 'diabetespedigreefunction']",401,0.5523309707641602,2.3170408825438016,2.0,0.050736892217718085,0.9715871464766405,2.2819889203109085,100.0,2.3170408825438016
diabetes,XGBoost,11,16,Wachter's CE,True,"['bloodpressure', 'bmi', 'diabetespedigreefunction', 'glucose', 'insulin', 'skinthickness']",500,0.03722357749938965,11.323772929720606,6.0,0.0,0.7361725539227423,4.950704834770763,86.36446185708462,11.323772929720606
diabetes,XGBoost,11,16,SHAP-Targeted CE,True,"['bmi', 'diabetespedigreefunction', 'glucose']",343,0.0166318416595459,1.6504163962794722,3.0,0.01034390767405128,0.865354452206679,2.7676781575384037,100.0,1.6504163962794722
diabetes,XGBoost,12,17,Actionable CBFI (Proposed),True,['bmi'],186,0.25560736656188965,0.8043478260869567,1.0,0.010852938350946266,0.5341138399068522,1.9816606617084078,100.0,0.8043478260869567
diabetes,XGBoost,12,17,Untargeted Causal (Karimi 2021),True,['bmi'],424,0.5590767860412598,0.8043478260869567,1.0,0.010852938350946266,0.5341138399068522,1.9816606617084078,100.0,0.8043478260869567
diabetes,XGBoost,12,17,Wachter's CE,True,"['bloodpressure', 'bmi', 'diabetespedigreefunction', 'glucose']",500,0.035697221755981445,5.838789746917585,4.0,0.1630384460397594,0.36545807122124174,2.50251428475166,72.16888995090343,5.838789746917585
diabetes,XGBoost,12,17,SHAP-Targeted CE,True,"['bmi', 'diabetespedigreefunction', 'glucose']",343,0.016323566436767578,2.284441920830629,3.0,0.014389985880930977,0.7315190073110782,2.3134234535115046,100.0,2.284441920830629
diabetes,XGBoost,13,19,Actionable CBFI (Proposed),True,"['diabetespedigreefunction', 'glucose', 'insulin']",204,0.2781870365142822,0.9609875657551177,3.0,0.0,0.1955055713930142,1.2147835784425762,77.6874946964035,0.9609875657551177
diabetes,XGBoost,13,19,Untargeted Causal (Karimi 2021),True,"['diabetespedigreefunction', 'skinthickness']",403,0.5465874671936035,0.6965671641791042,2.0,0.0,0.1488630920613902,1.0808977647488096,64.10970644953932,0.6965671641791042
diabetes,XGBoost,13,19,Wachter's CE,True,"['bloodpressure', 'bmi', 'diabetespedigreefunction', 'glucose', 'insulin', 'skinthickness']",500,0.03750205039978027,10.968131190093722,6.0,0.0,1.3825301046497027,2.8922345064826884,61.48491322097742,10.968131190093722
diabetes,XGBoost,13,19,SHAP-Targeted CE,True,"['bmi', 'diabetespedigreefunction', 'glucose']",343,0.017037630081176758,1.365449924291586,3.0,0.00775282634067617,0.2798169784822631,1.3348521824397261,100.0,1.365449924291586
diabetes,XGBoost,14,22,Actionable CBFI (Proposed),True,"['diabetespedigreefunction', 'glucose']",182,0.2667114734649658,3.3347761194029855,2.0,0.05376389788264932,1.0273975377837457,2.500204452803056,100.0,3.3347761194029855
diabetes,XGBoost,14,22,Untargeted Causal (Karimi 2021),True,"['diabetespedigreefunction', 'glucose']",417,0.6032459735870361,3.3347761194029855,2.0,0.05376389788264932,1.0273975377837457,2.500204452803056,100.0,3.3347761194029855
diabetes,XGBoost,14,22,Wachter's CE,True,"['bloodpressure', 'bmi', 'diabetespedigreefunction', 'glucose', 'skinthickness']",500,0.03641319274902344,14.508330629461383,5.0,0.6096509212793758,1.7920834661006755,5.596846629691256,84.4916685629494,14.508330629461383
diabetes,XGBoost,14,22,SHAP-Targeted CE,True,"['bmi', 'diabetespedigreefunction', 'glucose']",343,0.017009735107421875,4.628844905905255,3.0,0.15967212295031397,0.7381734190310401,2.072427742616633,100.0,4.628844905905255
diabetes,XGBoost,15,23,Actionable CBFI (Proposed),True,['bmi'],204,0.2895829677581787,0.6739130434782611,1.0,0.007618461472066738,1.1030688410346,2.990557793200369,100.0,0.6739130434782611
diabetes,XGBoost,15,23,Untargeted Causal (Karimi 2021),True,['bmi'],411,0.5986170768737793,0.6739130434782611,1.0,0.007618461472066738,1.1030688410346,2.990557793200369,100.0,0.6739130434782611
diabetes,XGBoost,15,23,Wachter's CE,True,"['bloodpressure', 'bmi', 'diabetespedigreefunction', 'glucose', 'skinthickness']",500,0.03519153594970703,8.20194138005624,5.0,0.16804568697050612,2.392352861999636,4.004871686202356,85.26771556461614,8.20194138005624
diabetes,XGBoost,15,23,SHAP-Targeted CE,True,"['bmi', 'diabetespedigreefunction', 'glucose']",343,0.015455484390258789,2.77694138005624,3.0,0.029590337649165497,0.9852782209253703,2.973628176342929,100.0,2.77694138005624
diabetes,XGBoost,16,24,Actionable CBFI (Proposed),True,"['glucose', 'insulin']",188,0.27684473991394043,1.5432612047280405,2.0,0.0,0.553120324914428,2.661766252149843,100.0,1.5432612047280405
diabetes,XGBoost,16,24,Untargeted Causal (Karimi 2021),True,"['glucose', 'insulin']",414,0.632178544998169,1.5432612047280405,2.0,0.0,0.553120324914428,2.661766252149843,100.0,1.5432612047280405
diabetes,XGBoost,16,24,Wachter's CE,True,"['bloodpressure', 'bmi', 'diabetespedigreefunction', 'glucose', 'insulin', 'skinthickness']",500,0.05266714096069336,12.850674992819226,6.0,0.0,2.4370124963493858,4.386023437207508,86.86839406534715,12.850674992819226
diabetes,XGBoost,16,24,SHAP-Targeted CE,True,"['bmi', 'diabetespedigreefunction', 'glucose']",343,0.015317440032958984,3.8887897469175865,3.0,0.06202931373447541,0.9362829755617323,3.167501142473093,100.0,3.8887897469175865
diabetes,XGBoost,17,25,Actionable CBFI (Proposed),True,['bmi'],195,0.2773711681365967,0.5652173913043479,1.0,0.005359084240496479,0.4617370338353908,2.1478164050271586,100.0,0.5652173913043479
diabetes,XGBoost,17,25,Untargeted Causal (Karimi 2021),True,['bmi'],405,0.5812005996704102,0.5652173913043479,1.0,0.005359084240496479,0.4617370338353908,2.1478164050271586,100.0,0.5652173913043479
diabetes,XGBoost,17,25,Wachter's CE,True,"['bloodpressure', 'bmi', 'diabetespedigreefunction', 'glucose', 'insulin', 'skinthickness']",500,0.03633904457092285,12.209497859951842,6.0,0.0,0.6413887701710488,2.876866407619278,59.904233086142675,12.209497859951842
diabetes,XGBoost,17,25,SHAP-Targeted CE,True,"['bmi', 'diabetespedigreefunction', 'glucose']",343,0.01722407341003418,2.565817650876054,3.0,0.015593136812294323,0.6392281981289106,2.5262221284536497,100.0,2.565817650876054
diabetes,XGBoost,18,26,Actionable CBFI (Proposed),True,"['diabetespedigreefunction', 'glucose']",188,0.28322625160217285,2.1734328358208956,2.0,0.03233447252917353,0.7668699286591051,2.3524651231866605,100.0,2.1734328358208956
diabetes,XGBoost,18,26,Untargeted Causal (Karimi 2021),True,"['bloodpressure', 'diabetespedigreefunction', 'glucose']",425,0.7184340953826904,2.1234328358208954,3.0,0.014450493724949219,0.7537311351949938,2.273482541848055,64.67983411822591,2.1234328358208954
diabetes,XGBoost,18,26,Wachter's CE,True,"['bloodpressure', 'bmi', 'diabetespedigreefunction', 'glucose']",500,0.05500459671020508,10.237134977287473,4.0,0.6508792084296474,0.2736560935077955,2.4494149861436187,81.68432863139978,10.237134977287473
diabetes,XGBoost,18,26,SHAP-Targeted CE,True,"['bmi', 'diabetespedigreefunction', 'glucose']",343,0.029409170150756836,4.603077006272983,3.0,0.058776996853522764,1.0584017829439742,3.209340374652993,100.0,4.603077006272983
diabetes,XGBoost,19,31,Actionable CBFI (Proposed),True,"['bmi', 'glucose', 'insulin']",180,0.2414095401763916,1.2691910260777637,3.0,0.0027655101679755936,0.7047734568407109,2.006866399636595,99.99999999999997,1.2691910260777637
diabetes,XGBoost,19,31,Untargeted Causal (Karimi 2021),True,"['bloodpressure', 'glucose', 'insulin']",406,0.5696423053741455,1.1931040695560244,3.0,0.0,0.635293665460844,1.8988002682369045,79.04625368573008,1.1931040695560244
diabetes,XGBoost,19,31,Wachter's CE,True,"['bloodpressure', 'bmi', 'diabetespedigreefunction', 'glucose', 'insulin', 'skinthickness']",500,0.036837100982666016,5.891676684290589,6.0,0.0,0.3807138584752211,1.5279283813956617,52.26316461833056,5.891676684290589
diabetes,XGBoost,19,31,SHAP-Targeted CE,True,"['bmi', 'diabetespedigreefunction', 'glucose']",343,0.0176544189453125,3.319684187756867,3.0,0.1172587874833253,1.0331617245187878,2.6441086248892782,100.0,3.319684187756867
diabetes,XGBoost,20,37,Actionable CBFI (Proposed),True,['bmi'],188,0.27191877365112305,1.5217391304347818,1.0,0.038845433104190405,0.742166420150397,2.786752547692312,100.0,1.5217391304347818
diabetes,XGBoost,20,37,Untargeted Causal (Karimi 2021),True,['bmi'],423,0.6804213523864746,1.5217391304347818,1.0,0.038845433104190405,0.742166420150397,2.786752547692312,100.0,1.5217391304347818
diabetes,XGBoost,20,37,Wachter's CE,True,"['bloodpressure', 'bmi', 'diabetespedigreefunction', 'glucose', 'skinthickness']",500,0.05385875701904297,9.237448626433054,5.0,0.11697865281269773,2.1908113056282428,4.041609291800008,67.74903128400896,9.237448626433054
diabetes,XGBoost,20,37,SHAP-Targeted CE,True,"['bmi', 'diabetespedigreefunction', 'glucose']",343,0.02357792854309082,1.4404337010599184,3.0,0.00043077200858769225,0.5956701548599164,2.4220819635618676,100.0,1.4404337010599184
diabetes,XGBoost,21,38,Actionable CBFI (Proposed),True,['diabetespedigreefunction'],181,0.2727954387664795,0.2913432835820892,1.0,0.0,0.4205746192099228,2.167426611713974,100.0,0.2913432835820892
diabetes,XGBoost,21,38,Untargeted Causal (Karimi 2021),True,['diabetespedigreefunction'],424,0.5183620452880859,0.2913432835820892,1.0,0.0,0.4205746192099228,2.167426611713974,100.0,0.2913432835820892
diabetes,XGBoost,21,38,Wachter's CE,True,"['bloodpressure', 'bmi', 'diabetespedigreefunction', 'glucose', 'skinthickness']",500,0.037917137145996094,9.123182998053213,5.0,0.10499549604234126,1.7900807894718729,3.522674283745292,45.74262073821959,9.123182998053213
diabetes,XGBoost,21,38,SHAP-Targeted CE,True,"['bmi', 'diabetespedigreefunction', 'glucose']",343,0.017169952392578125,1.692834739346745,3.0,0.019972049117136046,0.44480057847772175,2.0575920461602006,71.9405569274116,1.692834739346745
diabetes,XGBoost,22,39,Actionable CBFI (Proposed),True,['bmi'],167,0.24904227256774902,2.4347826086956528,1.0,0.0994443087467275,1.4479432173181077,4.361039185439937,100.0,2.4347826086956528
diabetes,XGBoost,22,39,Untargeted Causal (Karimi 2021),True,['bmi'],407,0.6729025840759277,2.4347826086956528,1.0,0.0994443087467275,1.4479432173181077,4.361039185439937,100.0,2.4347826086956528
diabetes,XGBoost,22,39,Wachter's CE,True,"['bloodpressure', 'bmi', 'diabetespedigreefunction', 'glucose', 'insulin', 'skinthickness']",500,0.03674602508544922,12.503083921093037,6.0,4.8148248609680896e-33,4.708599634398465,6.902661554634058,75.90594433331898,12.503083921093037
diabetes,XGBoost,22,39,SHAP-Targeted CE,True,"['bmi', 'diabetespedigreefunction', 'glucose']",343,0.0165865421295166,2.83529634436513,3.0,0.01866208387101172,1.335079499170932,4.735273841483807,79.71993293954067,2.83529634436513
diabetes,XGBoost,23,43,Actionable CBFI (Proposed),True,"['bmi', 'glucose', 'insulin']",198,0.31438469886779785,8.18302018019871,3.0,0.4673712183878747,1.0864183974185755,3.284851270277292,79.91096552109217,8.18302018019871
diabetes,XGBoost,23,43,Untargeted Causal (Karimi 2021),True,"['bmi', 'glucose', 'insulin']",409,0.6781473159790039,8.18302018019871,3.0,0.4673712183878747,1.0864183974185755,3.284851270277292,79.91096552109217,8.18302018019871
diabetes,XGBoost,23,43,Wachter's CE,True,"['bloodpressure', 'bmi', 'diabetespedigreefunction', 'glucose', 'insulin', 'skinthickness']",500,0.034789085388183594,19.86562350400527,6.0,0.0,3.707125269726343,7.727898304335025,83.655553379165,19.86562350400527
diabetes,XGBoost,23,43,SHAP-Targeted CE,True,"['bmi', 'diabetespedigreefunction', 'glucose']",343,0.01493525505065918,6.886718581008003,3.0,0.2512407497838722,1.9398326160467652,4.665010047950807,100.0,6.886718581008003
diabetes,XGBoost,24,45,Actionable CBFI (Proposed),True,"['bloodpressure', 'glucose', 'insulin']",204,0.28758859634399414,3.8293122086680746,3.0,0.0,0.8067081196406874,5.134917007803559,69.20302800073156,3.8293122086680746
diabetes,XGBoost,24,45,Untargeted Causal (Karimi 2021),True,"['bloodpressure', 'glucose']",421,0.577484130859375,3.0,2.0,0.0903155857809325,0.39539116932068225,4.86786545706758,100.0,3.0
diabetes,XGBoost,24,45,Wachter's CE,True,"['bloodpressure', 'bmi', 'diabetespedigreefunction', 'glucose', 'skinthickness']",500,0.03832054138183594,10.484036340038937,5.0,0.5987191451133109,1.2146823372570874,5.807595367479326,88.67325559083679,10.484036340038937
diabetes,XGBoost,24,45,SHAP-Targeted CE,True,"['bmi', 'diabetespedigreefunction', 'glucose']",343,0.017119884490966797,5.435123296560674,3.0,0.13519853002632343,0.35502711285399446,5.362874244544682,100.0,5.435123296560674
diabetes,XGBoost,25,48,Actionable CBFI (Proposed),True,"['bloodpressure', 'diabetespedigreefunction']",184,0.2661008834838867,0.9938805970149249,2.0,0.0,0.39111821586051276,2.132064038568117,100.0,0.9938805970149249
diabetes,XGBoost,25,48,Untargeted Causal (Karimi 2021),True,"['bloodpressure', 'diabetespedigreefunction']",419,0.5653479099273682,0.9938805970149249,2.0,0.0,0.39111821586051276,2.132064038568117,100.0,0.9938805970149249
diabetes,XGBoost,25,48,Wachter's CE,True,"['bloodpressure', 'bmi', 'diabetespedigreefunction', 'glucose', 'skinthickness']",500,0.03559064865112305,9.90798723772442,5.0,0.08174244693277033,0.36545807122124174,2.50251428475166,24.102369575124786,9.90798723772442
diabetes,XGBoost,25,48,SHAP-Targeted CE,True,"['bmi', 'diabetespedigreefunction', 'glucose']",343,0.014870643615722656,2.9695814406229717,3.0,0.03232659298391376,0.43478195727744906,2.173728796215134,59.37064656232074,2.9695814406229717
diabetes,XGBoost,26,53,Actionable CBFI (Proposed),True,"['glucose', 'insulin']",176,0.2583284378051758,4.372573413396114,2.0,0.0,0.5820449393255254,2.8956325399950433,100.0,4.372573413396114
diabetes,XGBoost,26,53,Untargeted Causal (Karimi 2021),True,"['glucose', 'insulin']",400,0.5838425159454346,4.372573413396114,2.0,0.0,0.5820449393255254,2.8956325399950433,100.0,4.372573413396114
diabetes,XGBoost,26,53,Wachter's CE,True,"['bloodpressure', 'bmi', 'diabetespedigreefunction', 'glucose', 'insulin', 'skinthickness']",500,0.036437273025512695,16.14071570160601,6.0,0.0,1.9408630714894446,4.128630868132499,95.0222651594962,16.14071570160601
diabetes,XGBoost,26,53,SHAP-Targeted CE,True,"['bmi', 'diabetespedigreefunction', 'glucose']",343,0.01584029197692871,2.980061648280336,3.0,0.1386630647263476,1.2126812916196956,3.659620948654313,17.324927913361726,2.980061648280336
diabetes,XGBoost,27,56,Actionable CBFI (Proposed),True,"['glucose', 'insulin']",199,0.30115747451782227,3.42946934384009,2.0,0.0,0.6359311982575031,2.3554462990194973,58.318060302604536,3.42946934384009
diabetes,XGBoost,27,56,Untargeted Causal (Karimi 2021),True,"['glucose', 'insulin']",405,0.6445033550262451,3.42946934384009,2.0,0.0,0.6359311982575031,2.3554462990194973,58.318060302604536,3.42946934384009
diabetes,XGBoost,27,56,Wachter's CE,True,"['bloodpressure', 'bmi', 'diabetespedigreefunction', 'glucose', 'insulin', 'skinthickness']",500,0.03662610054016113,10.329736917692365,6.0,1.232595164407831e-32,0.39779453707623286,1.7928619139531456,46.9728701873604,10.329736917692365
diabetes,XGBoost,27,56,SHAP-Targeted CE,True,"['bmi', 'diabetespedigreefunction', 'glucose']",343,0.016452550888061523,3.2401092364265622,3.0,0.0340106508511905,1.0651667103690068,2.5215914233843284,60.50744290766589,3.2401092364265622
diabetes,XGBoost,28,61,Actionable CBFI (Proposed),True,"['bmi', 'diabetespedigreefunction']",204,0.29456353187561035,0.3697339390006496,2.0,0.0005073689221771854,0.716552927682089,1.9530588210417927,100.0,0.3697339390006496
diabetes,XGBoost,28,61,Untargeted Causal (Karimi 2021),True,"['bmi', 'diabetespedigreefunction']",404,0.5818567276000977,0.3697339390006496,2.0,0.0005073689221771854,0.716552927682089,1.9530588210417927,100.0,0.3697339390006496
diabetes,XGBoost,28,61,Wachter's CE,True,"['bloodpressure', 'bmi', 'diabetespedigreefunction', 'glucose']",500,0.03583955764770508,7.701703439325112,4.0,0.32930588212534107,0.3821117226617334,2.5231766737631482,100.0,7.701703439325112
diabetes,XGBoost,28,61,SHAP-Targeted CE,True,"['bmi', 'diabetespedigreefunction', 'glucose']",343,0.016490459442138672,2.9625730045425054,3.0,0.023835129371184614,0.7411203877025859,2.28659780890218,100.0,2.9625730045425054
diabetes,XGBoost,29,64,Actionable CBFI (Proposed),True,['bmi'],180,0.27594518661499023,1.499999999999999,1.0,0.03774349122633682,0.34261877624206455,1.6438721716085412,100.0,1.499999999999999
diabetes,XGBoost,29,64,Untargeted Causal (Karimi 2021),True,"['bmi', 'diabetespedigreefunction', 'glucose']",414,0.6525428295135498,0.7131148604802087,3.0,0.0010084117426468033,0.6029686688309321,1.8551705223691812,62.49374380067528,0.7131148604802087
diabetes,XGBoost,29,64,Wachter's CE,True,"['bloodpressure', 'bmi', 'diabetespedigreefunction', 'glucose']",500,0.03679800033569336,5.908322517845551,4.0,0.26682638606573256,0.27464092288610004,2.4280062048145323,81.81164175743912,5.908322517845551
diabetes,XGBoost,29,64,SHAP-Targeted CE,True,"['bmi', 'diabetespedigreefunction', 'glucose']",343,0.01651287078857422,1.9626703439325117,3.0,0.00440972497307383,0.6625851178386564,2.1823853996812392,45.2466957075195,1.9626703439325117
diabetes,XGBoost,30,66,Actionable CBFI (Proposed),True,['bmi'],199,0.3004305362701416,1.4347826086956517,1.0,0.03453279726568439,0.8638615074427358,2.867279922373583,100.0,1.4347826086956517
diabetes,XGBoost,30,66,Untargeted Causal (Karimi 2021),True,['bmi'],425,0.616020679473877,1.4347826086956517,1.0,0.03453279726568439,0.8638615074427358,2.867279922373583,100.0,1.4347826086956517
diabetes,XGBoost,30,66,Wachter's CE,True,"['bloodpressure', 'bmi', 'diabetespedigreefunction', 'glucose', 'skinthickness']",500,0.03779029846191406,9.183217066839713,5.0,0.061732524006079474,1.0666486949190435,4.264130595192557,95.23587434756608,9.183217066839713
diabetes,XGBoost,30,66,SHAP-Targeted CE,True,"['bmi', 'diabetespedigreefunction', 'glucose']",343,0.01667046546936035,2.699789097988318,3.0,0.11135101654220658,1.0405605120514114,3.1594377707068033,100.0,2.699789097988318
diabetes,XGBoost,31,70,Actionable CBFI (Proposed),True,['bmi'],174,0.2141122817993164,0.6086956521739121,1.0,0.006215269296670453,0.09712254012527285,1.5547990270182528,100.0,0.6086956521739121
diabetes,XGBoost,31,70,Untargeted Causal (Karimi 2021),True,"['glucose', 'insulin']",413,0.5175271034240723,0.4286836679800111,2.0,0.0,0.13221720336842338,1.6512627055831985,41.68193969739546,0.4286836679800111
diabetes,XGBoost,31,70,Wachter's CE,True,"['bloodpressure', 'bmi', 'diabetespedigreefunction', 'glucose', 'insulin', 'skinthickness']",500,0.03798961639404297,8.8231696116708,6.0,0.0,0.39932705876889185,1.5495898354446513,67.6042345422841,8.8231696116708
diabetes,XGBoost,31,70,SHAP-Targeted CE,True,"['bmi', 'diabetespedigreefunction', 'glucose']",343,0.016753673553466797,2.3646063162448616,3.0,0.11036754016901104,0.1752914316677173,1.9940527524457026,98.94274155371025,2.3646063162448616
diabetes,XGBoost,32,72,Actionable CBFI (Proposed),True,['bmi'],204,0.30373501777648926,1.217391304347826,1.0,0.024861077186681867,1.8085040439855853,3.5367767702754707,100.0,1.217391304347826
diabetes,XGBoost,32,72,Untargeted Causal (Karimi 2021),True,['bmi'],424,0.6176273822784424,1.217391304347826,1.0,0.024861077186681867,1.8085040439855853,3.5367767702754707,100.0,1.217391304347826
diabetes,XGBoost,32,72,Wachter's CE,True,"['bloodpressure', 'bmi', 'diabetespedigreefunction', 'glucose']",500,0.03666830062866211,11.276662881245942,4.0,0.7469328865742866,1.7463826293116824,4.912207866814583,100.0,11.276662881245942
diabetes,XGBoost,32,72,SHAP-Targeted CE,True,"['bmi', 'diabetespedigreefunction', 'glucose']",343,0.019659996032714844,3.957765520224962,3.0,0.07522116035815976,2.6084125358503942,4.631241828323282,100.0,3.957765520224962
diabetes,XGBoost,33,78,Actionable CBFI (Proposed),True,"['diabetespedigreefunction', 'glucose', 'insulin']",204,0.2962517738342285,2.9859096316493634,3.0,0.0,3.9296715293464914,4.777054293329674,73.66939271106602,2.9859096316493634
diabetes,XGBoost,33,78,Untargeted Causal (Karimi 2021),True,"['diabetespedigreefunction', 'glucose']",416,0.5361130237579346,2.199701492537314,2.0,0.010837870293711903,3.8571497790364595,4.762191762607809,100.0,2.199701492537314
diabetes,XGBoost,33,78,Wachter's CE,True,"['bmi', 'diabetespedigreefunction', 'glucose', 'skinthickness']",500,0.038871049880981445,8.94409474367294,4.0,0.10749498246593159,3.2691410058529575,5.109910304285042,53.88018443210222,8.94409474367294
diabetes,XGBoost,33,78,SHAP-Targeted CE,True,"['bmi', 'diabetespedigreefunction', 'glucose']",343,0.017920970916748047,3.0546019900497505,3.0,0.020748257208830702,4.020363272982018,5.080294064128946,100.0,3.0546019900497505
diabetes,XGBoost,34,84,Actionable CBFI (Proposed),True,['bmi'],186,0.25797343254089355,2.3913043478260865,1.0,0.09592443684912327,1.318672559463748,2.9135538414157547,99.99999999999997,2.3913043478260865
diabetes,XGBoost,34,84,Untargeted Causal (Karimi 2021),True,['bmi'],425,0.5970702171325684,2.3913043478260865,1.0,0.09592443684912327,1.318672559463748,2.9135538414157547,99.99999999999997,2.3913043478260865
diabetes,XGBoost,34,84,Wachter's CE,True,"['bloodpressure', 'bmi', 'diabetespedigreefunction', 'glucose', 'skinthickness']",500,0.037109375,9.396073977936407,5.0,0.32030869167391074,1.9990066324956506,4.662784197960648,59.42454253816643,9.396073977936407
diabetes,XGBoost,34,84,SHAP-Targeted CE,True,"['bmi', 'diabetespedigreefunction', 'glucose']",343,0.017368078231811523,3.6486102098204625,3.0,0.05987636408765421,1.4046569750642273,3.6419994446696284,100.0,3.6486102098204625
diabetes,XGBoost,35,88,Actionable CBFI (Proposed),True,"['glucose', 'insulin']",194,0.2694082260131836,0.9431040695560249,2.0,0.0,1.7023847837373878,3.8058636364906313,100.0,0.9431040695560249
diabetes,XGBoost,35,88,Untargeted Causal (Karimi 2021),True,"['glucose', 'insulin']",430,0.6790568828582764,0.9431040695560249,2.0,0.0,1.7023847837373878,3.8058636364906313,100.0,0.9431040695560249
diabetes,XGBoost,35,88,Wachter's CE,True,"['bloodpressure', 'bmi', 'diabetespedigreefunction', 'glucose', 'insulin', 'skinthickness']",500,0.0341339111328125,13.284391034847147,6.0,0.0,3.6047968151637875,5.0348335907317345,85.65162285299202,13.284391034847147
diabetes,XGBoost,35,88,SHAP-Targeted CE,True,"['bmi', 'diabetespedigreefunction', 'glucose']",343,0.015109777450561523,3.0445003244646336,3.0,0.052515866086246414,1.92319031048681,3.962241105962367,85.29278547182983,3.0445003244646336
diabetes,XGBoost,36,93,Actionable CBFI (Proposed),True,"['bloodpressure', 'diabetespedigreefunction']",195,0.2531895637512207,0.4040298507462687,2.0,0.0,0.5396374312510115,3.028370667073812,100.0,0.4040298507462687
diabetes,XGBoost,36,93,Untargeted Causal (Karimi 2021),True,"['bloodpressure', 'diabetespedigreefunction']",420,0.5484194755554199,0.4040298507462687,2.0,0.0,0.5396374312510115,3.028370667073812,100.0,0.4040298507462687
diabetes,XGBoost,36,93,Wachter's CE,True,"['bloodpressure', 'bmi', 'diabetespedigreefunction', 'glucose']",500,0.03761434555053711,5.815233614536016,4.0,0.1063490026608674,0.7088642937583114,3.6487041571888645,73.73839102136695,5.815233614536016
diabetes,XGBoost,36,93,SHAP-Targeted CE,True,"['bmi', 'diabetespedigreefunction', 'glucose']",343,0.017447471618652344,1.5663205710577548,3.0,0.0022260404511439563,0.509638450879301,3.246414717615559,80.10661363604977,1.5663205710577548
diabetes,XGBoost,37,99,Actionable CBFI (Proposed),True,"['bloodpressure', 'diabetespedigreefunction']",204,0.3967459201812744,2.4746268656716417,2.0,0.0,0.4912549740160713,3.2513897041155495,100.0,2.4746268656716417
diabetes,XGBoost,37,99,Untargeted Causal (Karimi 2021),True,"['bloodpressure', 'diabetespedigreefunction']",409,0.6174170970916748,2.4746268656716417,2.0,0.0,0.4912549740160713,3.2513897041155495,100.0,2.4746268656716417
diabetes,XGBoost,37,99,Wachter's CE,True,"['bloodpressure', 'bmi', 'diabetespedigreefunction', 'glucose', 'insulin', 'skinthickness']",500,0.03754401206970215,10.863998388315018,6.0,0.0,0.6305026560873654,4.891742870403537,96.2841625140118,10.863998388315018
diabetes,XGBoost,37,99,SHAP-Targeted CE,True,"['bmi', 'diabetespedigreefunction', 'glucose']",343,0.016463279724121094,3.060431537962362,3.0,0.044573470659329706,0.897051071360633,2.7345331795025234,100.0,3.060431537962362
diabetes,XGBoost,38,100,Actionable CBFI (Proposed),True,"['bmi', 'glucose', 'insulin']",204,0.29161906242370605,4.219613824492556,3.0,0.21092853330057382,0.6910202659265696,3.331467187165104,86.44928751021908,4.219613824492556
diabetes,XGBoost,38,100,Untargeted Causal (Karimi 2021),True,"['bmi', 'glucose', 'insulin']",420,0.6176276206970215,4.219613824492556,3.0,0.21092853330057382,0.6910202659265696,3.331467187165104,86.44928751021908,4.219613824492556
diabetes,XGBoost,38,100,Wachter's CE,True,"['bloodpressure', 'bmi', 'diabetespedigreefunction', 'glucose']",500,0.03787875175476074,10.605215768981179,4.0,0.7227177548561801,0.8663645680075606,4.113251708520607,100.0,10.605215768981179
diabetes,XGBoost,38,100,SHAP-Targeted CE,True,"['bmi', 'diabetespedigreefunction', 'glucose']",343,0.01732182502746582,4.520976638546397,3.0,0.14695504679619162,0.6556632048566862,3.3315065535111423,100.0,4.520976638546397
diabetes,XGBoost,39,109,Actionable CBFI (Proposed),True,['bmi'],201,0.2500460147857666,0.8043478260869553,1.0,0.010852938350946237,0.36549070553666924,1.8831295495064073,100.0,0.8043478260869553
diabetes,XGBoost,39,109,Untargeted Causal (Karimi 2021),True,['bmi'],409,0.4789588451385498,0.8043478260869553,1.0,0.010852938350946237,0.36549070553666924,1.8831295495064073,100.0,0.8043478260869553
diabetes,XGBoost,39,109,Wachter's CE,True,"['bloodpressure', 'bmi', 'diabetespedigreefunction', 'glucose', 'insulin', 'skinthickness']",500,0.03809046745300293,8.142906281138853,6.0,0.0,1.8527753687519308,3.640034606779118,73.11422952510186,8.142906281138853
diabetes,XGBoost,39,109,SHAP-Targeted CE,True,"['bmi', 'diabetespedigreefunction', 'glucose']",343,0.054877281188964844,2.070911745619727,3.0,0.013778707320943445,0.3409839248731886,2.087877605804204,51.279660950560505,2.070911745619727
diabetes,XGBoost,40,110,Actionable CBFI (Proposed),True,"['glucose', 'insulin']",180,0.24536800384521484,2.057681606304054,2.0,0.0,0.3350784631869986,1.8766524772247173,100.0,2.057681606304054
diabetes,XGBoost,40,110,Untargeted Causal (Karimi 2021),True,"['glucose', 'insulin']",412,0.5781404972076416,2.057681606304054,2.0,0.0,0.3350784631869986,1.8766524772247173,100.0,2.057681606304054
diabetes,XGBoost,40,110,Wachter's CE,True,"['bloodpressure', 'bmi', 'diabetespedigreefunction', 'glucose', 'insulin', 'skinthickness']",500,0.03757500648498535,8.48567887575664,6.0,0.0,0.4142650297668407,1.7075312424930575,51.11605813638177,8.48567887575664
diabetes,XGBoost,40,110,SHAP-Targeted CE,True,"['bmi', 'diabetespedigreefunction', 'glucose']",343,0.017162322998046875,1.0350692191217825,3.0,0.000558053586299885,0.6416363740685339,2.50222316918018,30.208719730414558,1.0350692191217825
diabetes,XGBoost,41,111,Actionable CBFI (Proposed),True,"['diabetespedigreefunction', 'glucose', 'insulin']",172,0.27332019805908203,5.674353269491478,3.0,0.0,2.5402992444910644,4.408070787558709,100.0,5.674353269491478
diabetes,XGBoost,41,111,Untargeted Causal (Karimi 2021),True,"['diabetespedigreefunction', 'glucose', 'insulin']",402,0.6346144676208496,5.674353269491478,3.0,0.0,2.5402992444910644,4.408070787558709,100.0,5.674353269491478
diabetes,XGBoost,41,111,Wachter's CE,True,"['bloodpressure', 'bmi', 'diabetespedigreefunction', 'glucose', 'insulin', 'skinthickness']",500,0.03540229797363281,10.72626789431318,6.0,0.0,4.088344249524842,5.605118881385601,98.11684030630747,10.72626789431318
diabetes,XGBoost,41,111,SHAP-Targeted CE,True,"['bmi', 'diabetespedigreefunction', 'glucose']",343,0.016865968704223633,3.3185972312351293,3.0,0.07113961544203855,3.2296410696979754,4.926418999744997,97.0521856031287,3.3185972312351293
diabetes,XGBoost,42,114,Actionable CBFI (Proposed),True,"['bmi', 'diabetespedigreefunction']",204,0.2877166271209717,2.398338741077223,2.0,0.008117902754834915,0.628107156075531,2.2272891953345098,100.0,2.398338741077223
diabetes,XGBoost,42,114,Untargeted Causal (Karimi 2021),True,"['bmi', 'diabetespedigreefunction']",413,0.608630895614624,2.398338741077223,2.0,0.008117902754834915,0.628107156075531,2.2272891953345098,100.0,2.398338741077223
diabetes,XGBoost,42,114,Wachter's CE,True,"['bloodpressure', 'bmi', 'diabetespedigreefunction', 'glucose', 'insulin', 'skinthickness']",500,0.05691671371459961,4.327177725059662,6.0,1.232595164407831e-32,0.4246519954673424,1.7813135019197766,58.3819271458917,4.327177725059662
diabetes,XGBoost,42,114,SHAP-Targeted CE,True,"['bmi', 'diabetespedigreefunction', 'glucose']",343,0.019310474395751953,2.774210469392169,3.0,0.0625817046236894,0.8291071373671487,2.8193084195931486,100.0,2.774210469392169
diabetes,XGBoost,43,115,Actionable CBFI (Proposed),True,['bmi'],184,0.2559943199157715,1.152173913043478,1.0,0.02226873909993283,0.7895503165360708,3.2474502088644,100.0,1.152173913043478
diabetes,XGBoost,43,115,Untargeted Causal (Karimi 2021),True,['bmi'],420,0.6044435501098633,1.152173913043478,1.0,0.02226873909993283,0.7895503165360708,3.2474502088644,100.0,1.152173913043478
diabetes,XGBoost,43,115,Wachter's CE,True,"['bloodpressure', 'bmi', 'diabetespedigreefunction', 'glucose']",500,0.03760409355163574,9.762175535366643,4.0,0.3262919583270742,0.9702394366018963,4.685198311461956,99.35977385600604,9.762175535366643
diabetes,XGBoost,43,115,SHAP-Targeted CE,True,"['bmi', 'diabetespedigreefunction', 'glucose']",343,0.017342567443847656,3.008847069002811,3.0,0.09056985668977872,0.7243183714846877,3.352876849569301,100.0,3.008847069002811
diabetes,XGBoost,44,116,Actionable CBFI (Proposed),True,['diabetespedigreefunction'],184,0.24079155921936035,0.49432835820895493,1.0,0.0,0.504297539638317,1.6178383653106259,100.0,0.49432835820895493
diabetes,XGBoost,44,116,Untargeted Causal (Karimi 2021),True,['diabetespedigreefunction'],420,0.5526561737060547,0.49432835820895493,1.0,0.0,0.504297539638317,1.6178383653106259,100.0,0.49432835820895493
diabetes,XGBoost,44,116,Wachter's CE,True,"['bloodpressure', 'bmi', 'diabetespedigreefunction', 'glucose']",500,0.03690767288208008,7.442326411421154,4.0,0.3350613108886649,0.19103223244790565,2.256599192615258,49.68555515591453,7.442326411421154
diabetes,XGBoost,44,116,SHAP-Targeted CE,True,"['bmi', 'diabetespedigreefunction', 'glucose']",343,0.0170745849609375,2.170587280986373,3.0,0.014509112131828534,0.55218037475212,2.023398560056438,95.49310512350984,2.170587280986373
diabetes,XGBoost,45,120,Actionable CBFI (Proposed),True,"['bloodpressure', 'diabetespedigreefunction', 'glucose', 'insulin']",204,0.28197240829467773,1.9659017502086897,4.0,0.0,0.6739620309274346,3.5301270561308127,72.73256387898688,1.9659017502086897
diabetes,XGBoost,45,120,Untargeted Causal (Karimi 2021),True,"['bloodpressure', 'diabetespedigreefunction', 'glucose', 'insulin']",420,0.6212975978851318,1.9659017502086897,4.0,0.0,0.6739620309274346,3.5301270561308127,72.73256387898688,1.9659017502086897
diabetes,XGBoost,45,120,Wachter's CE,True,"['bloodpressure', 'bmi', 'diabetespedigreefunction', 'glucose', 'insulin', 'skinthickness']",500,0.05793619155883789,14.92072832558519,6.0,0.0,1.2268137069333311,4.634459193070376,74.39565208954372,14.92072832558519
diabetes,XGBoost,45,120,SHAP-Targeted CE,True,"['bmi', 'diabetespedigreefunction', 'glucose']",343,0.02558445930480957,4.310604585766817,3.0,0.08142386944746739,0.3954746690408513,3.7822163814469567,100.0,4.310604585766817
diabetes,XGBoost,46,124,Actionable CBFI (Proposed),True,"['bmi', 'glucose']",180,0.22213029861450195,0.28695652173913166,2.0,0.00039093825747428366,0.5939267588875015,2.240455300553066,100.0,0.28695652173913166
diabetes,XGBoost,46,124,Untargeted Causal (Karimi 2021),True,"['bmi', 'glucose']",423,0.538970947265625,0.28695652173913166,2.0,0.00039093825747428366,0.5939267588875015,2.240455300553066,100.0,0.28695652173913166
diabetes,XGBoost,46,124,Wachter's CE,True,"['bloodpressure', 'bmi', 'diabetespedigreefunction', 'glucose']",500,0.03816485404968262,7.336421155094092,4.0,0.2799850176710485,0.2144093098506418,2.5392357260607854,58.16720733630093,7.336421155094092
diabetes,XGBoost,46,124,SHAP-Targeted CE,True,"['bmi', 'diabetespedigreefunction', 'glucose']",343,0.01714491844177246,1.8656662340471555,3.0,0.003877378440472766,0.6047273703357617,2.2728579679452015,39.09315679175883,1.8656662340471555
diabetes,XGBoost,47,125,Actionable CBFI (Proposed),True,"['diabetespedigreefunction', 'skinthickness']",200,0.2647998332977295,2.2495522388059697,2.0,0.0,1.98015965395463,4.650356009174432,100.0,2.2495522388059697
diabetes,XGBoost,47,125,Untargeted Causal (Karimi 2021),True,"['insulin', 'skinthickness']",428,0.5620002746582031,2.128688524590163,2.0,0.0,1.751047452293509,4.48561082740402,58.72160184828652,2.128688524590163
diabetes,XGBoost,47,125,Wachter's CE,True,"['bloodpressure', 'bmi', 'diabetespedigreefunction', 'glucose', 'insulin', 'skinthickness']",500,0.04220151901245117,10.612851326049721,6.0,0.0,2.686368643468859,5.177399309143013,47.22413027292707,10.612851326049721
diabetes,XGBoost,47,125,SHAP-Targeted CE,True,"['bmi', 'diabetespedigreefunction', 'glucose']",343,0.017338275909423828,2.972058187324248,3.0,0.09812271031670389,1.2883294234013085,3.4018636427871756,80.65313786747647,2.972058187324248
diabetes,XGBoost,48,128,Actionable CBFI (Proposed),True,"['glucose', 'insulin', 'skinthickness']",175,0.24378681182861328,0.9358938687680178,3.0,0.0,0.5166186739031791,1.989574304059544,100.0,0.9358938687680178
diabetes,XGBoost,48,128,Untargeted Causal (Karimi 2021),True,"['glucose', 'insulin', 'skinthickness']",421,0.5467269420623779,0.9358938687680178,3.0,0.0,0.5166186739031791,1.989574304059544,100.0,0.9358938687680178
diabetes,XGBoost,48,128,Wachter's CE,True,"['bloodpressure', 'bmi', 'diabetespedigreefunction', 'glucose', 'insulin', 'skinthickness']",500,0.0376896858215332,12.06707348857991,6.0,0.0,1.7107046106148762,3.3008808984054725,27.548929830658675,12.06707348857991
diabetes,XGBoost,48,128,SHAP-Targeted CE,True,"['bmi', 'diabetespedigreefunction', 'glucose']",343,0.017035484313964844,1.4715714903742154,3.0,0.009060065466714102,0.6422853133666727,2.1648404802302177,73.49433895701577,1.4715714903742154
diabetes,XGBoost,49,129,Actionable CBFI (Proposed),True,['bmi'],204,0.26562047004699707,0.43478260869565205,1.0,0.0031710557636073803,1.7530255733064084,4.304746847202394,100.0,0.43478260869565205
diabetes,XGBoost,49,129,Untargeted Causal (Karimi 2021),True,['bmi'],423,0.5514812469482422,0.43478260869565205,1.0,0.0031710557636073803,1.7530255733064084,4.304746847202394,100.0,0.43478260869565205
diabetes,XGBoost,49,129,Wachter's CE,True,"['bloodpressure', 'bmi', 'diabetespedigreefunction', 'glucose']",500,0.03755021095275879,6.663814081765087,4.0,0.12114594893105507,1.8897135580178777,5.344319357501797,100.0,6.663814081765087
diabetes,XGBoost,49,129,SHAP-Targeted CE,True,"['bmi', 'diabetespedigreefunction', 'glucose']",343,0.017223119735717773,2.180386112913691,3.0,0.03341276080135036,1.7809582113386906,4.529924108887803,100.0,2.180386112913691
diabetes,XGBoost,50,130,Actionable CBFI (Proposed),True,"['bloodpressure', 'diabetespedigreefunction']",204,0.3234727382659912,0.5974626865671642,2.0,0.0,0.5730214889202239,2.0238758120124642,100.0,0.5974626865671642
diabetes,XGBoost,50,130,Untargeted Causal (Karimi 2021),True,"['bloodpressure', 'diabetespedigreefunction']",404,0.6292455196380615,0.5974626865671642,2.0,0.0,0.5730214889202239,2.0238758120124642,100.0,0.5974626865671642
diabetes,XGBoost,50,130,Wachter's CE,True,"['bloodpressure', 'bmi', 'diabetespedigreefunction', 'glucose', 'insulin', 'skinthickness']",500,0.03631019592285156,7.277489512522916,6.0,0.0,0.3551955514399979,1.4545834056231475,68.09252919520793,7.277489512522916
diabetes,XGBoost,50,130,SHAP-Targeted CE,True,"['bmi', 'diabetespedigreefunction', 'glucose']",343,0.028398990631103516,2.884842093878433,3.0,0.013667554378584327,0.4666771265036199,2.1597124213831527,100.0,2.884842093878433
diabetes,XGBoost,51,131,Actionable CBFI (Proposed),True,['bmi'],176,0.26175355911254883,1.608695652173912,1.0,0.043411753403785,0.7848414868117297,3.2890624815171936,100.0,1.608695652173912
diabetes,XGBoost,51,131,Untargeted Causal (Karimi 2021),True,['bmi'],413,0.6307690143585205,1.608695652173912,1.0,0.043411753403785,0.7848414868117297,3.2890624815171936,100.0,1.608695652173912
diabetes,XGBoost,51,131,Wachter's CE,True,"['bloodpressure', 'bmi', 'diabetespedigreefunction', 'glucose']",500,0.03488445281982422,9.960861453601554,4.0,0.30526113356901735,1.202899158075409,4.4560880717434825,55.45064028176468,9.960861453601554
diabetes,XGBoost,51,131,SHAP-Targeted CE,True,"['bmi', 'diabetespedigreefunction', 'glucose']",343,0.016439437866210938,2.7037259355396945,3.0,0.010955447146241993,1.0958558565319294,2.9711348002064852,100.0,2.7037259355396945
diabetes,XGBoost,52,132,Actionable CBFI (Proposed),True,"['diabetespedigreefunction', 'glucose', 'insulin']",204,0.33518123626708984,2.289556813006559,3.0,0.0,0.455514451223607,1.7173320787605657,64.10026307105674,2.289556813006559
diabetes,XGBoost,52,132,Untargeted Causal (Karimi 2021),True,"['diabetespedigreefunction', 'glucose', 'insulin']",401,0.5684449672698975,2.289556813006559,3.0,0.0,0.455514451223607,1.7173320787605657,64.10026307105674,2.289556813006559
diabetes,XGBoost,52,132,Wachter's CE,True,"['bloodpressure', 'bmi', 'diabetespedigreefunction', 'glucose', 'insulin', 'skinthickness']",500,0.0361480712890625,4.918298918805828,6.0,0.0,0.3712095478452107,1.4771027628250322,70.24466572055496,4.918298918805828
diabetes,XGBoost,52,132,SHAP-Targeted CE,True,"['bmi', 'diabetespedigreefunction', 'glucose']",343,0.01629638671875,2.074556565001081,3.0,0.0015945415939221032,0.7660983294516256,2.536320574853025,100.0,2.074556565001081
diabetes,XGBoost,53,143,Actionable CBFI (Proposed),True,"['bloodpressure', 'diabetespedigreefunction']",204,0.2754700183868408,0.43388059701492526,2.0,0.0,0.8974002416057474,2.3516390113705654,100.0,0.43388059701492526
diabetes,XGBoost,53,143,Untargeted Causal (Karimi 2021),True,"['bloodpressure', 'diabetespedigreefunction']",414,0.6106069087982178,0.43388059701492526,2.0,0.0,0.8974002416057474,2.3516390113705654,100.0,0.43388059701492526
diabetes,XGBoost,53,143,Wachter's CE,True,"['bloodpressure', 'bmi', 'diabetespedigreefunction', 'glucose']",500,0.035451412200927734,5.604948085658661,4.0,0.24061944257852574,0.6226866280663081,2.870725753382135,100.0,5.604948085658661
diabetes,XGBoost,53,143,SHAP-Targeted CE,True,"['bmi', 'diabetespedigreefunction', 'glucose']",343,0.016211748123168945,1.8332089552238808,3.0,0.0021592643693914065,1.0106308230188645,2.656646111301743,100.0,1.8332089552238808
diabetes,XGBoost,54,152,Actionable CBFI (Proposed),True,"['bmi', 'glucose', 'insulin']",204,0.3502237796783447,4.483925697997808,3.0,0.08672639886771448,0.5758407569748925,3.1303256428459494,75.29310661925668,4.483925697997808
diabetes,XGBoost,54,152,Untargeted Causal (Karimi 2021),True,"['bmi', 'glucose', 'insulin']",406,0.6452333927154541,4.483925697997808,3.0,0.08672639886771448,0.5758407569748925,3.1303256428459494,75.29310661925668,4.483925697997808
diabetes,XGBoost,54,152,Wachter's CE,True,"['bloodpressure', 'bmi', 'diabetespedigreefunction', 'glucose', 'insulin', 'skinthickness']",500,0.03521466255187988,15.09579211036762,6.0,0.0,0.9295653691485557,4.244133922470398,50.878360723082935,15.09579211036762
diabetes,XGBoost,54,152,SHAP-Targeted CE,True,"['bmi', 'diabetespedigreefunction', 'glucose']",343,0.015142440795898438,5.7330088686999785,3.0,0.17521631759317505,0.7520446450362146,2.840401320521157,100.0,5.7330088686999785
diabetes,XGBoost,55,154,Actionable CBFI (Proposed),True,['glucose'],186,0.27550363540649414,3.9499999999999997,1.0,0.13975030682449574,1.216847356826999,3.4766334617888774,100.0,3.9499999999999997
diabetes,XGBoost,55,154,Untargeted Causal (Karimi 2021),True,"['bmi', 'glucose']",434,0.6476504802703857,5.345652173913042,2.0,0.24002769725357942,0.7597719045416349,2.3370849802624285,100.0,5.345652173913042
diabetes,XGBoost,55,154,Wachter's CE,True,"['bloodpressure', 'bmi', 'diabetespedigreefunction', 'glucose']",500,0.03513813018798828,13.668543153796232,4.0,1.4137677360130276,0.3488938853898679,2.547670267495361,81.87635084370982,13.668543153796232
diabetes,XGBoost,55,154,SHAP-Targeted CE,True,"['bmi', 'diabetespedigreefunction', 'glucose']",343,0.01663374900817871,5.465644603071597,3.0,0.20736975699721139,1.124343268939018,3.2822019962690003,93.55540230749367,5.465644603071597
diabetes,XGBoost,56,155,Actionable CBFI (Proposed),True,"['bmi', 'diabetespedigreefunction']",182,0.2590799331665039,2.85635301752109,2.0,0.11799498496383068,0.9158032544097111,2.854570464666457,100.0,2.85635301752109
diabetes,XGBoost,56,155,Untargeted Causal (Karimi 2021),True,"['bmi', 'diabetespedigreefunction']",416,0.6139874458312988,2.85635301752109,2.0,0.11799498496383068,0.9158032544097111,2.854570464666457,100.0,2.85635301752109
diabetes,XGBoost,56,155,Wachter's CE,True,"['bloodpressure', 'bmi', 'diabetespedigreefunction', 'glucose', 'skinthickness']",500,0.03601813316345215,9.968188946571487,5.0,0.04486455666324123,2.446893017854941,4.184906933866006,52.766411646392974,9.968188946571487
diabetes,XGBoost,56,155,SHAP-Targeted CE,True,"['bmi', 'diabetespedigreefunction', 'glucose']",343,0.0164339542388916,4.554007138221934,3.0,0.11096122683775766,0.5228981733616755,2.6919771194769,100.0,4.554007138221934
diabetes,XGBoost,57,159,Actionable CBFI (Proposed),True,"['bmi', 'glucose', 'insulin']",188,0.2777073383331299,6.518865441865475,3.0,0.276551016797559,2.6496918676424017,4.775291615417756,100.0,6.518865441865475
diabetes,XGBoost,57,159,Untargeted Causal (Karimi 2021),True,"['bmi', 'glucose', 'insulin']",419,0.6067698001861572,6.518865441865475,3.0,0.276551016797559,2.6496918676424017,4.775291615417756,100.0,6.518865441865475
diabetes,XGBoost,57,159,Wachter's CE,True,"['bloodpressure', 'bmi', 'diabetespedigreefunction', 'glucose', 'insulin', 'skinthickness']",500,0.03500795364379883,18.456115582103735,6.0,0.0,4.5056910809200685,5.587372227356023,64.55556079736574,18.456115582103735
diabetes,XGBoost,57,159,SHAP-Targeted CE,True,"['bmi', 'diabetespedigreefunction', 'glucose']",343,0.015389680862426758,6.089925373134328,3.0,0.08570034413617951,2.492773170508138,4.7395953146931795,100.0,6.089925373134328
diabetes,XGBoost,58,164,Actionable CBFI (Proposed),True,"['bmi', 'diabetespedigreefunction', 'glucose', 'insulin']",204,0.31255316734313965,1.174835716306708,4.0,0.002765510167975586,0.8673633601286166,2.5299330039616494,81.74890339135416,1.174835716306708
diabetes,XGBoost,58,164,Untargeted Causal (Karimi 2021),True,"['bmi', 'diabetespedigreefunction', 'glucose']",415,0.6189723014831543,0.9604153147306944,3.0,0.0037439093624125177,0.8508124982952932,2.5194983856358886,100.0,0.9604153147306944
diabetes,XGBoost,58,164,Wachter's CE,True,"['bloodpressure', 'bmi', 'diabetespedigreefunction', 'glucose']",500,0.03748798370361328,8.25622160934458,4.0,0.2807422246755793,0.9699516043813249,4.201823396694636,100.0,8.25622160934458
diabetes,XGBoost,58,164,SHAP-Targeted CE,True,"['bmi', 'diabetespedigreefunction', 'glucose']",343,0.01727008819580078,2.6894603071598517,3.0,0.021153816643923684,0.9233078091647119,2.9092203802748235,100.0,2.6894603071598517
diabetes,XGBoost,59,165,Actionable CBFI (Proposed),True,['bmi'],196,0.26311492919921875,0.8695652173913039,1.0,0.012684223054429525,0.3085907733042637,1.9078140776837327,100.0,0.8695652173913039
diabetes,XGBoost,59,165,Untargeted Causal (Karimi 2021),True,['bmi'],419,0.546858549118042,0.8695652173913039,1.0,0.012684223054429525,0.3085907733042637,1.9078140776837327,100.0,0.8695652173913039
diabetes,XGBoost,59,165,Wachter's CE,True,"['bloodpressure', 'bmi', 'diabetespedigreefunction', 'glucose', 'insulin', 'skinthickness']",500,0.03724932670593262,7.41240412336039,6.0,0.0,0.3468287548150212,1.6669508424678865,53.52827404146026,7.41240412336039
diabetes,XGBoost,59,165,SHAP-Targeted CE,True,"['bmi', 'diabetespedigreefunction', 'glucose']",343,0.015836477279663086,2.532906121566082,3.0,0.012363088751232125,0.3102423387556037,1.7283832043086862,100.0,2.532906121566082
diabetes,XGBoost,60,170,Actionable CBFI (Proposed),True,['bmi'],192,0.2771780490875244,0.6304347826086958,1.0,0.006667144742984523,0.6350924217126213,2.053014668403157,100.0,0.6304347826086958
diabetes,XGBoost,60,170,Untargeted Causal (Karimi 2021),True,['bmi'],410,0.5468277931213379,0.6304347826086958,1.0,0.006667144742984523,0.6350924217126213,2.053014668403157,100.0,0.6304347826086958
diabetes,XGBoost,60,170,Wachter's CE,True,"['bloodpressure', 'bmi', 'diabetespedigreefunction', 'glucose']",500,0.037133216857910156,6.407868267358856,4.0,0.18476484008938684,0.2275245235214523,2.2890404542379748,59.03473837982081,6.407868267358856
diabetes,XGBoost,60,170,SHAP-Targeted CE,True,"['bmi', 'diabetespedigreefunction', 'glucose']",343,0.01656961441040039,1.3317813108371181,3.0,0.007093109567505492,0.6482858882170593,2.189728102575823,100.0,1.3317813108371181
diabetes,XGBoost,61,171,Actionable CBFI (Proposed),True,"['glucose', 'insulin']",204,0.2694108486175537,0.7716306023640205,2.0,0.0,0.16299591745659328,1.222226152028832,58.318060302604536,0.7716306023640205
diabetes,XGBoost,61,171,Untargeted Causal (Karimi 2021),True,"['glucose', 'insulin']",418,0.5467674732208252,0.7716306023640205,2.0,0.0,0.16299591745659328,1.222226152028832,58.318060302604536,0.7716306023640205
diabetes,XGBoost,61,171,Wachter's CE,True,"['bloodpressure', 'bmi', 'diabetespedigreefunction', 'glucose', 'insulin', 'skinthickness']",500,0.03738689422607422,5.833011528246153,6.0,0.0,0.5146645210911267,1.8553315731919893,51.689372338312324,5.833011528246153
diabetes,XGBoost,61,171,SHAP-Targeted CE,True,"['bmi', 'diabetespedigreefunction', 'glucose']",343,0.015989303588867188,2.566974908068354,3.0,0.03506585119397404,0.28324725331611134,1.4614453343515184,100.0,2.566974908068354
diabetes,XGBoost,62,175,Actionable CBFI (Proposed),True,"['bmi', 'diabetespedigreefunction', 'glucose', 'insulin']",190,0.29283809661865234,4.412881120756692,4.0,0.05683430674097395,0.9221011676098854,2.7988406699857817,74.0855136637812,4.412881120756692
diabetes,XGBoost,62,175,Untargeted Causal (Karimi 2021),True,"['bmi', 'diabetespedigreefunction', 'glucose', 'insulin']",408,0.620002031326294,3.9250433506026536,4.0,0.05683430674097395,0.9650877563195447,2.6855157537241614,83.29349140010515,3.9250433506026536
diabetes,XGBoost,62,175,Wachter's CE,True,"['bloodpressure', 'bmi', 'diabetespedigreefunction', 'glucose', 'insulin', 'skinthickness']",500,0.03512382507324219,13.788257039818724,6.0,0.0,1.5923873437143068,3.243483759879278,42.997645570115395,13.788257039818724
diabetes,XGBoost,62,175,SHAP-Targeted CE,True,"['bmi', 'diabetespedigreefunction', 'glucose']",343,0.01554250717163086,5.656300021630974,3.0,0.13692392344515278,0.7490156274570565,2.1630002296434307,100.0,5.656300021630974
diabetes,XGBoost,63,177,Actionable CBFI (Proposed),True,"['bloodpressure', 'diabetespedigreefunction', 'glucose', 'insulin']",204,0.28060436248779297,3.939663352294456,4.0,0.0,0.1954060016798529,4.828151890188337,96.37159519478341,3.939663352294456
diabetes,XGBoost,63,177,Untargeted Causal (Karimi 2021),True,"['bloodpressure', 'diabetespedigreefunction']",411,0.5926733016967773,4.5967164179104465,2.0,0.0,0.3152251805578143,4.872426960071142,100.0,4.5967164179104465
diabetes,XGBoost,63,177,Wachter's CE,True,"['bloodpressure', 'diabetespedigreefunction', 'glucose', 'insulin', 'skinthickness']",500,0.05519533157348633,15.0719343854498,5.0,0.0,1.3009971762572248,5.574847799581749,59.971107483556786,15.0719343854498
diabetes,XGBoost,63,177,SHAP-Targeted CE,True,"['diabetespedigreefunction', 'glucose']",343,0.017121076583862305,4.696890547263681,2.0,0.019486893849385893,0.4018407971533625,5.098874101371752,100.0,4.696890547263681
diabetes,XGBoost,64,179,Actionable CBFI (Proposed),True,"['glucose', 'insulin']",184,0.2796180248260498,1.8004714055160471,2.0,0.0,0.7718656709652117,2.8300942459205087,100.0,1.8004714055160471
diabetes,XGBoost,64,179,Untargeted Causal (Karimi 2021),True,"['glucose', 'insulin']",405,0.5903661251068115,1.8004714055160471,2.0,0.0,0.7718656709652117,2.8300942459205087,100.0,1.8004714055160471
diabetes,XGBoost,64,179,Wachter's CE,True,"['bloodpressure', 'bmi', 'diabetespedigreefunction', 'glucose']",500,0.0382380485534668,9.3150146009085,4.0,0.5575771856188737,0.7068553104141096,3.9930912178806897,87.251764480496,9.3150146009085
diabetes,XGBoost,64,179,SHAP-Targeted CE,True,"['bmi', 'diabetespedigreefunction', 'glucose']",343,0.01626873016357422,4.3521090201168064,3.0,0.27412005099570147,0.40760405689092816,2.5078290644534222,100.0,4.3521090201168064
diabetes,XGBoost,65,185,Actionable CBFI (Proposed),True,"['diabetespedigreefunction', 'glucose', 'insulin']",190,0.2789764404296875,5.063481771470517,3.0,0.0,0.21667041700218465,1.555938486682876,100.0,5.063481771470517
diabetes,XGBoost,65,185,Untargeted Causal (Karimi 2021),True,"['bloodpressure', 'diabetespedigreefunction', 'glucose']",426,0.6874487400054932,4.796268656716417,3.0,0.14214628228198994,0.32393244377698804,1.8788954958743374,79.15045900108916,4.796268656716417
diabetes,XGBoost,65,185,Wachter's CE,True,"['bloodpressure', 'bmi', 'diabetespedigreefunction', 'glucose', 'insulin', 'skinthickness']",500,0.036780357360839844,11.315196292238026,6.0,1.232595164407831e-32,0.39779453707623286,1.7928619139531456,89.87350016968465,11.315196292238026
diabetes,XGBoost,65,185,SHAP-Targeted CE,True,"['bmi', 'diabetespedigreefunction', 'glucose']",343,0.015601158142089844,6.68730261734804,3.0,0.33103890466941277,0.34008714495807324,2.650623597744034,100.0,6.68730261734804
diabetes,XGBoost,66,186,Actionable CBFI (Proposed),True,"['bmi', 'glucose', 'insulin']",172,0.25911951065063477,3.828092420524946,3.0,0.02168159971692865,2.3298851335921418,4.487381972637704,100.0,3.828092420524946
diabetes,XGBoost,66,186,Untargeted Causal (Karimi 2021),True,"['bmi', 'glucose', 'insulin']",400,0.5901155471801758,3.828092420524946,3.0,0.02168159971692865,2.3298851335921418,4.487381972637704,100.0,3.828092420524946
diabetes,XGBoost,66,186,Wachter's CE,True,"['bloodpressure', 'bmi', 'diabetespedigreefunction', 'glucose', 'insulin', 'skinthickness']",500,0.036046743392944336,11.160061861044033,6.0,0.0,4.86993192676139,6.409024482942497,83.75905059875322,11.160061861044033
diabetes,XGBoost,66,186,SHAP-Targeted CE,True,"['bmi', 'diabetespedigreefunction', 'glucose']",343,0.017189502716064453,2.3839552238805957,3.0,0.012828653852785579,2.359224260970473,4.555864958050559,100.0,2.3839552238805957
diabetes,XGBoost,67,187,Actionable CBFI (Proposed),True,['bmi'],195,0.2688894271850586,1.3260869565217388,1.0,0.02949874624095769,1.2428534894349108,3.830980050006418,100.0,1.3260869565217388
diabetes,XGBoost,67,187,Untargeted Causal (Karimi 2021),True,['bmi'],425,0.5685749053955078,1.3260869565217388,1.0,0.02949874624095769,1.2428534894349108,3.830980050006418,100.0,1.3260869565217388
diabetes,XGBoost,67,187,Wachter's CE,True,"['bloodpressure', 'bmi', 'diabetespedigreefunction', 'glucose', 'insulin', 'skinthickness']",500,0.037374258041381836,10.287106032559938,6.0,0.0,4.377793118656339,6.445678418946912,73.6161041242142,10.287106032559938
diabetes,XGBoost,67,187,SHAP-Targeted CE,True,"['bmi', 'diabetespedigreefunction', 'glucose']",343,0.017371654510498047,2.1918072680077874,3.0,0.01709313170155592,0.9354633874885533,3.3228351907125417,100.0,2.1918072680077874
diabetes,XGBoost,68,188,Actionable CBFI (Proposed),True,['bmi'],194,0.31287503242492676,0.43478260869565244,1.0,0.0031710557636073825,0.9329749577882268,2.500482844634887,99.99999999999997,0.43478260869565244
diabetes,XGBoost,68,188,Untargeted Causal (Karimi 2021),True,['bmi'],400,0.561460018157959,0.43478260869565244,1.0,0.0031710557636073825,0.9329749577882268,2.500482844634887,99.99999999999997,0.43478260869565244
diabetes,XGBoost,68,188,Wachter's CE,True,"['bloodpressure', 'bmi', 'diabetespedigreefunction', 'glucose', 'insulin', 'skinthickness']",500,0.03496670722961426,13.105498079807658,6.0,4.930380657631324e-32,7.4033308576799985,6.848349689008727,61.300812219493736,13.105498079807658
diabetes,XGBoost,68,188,SHAP-Targeted CE,True,"['bmi', 'diabetespedigreefunction', 'glucose']",343,0.015879392623901367,2.702774172615184,3.0,0.03649779385345457,1.1658987741072804,2.7824990643455134,100.0,2.702774172615184
diabetes,XGBoost,69,189,Actionable CBFI (Proposed),True,['diabetespedigreefunction'],180,0.24581503868103027,0.34746268656716417,1.0,0.0,0.5551557480857225,1.903748673949746,100.0,0.34746268656716417
diabetes,XGBoost,69,189,Untargeted Causal (Karimi 2021),True,['diabetespedigreefunction'],427,0.5920629501342773,0.34746268656716417,1.0,0.0,0.5551557480857225,1.903748673949746,100.0,0.34746268656716417
diabetes,XGBoost,69,189,Wachter's CE,True,"['bloodpressure', 'bmi', 'diabetespedigreefunction', 'glucose', 'insulin', 'skinthickness']",500,0.03689432144165039,7.660074449562592,6.0,0.0,0.5056707806937716,1.895318909399192,57.8441869210415,7.660074449562592
diabetes,XGBoost,69,189,SHAP-Targeted CE,True,"['bmi', 'diabetespedigreefunction', 'glucose']",343,0.015376091003417969,2.430131948950897,3.0,0.003694562931772347,0.4562453636200077,2.125547539446753,100.0,2.430131948950897
diabetes,XGBoost,70,192,Actionable CBFI (Proposed),True,"['diabetespedigreefunction', 'glucose']",188,0.2870216369628906,1.0788059701492538,2.0,0.003224490335319245,0.7092130225334261,1.920366268615536,100.0,1.0788059701492538
diabetes,XGBoost,70,192,Untargeted Causal (Karimi 2021),True,"['bloodpressure', 'bmi', 'diabetespedigreefunction']",416,0.603693962097168,0.794023361453601,3.0,6.207778997199758e-05,0.8810617773929504,2.1712124291463946,68.51478027770737,0.794023361453601
diabetes,XGBoost,70,192,Wachter's CE,True,"['bloodpressure', 'bmi', 'diabetespedigreefunction', 'glucose']",500,0.07605934143066406,8.382852044127189,4.0,0.36147609259952973,0.3059993617112244,2.3981354098926495,92.54430357699252,8.382852044127189
diabetes,XGBoost,70,192,SHAP-Targeted CE,True,"['bmi', 'diabetespedigreefunction', 'glucose']",343,0.01685476303100586,2.5974962145792766,3.0,0.06067711548914231,0.8097584295111361,2.596396350482019,100.0,2.5974962145792766
diabetes,XGBoost,71,193,Actionable CBFI (Proposed),True,"['glucose', 'insulin']",204,0.29798412322998047,3.4294693438400907,2.0,0.0,6.059367939455106,6.272040411796175,58.31806030260454,3.4294693438400907
diabetes,XGBoost,71,193,Untargeted Causal (Karimi 2021),True,"['glucose', 'insulin']",413,0.5924906730651855,3.4294693438400907,2.0,0.0,6.059367939455106,6.272040411796175,58.31806030260454,3.4294693438400907
diabetes,XGBoost,71,193,Wachter's CE,True,"['bmi', 'diabetespedigreefunction', 'glucose', 'skinthickness']",500,0.03570818901062012,7.251922452952627,4.0,0.04690794778663062,4.77088448247318,5.976399520675317,71.559265651548,7.251922452952627
diabetes,XGBoost,71,193,SHAP-Targeted CE,True,"['bmi', 'diabetespedigreefunction', 'glucose']",343,0.017444133758544922,3.215958252217175,3.0,0.031079738310964833,6.2927782037958115,6.600731134297024,100.0,3.215958252217175
diabetes,XGBoost,72,195,Actionable CBFI (Proposed),True,"['glucose', 'insulin']",197,0.272139310836792,0.9431040695560245,2.0,0.0,0.5489671473999178,1.8933088635949993,58.31806030260454,0.9431040695560245
diabetes,XGBoost,72,195,Untargeted Causal (Karimi 2021),True,"['glucose', 'insulin']",407,0.5682194232940674,0.9431040695560245,2.0,0.0,0.5489671473999178,1.8933088635949993,58.31806030260454,0.9431040695560245
diabetes,XGBoost,72,195,Wachter's CE,True,"['bloodpressure', 'bmi', 'diabetespedigreefunction', 'glucose', 'insulin', 'skinthickness']",500,0.03678083419799805,7.590571199597167,6.0,0.0,0.4329526365936549,1.670836787985435,61.476149146403635,7.590571199597167
diabetes,XGBoost,72,195,SHAP-Targeted CE,True,"['bmi', 'diabetespedigreefunction', 'glucose']",343,0.01590728759765625,2.97621674237508,3.0,0.059944507246669665,0.7169812848656294,1.8072605639573989,100.0,2.97621674237508
diabetes,XGBoost,73,197,Actionable CBFI (Proposed),True,['bloodpressure'],187,0.220747709274292,0.24999999999999994,1.0,0.0,0.018894267001975103,1.6947847199384571,100.0,0.24999999999999994
diabetes,XGBoost,73,197,Untargeted Causal (Karimi 2021),True,['bloodpressure'],417,0.5035808086395264,0.24999999999999994,1.0,0.0,0.018894267001975103,1.6947847199384571,100.0,0.24999999999999994
diabetes,XGBoost,73,197,Wachter's CE,True,"['bloodpressure', 'bmi', 'diabetespedigreefunction', 'glucose', 'insulin', 'skinthickness']",500,0.03774714469909668,8.070715116505852,6.0,0.0,0.13526998077845603,2.3913897867271077,64.00204704299445,8.070715116505852
diabetes,XGBoost,73,197,SHAP-Targeted CE,True,"['bmi', 'diabetespedigreefunction', 'glucose']",343,0.016718626022338867,1.5695489941596354,3.0,0.001856166247241961,0.055765375179544906,2.1149836379242637,92.61303537405125,1.5695489941596354
diabetes,XGBoost,74,198,Actionable CBFI (Proposed),True,"['bloodpressure', 'bmi']",197,0.23873305320739746,1.521739130434781,2.0,0.015236648672016032,0.5616583907395076,2.3154293076064207,100.0,1.521739130434781
diabetes,XGBoost,74,198,Untargeted Causal (Karimi 2021),True,"['bloodpressure', 'bmi']",401,0.46777868270874023,1.521739130434781,2.0,0.015236648672016032,0.5616583907395076,2.3154293076064207,100.0,1.521739130434781
diabetes,XGBoost,74,198,Wachter's CE,True,"['bloodpressure', 'bmi', 'diabetespedigreefunction', 'glucose', 'insulin', 'skinthickness']",500,0.03789401054382324,9.393721432041504,6.0,1.925929944387236e-34,0.42273173985246937,1.685938079953655,39.31026557038373,9.393721432041504
diabetes,XGBoost,74,198,SHAP-Targeted CE,True,"['bmi', 'diabetespedigreefunction', 'glucose']",343,0.016069650650024414,2.9110372052779576,3.0,0.0923745680459421,0.28939768072512534,2.518220365143166,83.68279185374944,2.9110372052779576
diabetes,XGBoost,75,199,Actionable CBFI (Proposed),True,['bmi'],200,0.2511165142059326,0.6086956521739136,1.0,0.006215269296670482,0.8863438151210616,2.6346866400521978,100.0,0.6086956521739136
diabetes,XGBoost,75,199,Untargeted Causal (Karimi 2021),True,['bmi'],405,0.5282421112060547,0.6086956521739136,1.0,0.006215269296670482,0.8863438151210616,2.6346866400521978,100.0,0.6086956521739136
diabetes,XGBoost,75,199,Wachter's CE,True,"['bloodpressure', 'bmi', 'diabetespedigreefunction', 'glucose', 'insulin', 'skinthickness']",500,0.03792214393615723,7.50856187700131,6.0,1.925929944387236e-34,0.386516384088468,1.5469912335905842,12.666699324073146,7.50856187700131
diabetes,XGBoost,75,199,SHAP-Targeted CE,True,"['bmi', 'diabetespedigreefunction', 'glucose']",343,0.017018556594848633,1.8976043694570632,3.0,0.01779873367358635,1.046222931411379,2.9048344152617984,77.34771519357095,1.8976043694570632
diabetes,XGBoost,76,206,Actionable CBFI (Proposed),True,"['diabetespedigreefunction', 'glucose', 'insulin']",172,0.25211024284362793,6.005279050681723,3.0,0.0,0.22595278878905659,2.669331001043281,100.0,6.005279050681723
diabetes,XGBoost,76,206,Untargeted Causal (Karimi 2021),True,"['diabetespedigreefunction', 'glucose', 'insulin']",402,0.581794261932373,6.005279050681723,3.0,0.0,0.22595278878905659,2.669331001043281,100.0,6.005279050681723
diabetes,XGBoost,76,206,Wachter's CE,True,"['bloodpressure', 'bmi', 'diabetespedigreefunction', 'glucose', 'insulin', 'skinthickness']",500,0.03621673583984375,14.320517689528124,6.0,0.0,1.9122985344038352,4.062979805045944,57.81111550817306,14.320517689528124
diabetes,XGBoost,76,206,SHAP-Targeted CE,True,"['bmi', 'diabetespedigreefunction', 'glucose']",343,0.01627039909362793,5.614108803807049,3.0,0.2832439959733518,0.8047045477655658,3.356324911842344,100.0,5.614108803807049
diabetes,XGBoost,77,207,Actionable CBFI (Proposed),True,"['glucose', 'insulin']",197,0.29438138008117676,3.1722591430520835,2.0,0.0,1.1511620696864657,3.0597626902585486,58.318060302604536,3.1722591430520835
diabetes,XGBoost,77,207,Untargeted Causal (Karimi 2021),True,"['glucose', 'insulin']",426,0.6516299247741699,3.1722591430520835,2.0,0.0,1.1511620696864657,3.0597626902585486,58.318060302604536,3.1722591430520835
diabetes,XGBoost,77,207,Wachter's CE,True,"['bloodpressure', 'bmi', 'diabetespedigreefunction', 'glucose', 'skinthickness']",500,0.0393519401550293,12.637994808565866,5.0,0.6399754567513007,2.1709639534384175,4.254334841703311,87.63648803731935,12.637994808565866
diabetes,XGBoost,77,207,SHAP-Targeted CE,True,"['bmi', 'diabetespedigreefunction', 'glucose']",343,0.03444790840148926,4.462994808565866,3.0,0.12494476899818113,1.1021812818655863,3.1879584843160305,100.0,4.462994808565866
diabetes,XGBoost,78,209,Actionable CBFI (Proposed),True,"['bmi', 'diabetespedigreefunction']",204,0.35662412643432617,2.3985983127839066,2.0,0.07306112479351408,1.3714778417798277,3.487187725190844,99.99999999999997,2.3985983127839066
diabetes,XGBoost,78,209,Untargeted Causal (Karimi 2021),True,"['diabetespedigreefunction', 'glucose']",420,0.6215598583221436,2.1616417910447767,2.0,0.030655050479528035,0.47176452427850785,2.1398112426462546,100.0,2.1616417910447767
diabetes,XGBoost,78,209,Wachter's CE,True,"['bloodpressure', 'bmi', 'diabetespedigreefunction', 'glucose', 'skinthickness']",500,0.03808116912841797,11.102644386761842,5.0,0.8488770118099955,2.0059733983944956,3.7730801108314123,87.61556299470897,11.102644386761842
diabetes,XGBoost,78,209,SHAP-Targeted CE,True,"['bmi', 'diabetespedigreefunction', 'glucose']",343,0.016051530838012695,2.9859777200951756,3.0,0.013945495749945278,0.7951860684011072,2.8492973043060177,100.0,2.9859777200951756
diabetes,XGBoost,79,213,Actionable CBFI (Proposed),True,['bloodpressure'],204,0.2913973331451416,1.1249999999999998,1.0,0.0,0.24056404371159923,1.9418231010079867,100.0,1.1249999999999998
diabetes,XGBoost,79,213,Untargeted Causal (Karimi 2021),True,['bloodpressure'],413,0.5872213840484619,1.1249999999999998,1.0,0.0,0.24056404371159923,1.9418231010079867,100.0,1.1249999999999998
diabetes,XGBoost,79,213,Wachter's CE,True,"['bloodpressure', 'bmi', 'diabetespedigreefunction', 'glucose', 'insulin', 'skinthickness']",500,0.03800368309020996,7.094248820048014,6.0,0.0,0.5099097923961627,1.845213948989415,60.865513958828686,7.094248820048014
diabetes,XGBoost,79,213,SHAP-Targeted CE,True,"['bmi', 'diabetespedigreefunction', 'glucose']",343,0.017375469207763672,2.5569435431537957,3.0,0.087587757150663,0.20154307719289433,1.3274689183018544,100.0,2.5569435431537957
diabetes,XGBoost,80,214,Actionable CBFI (Proposed),True,['bmi'],182,0.2811410427093506,1.8043478260869568,1.0,0.054613507888728166,0.9667521845554197,2.5529584077986796,100.0,1.8043478260869568
diabetes,XGBoost,80,214,Untargeted Causal (Karimi 2021),True,"['diabetespedigreefunction', 'glucose', 'insulin']",400,0.6173639297485352,1.3700999248077308,3.0,0.0,0.6790861597342089,2.192650053415307,81.35009108218442,1.3700999248077308
diabetes,XGBoost,80,214,Wachter's CE,True,"['bloodpressure', 'bmi', 'diabetespedigreefunction', 'glucose', 'insulin', 'skinthickness']",500,0.050334930419921875,11.413647549848761,6.0,0.0,1.741413445888649,3.417854802603935,73.60071022530225,11.413647549848761
diabetes,XGBoost,80,214,SHAP-Targeted CE,True,"['bmi', 'diabetespedigreefunction', 'glucose']",343,0.01541757583618164,1.852871512005192,3.0,0.004556765818907867,0.8467181665796237,2.6434991019460097,41.3576625719064,1.852871512005192
diabetes,XGBoost,81,215,Actionable CBFI (Proposed),True,['bmi'],172,0.25953102111816406,3.4565217391304333,1.0,0.20041865189939548,2.01505164456618,3.7130955203128426,99.99999999999999,3.4565217391304333
diabetes,XGBoost,81,215,Untargeted Causal (Karimi 2021),True,"['bmi', 'diabetespedigreefunction', 'skinthickness']",400,0.6021642684936523,2.281256759679861,3.0,0.005925118522959824,1.4508127938211073,3.3364538336627603,52.511556240369785,2.281256759679861
diabetes,XGBoost,81,215,Wachter's CE,True,"['bloodpressure', 'bmi', 'diabetespedigreefunction', 'glucose', 'insulin', 'skinthickness']",500,0.03531813621520996,14.83886044652007,6.0,0.0,4.24115827355495,5.118476446971973,87.08346457213192,14.83886044652007
diabetes,XGBoost,81,215,SHAP-Targeted CE,True,"['bmi', 'diabetespedigreefunction', 'glucose']",343,0.015227556228637695,4.846512005191434,3.0,0.05603034762141435,1.7512430467412599,3.934342019996147,100.0,4.846512005191434
diabetes,XGBoost,82,216,Actionable CBFI (Proposed),True,['diabetespedigreefunction'],196,0.24722695350646973,0.35701492537313406,1.0,0.0,0.4197169706661992,1.7818320869333328,100.0,0.35701492537313406
diabetes,XGBoost,82,216,Untargeted Causal (Karimi 2021),True,['diabetespedigreefunction'],412,0.5525412559509277,0.35701492537313406,1.0,0.0,0.4197169706661992,1.7818320869333328,100.0,0.35701492537313406
diabetes,XGBoost,82,216,Wachter's CE,True,"['bloodpressure', 'bmi', 'diabetespedigreefunction', 'glucose', 'insulin', 'skinthickness']",500,0.0370936393737793,7.578252447668996,6.0,0.0,0.5056707806937716,1.895318909399192,37.75058213799776,7.578252447668996
diabetes,XGBoost,82,216,SHAP-Targeted CE,True,"['bmi', 'diabetespedigreefunction', 'glucose']",343,0.015886783599853516,1.236767250703006,3.0,0.008719442059233966,0.5294169290781641,1.8396184624403633,61.59342028744703,1.236767250703006
diabetes,XGBoost,83,218,Actionable CBFI (Proposed),True,['bmi'],185,0.24395036697387695,0.673913043478261,1.0,0.007618461472066738,0.3638570292072475,3.0121784543867416,99.99999999999999,0.673913043478261
diabetes,XGBoost,83,218,Untargeted Causal (Karimi 2021),True,['bmi'],433,0.6513781547546387,0.673913043478261,1.0,0.007618461472066738,0.3638570292072475,3.0121784543867416,99.99999999999999,0.673913043478261
diabetes,XGBoost,83,218,Wachter's CE,True,"['bloodpressure', 'bmi', 'diabetespedigreefunction', 'glucose', 'skinthickness']",500,0.03643465042114258,7.552695760328789,5.0,0.0021807333162339143,0.7668493791987294,4.066385943199724,61.43760992865399,7.552695760328789
diabetes,XGBoost,83,218,SHAP-Targeted CE,True,"['bmi', 'diabetespedigreefunction', 'glucose']",343,0.0160524845123291,2.3162827168505293,3.0,0.04074319850800827,0.27633737209626885,3.1674654326228806,68.6998484802499,2.3162827168505293
diabetes,XGBoost,84,219,Actionable CBFI (Proposed),True,"['bloodpressure', 'diabetespedigreefunction']",186,0.29737162590026855,0.49955223880597,2.0,0.0,0.6718764670782335,2.049373369882235,100.0,0.49955223880597
diabetes,XGBoost,84,219,Untargeted Causal (Karimi 2021),True,"['bloodpressure', 'diabetespedigreefunction']",417,0.5694036483764648,0.49955223880597,2.0,0.0,0.6718764670782335,2.049373369882235,100.0,0.49955223880597
diabetes,XGBoost,84,219,Wachter's CE,True,"['bloodpressure', 'bmi', 'diabetespedigreefunction', 'glucose']",500,0.036699533462524414,6.9131894873458775,4.0,0.43877767678886087,0.2101816989035658,2.330721520137741,33.88504420023046,6.9131894873458775
diabetes,XGBoost,84,219,SHAP-Targeted CE,True,"['bmi', 'diabetespedigreefunction', 'glucose']",343,0.017110824584960938,2.641450356911096,3.0,0.025577901689774897,0.595595571140925,2.081726060186273,65.02250965796377,2.641450356911096
diabetes,XGBoost,85,220,Actionable CBFI (Proposed),True,['bmi'],204,0.2810335159301758,1.8913043478260871,1.0,0.06000430268686069,2.8635310721872402,4.322851412123663,100.0,1.8913043478260871
diabetes,XGBoost,85,220,Untargeted Causal (Karimi 2021),True,['bmi'],401,0.5665698051452637,1.8913043478260871,1.0,0.06000430268686069,2.8635310721872402,4.322851412123663,100.0,1.8913043478260871
diabetes,XGBoost,85,220,Wachter's CE,True,"['bloodpressure', 'bmi', 'diabetespedigreefunction', 'glucose', 'insulin', 'skinthickness']",500,0.038800716400146484,9.92992264266692,6.0,0.0,3.4778037856856217,5.360353037539043,78.273291415976,9.92992264266692
diabetes,XGBoost,85,220,SHAP-Targeted CE,True,"['bmi', 'diabetespedigreefunction', 'glucose']",343,0.017993688583374023,1.8433106208089978,3.0,0.0048072691694087686,2.496219419797465,4.27521485397221,100.0,1.8433106208089978
diabetes,XGBoost,86,221,Actionable CBFI (Proposed),True,['bmi'],204,0.2982454299926758,1.239130434782609,1.0,0.025756900439900966,1.34604240340125,4.187108151571718,100.0,1.239130434782609
diabetes,XGBoost,86,221,Untargeted Causal (Karimi 2021),True,['bmi'],416,0.6172294616699219,1.239130434782609,1.0,0.025756900439900966,1.34604240340125,4.187108151571718,100.0,1.239130434782609
diabetes,XGBoost,86,221,Wachter's CE,True,"['bloodpressure', 'bmi', 'diabetespedigreefunction', 'glucose']",500,0.038217782974243164,8.986072355613237,4.0,0.39528585217168105,1.5335653220034957,5.265699183459945,100.0,8.986072355613237
diabetes,XGBoost,86,221,SHAP-Targeted CE,True,"['bmi', 'diabetespedigreefunction', 'glucose']",343,0.017534494400024414,2.7193110534285094,3.0,0.08016643195976986,1.3776000140015412,4.419002366506621,100.0,2.7193110534285094
diabetes,XGBoost,87,227,Actionable CBFI (Proposed),True,"['diabetespedigreefunction', 'glucose', 'insulin']",204,0.27445292472839355,3.3812143669326815,3.0,0.0,0.5981395525994031,2.646196542436072,60.89395703557267,3.3812143669326815
diabetes,XGBoost,87,227,Untargeted Causal (Karimi 2021),True,"['diabetespedigreefunction', 'glucose']",419,0.5641140937805176,2.0589552238805973,2.0,0.03065505047952811,0.4589929219884697,2.3558616592879864,100.0,2.0589552238805973
diabetes,XGBoost,87,227,Wachter's CE,True,"['bloodpressure', 'bmi', 'diabetespedigreefunction', 'glucose', 'skinthickness']",500,0.03926658630371094,10.266301643954144,5.0,0.6306042778347021,1.5281482935856632,3.168032620957601,89.24474747615746,10.266301643954144
diabetes,XGBoost,87,227,SHAP-Targeted CE,True,"['bmi', 'diabetespedigreefunction', 'glucose']",343,0.016533851623535156,5.014995673804889,3.0,0.11862123160990871,0.4244119623877348,2.0870593258887107,100.0,5.014995673804889
diabetes,XGBoost,88,230,Actionable CBFI (Proposed),True,"['bmi', 'glucose', 'insulin']",204,0.29099106788635254,2.80535055808856,3.0,0.047247204825325205,0.9455637405245255,2.7969350087985765,78.34408005158619,2.80535055808856
diabetes,XGBoost,88,230,Untargeted Causal (Karimi 2021),True,"['bmi', 'glucose', 'insulin']",420,0.5631327629089355,2.80535055808856,3.0,0.047247204825325205,0.9455637405245255,2.7969350087985765,78.34408005158619,2.80535055808856
diabetes,XGBoost,88,230,Wachter's CE,True,"['bloodpressure', 'bmi', 'diabetespedigreefunction', 'glucose']",500,0.038054704666137695,12.336948410123295,4.0,0.8569754891649636,0.8927795236602891,4.332477214993077,100.0,12.336948410123295
diabetes,XGBoost,88,230,SHAP-Targeted CE,True,"['bmi', 'diabetespedigreefunction', 'glucose']",343,0.016721487045288086,3.3391466580142763,3.0,0.03852673822577276,1.02203041004064,3.310586561548129,100.0,3.3391466580142763
diabetes,XGBoost,89,231,Actionable CBFI (Proposed),True,"['bloodpressure', 'diabetespedigreefunction', 'glucose', 'insulin']",204,0.30005979537963867,2.476854482961034,4.0,0.0,1.0071535591227796,3.814772025172363,87.01455396041207,2.476854482961034
diabetes,XGBoost,89,231,Untargeted Causal (Karimi 2021),True,"['bloodpressure', 'diabetespedigreefunction', 'glucose', 'insulin']",400,0.5849974155426025,2.476854482961034,4.0,0.0,1.0071535591227796,3.814772025172363,87.01455396041207,2.476854482961034
diabetes,XGBoost,89,231,Wachter's CE,True,"['bloodpressure', 'bmi', 'diabetespedigreefunction', 'glucose', 'insulin', 'skinthickness']",500,0.0359952449798584,13.051262131963131,6.0,0.0,4.006155164867254,5.5353271367482995,78.86382003921035,13.051262131963131
diabetes,XGBoost,89,231,SHAP-Targeted CE,True,"['bmi', 'diabetespedigreefunction', 'glucose']",343,0.0163266658782959,2.999064460307161,3.0,0.03276539237526377,1.4785366739280765,4.157791816940142,100.0,2.999064460307161
diabetes,XGBoost,90,235,Actionable CBFI (Proposed),True,"['diabetespedigreefunction', 'glucose']",180,0.25909972190856934,2.2519402985074626,2.0,0.01289796134127698,1.1769506510653696,2.8808813512325164,100.0,2.2519402985074626
diabetes,XGBoost,90,235,Untargeted Causal (Karimi 2021),True,"['diabetespedigreefunction', 'glucose']",420,0.5725631713867188,2.2519402985074626,2.0,0.01289796134127698,1.1769506510653696,2.8808813512325164,100.0,2.2519402985074626
diabetes,XGBoost,90,235,Wachter's CE,True,"['bloodpressure', 'bmi', 'diabetespedigreefunction', 'glucose']",500,0.038181304931640625,12.0630515898767,4.0,0.6063873954053481,2.390316112384862,4.612424000109433,79.79367010213612,12.0630515898767
diabetes,XGBoost,90,235,SHAP-Targeted CE,True,"['bmi', 'diabetespedigreefunction', 'glucose']",343,0.030237674713134766,3.8850584036340035,3.0,0.1093719650396698,0.9233519042590459,2.998763410941629,100.0,3.8850584036340035
diabetes,XGBoost,91,236,Actionable CBFI (Proposed),True,"['diabetespedigreefunction', 'glucose', 'insulin']",194,0.2837200164794922,5.588122753017916,3.0,0.0,0.062346855469524065,1.7863372923191643,64.18730994598627,5.588122753017916
diabetes,XGBoost,91,236,Untargeted Causal (Karimi 2021),True,"['bmi', 'diabetespedigreefunction', 'glucose', 'insulin', 'skinthickness']",413,0.6233162879943848,5.443077733215604,5.0,0.002174676304441055,0.1121563570279935,2.079549298879725,74.70090915798201,5.443077733215604
diabetes,XGBoost,91,236,Wachter's CE,True,"['bloodpressure', 'bmi', 'diabetespedigreefunction', 'glucose', 'insulin', 'skinthickness']",500,0.03618454933166504,15.42540039467665,6.0,0.0,3.2005339842205602,5.877767324872186,77.21716018789444,15.42540039467665
diabetes,XGBoost,91,236,SHAP-Targeted CE,True,"['bmi', 'diabetespedigreefunction', 'glucose']",343,0.015707731246948242,5.288357127406446,3.0,0.16927733756500973,0.5232202102388381,2.5293975827740045,100.0,5.288357127406446
diabetes,XGBoost,92,237,Actionable CBFI (Proposed),True,"['bloodpressure', 'glucose']",188,0.25331687927246094,2.5999999999999996,2.0,0.030572945401545374,0.6164006521386786,2.6533768248523195,100.0,2.5999999999999996
diabetes,XGBoost,92,237,Untargeted Causal (Karimi 2021),True,"['bloodpressure', 'glucose']",428,0.6364905834197998,2.5999999999999996,2.0,0.030572945401545374,0.6164006521386786,2.6533768248523195,100.0,2.5999999999999996
diabetes,XGBoost,92,237,Wachter's CE,True,"['bloodpressure', 'bmi', 'diabetespedigreefunction', 'glucose', 'skinthickness']",500,0.03862428665161133,11.583784879948082,5.0,0.5149383966774564,2.284732101452624,5.850489555609961,97.22173398811947,11.583784879948082
diabetes,XGBoost,92,237,SHAP-Targeted CE,True,"['bmi', 'diabetespedigreefunction', 'glucose']",343,0.01827549934387207,5.143526930564567,3.0,0.1379607393653242,0.37745167552599834,2.8385824244471625,79.95838682172254,5.143526930564567
diabetes,XGBoost,93,238,Actionable CBFI (Proposed),True,"['bmi', 'diabetespedigreefunction', 'skinthickness']",196,0.2839548587799072,2.424918883841661,3.0,0.008891380983516599,1.3863784950671065,3.3443578127700566,100.0,2.424918883841661
diabetes,XGBoost,93,238,Untargeted Causal (Karimi 2021),True,"['bmi', 'glucose', 'skinthickness']",413,0.6229679584503174,2.1652173913043473,3.0,0.029222621801464083,0.9944469727066794,3.0237329062104346,100.0,2.1652173913043473
diabetes,XGBoost,93,238,Wachter's CE,True,"['bloodpressure', 'bmi', 'diabetespedigreefunction', 'glucose', 'skinthickness']",500,0.03506040573120117,11.45693543153796,5.0,0.3558597504389563,1.2393289749137808,4.491821689338698,91.81718352519202,11.45693543153796
diabetes,XGBoost,93,238,SHAP-Targeted CE,True,"['bmi', 'diabetespedigreefunction', 'glucose']",343,0.020160913467407227,5.223507462686565,3.0,0.20643444217430573,0.9151512584837981,3.0703670029940455,100.0,5.223507462686565
diabetes,XGBoost,94,242,Actionable CBFI (Proposed),True,"['bloodpressure', 'diabetespedigreefunction']",197,0.23882126808166504,1.0616417910447769,2.0,0.0,0.4517300629114855,2.112364283865816,99.99999999999997,1.0616417910447769
diabetes,XGBoost,94,242,Untargeted Causal (Karimi 2021),True,"['diabetespedigreefunction', 'glucose']",425,0.5238900184631348,0.9922388059701497,2.0,0.0014331068156974395,0.5932306466389378,2.3015034130747676,100.0,0.9922388059701497
diabetes,XGBoost,94,242,Wachter's CE,True,"['bloodpressure', 'bmi', 'diabetespedigreefunction', 'glucose']",500,0.053345680236816406,6.70280661907852,4.0,0.1547780772588827,0.13848514879990997,2.4327051364395316,71.37798582150785,6.70280661907852
diabetes,XGBoost,94,242,SHAP-Targeted CE,True,"['bmi', 'diabetespedigreefunction', 'glucose']",343,0.016536712646484375,2.95389357560026,3.0,0.012869295968956272,0.3156448433150171,2.321994286474049,76.20433733528121,2.95389357560026
diabetes,XGBoost,95,243,Actionable CBFI (Proposed),True,['bmi'],200,0.2727360725402832,0.2608695652173918,1.0,0.001141580074898663,0.41790935058931156,3.162106353718063,100.0,0.2608695652173918
diabetes,XGBoost,95,243,Untargeted Causal (Karimi 2021),True,['bmi'],430,0.5804164409637451,0.2608695652173918,1.0,0.001141580074898663,0.41790935058931156,3.162106353718063,100.0,0.2608695652173918
diabetes,XGBoost,95,243,Wachter's CE,True,"['bloodpressure', 'bmi', 'diabetespedigreefunction', 'glucose', 'insulin', 'skinthickness']",500,0.037157297134399414,9.590237692506816,6.0,0.0,0.43932919895696,1.6892508118828538,72.09209498195546,9.590237692506816
diabetes,XGBoost,95,243,SHAP-Targeted CE,True,"['bmi', 'diabetespedigreefunction', 'glucose']",343,0.01607823371887207,2.41592580575384,3.0,0.037978814978814154,0.6094910531682437,3.2934123361377177,59.642800384104866,2.41592580575384
diabetes,XGBoost,96,245,Actionable CBFI (Proposed),True,"['bmi', 'diabetespedigreefunction', 'glucose']",184,0.3288106918334961,5.881602855288774,3.0,0.059249065471127425,0.41755841296951823,2.3877890674648983,100.0,5.881602855288774
diabetes,XGBoost,96,245,Untargeted Causal (Karimi 2021),True,"['bmi', 'diabetespedigreefunction', 'glucose']",416,0.6281983852386475,5.881602855288774,3.0,0.059249065471127425,0.41755841296951823,2.3877890674648983,100.0,5.881602855288774
diabetes,XGBoost,96,245,Wachter's CE,True,"['bloodpressure', 'bmi', 'diabetespedigreefunction', 'glucose', 'skinthickness']",500,0.03496503829956055,9.377425373134328,5.0,0.5198070737955696,0.784837655686241,4.226665219901109,78.00569007023059,9.377425373134328
diabetes,XGBoost,96,245,SHAP-Targeted CE,True,"['bmi', 'diabetespedigreefunction', 'glucose']",343,0.016158103942871094,4.441012329656067,3.0,0.14757803719246,0.3586569935484838,3.535085265274971,100.0,4.441012329656067
diabetes,XGBoost,97,254,Actionable CBFI (Proposed),True,['bmi'],178,0.25013279914855957,0.36956521739130493,1.0,0.0022910877892063433,1.8275580060780054,4.278192214656617,99.99999999999996,0.36956521739130493
diabetes,XGBoost,97,254,Untargeted Causal (Karimi 2021),True,['bmi'],404,0.626523494720459,0.36956521739130493,1.0,0.0022910877892063433,1.8275580060780054,4.278192214656617,99.99999999999996,0.36956521739130493
diabetes,XGBoost,97,254,Wachter's CE,True,"['bloodpressure', 'bmi', 'diabetespedigreefunction', 'glucose', 'insulin', 'skinthickness']",500,0.03504061698913574,15.482667560274182,6.0,0.0,4.689928306868731,5.974843625747393,76.8020164956441,15.482667560274182
diabetes,XGBoost,97,254,SHAP-Targeted CE,True,"['bmi', 'diabetespedigreefunction', 'glucose']",343,0.014668941497802734,1.914671209171534,3.0,0.025311350492274762,1.6744776668332673,4.155259171410195,80.41439187032744,1.914671209171534
diabetes,XGBoost,98,255,Actionable CBFI (Proposed),True,['diabetespedigreefunction'],204,0.259357213973999,0.5301492537313431,1.0,0.0,0.23692264354860876,1.8818529028062725,100.0,0.5301492537313431
diabetes,XGBoost,98,255,Untargeted Causal (Karimi 2021),True,['diabetespedigreefunction'],414,0.4802415370941162,0.5301492537313431,1.0,0.0,0.23692264354860876,1.8818529028062725,100.0,0.5301492537313431
diabetes,XGBoost,98,255,Wachter's CE,True,"['bloodpressure', 'bmi', 'diabetespedigreefunction', 'glucose', 'skinthickness']",500,0.038117170333862305,8.934439216958685,5.0,0.1796615526708407,1.440757647473847,3.1618004942944533,90.4396163438512,8.934439216958685
diabetes,XGBoost,98,255,SHAP-Targeted CE,True,"['bmi', 'diabetespedigreefunction', 'glucose']",343,0.05775737762451172,1.131640709495999,3.0,0.004136583332563454,0.23890195545990128,1.8299959834404518,100.0,1.131640709495999
diabetes,XGBoost,99,259,Actionable CBFI (Proposed),True,"['bmi', 'glucose', 'insulin']",190,0.2694821357727051,5.552585397590016,3.0,0.0673063719103748,0.6168817793185146,3.8527250840492515,100.0,5.552585397590016
diabetes,XGBoost,99,259,Untargeted Causal (Karimi 2021),True,"['bmi', 'glucose', 'insulin']",410,0.5775976181030273,5.552585397590016,3.0,0.0673063719103748,0.6168817793185146,3.8527250840492515,100.0,5.552585397590016
diabetes,XGBoost,99,259,Wachter's CE,True,"['bloodpressure', 'bmi', 'diabetespedigreefunction', 'glucose', 'insulin', 'skinthickness']",500,0.03493690490722656,16.177152946954465,6.0,0.0,0.9932185576891689,4.45905197123904,73.59959847485173,16.177152946954465
diabetes,XGBoost,99,259,SHAP-Targeted CE,True,"['bmi', 'diabetespedigreefunction', 'glucose']",343,0.015384912490844727,5.20293099718797,3.0,0.1488377295816111,0.6292508531372331,4.624379936678594,100.0,5.20293099718797
diabetes,XGBoost,100,261,Actionable CBFI (Proposed),True,"['bmi', 'diabetespedigreefunction']",204,0.272808313369751,1.333095392602206,2.0,0.013326361846560029,2.5332572426650555,3.948525171220572,100.0,1.333095392602206
diabetes,XGBoost,100,261,Untargeted Causal (Karimi 2021),True,"['bmi', 'diabetespedigreefunction']",415,0.5805792808532715,1.333095392602206,2.0,0.013326361846560029,2.5332572426650555,3.948525171220572,100.0,1.333095392602206
diabetes,XGBoost,100,261,Wachter's CE,True,"['bmi', 'diabetespedigreefunction', 'glucose', 'skinthickness']",500,0.03756523132324219,11.049351070733291,4.0,0.04218700817500191,3.171313288270882,5.022068769504954,62.66749084544886,11.049351070733291
diabetes,XGBoost,100,261,SHAP-Targeted CE,True,"['bmi', 'diabetespedigreefunction', 'glucose']",343,0.016469478607177734,3.42982370754921,3.0,0.039461808951170727,2.9394182845669734,4.2043469125783135,100.0,3.42982370754921
