Dataset,Model_Architecture,Instance,Original_Row_Index,Method,Success,Intervention_Nodes,Evaluations,Time (s),Recourse Cost (Pure MAD),Sparsity (L0),R_SCM,R_0,D_M,RCR (%),Reported_Minimum_Cost
adult,RandomForest,1,0,Actionable CBFI (Proposed),True,"['hours_per_week', 'marital_status']",271,1.6247613430023193,2.666666666666667,2.0,0.00030070452547387193,0.550641472257797,3.3774265331653957,100.0,2.666666666666667
adult,RandomForest,1,0,Untargeted Causal (Karimi 2021),True,"['marital_status', 'race']",422,2.4536848068237305,2.1820647547277505,2.0,0.0,0.4429509655166575,3.4234094507369637,45.82815417523056,2.1820526537613154
adult,RandomForest,1,0,Wachter's CE,True,"['capital_gain', 'hours_per_week', 'marital_status', 'occupation', 'race', 'sex', 'workclass']",500,0.05548882484436035,11.72453879938551,7.0,0.0,3.6170979501125653,5.073207042142183,79.83605538855475,11.72453879938551
adult,RandomForest,1,0,SHAP-Targeted CE,True,"['capital_gain', 'hours_per_week']",343,0.02789592742919922,4.055905971563297,2.0,0.0,1.9212502985811744,4.072341012060346,100.0,4.055905971563297
adult,RandomForest,2,1,Actionable CBFI (Proposed),True,['sex'],234,1.2138185501098633,2.1242302979482655,1.0,0.0,2.3920507367684922,3.6919022978782623,100.0,2.1242085518980316
adult,RandomForest,2,1,Untargeted Causal (Karimi 2021),True,['sex'],410,2.3119776248931885,2.1242302979482655,1.0,0.0,2.3920507367684922,3.6919022978782623,100.0,2.1242085518980316
adult,RandomForest,2,1,Wachter's CE,True,"['capital_gain', 'hours_per_week', 'marital_status', 'occupation', 'race', 'sex', 'workclass']",500,0.05551958084106445,12.240899559092032,7.0,0.0,7.7078845812526495,6.46200834823325,76.60196870639182,12.240899559092032
adult,RandomForest,2,1,SHAP-Targeted CE,True,"['capital_gain', 'hours_per_week']",343,0.027655839920043945,3.680975308113675,2.0,0.0,3.2103563858267123,3.9448185710163965,100.0,3.680975308113675
adult,RandomForest,3,2,Actionable CBFI (Proposed),True,"['hours_per_week', 'marital_status']",249,1.5523428916931152,3.666666666666667,2.0,0.0007698035852131117,0.21536461055382064,1.1343985560123309,100.0,3.666666666666667
adult,RandomForest,3,2,Untargeted Causal (Karimi 2021),True,"['marital_status', 'occupation', 'race']",401,2.5282280445098877,3.4320647547277505,3.0,0.0,0.06127289480661106,1.6788842967202462,65.55820361199687,3.4320526537613154
adult,RandomForest,3,2,Wachter's CE,True,"['capital_gain', 'hours_per_week', 'occupation', 'race', 'sex', 'workclass']",500,0.05446624755859375,12.789141891830297,6.0,0.0,3.7345463014577853,5.159408639654809,82.45245910411343,12.789141891830297
adult,RandomForest,3,2,SHAP-Targeted CE,True,"['capital_gain', 'hours_per_week']",343,0.02805948257446289,4.347641974780343,2.0,0.0,1.7142376085345237,3.08727625141692,100.0,4.347641974780343
adult,RandomForest,4,3,Actionable CBFI (Proposed),True,"['occupation', 'sex']",238,1.4830873012542725,2.6242302979482655,2.0,0.0,0.5074882287071117,3.009911137184886,100.0,2.6242085518980316
adult,RandomForest,4,3,Untargeted Causal (Karimi 2021),True,"['occupation', 'sex']",401,2.5233113765716553,2.6242302979482655,2.0,0.0,0.5074882287071117,3.009911137184886,100.0,2.6242085518980316
adult,RandomForest,4,3,Wachter's CE,True,"['capital_gain', 'hours_per_week', 'marital_status', 'occupation', 'sex', 'workclass']",500,0.054796457290649414,11.451019562615482,6.0,0.0,4.229192687269978,5.404635607918119,65.22726786450656,11.451019562615482
adult,RandomForest,4,3,SHAP-Targeted CE,True,"['capital_gain', 'hours_per_week']",343,0.027577638626098633,4.347641974780343,2.0,0.0,2.167648927141277,3.527626292147779,100.0,4.347641974780343
adult,RandomForest,5,4,Actionable CBFI (Proposed),True,['race'],294,1.7576048374176025,2.364129509455501,1.0,0.0,0.4717020165873452,2.2896982259743286,100.0,2.364105307522631
adult,RandomForest,5,4,Untargeted Causal (Karimi 2021),True,['race'],406,2.371403932571411,2.364129509455501,1.0,0.0,0.4717020165873452,2.2896982259743286,100.0,2.364105307522631
adult,RandomForest,5,4,Wachter's CE,True,"['capital_gain', 'hours_per_week', 'marital_status', 'occupation', 'race', 'sex', 'workclass']",500,0.05413961410522461,12.789141891830301,7.0,0.0,3.7724598366865094,5.2425781125884,52.40784169668788,12.789141891830301
adult,RandomForest,5,4,SHAP-Targeted CE,True,['hours_per_week'],343,0.027748823165893555,3.333333333333333,1.0,0.001202818101895487,0.6198789441074876,3.081734406857904,100.0,3.333333333333333
adult,RandomForest,6,5,Actionable CBFI (Proposed),True,['marital_status'],246,1.3323864936828613,0.5,1.0,0.0,0.830769095453063,2.318963119199914,100.0,0.5
adult,RandomForest,6,5,Untargeted Causal (Karimi 2021),True,['marital_status'],410,2.303602695465088,0.5,1.0,0.0,0.830769095453063,2.318963119199914,100.0,0.5
adult,RandomForest,6,5,Wachter's CE,True,"['hours_per_week', 'marital_status', 'occupation', 'race', 'sex', 'workclass']",500,0.05718564987182617,11.392417531294885,6.0,0.0012028181018954864,0.9285286417060737,4.79267048013682,68.87232885871781,11.392417531294885
adult,RandomForest,6,5,SHAP-Targeted CE,True,['hours_per_week'],343,0.027460336685180664,2.1111111111111116,1.0,0.00048246370531585713,0.9942538175021333,2.41268117213868,100.0,2.1111111111111116
adult,RandomForest,7,6,Actionable CBFI (Proposed),True,['capital_gain'],242,1.5066323280334473,13.419185182015388,1.0,0.0,63.701780392705025,14.244693292172872,100.0,13.419047807891996
adult,RandomForest,7,6,Untargeted Causal (Karimi 2021),True,['capital_gain'],384,2.4069032669067383,13.419185182015388,1.0,0.0,63.701780392705025,14.244693292172872,100.0,13.419047807891996
adult,RandomForest,7,6,Wachter's CE,True,"['capital_gain', 'hours_per_week', 'occupation', 'race', 'sex']",500,0.054927825927734375,12.03104095393348,5.0,0.0,8.501322162759362,6.739055863661225,80.34975096080474,12.03104095393348
adult,RandomForest,7,6,SHAP-Targeted CE,True,"['capital_gain', 'hours_per_week']",343,0.028173446655273438,2.680975308113676,2.0,0.0,4.107210380140895,4.3002254853473865,100.0,2.680975308113676
adult,RandomForest,8,12,Actionable CBFI (Proposed),True,['capital_gain'],257,1.6198961734771729,13.419185182015388,1.0,0.0,59.482884642140874,13.766191895339414,100.0,13.419047807891996
adult,RandomForest,8,12,Untargeted Causal (Karimi 2021),True,['capital_gain'],406,2.5320756435394287,13.419185182015388,1.0,0.0,59.482884642140874,13.766191895339414,100.0,13.419047807891996
adult,RandomForest,8,12,Wachter's CE,True,"['capital_gain', 'capital_loss', 'hours_per_week', 'marital_status', 'occupation', 'sex']",500,0.055409908294677734,10.36914183523365,6.0,0.0,4.494059874265175,4.832622818220021,100.0,10.36914183523365
adult,RandomForest,8,12,SHAP-Targeted CE,True,"['capital_gain', 'hours_per_week']",343,0.027997255325317383,3.458753085891453,2.0,0.0,2.023790862754679,3.4450683533032063,100.0,3.458753085891453
adult,RandomForest,9,13,Actionable CBFI (Proposed),True,"['marital_status', 'occupation']",339,2.0948619842529297,3.0,2.0,0.0,0.3767601791719081,2.641225595887482,100.0,3.0
adult,RandomForest,9,13,Untargeted Causal (Karimi 2021),True,"['marital_status', 'occupation']",428,2.6092076301574707,3.0,2.0,0.0,0.3767601791719081,2.641225595887482,100.0,3.0
adult,RandomForest,9,13,Wachter's CE,True,"['capital_gain', 'marital_status', 'occupation', 'sex', 'workclass']",500,0.05898571014404297,8.11768622928215,5.0,6.162975822039155e-33,3.583497911692811,5.039680470628032,93.45801796857542,8.11768622928215
adult,RandomForest,9,13,SHAP-Targeted CE,True,['capital_gain'],343,0.028043270111083984,2.236530863669232,1.0,6.162975822039155e-33,1.6809069501616702,3.4862481312495714,100.0,2.236530863669232
adult,RandomForest,10,15,Actionable CBFI (Proposed),False,[],293,1.898871660232544,,,,,,,
adult,RandomForest,10,15,Untargeted Causal (Karimi 2021),True,['capital_gain'],411,2.6148319244384766,13.419185182015388,1.0,0.0,63.183489855092894,14.766893989035527,1.7086389675639268e-15,13.419047807891996
adult,RandomForest,10,15,Wachter's CE,True,"['capital_gain', 'capital_loss', 'hours_per_week', 'marital_status', 'race', 'sex']",500,0.05368328094482422,10.217873256628065,6.0,0.0,6.255376094088902,6.524157221140025,67.16737219922277,10.217873256628065
adult,RandomForest,10,15,SHAP-Targeted CE,True,"['capital_gain', 'hours_per_week']",343,0.027547597885131836,3.9031975303358974,2.0,0.0,4.0952473327143215,5.996432580104789,42.70003384950999,3.9031975303358974
adult,RandomForest,11,16,Actionable CBFI (Proposed),True,['capital_gain'],282,1.7563049793243408,13.419185182015388,1.0,0.0,60.095987851463555,13.759281886856522,100.0,13.419047807891996
adult,RandomForest,11,16,Untargeted Causal (Karimi 2021),True,['capital_gain'],390,2.4737186431884766,13.419185182015388,1.0,0.0,60.095987851463555,13.759281886856522,100.0,13.419047807891996
adult,RandomForest,11,16,Wachter's CE,True,"['capital_gain', 'capital_loss', 'hours_per_week', 'marital_status', 'occupation', 'sex', 'workclass']",500,0.05422186851501465,12.401724681545934,7.0,0.0,4.291279339333406,4.808793191390717,80.42182526247564,12.401724681545934
adult,RandomForest,11,16,SHAP-Targeted CE,True,"['capital_gain', 'hours_per_week']",343,0.026978254318237305,2.6809753081136765,2.0,0.0,1.7840342392016222,3.2603052860283617,100.0,2.6809753081136765
adult,RandomForest,12,17,Actionable CBFI (Proposed),True,['marital_status'],248,1.5508089065551758,1.0,1.0,0.0,0.05686208955130282,1.191995022877106,100.0,1.0
adult,RandomForest,12,17,Untargeted Causal (Karimi 2021),True,['marital_status'],417,2.6395416259765625,1.0,1.0,0.0,0.05686208955130282,1.191995022877106,100.0,1.0
adult,RandomForest,12,17,Wachter's CE,True,"['capital_gain', 'capital_loss', 'hours_per_week', 'marital_status', 'sex']",500,0.06665396690368652,12.202475168566984,5.0,0.0,4.240660706505865,4.724435099208403,100.0,12.202475168566984
adult,RandomForest,12,17,SHAP-Targeted CE,True,"['hours_per_week', 'marital_status']",343,0.02721405029296875,4.333333333333333,2.0,0.0012028181018954864,0.30787981667641234,1.3543365637165667,100.0,4.333333333333333
adult,RandomForest,13,18,Actionable CBFI (Proposed),True,['capital_gain'],205,1.2921321392059326,13.419185182015388,1.0,0.0,60.33780302530283,13.708727373841981,100.0,13.419047807891996
adult,RandomForest,13,18,Untargeted Causal (Karimi 2021),True,"['capital_loss', 'marital_status', 'occupation']",398,2.519274950027466,11.808921563022679,3.0,0.0,0.7756130230850856,10.99436890382139,95.76591310788572,11.808810910542338
adult,RandomForest,13,18,Wachter's CE,True,"['capital_gain', 'marital_status', 'occupation', 'race', 'sex', 'workclass']",500,0.05418539047241211,9.705808558496965,6.0,6.162975822039155e-33,4.411502339313185,5.376677240616084,77.51794977640004,9.705808558496965
adult,RandomForest,13,18,SHAP-Targeted CE,True,['capital_gain'],343,0.027146339416503906,2.236530863669232,1.0,6.162975822039155e-33,2.365860849879646,3.0970692572195078,100.0,2.236530863669232
adult,RandomForest,14,21,Actionable CBFI (Proposed),True,['capital_gain'],269,1.734227180480957,13.419185182015388,1.0,0.0,60.352827063699145,13.991133625836346,100.0,13.419047807891996
adult,RandomForest,14,21,Untargeted Causal (Karimi 2021),True,"['marital_status', 'occupation', 'race']",401,2.5049054622650146,4.864129509455501,3.0,0.0,0.9934903464464314,2.5618365998317834,51.396657822128056,4.864105307522631
adult,RandomForest,14,21,Wachter's CE,True,"['capital_gain', 'capital_loss', 'hours_per_week', 'marital_status', 'occupation', 'race', 'sex']",500,0.0540766716003418,11.816604678022482,7.0,0.0,4.093202487555041,4.8457035213614,71.00482962925845,11.816604678022482
adult,RandomForest,14,21,SHAP-Targeted CE,True,"['capital_gain', 'hours_per_week']",343,0.02758646011352539,3.1254197525581207,2.0,0.0,2.8230074139099828,4.168081039970929,100.0,3.1254197525581207
adult,RandomForest,15,22,Actionable CBFI (Proposed),False,[],270,1.7402300834655762,,,,,,,
adult,RandomForest,15,22,Untargeted Causal (Karimi 2021),True,['capital_gain'],423,2.688896656036377,13.419185182015388,1.0,0.0,62.2481640457,14.17523560502251,0.0,13.419047807891996
adult,RandomForest,15,22,Wachter's CE,True,"['capital_gain', 'hours_per_week', 'marital_status', 'occupation', 'race', 'sex', 'workclass']",500,0.05627179145812988,10.834210047874805,7.0,0.0,5.541173946745971,5.469969456580323,38.26841459337318,10.834210047874805
adult,RandomForest,15,22,SHAP-Targeted CE,True,"['capital_gain', 'hours_per_week']",343,0.028270244598388672,4.347641974780343,2.0,0.0,3.180791895851419,4.282585309096588,0.0,4.347641974780343
adult,RandomForest,16,23,Actionable CBFI (Proposed),True,"['capital_loss', 'marital_status', 'occupation']",250,1.540029764175415,8.491929406986795,3.0,0.0,0.4902898985696533,11.162200787491171,100.0,8.491870626031904
adult,RandomForest,16,23,Untargeted Causal (Karimi 2021),True,"['capital_loss', 'marital_status', 'occupation']",407,2.576554298400879,8.491929406986795,3.0,0.0,0.4902898985696533,11.162200787491171,100.0,8.491870626031904
adult,RandomForest,16,23,Wachter's CE,True,"['capital_gain', 'capital_loss', 'hours_per_week', 'marital_status', 'sex', 'workclass']",500,0.054662227630615234,10.172572008445322,6.0,0.0,4.349821098496833,7.052515133115593,86.5725582624372,10.172572008445322
adult,RandomForest,16,23,SHAP-Targeted CE,True,"['capital_gain', 'hours_per_week']",343,0.027117490768432617,4.347641974780343,2.0,0.0,2.2102157554710375,6.0741283824887145,100.0,4.347641974780343
adult,RandomForest,17,24,Actionable CBFI (Proposed),True,['marital_status'],260,1.595909595489502,1.0,1.0,0.0,0.08704549933429613,2.877010936289058,100.0,1.0
adult,RandomForest,17,24,Untargeted Causal (Karimi 2021),True,['marital_status'],410,2.551393985748291,1.0,1.0,0.0,0.08704549933429613,2.877010936289058,100.0,1.0
adult,RandomForest,17,24,Wachter's CE,True,"['capital_gain', 'hours_per_week', 'occupation', 'race', 'sex', 'workclass']",500,0.09088969230651855,12.289141891830297,6.0,0.0,3.470882749120411,5.1975764557975195,90.38122624726486,12.289141891830297
adult,RandomForest,17,24,SHAP-Targeted CE,True,"['capital_gain', 'hours_per_week']",343,0.027269363403320312,4.347641974780343,2.0,0.0,1.6145033802810482,3.9302876472162187,100.0,4.347641974780343
adult,RandomForest,18,26,Actionable CBFI (Proposed),True,['capital_gain'],287,1.7981736660003662,13.419185182015388,1.0,0.0,60.11725186429383,13.749270966334143,100.0,13.419047807891996
adult,RandomForest,18,26,Untargeted Causal (Karimi 2021),True,['capital_gain'],463,2.898960828781128,13.419185182015388,1.0,0.0,60.11725186429383,13.749270966334143,100.0,13.419047807891996
adult,RandomForest,18,26,Wachter's CE,True,"['capital_gain', 'hours_per_week', 'marital_status', 'occupation', 'race', 'sex', 'workclass']",500,0.05115008354187012,13.381297647153115,7.0,3.0814879110195774e-33,3.9869516626764696,5.28591608172739,69.5302208636114,13.381297647153115
adult,RandomForest,18,26,SHAP-Targeted CE,True,"['capital_gain', 'hours_per_week']",343,0.06210207939147949,4.347641974780343,2.0,3.0814879110195774e-33,1.8183259622487278,3.1279731099938255,100.0,4.347641974780343
adult,RandomForest,19,28,Actionable CBFI (Proposed),True,['marital_status'],265,1.64650559425354,1.0,1.0,0.0,3.611752836937873,3.4575261618690596,100.0,1.0
adult,RandomForest,19,28,Untargeted Causal (Karimi 2021),True,['marital_status'],407,2.521381378173828,1.0,1.0,0.0,3.611752836937873,3.4575261618690596,100.0,1.0
adult,RandomForest,19,28,Wachter's CE,True,"['capital_gain', 'hours_per_week', 'occupation', 'sex']",500,0.05581188201904297,8.750244777811313,4.0,0.0,5.867240256589909,4.9879530597952675,100.0,8.750244777811313
adult,RandomForest,19,28,SHAP-Targeted CE,True,"['hours_per_week', 'marital_status']",343,0.027820348739624023,1.8888888888888857,2.0,8.553373169034466e-05,4.096308785849641,3.6725168986456085,100.0,1.8888888888888857
adult,RandomForest,20,30,Actionable CBFI (Proposed),True,"['hours_per_week', 'marital_status', 'occupation']",315,1.9997365474700928,17.416666666666664,3.0,0.026570251870871312,7.625734571572488,5.705287300814502,100.0,17.416666666666664
adult,RandomForest,20,30,Untargeted Causal (Karimi 2021),True,['capital_gain'],400,2.483104705810547,13.419185182015388,1.0,0.0,58.65683109193531,13.690103933907027,0.0,13.419047807891996
adult,RandomForest,20,30,Wachter's CE,True,"['capital_gain', 'hours_per_week', 'marital_status', 'occupation', 'race', 'sex', 'workclass']",500,0.05399465560913086,9.756559045518014,7.0,0.0,3.710282143514435,5.331790526796314,65.61496445773084,9.756559045518014
adult,RandomForest,20,30,SHAP-Targeted CE,True,"['capital_gain', 'hours_per_week']",343,0.027712345123291016,2.9031975303358983,2.0,0.0,1.7737553139837667,3.437981487970579,22.9631866140894,2.9031975303358983
adult,RandomForest,21,31,Actionable CBFI (Proposed),True,"['hours_per_week', 'marital_status', 'occupation', 'race']",301,1.8612334728240967,5.197462842788834,4.0,0.00019245089630327792,0.1691082229773859,2.5313469320956985,100.0,5.197438640855964
adult,RandomForest,21,31,Untargeted Causal (Karimi 2021),True,"['hours_per_week', 'marital_status', 'occupation', 'race']",397,2.482661485671997,5.197462842788834,4.0,0.00019245089630327792,0.1691082229773859,2.5313469320956985,100.0,5.197438640855964
adult,RandomForest,21,31,Wachter's CE,True,"['capital_gain', 'hours_per_week', 'marital_status', 'occupation', 'sex', 'workclass']",500,0.05254220962524414,10.11768622928215,6.0,0.0,3.7957588596214182,5.191808087911598,94.75119545662423,10.11768622928215
adult,RandomForest,21,31,SHAP-Targeted CE,True,"['capital_gain', 'hours_per_week']",343,0.026377439498901367,4.2365308636692305,2.0,0.0,1.7816502981300746,3.6968702158820164,100.0,4.2365308636692305
adult,RandomForest,22,32,Actionable CBFI (Proposed),True,['hours_per_week'],256,1.4812591075897217,2.666666666666667,1.0,0.0007698035852131117,0.5178386674478129,3.8566724886310935,100.0,2.666666666666667
adult,RandomForest,22,32,Untargeted Causal (Karimi 2021),True,['hours_per_week'],414,2.386434555053711,2.666666666666667,1.0,0.0007698035852131117,0.5178386674478129,3.8566724886310935,100.0,2.666666666666667
adult,RandomForest,22,32,Wachter's CE,True,"['capital_loss', 'hours_per_week', 'marital_status', 'occupation', 'sex', 'workclass']",500,0.054241180419921875,8.54703261501265,6.0,0.0012028181018954864,0.5739366301846899,5.639996070927204,100.0,8.54703261501265
adult,RandomForest,22,32,SHAP-Targeted CE,True,['hours_per_week'],343,0.0279386043548584,3.333333333333333,1.0,0.0012028181018954864,0.5739366301846899,3.860731172190292,100.0,3.333333333333333
adult,RandomForest,23,33,Actionable CBFI (Proposed),True,['workclass'],298,1.8053672313690186,2.0488742694684268,1.0,0.0,0.003134849040371804,1.8814783971583677,100.0,2.0488532948486644
adult,RandomForest,23,33,Untargeted Causal (Karimi 2021),True,['workclass'],452,2.7168009281158447,2.0488742694684268,1.0,0.0,0.003134849040371804,1.8814783971583677,100.0,2.0488532948486644
adult,RandomForest,23,33,Wachter's CE,True,"['capital_gain', 'hours_per_week', 'marital_status', 'occupation', 'race', 'sex', 'workclass']",500,0.05584073066711426,12.198339557330307,7.0,0.0,3.659084066803917,5.049011516470732,43.42680389200914,12.198339557330307
adult,RandomForest,23,33,SHAP-Targeted CE,True,['hours_per_week'],343,0.02780604362487793,3.333333333333333,1.0,0.001202818101895487,0.2309130944008285,2.7006618590792426,100.0,3.333333333333333
adult,RandomForest,24,34,Actionable CBFI (Proposed),True,['capital_gain'],239,1.4814462661743164,13.419185182015388,1.0,0.0,61.91867299039682,14.249278702249079,100.0,13.419047807891996
adult,RandomForest,24,34,Untargeted Causal (Karimi 2021),True,['capital_gain'],401,2.5006368160247803,13.419185182015388,1.0,0.0,61.91867299039682,14.249278702249079,100.0,13.419047807891996
adult,RandomForest,24,34,Wachter's CE,True,"['capital_gain', 'hours_per_week', 'marital_status', 'occupation', 'sex', 'workclass']",500,0.05336713790893555,10.860478626480388,6.0,0.0,7.256627794177764,6.4378063970191235,95.39615133737401,10.860478626480388
adult,RandomForest,24,34,SHAP-Targeted CE,True,"['capital_gain', 'hours_per_week']",343,0.027690887451171875,3.014308641447009,2.0,0.0,2.805197353310758,4.71845369071676,100.0,3.014308641447009
adult,RandomForest,25,35,Actionable CBFI (Proposed),True,"['marital_status', 'occupation']",242,1.4658236503601074,2.75,2.0,0.0,0.4984333852374079,2.510540861097081,100.0,2.75
adult,RandomForest,25,35,Untargeted Causal (Karimi 2021),True,"['marital_status', 'occupation']",395,2.4434964656829834,2.75,2.0,0.0,0.4984333852374079,2.510540861097081,100.0,2.75
adult,RandomForest,25,35,Wachter's CE,True,"['capital_gain', 'capital_loss', 'hours_per_week', 'marital_status', 'sex']",500,0.05479121208190918,12.202475168566984,5.0,0.0,4.675646032536147,4.958439202071769,91.2959040333875,12.202475168566984
adult,RandomForest,25,35,SHAP-Targeted CE,True,"['capital_gain', 'hours_per_week']",343,0.028724193572998047,4.347641974780343,2.0,0.0,2.1884766629051824,3.008296549871157,100.0,4.347641974780343
adult,RandomForest,26,36,Actionable CBFI (Proposed),True,['capital_gain'],249,1.5424370765686035,13.419185182015388,1.0,0.0,59.57926416422088,13.642008789234572,100.0,13.419047807891996
adult,RandomForest,26,36,Untargeted Causal (Karimi 2021),True,['capital_loss'],397,2.4784603118896484,10.808921563022679,1.0,0.0,0.0019340511238899402,10.848998099256805,0.0,10.808810910542338
adult,RandomForest,26,36,Wachter's CE,True,"['capital_gain', 'capital_loss', 'hours_per_week', 'marital_status', 'sex']",500,0.053981781005859375,12.202475168566984,5.0,0.0,4.212213897011729,4.830480317635166,77.85506339142987,12.202475168566984
adult,RandomForest,26,36,SHAP-Targeted CE,True,"['capital_gain', 'hours_per_week']",343,0.027831554412841797,4.347641974780343,2.0,0.0,1.7080776730425349,2.8711184923117807,100.0,4.347641974780343
adult,RandomForest,27,37,Actionable CBFI (Proposed),True,['capital_gain'],249,1.5986526012420654,13.419185182015388,1.0,0.0,61.16782288062444,14.059093313649626,100.0,13.419047807891996
adult,RandomForest,27,37,Untargeted Causal (Karimi 2021),True,['capital_gain'],415,2.595715045928955,13.419185182015388,1.0,0.0,61.16782288062444,14.059093313649626,100.0,13.419047807891996
adult,RandomForest,27,37,Wachter's CE,True,"['capital_gain', 'hours_per_week', 'marital_status', 'occupation', 'race', 'sex', 'workclass']",500,0.05173516273498535,14.15933627539523,7.0,3.0814879110195774e-33,15.759955694559366,8.43770692684795,79.77214854037675,14.15933627539523
adult,RandomForest,27,37,SHAP-Targeted CE,True,"['capital_gain', 'hours_per_week']",343,0.025546550750732422,4.792086419224787,2.0,3.0814879110195774e-33,2.863299201796855,4.17078216033335,100.0,4.792086419224787
adult,RandomForest,28,39,Actionable CBFI (Proposed),True,['workclass'],240,1.3530702590942383,1.3659161796456178,1.0,0.0,0.21270465685367881,1.5491030411422442,100.0,1.3659021965657765
adult,RandomForest,28,39,Untargeted Causal (Karimi 2021),True,['workclass'],393,2.2779905796051025,1.3659161796456178,1.0,0.0,0.21270465685367881,1.5491030411422442,100.0,1.3659021965657765
adult,RandomForest,28,39,Wachter's CE,True,"['capital_gain', 'hours_per_week', 'marital_status', 'occupation', 'race', 'sex', 'workclass']",500,0.05486345291137695,12.949232892425364,7.0,0.0,3.3653945762032964,5.09376030786479,55.83579465695898,12.949232892425364
adult,RandomForest,28,39,SHAP-Targeted CE,True,"['capital_gain', 'hours_per_week']",343,0.027971506118774414,4.347641974780343,2.0,0.0,1.66063862850375,2.9129158677980564,48.55761176649721,4.347641974780343
adult,RandomForest,29,40,Actionable CBFI (Proposed),True,['capital_gain'],240,1.5036230087280273,13.419185182015388,1.0,0.0,62.354891094762884,13.88943530242551,100.0,13.419047807891996
adult,RandomForest,29,40,Untargeted Causal (Karimi 2021),True,['capital_gain'],393,2.475576639175415,13.419185182015388,1.0,0.0,62.354891094762884,13.88943530242551,100.0,13.419047807891996
adult,RandomForest,29,40,Wachter's CE,True,"['capital_gain', 'hours_per_week', 'marital_status', 'occupation', 'race', 'sex', 'workclass']",500,0.05468320846557617,12.539141891830297,7.0,0.0,5.589569394491336,5.785522062027342,68.78656332480749,12.539141891830297
adult,RandomForest,29,40,SHAP-Targeted CE,True,"['capital_gain', 'hours_per_week']",343,0.028302669525146484,4.569864197002564,2.0,0.0,3.4512635650973302,3.385593983180122,100.0,4.569864197002564
adult,RandomForest,30,41,Actionable CBFI (Proposed),True,['workclass'],249,1.4949860572814941,1.365916179645618,1.0,0.0,0.46955317085281195,1.9349268613358799,100.0,1.3659021965657767
adult,RandomForest,30,41,Untargeted Causal (Karimi 2021),True,['workclass'],387,2.2981369495391846,1.365916179645618,1.0,0.0,0.46955317085281195,1.9349268613358799,100.0,1.3659021965657767
adult,RandomForest,30,41,Wachter's CE,True,"['capital_loss', 'hours_per_week', 'marital_status', 'occupation', 'sex']",500,0.05439949035644531,11.674909263818805,5.0,0.0012028181018954864,0.5559621449582298,5.676083890621768,100.0,11.674909263818805
adult,RandomForest,30,41,SHAP-Targeted CE,True,"['hours_per_week', 'marital_status']",343,0.028041839599609375,2.6111111111111116,2.0,0.00048246370531585713,0.6402265885953575,2.5562325757764133,100.0,2.6111111111111116
adult,RandomForest,31,42,Actionable CBFI (Proposed),True,"['hours_per_week', 'occupation']",254,1.4677624702453613,7.25,2.0,0.002706340729264846,0.558550680733008,2.2371318314209616,100.0,7.25
adult,RandomForest,31,42,Untargeted Causal (Karimi 2021),True,"['hours_per_week', 'occupation']",410,2.438570261001587,7.25,2.0,0.002706340729264846,0.558550680733008,2.2371318314209616,100.0,7.25
adult,RandomForest,31,42,Wachter's CE,True,"['capital_gain', 'marital_status', 'occupation', 'race', 'sex', 'workclass']",500,0.053006887435913086,9.955808558496965,6.0,0.0,3.8300486963302833,5.334082510790374,60.68730037322183,9.955808558496965
adult,RandomForest,31,42,SHAP-Targeted CE,True,['capital_gain'],343,0.027532100677490234,2.236530863669232,1.0,0.0,1.9304274067799794,3.1089906875361986,100.0,2.236530863669232
adult,RandomForest,32,43,Actionable CBFI (Proposed),True,"['marital_status', 'occupation']",286,1.6231768131256104,2.0,2.0,0.0,0.07276784554730027,2.0267956912218654,100.0,2.0
adult,RandomForest,32,43,Untargeted Causal (Karimi 2021),True,"['marital_status', 'occupation']",437,2.5359084606170654,2.0,2.0,0.0,0.07276784554730027,2.0267956912218654,100.0,2.0
adult,RandomForest,32,43,Wachter's CE,True,"['capital_gain', 'capital_loss', 'hours_per_week', 'marital_status', 'occupation', 'sex']",500,0.05408883094787598,13.702475168566984,6.0,0.0,4.12516641257146,4.76715055742621,80.27925351067597,13.702475168566984
adult,RandomForest,32,43,SHAP-Targeted CE,True,"['capital_gain', 'hours_per_week']",343,0.02756810188293457,4.347641974780343,2.0,0.0,1.6599908849612717,3.549944720528879,100.0,4.347641974780343
adult,RandomForest,33,44,Actionable CBFI (Proposed),True,"['capital_loss', 'hours_per_week']",308,1.9060466289520264,12.475588229689345,2.0,0.00030070452547387226,0.05337481946632445,10.845956415772557,100.0,12.475477577209004
adult,RandomForest,33,44,Untargeted Causal (Karimi 2021),True,"['capital_loss', 'hours_per_week']",469,2.9306857585906982,12.475588229689345,2.0,0.00030070452547387226,0.05337481946632445,10.845956415772557,100.0,12.475477577209004
adult,RandomForest,33,44,Wachter's CE,True,"['capital_gain', 'capital_loss', 'hours_per_week', 'marital_status', 'occupation', 'sex']",500,0.05359530448913574,10.785808501900316,6.0,0.0,4.291279339333406,4.808793191390717,90.1526607969444,10.785808501900316
adult,RandomForest,33,44,SHAP-Targeted CE,True,"['capital_gain', 'hours_per_week']",343,0.02720046043395996,2.6809753081136765,2.0,0.0,1.7840342392016222,2.804579509494984,100.0,2.6809753081136765
adult,RandomForest,34,46,Actionable CBFI (Proposed),True,['hours_per_week'],293,1.7675089836120605,0.6666666666666666,1.0,4.8112724075819617e-05,0.07804145579716291,1.4026349076119429,100.0,0.6666666666666666
adult,RandomForest,34,46,Untargeted Causal (Karimi 2021),True,['hours_per_week'],408,2.377929210662842,0.6666666666666666,1.0,4.8112724075819617e-05,0.07804145579716291,1.4026349076119429,100.0,0.6666666666666666
adult,RandomForest,34,46,Wachter's CE,True,"['capital_gain', 'capital_loss', 'hours_per_week', 'marital_status', 'sex']",500,0.06776261329650879,12.535808501900316,5.0,0.0,4.099522364014169,4.827700940125047,73.23829336579855,12.535808501900316
adult,RandomForest,34,46,SHAP-Targeted CE,True,"['capital_gain', 'hours_per_week']",343,0.02725052833557129,3.6809753081136765,2.0,0.0,1.6413584318242467,2.6126024406331316,39.24080776256697,3.6809753081136765
adult,RandomForest,35,47,Actionable CBFI (Proposed),True,['marital_status'],252,1.4992437362670898,1.0,1.0,2.5679065925163143e-34,0.8283796422110944,2.381947898051939,100.0,1.0
adult,RandomForest,35,47,Untargeted Causal (Karimi 2021),True,['marital_status'],418,2.507673978805542,1.0000000000000002,1.0,0.0,0.8283796422110944,2.381947898051939,100.0,1.0000000000000002
adult,RandomForest,35,47,Wachter's CE,True,"['capital_loss', 'hours_per_week', 'marital_status', 'occupation', 'sex', 'workclass']",500,0.0544581413269043,12.040825443464424,6.0,0.0012028181018954864,0.9088441615079822,5.702590001732851,55.115529189530776,12.040825443464424
adult,RandomForest,35,47,SHAP-Targeted CE,True,"['hours_per_week', 'marital_status']",343,0.027738094329833984,2.6111111111111116,2.0,0.00048246370531585713,1.0028178813323756,2.651165001836434,100.0,2.6111111111111116
adult,RandomForest,36,48,Actionable CBFI (Proposed),True,['workclass'],208,1.1837997436523438,2.0488742694684268,1.0,0.0,0.057454930032720626,1.3985849506069747,100.0,2.0488532948486644
adult,RandomForest,36,48,Untargeted Causal (Karimi 2021),True,['workclass'],391,2.3380751609802246,2.0488742694684268,1.0,0.0,0.057454930032720626,1.3985849506069747,100.0,2.0488532948486644
adult,RandomForest,36,48,Wachter's CE,True,"['capital_gain', 'hours_per_week', 'marital_status', 'occupation', 'race', 'sex', 'workclass']",500,0.0553593635559082,12.516274802602556,7.0,0.0,3.434209150316439,5.0198345966619495,71.12455929216253,12.516274802602556
adult,RandomForest,36,48,SHAP-Targeted CE,True,"['capital_gain', 'hours_per_week']",343,0.02873849868774414,4.347641974780343,2.0,0.0,1.595646373813386,3.5347209279327285,100.0,4.347641974780343
adult,RandomForest,37,49,Actionable CBFI (Proposed),True,"['marital_status', 'occupation']",269,1.6678524017333984,2.5,2.0,0.0,0.06962554006739614,1.4966894106826496,100.0,2.5
adult,RandomForest,37,49,Untargeted Causal (Karimi 2021),True,"['marital_status', 'occupation']",412,2.534569263458252,2.5,2.0,0.0,0.06962554006739614,1.4966894106826496,100.0,2.5
adult,RandomForest,37,49,Wachter's CE,True,"['capital_gain', 'hours_per_week', 'marital_status', 'occupation', 'race', 'sex', 'workclass']",500,0.053606510162353516,12.315149072070984,7.0,0.0,3.5969091486531686,5.047718764657804,80.80307842300495,12.315149072070984
adult,RandomForest,37,49,SHAP-Targeted CE,True,"['capital_gain', 'hours_per_week']",343,0.027395963668823242,4.569864197002564,2.0,0.0,1.6498713431417695,2.7396305486059966,100.0,4.569864197002564
adult,RandomForest,38,50,Actionable CBFI (Proposed),True,['race'],290,1.836324691772461,1.1820647547277505,1.0,0.0,0.002103196365991008,2.754176643574537,100.0,1.1820526537613154
adult,RandomForest,38,50,Untargeted Causal (Karimi 2021),True,['race'],424,2.6735305786132812,1.1820647547277505,1.0,0.0,0.002103196365991008,2.754176643574537,100.0,1.1820526537613154
adult,RandomForest,38,50,Wachter's CE,True,"['capital_gain', 'hours_per_week', 'marital_status', 'occupation', 'sex', 'workclass']",500,0.05348396301269531,13.10707713710255,6.0,0.0,3.7269657848116933,5.31662578326639,53.56227333426228,13.10707713710255
adult,RandomForest,38,50,SHAP-Targeted CE,True,"['capital_gain', 'hours_per_week']",343,0.026984453201293945,4.347641974780343,2.0,0.0,1.6843407548977485,3.095392353522271,48.55761176649721,4.347641974780343
adult,RandomForest,39,51,Actionable CBFI (Proposed),True,"['capital_gain', 'marital_status']",287,1.8401539325714111,14.419185182015388,2.0,0.0,60.751329074936514,13.903825219872424,100.0,14.419047807891996
adult,RandomForest,39,51,Untargeted Causal (Karimi 2021),True,"['capital_gain', 'marital_status']",465,3.0117547512054443,14.419185182015388,2.0,0.0,60.751329074936514,13.903825219872424,100.0,14.419047807891996
adult,RandomForest,39,51,Wachter's CE,True,"['capital_gain', 'hours_per_week', 'marital_status', 'occupation', 'race', 'sex', 'workclass']",500,0.049973249435424805,17.21059755437845,7.0,0.0,4.00060069809297,5.278515576935905,70.39055818575979,17.21059755437845
adult,RandomForest,39,51,SHAP-Targeted CE,True,"['capital_gain', 'hours_per_week', 'marital_status']",343,0.024147987365722656,4.458753085891453,3.0,0.0,1.8241688393755187,3.3268190195838416,100.0,4.458753085891453
adult,RandomForest,40,54,Actionable CBFI (Proposed),True,['marital_status'],278,1.6837422847747803,1.0,1.0,0.0,0.934051412423024,2.130182253163106,100.0,1.0
adult,RandomForest,40,54,Untargeted Causal (Karimi 2021),True,['marital_status'],418,2.5438849925994873,1.0,1.0,0.0,0.934051412423024,2.130182253163106,100.0,1.0
adult,RandomForest,40,54,Wachter's CE,True,"['capital_gain', 'hours_per_week', 'occupation', 'sex', 'workclass']",500,0.09211373329162598,12.393061472792674,5.0,0.0,5.716766935108049,5.082917618144305,95.71487984907576,12.393061472792674
adult,RandomForest,40,54,SHAP-Targeted CE,True,"['hours_per_week', 'marital_status']",343,0.028250932693481445,3.111111111111109,2.0,0.00048246370531585583,1.5709554849172112,2.5325436663498646,100.0,3.111111111111109
adult,RandomForest,41,56,Actionable CBFI (Proposed),True,['capital_gain'],232,1.486649513244629,13.419185182015388,1.0,0.0,63.826679432172085,14.042629491994079,100.0,13.419047807891996
adult,RandomForest,41,56,Untargeted Causal (Karimi 2021),True,"['race', 'sex']",432,2.7409088611602783,5.670424562131517,2.0,0.0,2.5972143287043195,4.50530124267603,37.46157407920379,5.670366513181978
adult,RandomForest,41,56,Wachter's CE,True,"['capital_gain', 'capital_loss', 'hours_per_week', 'marital_status', 'sex']",500,0.054411888122558594,13.202475168566984,5.0,0.0,7.024055136552218,5.672112848557191,90.53207838651306,13.202475168566984
adult,RandomForest,41,56,SHAP-Targeted CE,True,"['capital_gain', 'hours_per_week']",343,0.027797222137451172,4.347641974780343,2.0,0.0,4.492898082879701,3.854282457538982,100.0,4.347641974780343
adult,RandomForest,42,57,Actionable CBFI (Proposed),True,['occupation'],229,1.3436691761016846,1.25,1.0,0.0,0.05545270748509354,1.4617095416083234,100.0,1.25
adult,RandomForest,42,57,Untargeted Causal (Karimi 2021),True,['occupation'],407,2.443505048751831,1.25,1.0,0.0,0.05545270748509354,1.4617095416083234,100.0,1.25
adult,RandomForest,42,57,Wachter's CE,True,"['capital_gain', 'hours_per_week', 'marital_status', 'occupation', 'race', 'sex', 'workclass']",500,0.05382227897644043,13.289141891830297,7.0,0.0,3.5149029725874,5.09595728591065,70.54815769237054,13.289141891830297
adult,RandomForest,42,57,SHAP-Targeted CE,True,"['capital_gain', 'hours_per_week']",343,0.02745366096496582,4.347641974780343,2.0,0.0,1.6295032463460906,2.4913284409584997,100.0,4.347641974780343
adult,RandomForest,43,58,Actionable CBFI (Proposed),True,['sex'],255,1.6447434425354004,2.1242302979482655,1.0,0.0,0.2121324223267139,2.3276457319895543,100.0,2.1242085518980316
adult,RandomForest,43,58,Untargeted Causal (Karimi 2021),True,['sex'],412,2.5772111415863037,2.1242302979482655,1.0,0.0,0.2121324223267139,2.3276457319895543,100.0,2.1242085518980316
adult,RandomForest,43,58,Wachter's CE,True,"['capital_gain', 'hours_per_week', 'marital_status', 'occupation', 'race', 'sex', 'workclass']",500,0.05542159080505371,10.214630980486449,7.0,0.0,3.6958958143491984,5.013253915395171,32.4401383381306,10.214630980486449
adult,RandomForest,43,58,SHAP-Targeted CE,True,"['capital_gain', 'hours_per_week']",343,0.02786397933959961,2.9031975303358974,2.0,0.0,1.7278360568763347,2.7742522781108003,22.963186614089373,2.9031975303358974
adult,RandomForest,44,59,Actionable CBFI (Proposed),True,"['capital_gain', 'occupation']",254,1.6167852878570557,1.6727104802792345,2.0,0.0,0.05568345530949056,1.6640871184203143,100.0,1.6727035936455623
adult,RandomForest,44,59,Untargeted Causal (Karimi 2021),True,"['capital_gain', 'occupation']",431,2.7558863162994385,1.6727104802792345,2.0,0.0,0.05568345530949056,1.6640871184203143,100.0,1.6727035936455623
adult,RandomForest,44,59,Wachter's CE,True,"['capital_gain', 'capital_loss', 'hours_per_week', 'marital_status', 'sex']",500,0.05476236343383789,12.529764688287749,5.0,0.0,4.25494090166763,4.742599847711566,100.0,12.529764688287749
adult,RandomForest,44,59,SHAP-Targeted CE,True,"['capital_gain', 'hours_per_week']",343,0.027442455291748047,3.6749314945011085,2.0,0.0,1.7564602958111786,2.64762396691877,100.0,3.6749314945011085
adult,RandomForest,45,60,Actionable CBFI (Proposed),True,['capital_gain'],217,1.1291158199310303,0.323003017361284,1.0,9.62964972193618e-35,0.47069166067078916,2.064344982186104,100.0,0.32299971073306766
adult,RandomForest,45,60,Untargeted Causal (Karimi 2021),True,['capital_gain'],406,2.28690767288208,0.32300301736128406,1.0,0.0,0.47069166067078916,2.064344982186104,100.0,0.3229997107330677
adult,RandomForest,45,60,Wachter's CE,True,"['capital_gain', 'hours_per_week', 'marital_status', 'occupation', 'race', 'sex', 'workclass']",500,0.05598044395446777,9.073497188769869,7.0,0.0,0.6139271519177535,3.083835343197646,58.8907605138431,9.073497188769869
adult,RandomForest,45,60,SHAP-Targeted CE,True,"['capital_gain', 'hours_per_week']",343,0.028682231903076172,2.4341141284723955,2.0,0.0,0.6053749508903553,2.2340216374976607,100.0,2.4341141284723955
adult,RandomForest,46,61,Actionable CBFI (Proposed),True,['capital_gain'],248,1.5414137840270996,13.419185182015388,1.0,0.0,63.35048164702284,14.304949546487265,100.0,13.419047807891996
adult,RandomForest,46,61,Untargeted Causal (Karimi 2021),True,['capital_gain'],399,2.502998113632202,13.419185182015388,1.0,0.0,63.35048164702284,14.304949546487265,100.0,13.419047807891996
adult,RandomForest,46,61,Wachter's CE,True,"['capital_gain', 'hours_per_week', 'race', 'sex', 'workclass']",500,0.053642988204956055,12.131297647153115,5.0,0.0,6.2790630246940715,5.667671213515534,66.39063719925183,12.131297647153115
adult,RandomForest,46,61,SHAP-Targeted CE,True,"['capital_gain', 'hours_per_week']",343,0.028594017028808594,4.347641974780343,2.0,0.0,3.816098778154849,4.477756380874485,100.0,4.347641974780343
adult,RandomForest,47,62,Actionable CBFI (Proposed),True,['occupation'],329,2.0733489990234375,2.75,1.0,0.0,0.07154057866502957,1.4555569552907155,100.0,2.75
adult,RandomForest,47,62,Untargeted Causal (Karimi 2021),True,['occupation'],431,2.6837124824523926,2.75,1.0,0.0,0.07154057866502957,1.4555569552907155,100.0,2.75
adult,RandomForest,47,62,Wachter's CE,True,"['capital_gain', 'hours_per_week', 'marital_status', 'occupation', 'race', 'sex', 'workclass']",500,0.055356740951538086,13.539141891830297,7.0,0.0,3.60698724395189,5.115844543921542,75.22149983871446,13.539141891830297
adult,RandomForest,47,62,SHAP-Targeted CE,True,['hours_per_week'],343,0.02759528160095215,3.333333333333333,1.0,0.001202818101895487,0.2830268156047155,2.25547889017252,100.0,3.333333333333333
adult,RandomForest,48,64,Actionable CBFI (Proposed),True,"['hours_per_week', 'occupation']",263,1.6565823554992676,10.166666666666666,2.0,0.00636290775902713,0.05115152929368083,2.553566762533602,100.0,10.166666666666666
adult,RandomForest,48,64,Untargeted Causal (Karimi 2021),True,"['hours_per_week', 'occupation']",407,2.5188658237457275,10.166666666666666,2.0,0.00636290775902713,0.05115152929368083,2.553566762533602,100.0,10.166666666666666
adult,RandomForest,48,64,Wachter's CE,True,"['capital_gain', 'hours_per_week', 'occupation', 'sex']",500,0.05379509925842285,10.166911444477982,4.0,0.0,5.809690752122125,5.03867422705648,100.0,10.166911444477982
adult,RandomForest,48,64,SHAP-Targeted CE,True,"['capital_gain', 'hours_per_week']",343,0.027599573135375977,4.903197530335898,2.0,0.0,1.6924148083694994,3.4277546321603456,100.0,4.903197530335898
adult,RandomForest,49,66,Actionable CBFI (Proposed),True,"['marital_status', 'occupation']",243,1.5056231021881104,1.75,2.0,0.0,0.0026128251543855573,1.9354956797095515,100.0,1.75
adult,RandomForest,49,66,Untargeted Causal (Karimi 2021),True,"['marital_status', 'occupation']",407,2.517700672149658,1.75,2.0,0.0,0.0026128251543855573,1.9354956797095515,100.0,1.75
adult,RandomForest,49,66,Wachter's CE,True,"['capital_gain', 'hours_per_week', 'occupation', 'race', 'sex', 'workclass']",500,0.05365133285522461,14.039141891830297,6.0,0.0,3.6861273911907926,5.2497095073064175,72.12153602994373,14.039141891830297
adult,RandomForest,49,66,SHAP-Targeted CE,True,"['capital_gain', 'hours_per_week']",343,0.02743840217590332,4.347641974780343,2.0,0.0,1.6669208361459766,3.7863161099551523,100.0,4.347641974780343
adult,RandomForest,50,69,Actionable CBFI (Proposed),True,"['marital_status', 'occupation']",248,1.5008809566497803,2.0,2.0,0.0,0.002103196365991008,3.130759891098779,100.0,2.0
adult,RandomForest,50,69,Untargeted Causal (Karimi 2021),True,"['marital_status', 'occupation']",436,2.7502238750457764,2.0,2.0,0.0,0.002103196365991008,3.130759891098779,100.0,2.0
adult,RandomForest,50,69,Wachter's CE,True,"['capital_gain', 'hours_per_week', 'marital_status', 'race', 'sex', 'workclass']",500,0.05365777015686035,12.631297647153115,6.0,0.0,3.7269657848116933,5.126018794421235,67.72103743759642,12.631297647153115
adult,RandomForest,50,69,SHAP-Targeted CE,True,"['capital_gain', 'hours_per_week']",343,0.027277708053588867,4.347641974780343,2.0,0.0,1.6843407548977485,3.970355601099405,100.0,4.347641974780343
adult,RandomForest,51,70,Actionable CBFI (Proposed),True,['capital_gain'],287,1.8126237392425537,13.419185182015388,1.0,0.0,60.13072267556392,13.738566287542268,100.0,13.419047807891996
adult,RandomForest,51,70,Untargeted Causal (Karimi 2021),True,['capital_gain'],420,2.6442573070526123,13.419185182015388,1.0,0.0,60.13072267556392,13.738566287542268,100.0,13.419047807891996
adult,RandomForest,51,70,Wachter's CE,True,"['capital_gain', 'capital_loss', 'hours_per_week', 'marital_status', 'occupation', 'race']",500,0.05462956428527832,15.701952371837185,6.0,0.0,4.227806879426724,7.0449080039719245,69.88744516005828,15.701952371837185
adult,RandomForest,51,70,SHAP-Targeted CE,True,"['capital_gain', 'hours_per_week']",343,0.042482614517211914,2.7920864192247863,2.0,0.0,1.720164857747396,3.0369689346525828,100.0,2.7920864192247863
adult,RandomForest,52,71,Actionable CBFI (Proposed),True,['marital_status'],304,1.7334277629852295,1.5,1.0,0.0,0.47024116412062805,3.0564046012919515,100.0,1.5
adult,RandomForest,52,71,Untargeted Causal (Karimi 2021),True,['marital_status'],418,2.384415626525879,1.5,1.0,0.0,0.47024116412062805,3.0564046012919515,100.0,1.5
adult,RandomForest,52,71,Wachter's CE,True,"['hours_per_week', 'marital_status', 'occupation', 'sex', 'workclass']",500,0.054773807525634766,7.886364661953085,5.0,0.0012028181018954864,0.6110059372310034,3.0653839394929525,82.68002764017072,7.886364661953085
adult,RandomForest,52,71,SHAP-Targeted CE,True,"['capital_gain', 'hours_per_week']",343,0.0282442569732666,4.347641974780343,2.0,0.0,1.9713540439614317,3.857323181013022,100.0,4.347641974780343
adult,RandomForest,53,73,Actionable CBFI (Proposed),True,['capital_gain'],266,1.6902718544006348,13.419185182015388,1.0,0.0,59.48878018029904,13.620260758423843,100.0,13.419047807891996
adult,RandomForest,53,73,Untargeted Causal (Karimi 2021),True,"['occupation', 'race']",410,2.53574800491333,4.546194264183251,2.0,0.0,0.0019457152007845216,3.6941265398073915,21.99642034389957,4.546157961283946
adult,RandomForest,53,73,Wachter's CE,True,"['capital_gain', 'capital_loss', 'hours_per_week', 'marital_status', 'sex']",500,0.05340385437011719,12.202475168566984,5.0,0.0,4.196766731685047,4.790944229493942,77.85506339142987,12.202475168566984
adult,RandomForest,53,73,SHAP-Targeted CE,True,"['capital_gain', 'hours_per_week']",343,0.02776956558227539,4.347641974780343,2.0,0.0,1.6961363054259853,2.8074848460330144,100.0,4.347641974780343
adult,RandomForest,54,74,Actionable CBFI (Proposed),True,"['hours_per_week', 'occupation']",237,1.4499170780181885,6.0,2.0,0.0027063407292648445,0.17153791995553158,3.6648952472496648,100.0,6.0
adult,RandomForest,54,74,Untargeted Causal (Karimi 2021),True,"['hours_per_week', 'occupation']",411,2.5646467208862305,6.0,2.0,0.0027063407292648445,0.17153791995553158,3.6648952472496648,100.0,6.0
adult,RandomForest,54,74,Wachter's CE,True,"['capital_gain', 'capital_loss', 'hours_per_week', 'marital_status', 'occupation', 'sex']",500,0.05413961410522461,10.952475168566984,6.0,4.81482486096809e-35,3.8234478403925767,5.574736876458246,88.58705469985969,10.952475168566984
adult,RandomForest,54,74,SHAP-Targeted CE,True,"['capital_gain', 'hours_per_week']",343,0.03108978271484375,3.1254197525581207,2.0,4.81482486096809e-35,2.7541121997462086,4.355773711853482,100.0,3.1254197525581207
adult,RandomForest,55,75,Actionable CBFI (Proposed),True,['capital_gain'],260,1.620305061340332,13.419185182015388,1.0,0.0,59.757650735853126,13.635247720278443,100.0,13.419047807891996
adult,RandomForest,55,75,Untargeted Causal (Karimi 2021),True,['capital_loss'],412,2.5937299728393555,10.808921563022679,1.0,0.0,0.05418891098735696,10.828130201138308,0.0,10.808810910542338
adult,RandomForest,55,75,Wachter's CE,True,"['capital_gain', 'capital_loss', 'hours_per_week', 'marital_status', 'occupation', 'sex']",500,0.05385327339172363,12.452475168566984,6.0,0.0,4.276634601450861,4.778798235979367,78.29965244518822,12.452475168566984
adult,RandomForest,55,75,SHAP-Targeted CE,True,"['capital_gain', 'hours_per_week']",343,0.027202844619750977,4.347641974780343,2.0,0.0,1.7728952990292106,2.7686238017832223,100.0,4.347641974780343
adult,RandomForest,56,76,Actionable CBFI (Proposed),True,['occupation'],281,1.5207064151763916,0.5000000000000002,1.0,0.0,0.21032839480048962,1.5855813705510522,100.0,0.5000000000000002
adult,RandomForest,56,76,Untargeted Causal (Karimi 2021),True,['occupation'],434,2.4403274059295654,0.5000000000000002,1.0,0.0,0.21032839480048962,1.5855813705510522,100.0,0.5000000000000002
adult,RandomForest,56,76,Wachter's CE,True,"['capital_gain', 'hours_per_week', 'marital_status', 'occupation', 'race', 'sex', 'workclass']",500,0.06588888168334961,12.881297647153115,7.0,0.0,3.473279707241558,5.005787481680144,70.07447230011184,12.881297647153115
adult,RandomForest,56,76,SHAP-Targeted CE,True,['hours_per_week'],343,0.027280569076538086,3.333333333333333,1.0,0.0012028181018954877,0.35703762271939504,1.9917511059475024,100.0,3.333333333333333
adult,RandomForest,57,77,Actionable CBFI (Proposed),True,['capital_gain'],282,1.7956600189208984,13.419185182015388,1.0,0.0,64.6939301421808,14.546151603192735,100.0,13.419047807891996
adult,RandomForest,57,77,Untargeted Causal (Karimi 2021),True,['capital_gain'],421,2.6930148601531982,13.419185182015388,1.0,0.0,64.6939301421808,14.546151603192735,100.0,13.419047807891996
adult,RandomForest,57,77,Wachter's CE,True,"['capital_gain', 'capital_loss', 'hours_per_week', 'marital_status', 'occupation', 'race', 'sex']",500,0.05407261848449707,10.821655072268864,7.0,0.0,8.049565291050435,6.65810825195968,64.10627469140874,10.821655072268864
adult,RandomForest,57,77,SHAP-Targeted CE,True,"['capital_gain', 'hours_per_week']",343,0.03818345069885254,2.5698641970025635,2.0,0.0,5.900968067976095,5.486286797678185,100.0,2.5698641970025635
adult,RandomForest,58,78,Actionable CBFI (Proposed),True,"['capital_gain', 'marital_status', 'occupation']",306,1.794571876525879,15.169185182015388,3.0,0.0,62.641621680443144,14.161398767237884,100.0,15.169047807891996
adult,RandomForest,58,78,Untargeted Causal (Karimi 2021),True,"['capital_gain', 'marital_status', 'occupation']",457,2.687462568283081,15.169185182015388,3.0,0.0,62.641621680443144,14.161398767237884,100.0,15.169047807891996
adult,RandomForest,58,78,Wachter's CE,True,"['capital_gain', 'hours_per_week', 'marital_status', 'occupation', 'race', 'sex', 'workclass']",500,0.04908466339111328,18.832067816171328,7.0,0.0,35.643420407691664,11.37306298647653,88.08319975475675,18.832067816171328
adult,RandomForest,58,78,SHAP-Targeted CE,True,"['capital_gain', 'hours_per_week', 'marital_status']",343,0.02443718910217285,4.792086419224787,3.0,0.0,3.2814616379976727,3.9567827616458033,100.0,4.792086419224787
adult,RandomForest,59,79,Actionable CBFI (Proposed),True,['capital_gain'],261,1.6380548477172852,13.419185182015388,1.0,0.0,63.393844943596484,14.089242533917636,100.0,13.419047807891996
adult,RandomForest,59,79,Untargeted Causal (Karimi 2021),True,['capital_gain'],391,2.458380699157715,13.419185182015388,1.0,0.0,63.393844943596484,14.089242533917636,100.0,13.419047807891996
adult,RandomForest,59,79,Wachter's CE,True,"['capital_gain', 'hours_per_week', 'marital_status', 'occupation', 'race', 'sex']",500,0.05540060997009277,12.515381467507499,6.0,0.0,6.290961171404771,5.677322525999703,71.66531221289658,12.515381467507499
adult,RandomForest,59,79,SHAP-Targeted CE,True,"['capital_gain', 'hours_per_week']",343,0.027516841888427734,4.347641974780343,2.0,0.0,3.82019076657584,3.844897504880626,100.0,4.347641974780343
adult,RandomForest,60,80,Actionable CBFI (Proposed),True,"['capital_gain', 'marital_status']",297,1.9099273681640625,14.419185182015388,2.0,0.0,60.751329074936514,13.869833410463256,100.0,14.419047807891996
adult,RandomForest,60,80,Untargeted Causal (Karimi 2021),True,"['capital_gain', 'marital_status']",440,2.7777583599090576,14.419185182015388,2.0,0.0,60.751329074936514,13.869833410463256,100.0,14.419047807891996
adult,RandomForest,60,80,Wachter's CE,True,"['capital_gain', 'hours_per_week', 'marital_status', 'occupation', 'race', 'sex', 'workclass']",500,0.04964256286621094,17.148482405404316,7.0,0.0,4.00060069809297,5.278515576935905,83.11694868678202,17.148482405404316
adult,RandomForest,60,80,SHAP-Targeted CE,True,"['capital_gain', 'hours_per_week', 'marital_status']",343,0.02515411376953125,4.458753085891453,3.0,0.0,1.8241688393755187,3.349763777364293,100.0,4.458753085891453
adult,RandomForest,61,81,Actionable CBFI (Proposed),True,['occupation'],273,1.5273585319519043,0.7500000000000001,1.0,2.5679065925163143e-34,0.4692016734172575,2.0025525161147475,100.0,0.7500000000000001
adult,RandomForest,61,81,Untargeted Causal (Karimi 2021),True,['occupation'],465,2.5359959602355957,0.7500000000000002,1.0,0.0,0.4692016734172575,2.0025525161147475,100.0,0.7500000000000002
adult,RandomForest,61,81,Wachter's CE,True,"['capital_loss', 'hours_per_week', 'marital_status', 'occupation', 'sex']",500,0.05469202995300293,11.549909263818805,5.0,0.0012028181018954864,0.5580813656592644,5.629822441076969,100.0,11.549909263818805
adult,RandomForest,61,81,SHAP-Targeted CE,True,['hours_per_week'],343,0.02762007713317871,3.333333333333333,1.0,0.0012028181018954864,0.5580813656592644,1.7906223098708358,100.0,3.333333333333333
adult,RandomForest,62,82,Actionable CBFI (Proposed),True,['occupation'],249,1.4484317302703857,1.0,1.0,0.0,0.06919540771672204,1.8711935924606713,100.0,1.0
adult,RandomForest,62,82,Untargeted Causal (Karimi 2021),True,['occupation'],411,2.5575504302978516,1.0,1.0,0.0,0.06919540771672204,1.8711935924606713,100.0,1.0
adult,RandomForest,62,82,Wachter's CE,True,"['capital_gain', 'hours_per_week', 'marital_status', 'occupation', 'race', 'sex', 'workclass']",500,0.05437779426574707,13.289141891830297,7.0,0.0,3.6322074212764455,5.115554844340795,84.4827065151449,13.289141891830297
adult,RandomForest,62,82,SHAP-Targeted CE,True,"['capital_gain', 'hours_per_week']",343,0.027576446533203125,4.347641974780343,2.0,0.0,1.6743479946708593,2.876413796670134,100.0,4.347641974780343
adult,RandomForest,63,83,Actionable CBFI (Proposed),True,['occupation'],245,1.481482744216919,2.0,1.0,0.0,0.19962915038681087,1.9031480801594238,100.0,2.0
adult,RandomForest,63,83,Untargeted Causal (Karimi 2021),True,['occupation'],395,2.4317140579223633,2.0,1.0,0.0,0.19962915038681087,1.9031480801594238,100.0,2.0
adult,RandomForest,63,83,Wachter's CE,True,"['capital_gain', 'hours_per_week', 'marital_status', 'occupation', 'race', 'sex', 'workclass']",500,0.0544734001159668,10.372475225163631,7.0,0.0,3.470882749120411,5.1975764557975195,78.36408518713547,10.372475225163631
adult,RandomForest,63,83,SHAP-Targeted CE,True,"['capital_gain', 'hours_per_week']",343,0.028304338455200195,2.9031975303358974,2.0,0.0,1.5706947276466023,3.0234652660597687,100.0,2.9031975303358974
adult,RandomForest,64,85,Actionable CBFI (Proposed),True,"['marital_status', 'occupation']",247,1.4973068237304688,3.0,2.0,0.0,0.14189553374965638,2.076706388608795,100.0,3.0
adult,RandomForest,64,85,Untargeted Causal (Karimi 2021),True,"['marital_status', 'occupation']",402,2.4748239517211914,3.0,2.0,0.0,0.14189553374965638,2.076706388608795,100.0,3.0
adult,RandomForest,64,85,Wachter's CE,True,"['capital_gain', 'hours_per_week', 'occupation', 'race', 'sex', 'workclass']",500,0.05539965629577637,13.705808558496965,6.0,0.0,3.5445747504018676,5.136302010951386,91.37544677001253,13.705808558496965
adult,RandomForest,64,85,SHAP-Targeted CE,True,"['capital_gain', 'hours_per_week']",343,0.027429819107055664,2.6809753081136765,2.0,0.0,1.6413584318242467,3.724657511258899,100.0,2.6809753081136765
adult,RandomForest,65,87,Actionable CBFI (Proposed),True,['occupation'],340,1.569511890411377,0.2500000000000001,1.0,0.0,0.9405789100906988,2.113823176313885,100.0,0.2500000000000001
adult,RandomForest,65,87,Untargeted Causal (Karimi 2021),True,['occupation'],454,2.1102511882781982,0.2500000000000001,1.0,0.0,0.9405789100906988,2.113823176313885,100.0,0.2500000000000001
adult,RandomForest,65,87,Wachter's CE,True,"['capital_loss', 'marital_status', 'occupation', 'sex']",500,0.054364681243896484,7.716575930485473,4.0,4.108650548026103e-33,0.9405789100906988,5.700146399815137,99.99999999999999,7.716575930485473
adult,RandomForest,65,87,SHAP-Targeted CE,True,['capital_gain'],343,0.027504444122314453,2.236530863669232,1.0,6.162975822039155e-33,2.1046448251588985,2.745393720425277,2.050366761076712e-14,2.236530863669232
adult,RandomForest,66,88,Actionable CBFI (Proposed),True,['capital_gain'],234,1.4626731872558594,13.419185182015388,1.0,0.0,62.4660752403766,13.996035391574422,100.0,13.419047807891996
adult,RandomForest,66,88,Untargeted Causal (Karimi 2021),True,['capital_gain'],407,2.5796146392822266,13.419185182015388,1.0,0.0,62.4660752403766,13.996035391574422,100.0,13.419047807891996
adult,RandomForest,66,88,Wachter's CE,True,"['capital_gain', 'capital_loss', 'hours_per_week', 'marital_status', 'occupation', 'sex']",500,0.05529451370239258,13.452475168566984,6.0,0.0,5.741309041952643,5.264200658104016,79.91276432853269,13.452475168566984
adult,RandomForest,66,88,SHAP-Targeted CE,True,"['capital_gain', 'hours_per_week']",343,0.0274050235748291,4.347641974780343,2.0,0.0,3.2023465497647723,3.6916857245796852,100.0,4.347641974780343
adult,RandomForest,67,90,Actionable CBFI (Proposed),True,['race'],288,1.7651965618133545,1.1820647547277505,1.0,0.0,0.06921014204544997,1.9848777388334669,100.0,1.1820526537613154
adult,RandomForest,67,90,Untargeted Causal (Karimi 2021),True,['race'],411,2.4584007263183594,1.1820647547277505,1.0,0.0,0.06921014204544997,1.9848777388334669,100.0,1.1820526537613154
adult,RandomForest,67,90,Wachter's CE,True,"['capital_gain', 'hours_per_week', 'marital_status', 'occupation', 'race', 'sex', 'workclass']",500,0.05542588233947754,12.789141891830297,7.0,0.0,3.2254415761462654,5.073452060789192,52.407841696687875,12.789141891830297
adult,RandomForest,67,90,SHAP-Targeted CE,True,"['capital_gain', 'hours_per_week']",343,0.027396202087402344,4.347641974780343,2.0,0.0,1.5117773322785641,2.7818395050121385,48.55761176649721,4.347641974780343
adult,RandomForest,68,91,Actionable CBFI (Proposed),True,['occupation'],305,1.6997044086456299,0.25,1.0,0.0,0.006110242211779914,2.562280835537085,100.0,0.25
adult,RandomForest,68,91,Untargeted Causal (Karimi 2021),True,['occupation'],420,2.3432834148406982,0.25,1.0,0.0,0.006110242211779914,2.562280835537085,100.0,0.25
adult,RandomForest,68,91,Wachter's CE,True,"['capital_gain', 'hours_per_week', 'occupation', 'race', 'sex', 'workclass']",500,0.05555558204650879,13.539141891830297,6.0,0.0,3.565580741020305,5.105152402852674,79.82270677774889,13.539141891830297
adult,RandomForest,68,91,SHAP-Targeted CE,True,"['hours_per_week', 'marital_status']",343,0.02822279930114746,3.833333333333333,2.0,0.0012028181018954864,0.21659346061611373,2.3681098208856546,100.0,3.833333333333333
adult,RandomForest,69,92,Actionable CBFI (Proposed),True,['capital_gain'],232,1.4429333209991455,13.419185182015388,1.0,0.0,60.3894052584871,14.071070352174287,100.0,13.419047807891996
adult,RandomForest,69,92,Untargeted Causal (Karimi 2021),True,['capital_gain'],411,2.5867295265197754,13.419185182015388,1.0,0.0,60.3894052584871,14.071070352174287,100.0,13.419047807891996
adult,RandomForest,69,92,Wachter's CE,True,"['capital_gain', 'hours_per_week', 'marital_status', 'occupation', 'race', 'sex', 'workclass']",500,0.0536341667175293,10.568674194492147,7.0,0.0,4.158786768129706,5.111729032712591,80.53620807234472,10.568674194492147
adult,RandomForest,69,92,SHAP-Targeted CE,True,"['capital_gain', 'hours_per_week']",343,0.02735614776611328,4.792086419224787,2.0,0.0,2.7942424650970863,4.484145137881122,100.0,4.792086419224787
adult,RandomForest,70,93,Actionable CBFI (Proposed),True,"['hours_per_week', 'occupation']",241,1.4860637187957764,11.583333333333332,2.0,0.013904577257911832,3.221394537596584,6.251005127205883,100.0,11.583333333333332
adult,RandomForest,70,93,Untargeted Causal (Karimi 2021),True,"['capital_loss', 'workclass']",432,2.707139730453491,9.637532246777948,2.0,0.0,0.0911242746912108,11.824666959813111,71.65423378786046,9.637433585978046
adult,RandomForest,70,93,Wachter's CE,True,"['capital_gain', 'capital_loss', 'hours_per_week', 'marital_status', 'occupation', 'sex']",500,0.05534029006958008,11.367902729258278,6.0,0.0,3.8392182550521166,5.843068177597754,97.80082565839908,11.367902729258278
adult,RandomForest,70,93,SHAP-Targeted CE,True,"['capital_gain', 'hours_per_week']",343,0.027510881423950195,2.6809753081136765,2.0,0.0,1.7564602958111786,5.961408636848436,100.0,2.6809753081136765
adult,RandomForest,71,95,Actionable CBFI (Proposed),True,"['marital_status', 'occupation', 'workclass']",263,1.634620189666748,3.615916179645618,3.0,0.0,0.23310457345838542,3.601880341568709,100.0,3.6159021965657763
adult,RandomForest,71,95,Untargeted Causal (Karimi 2021),True,"['marital_status', 'occupation', 'workclass']",393,2.4272494316101074,3.615916179645618,3.0,0.0,0.23310457345838542,3.601880341568709,100.0,3.6159021965657763
adult,RandomForest,71,95,Wachter's CE,True,"['capital_gain', 'marital_status', 'occupation', 'race', 'sex']",500,0.053388357162475586,9.432048134174165,5.0,6.162975822039155e-33,3.6725875018613166,5.062223321547386,62.40271239356071,9.432048134174165
adult,RandomForest,71,95,SHAP-Targeted CE,True,['capital_gain'],343,0.027433395385742188,2.236530863669232,1.0,6.162975822039155e-33,1.6924148083694994,3.0352868579827814,100.0,2.236530863669232
adult,RandomForest,72,98,Actionable CBFI (Proposed),True,['marital_status'],261,1.6555049419403076,1.0,1.0,0.0,0.21270465685367881,2.027867970086378,100.0,1.0
adult,RandomForest,72,98,Untargeted Causal (Karimi 2021),True,['marital_status'],422,2.6240808963775635,1.0,1.0,0.0,0.21270465685367881,2.027867970086378,100.0,1.0
adult,RandomForest,72,98,Wachter's CE,True,"['capital_gain', 'hours_per_week', 'occupation', 'race', 'sex', 'workclass']",500,0.05524754524230957,13.289141891830297,6.0,0.0,3.3653945762032964,5.012886172122874,91.10503323427946,13.289141891830297
adult,RandomForest,72,98,SHAP-Targeted CE,True,"['hours_per_week', 'marital_status']",343,0.027863025665283203,3.1111111111111116,2.0,0.00048246370531585713,0.3577062190730665,2.068294847273999,100.0,3.1111111111111116
adult,RandomForest,73,99,Actionable CBFI (Proposed),True,"['marital_status', 'occupation', 'race', 'sex']",289,1.7974979877471924,6.488359807403766,4.0,0.0,0.05686208955130282,2.6228742713685254,100.0,6.488313859420662
adult,RandomForest,73,99,Untargeted Causal (Karimi 2021),True,"['marital_status', 'occupation', 'race', 'sex']",400,2.536116361618042,6.488359807403766,4.0,0.0,0.05686208955130282,2.6228742713685254,100.0,6.488313859420662
adult,RandomForest,73,99,Wachter's CE,True,"['capital_gain', 'hours_per_week', 'marital_status', 'occupation', 'race', 'sex', 'workclass']",500,0.05428743362426758,11.584210047874805,7.0,0.0,3.8128315410210654,5.060156618832491,94.10440516012483,11.584210047874805
adult,RandomForest,73,99,SHAP-Targeted CE,True,"['capital_gain', 'hours_per_week']",343,0.02791142463684082,4.347641974780343,2.0,0.0,1.7456858983595467,3.8765867815801887,100.0,4.347641974780343
adult,RandomForest,74,102,Actionable CBFI (Proposed),True,['marital_status'],268,1.5952329635620117,1.0,1.0,0.0,0.9009547697899697,2.869756742732037,100.0,1.0
adult,RandomForest,74,102,Untargeted Causal (Karimi 2021),True,['marital_status'],394,2.33561110496521,1.0,1.0,0.0,0.9009547697899697,2.869756742732037,100.0,1.0
adult,RandomForest,74,102,Wachter's CE,True,"['capital_loss', 'marital_status', 'occupation', 'sex']",500,0.055963993072509766,9.341575930485472,4.0,6.419766481290787e-33,0.9009547697899697,5.705330250368026,42.146155833574916,9.341575930485472
adult,RandomForest,74,102,SHAP-Targeted CE,True,['marital_status'],343,0.03058004379272461,1.0000000000000004,1.0,6.419766481290787e-33,0.9009547697899697,2.869756742732037,100.0,1.0000000000000004
adult,RandomForest,75,103,Actionable CBFI (Proposed),True,"['hours_per_week', 'marital_status', 'occupation', 'sex']",249,1.530794620513916,6.040896964614932,4.0,0.0007698035852131117,0.1691082229773859,2.5313469320956985,100.0,6.040875218564699
adult,RandomForest,75,103,Untargeted Causal (Karimi 2021),True,"['hours_per_week', 'marital_status', 'occupation', 'sex']",396,2.468663215637207,6.040896964614932,4.0,0.0007698035852131117,0.1691082229773859,2.5313469320956985,100.0,6.040875218564699
adult,RandomForest,75,103,Wachter's CE,True,"['capital_gain', 'capital_loss', 'hours_per_week', 'marital_status', 'occupation', 'sex', 'workclass']",500,0.05449795722961426,13.903249953371152,7.0,0.0,3.7957588596214182,6.002186021299215,80.56403790611235,13.903249953371152
adult,RandomForest,75,103,SHAP-Targeted CE,True,"['capital_gain', 'hours_per_week']",343,0.026878833770751953,4.347641974780343,2.0,0.0,1.7141030382589264,3.4558913730179692,100.0,4.347641974780343
adult,RandomForest,76,104,Actionable CBFI (Proposed),True,['capital_gain'],235,1.5072550773620605,13.419185182015388,1.0,0.0,59.66811499646372,13.648190724434693,100.0,13.419047807891996
adult,RandomForest,76,104,Untargeted Causal (Karimi 2021),True,"['capital_loss', 'occupation']",408,2.6383419036865234,12.808921563022679,2.0,0.0,0.05514881959670139,10.855027211439241,15.614117005554021,12.808810910542338
adult,RandomForest,76,104,Wachter's CE,True,"['capital_gain', 'capital_loss', 'hours_per_week', 'marital_status', 'occupation', 'sex']",500,0.05475640296936035,13.202475168566984,6.0,0.0,4.262135680656628,4.753480664757899,79.5323955829945,13.202475168566984
adult,RandomForest,76,104,SHAP-Targeted CE,True,"['capital_gain', 'hours_per_week']",343,0.030964136123657227,4.347641974780343,2.0,0.0,1.7619021759451117,2.8587804972097004,100.0,4.347641974780343
adult,RandomForest,77,106,Actionable CBFI (Proposed),True,"['hours_per_week', 'marital_status']",264,1.4479925632476807,2.000000000000001,2.0,0.00010825362917058699,8.305624453454021,6.2353980768199895,100.0,2.000000000000001
adult,RandomForest,77,106,Untargeted Causal (Karimi 2021),True,"['hours_per_week', 'marital_status']",414,2.4083547592163086,2.000000000000001,2.0,0.00010825362917058699,8.305624453454021,6.2353980768199895,100.0,2.000000000000001
adult,RandomForest,77,106,Wachter's CE,True,"['capital_gain', 'hours_per_week', 'marital_status', 'occupation', 'race', 'sex']",500,0.04821324348449707,14.089700549175593,6.0,4.930380657631324e-32,5.169930914247397,5.93510132475482,91.61043380161182,14.089700549175593
adult,RandomForest,77,106,SHAP-Targeted CE,True,"['capital_gain', 'hours_per_week', 'marital_status']",343,0.024094104766845703,1.6578107691946484,3.0,4.930380657631324e-32,8.017246760202736,6.154080259705022,100.0,1.6578107691946484
adult,RandomForest,78,107,Actionable CBFI (Proposed),True,['capital_gain'],242,1.5083839893341064,13.419185182015388,1.0,0.0,60.83633764746428,13.743577061128615,100.0,13.419047807891996
adult,RandomForest,78,107,Untargeted Causal (Karimi 2021),True,['capital_gain'],399,2.5113353729248047,13.419185182015388,1.0,0.0,60.83633764746428,13.743577061128615,100.0,13.419047807891996
adult,RandomForest,78,107,Wachter's CE,True,"['capital_gain', 'capital_loss', 'hours_per_week', 'marital_status', 'occupation', 'sex']",500,0.06514167785644531,12.452475168566984,6.0,0.0,4.789724094997545,4.946024877844552,78.29965244518822,12.452475168566984
adult,RandomForest,78,107,SHAP-Targeted CE,True,"['capital_gain', 'hours_per_week']",343,0.027197837829589844,4.347641974780343,2.0,0.0,2.271002545975384,2.9563702089435377,100.0,4.347641974780343
adult,RandomForest,79,108,Actionable CBFI (Proposed),True,['marital_status'],259,1.5953094959259033,1.0,1.0,0.0,0.056254545294357694,2.3763520703808627,100.0,1.0
adult,RandomForest,79,108,Untargeted Causal (Karimi 2021),True,['marital_status'],411,2.5482916831970215,1.0,1.0,0.0,0.056254545294357694,2.3763520703808627,100.0,1.0
adult,RandomForest,79,108,Wachter's CE,True,"['capital_gain', 'hours_per_week', 'marital_status', 'occupation', 'race', 'sex']",500,0.05429649353027344,12.577496616481632,6.0,0.0,3.8260066709005525,5.071044096513931,71.80524573120302,12.577496616481632
adult,RandomForest,79,108,SHAP-Targeted CE,True,"['capital_gain', 'hours_per_week']",343,0.02808403968811035,4.347641974780343,2.0,0.0,1.7510548699493242,3.2404491867202077,100.0,4.347641974780343
adult,RandomForest,80,110,Actionable CBFI (Proposed),True,"['hours_per_week', 'marital_status', 'occupation']",242,1.4857707023620605,4.666666666666667,3.0,0.0003007045254738716,0.558550680733008,2.2371318314209616,100.0,4.666666666666667
adult,RandomForest,80,110,Untargeted Causal (Karimi 2021),True,"['hours_per_week', 'marital_status', 'occupation']",397,2.416729688644409,4.666666666666667,3.0,0.0003007045254738716,0.558550680733008,2.2371318314209616,100.0,4.666666666666667
adult,RandomForest,80,110,Wachter's CE,True,"['capital_gain', 'capital_loss', 'hours_per_week', 'marital_status', 'occupation', 'sex']",500,0.05379128456115723,13.452475168566984,6.0,0.0,4.485624783108679,4.814655027497372,92.10468604724976,13.452475168566984
adult,RandomForest,80,110,SHAP-Targeted CE,True,"['capital_gain', 'hours_per_week']",343,0.027717113494873047,4.347641974780343,2.0,0.0,2.0171086704532497,3.1812328407957096,100.0,4.347641974780343
adult,RandomForest,81,113,Actionable CBFI (Proposed),True,"['capital_gain', 'hours_per_week']",278,1.7346282005310059,5.5453611394085,2.0,0.0,0.0026128251543855573,2.305626808003854,100.0,5.545355556468295
adult,RandomForest,81,113,Untargeted Causal (Karimi 2021),True,"['capital_gain', 'hours_per_week']",443,2.8141400814056396,5.5453611394085,2.0,0.0,0.0026128251543855573,2.305626808003854,100.0,5.545355556468295
adult,RandomForest,81,113,Wachter's CE,True,"['capital_gain', 'capital_loss', 'hours_per_week', 'marital_status', 'occupation', 'sex']",500,0.05362105369567871,9.240447362491818,6.0,0.0,4.158786768129706,4.712163596228496,100.0,9.240447362491818
adult,RandomForest,81,113,SHAP-Targeted CE,True,"['capital_gain', 'hours_per_week']",343,0.027350187301635742,4.246725279816287,2.0,0.0,2.7942424650970863,3.69905717292302,100.0,4.246725279816287
adult,RandomForest,82,114,Actionable CBFI (Proposed),True,"['marital_status', 'occupation']",247,1.5714178085327148,2.0,2.0,0.0,0.059656809299863084,1.89632786157146,100.0,2.0
adult,RandomForest,82,114,Untargeted Causal (Karimi 2021),True,"['marital_status', 'occupation']",400,2.6866323947906494,2.0,2.0,0.0,0.059656809299863084,1.89632786157146,100.0,2.0
adult,RandomForest,82,114,Wachter's CE,True,"['capital_gain', 'capital_loss', 'hours_per_week', 'marital_status', 'sex']",500,0.0557405948638916,12.202475168566984,5.0,0.0,4.212537767447272,4.702668399010412,77.85506339142987,12.202475168566984
adult,RandomForest,82,114,SHAP-Targeted CE,True,"['capital_gain', 'hours_per_week']",343,0.02869415283203125,4.347641974780343,2.0,0.0,1.7245745547212197,2.8648228041758923,100.0,4.347641974780343
adult,RandomForest,83,115,Actionable CBFI (Proposed),True,['occupation'],301,2.0324923992156982,0.5,1.0,0.0,1.6655930736503073,2.5853730870081004,100.0,0.5
adult,RandomForest,83,115,Untargeted Causal (Karimi 2021),True,['occupation'],415,2.711369514465332,0.5,1.0,0.0,1.6655930736503073,2.5853730870081004,100.0,0.5
adult,RandomForest,83,115,Wachter's CE,True,"['capital_gain', 'marital_status', 'occupation', 'race', 'sex', 'workclass']",500,0.05442094802856445,10.455808558496965,6.0,6.162975822039155e-33,5.330612377763271,5.678676520869632,41.78710693924524,10.455808558496965
adult,RandomForest,83,115,SHAP-Targeted CE,True,['capital_gain'],343,0.0630197525024414,2.236530863669232,1.0,6.162975822039155e-33,3.2752608923681095,3.36584118777058,2.050366761076712e-14,2.236530863669232
adult,RandomForest,84,116,Actionable CBFI (Proposed),True,['occupation'],279,1.6911101341247559,0.5000000000000004,1.0,0.0,0.18673008840371963,2.3745457750912946,100.0,0.5000000000000004
adult,RandomForest,84,116,Untargeted Causal (Karimi 2021),True,['occupation'],406,2.376884937286377,0.5000000000000004,1.0,0.0,0.18673008840371963,2.3745457750912946,100.0,0.5000000000000004
adult,RandomForest,84,116,Wachter's CE,True,"['capital_gain', 'marital_status', 'occupation', 'race', 'sex', 'workclass']",500,0.05519914627075195,10.388766648319775,6.0,2.467597741246146e-32,3.3207902048109044,5.0968453191073335,56.329165878748796,10.388766648319775
adult,RandomForest,84,116,SHAP-Targeted CE,True,['capital_gain'],343,0.027680397033691406,2.236530863669232,1.0,2.467597741246146e-32,1.44242511531767,2.822346616612879,2.050366761076712e-14,2.236530863669232
adult,RandomForest,85,118,Actionable CBFI (Proposed),True,['occupation'],342,2.111435890197754,1.0000000000000002,1.0,0.0,0.49675804493819437,1.8478947294109846,100.0,1.0000000000000002
adult,RandomForest,85,118,Untargeted Causal (Karimi 2021),True,['occupation'],436,2.635326862335205,1.0000000000000002,1.0,0.0,0.49675804493819437,1.8478947294109846,100.0,1.0000000000000002
adult,RandomForest,85,118,Wachter's CE,True,"['capital_gain', 'hours_per_week', 'marital_status', 'occupation', 'race', 'sex', 'workclass']",500,0.05482959747314453,11.705808558496965,7.0,0.0,3.333345828794276,5.087066041544022,71.34075549980972,11.705808558496965
adult,RandomForest,85,118,SHAP-Targeted CE,True,"['capital_gain', 'hours_per_week']",343,0.027868270874023438,4.236530863669231,2.0,0.0,1.4512100873010942,2.8098060200453157,47.20843691122819,4.236530863669231
adult,RandomForest,86,119,Actionable CBFI (Proposed),True,"['capital_loss', 'occupation']",265,1.602515697479248,11.058921563022679,2.0,0.0,0.06038913194475676,10.89727772019046,100.0,11.058810910542338
adult,RandomForest,86,119,Untargeted Causal (Karimi 2021),True,"['capital_loss', 'occupation']",415,2.5393130779266357,11.058921563022679,2.0,0.0,0.06038913194475676,10.89727772019046,100.0,11.058810910542338
adult,RandomForest,86,119,Wachter's CE,True,"['capital_gain', 'hours_per_week', 'marital_status', 'occupation', 'race', 'sex', 'workclass']",500,0.0526423454284668,13.047964313819783,7.0,0.0,3.9462232820594374,5.218091224963487,62.3534344079544,13.047964313819783
adult,RandomForest,86,119,SHAP-Targeted CE,True,"['capital_gain', 'hours_per_week']",343,0.026942968368530273,4.680975308113677,2.0,0.0,1.8010160565008242,3.0297434051830314,100.0,4.680975308113677
adult,RandomForest,87,120,Actionable CBFI (Proposed),True,['capital_gain'],262,1.6428022384643555,13.419185182015388,1.0,0.0,59.57926416422088,13.746976207427625,100.0,13.419047807891996
adult,RandomForest,87,120,Untargeted Causal (Karimi 2021),True,"['capital_loss', 'sex']",407,2.574559450149536,12.933151860970945,2.0,0.0,0.0019340511238899402,10.85073298342372,16.424691527505118,12.93301946244037
adult,RandomForest,87,120,Wachter's CE,True,"['capital_gain', 'capital_loss', 'hours_per_week', 'marital_status', 'occupation', 'sex']",500,0.05299878120422363,12.452475168566984,6.0,0.0,4.212213897011729,4.830480317635166,78.29965244518822,12.452475168566984
adult,RandomForest,87,120,SHAP-Targeted CE,True,"['capital_gain', 'hours_per_week']",343,0.02824997901916504,4.347641974780343,2.0,0.0,1.7080776730425349,3.0515435820313597,100.0,4.347641974780343
adult,RandomForest,88,122,Actionable CBFI (Proposed),True,['marital_status'],320,1.9307219982147217,1.0,1.0,0.0,0.47069166067078916,2.8074388762891314,100.0,1.0
adult,RandomForest,88,122,Untargeted Causal (Karimi 2021),True,['marital_status'],415,2.4403154850006104,1.0,1.0,0.0,0.47069166067078916,2.8074388762891314,100.0,1.0
adult,RandomForest,88,122,Wachter's CE,True,"['hours_per_week', 'marital_status', 'occupation', 'sex', 'workclass']",500,0.0546872615814209,8.636364661953085,5.0,0.0012028181018954864,0.6139271519177535,3.083835343197646,87.70182605126426,8.636364661953085
adult,RandomForest,88,122,SHAP-Targeted CE,True,"['hours_per_week', 'marital_status']",343,0.02745342254638672,3.1111111111111116,2.0,0.00048246370531585713,0.6053749508903553,2.924726125616039,100.0,3.1111111111111116
adult,RandomForest,89,124,Actionable CBFI (Proposed),True,"['capital_loss', 'hours_per_week']",316,1.9834232330322266,12.475588229689345,2.0,0.00030070452547387226,0.002068204135307263,11.071370605339633,100.0,12.475477577209004
adult,RandomForest,89,124,Untargeted Causal (Karimi 2021),True,"['capital_loss', 'hours_per_week']",464,2.939161777496338,12.475588229689345,2.0,0.00030070452547387226,0.002068204135307263,11.071370605339633,100.0,12.475477577209004
adult,RandomForest,89,124,Wachter's CE,True,"['capital_gain', 'hours_per_week', 'marital_status', 'occupation', 'sex', 'workclass']",500,0.052490949630737305,12.11768622928215,6.0,0.0,3.809626837399598,5.211266969611692,73.07332545140844,12.11768622928215
adult,RandomForest,89,124,SHAP-Targeted CE,True,"['capital_gain', 'hours_per_week']",343,0.0260159969329834,2.6809753081136765,2.0,0.0,1.720164857747396,3.531700350988449,100.0,2.6809753081136765
adult,RandomForest,90,126,Actionable CBFI (Proposed),True,['capital_gain'],273,1.749417781829834,13.419185182015388,1.0,0.0,60.42335782154489,14.709755713527626,100.0,13.419047807891996
adult,RandomForest,90,126,Untargeted Causal (Karimi 2021),True,['capital_gain'],440,2.8042643070220947,13.419185182015388,1.0,0.0,60.42335782154489,14.709755713527626,100.0,13.419047807891996
adult,RandomForest,90,126,Wachter's CE,True,"['capital_gain', 'capital_loss', 'hours_per_week', 'marital_status', 'occupation', 'race', 'sex']",500,0.05270218849182129,14.040208569031659,7.0,0.0,3.7957588596214182,7.009973125146975,91.58086043440254,14.040208569031659
adult,RandomForest,90,126,SHAP-Targeted CE,True,"['capital_gain', 'hours_per_week']",343,0.026683807373046875,4.12541975255812,2.0,0.0,1.7141030382589264,5.470754513026881,100.0,4.12541975255812
adult,RandomForest,91,128,Actionable CBFI (Proposed),True,"['occupation', 'workclass']",222,1.3898518085479736,3.7318323592912357,2.0,0.0,0.05890344795460606,1.2644932668581501,100.0,3.7318043931315534
adult,RandomForest,91,128,Untargeted Causal (Karimi 2021),True,"['occupation', 'workclass']",411,2.589717149734497,3.7318323592912357,2.0,0.0,0.05890344795460606,1.2644932668581501,100.0,3.7318043931315534
adult,RandomForest,91,128,Wachter's CE,True,"['capital_gain', 'hours_per_week', 'marital_status', 'occupation', 'race', 'sex']",500,0.05503964424133301,12.557309532539062,6.0,0.0,3.7735248770150744,5.194153697042652,82.6231506910498,12.557309532539062
adult,RandomForest,91,128,SHAP-Targeted CE,True,"['capital_gain', 'hours_per_week']",343,0.027340173721313477,4.347641974780343,2.0,0.0,1.7297977092226844,3.8292529671875157,100.0,4.347641974780343
adult,RandomForest,92,129,Actionable CBFI (Proposed),True,['marital_status'],246,1.5251216888427734,1.0,1.0,0.0,0.0072884429951697305,1.3162116119796412,100.0,1.0
adult,RandomForest,92,129,Untargeted Causal (Karimi 2021),True,['marital_status'],397,2.4798688888549805,1.0,1.0,0.0,0.0072884429951697305,1.3162116119796412,100.0,1.0
adult,RandomForest,92,129,Wachter's CE,True,"['capital_gain', 'capital_loss', 'hours_per_week', 'occupation', 'race', 'workclass']",500,0.05592989921569824,13.24540570869397,6.0,0.0,3.539193593530832,5.3377384248154165,61.750058762747194,13.24540570869397
adult,RandomForest,92,129,SHAP-Targeted CE,True,"['hours_per_week', 'marital_status']",343,0.02922677993774414,3.833333333333333,2.0,0.0012028181018954864,0.21283022512632563,1.7085173472084725,100.0,3.833333333333333
adult,RandomForest,93,130,Actionable CBFI (Proposed),True,"['occupation', 'sex']",300,1.9254870414733887,4.124230297948266,2.0,0.0,0.9996419417016466,2.4507971144098475,100.0,4.124208551898032
adult,RandomForest,93,130,Untargeted Causal (Karimi 2021),True,"['occupation', 'sex']",438,2.7396461963653564,4.124230297948266,2.0,0.0,0.9996419417016466,2.4507971144098475,100.0,4.124208551898032
adult,RandomForest,93,130,Wachter's CE,True,"['capital_gain', 'hours_per_week', 'marital_status', 'occupation']",500,0.056595563888549805,9.688129628837181,4.0,0.0,5.644551927758389,4.9945882975699485,50.11076937960568,9.688129628837181
adult,RandomForest,93,130,SHAP-Targeted CE,True,"['hours_per_week', 'marital_status']",343,0.027933359146118164,4.333333333333334,2.0,0.0012028181018954877,0.38749635992803616,2.5479595592188407,23.076923076923073,4.333333333333334
adult,RandomForest,94,131,Actionable CBFI (Proposed),True,"['capital_loss', 'sex']",237,1.475510835647583,8.560948051502175,2.0,0.0,0.05302245511392517,10.855626051844334,100.0,8.560860411849092
adult,RandomForest,94,131,Untargeted Causal (Karimi 2021),True,"['capital_loss', 'sex']",405,2.564310073852539,8.560948051502175,2.0,0.0,0.05302245511392517,10.855626051844334,100.0,8.560860411849092
adult,RandomForest,94,131,Wachter's CE,True,"['capital_gain', 'capital_loss', 'hours_per_week', 'marital_status', 'occupation', 'sex']",500,0.05432629585266113,11.420218196524413,6.0,0.0,4.298656389682794,4.825517962511541,100.0,11.420218196524413
adult,RandomForest,94,131,SHAP-Targeted CE,True,"['hours_per_week', 'marital_status']",343,0.027770280838012695,3.833333333333333,2.0,0.001202818101895487,0.3238059273317465,5.0463561381777335,100.0,3.833333333333333
adult,RandomForest,95,132,Actionable CBFI (Proposed),True,"['capital_gain', 'occupation', 'workclass']",249,1.4962763786315918,2.2044875274422906,3.0,0.0,0.10659658673468723,1.3379748712233248,100.0,2.2044675190731446
adult,RandomForest,95,132,Untargeted Causal (Karimi 2021),True,"['capital_gain', 'occupation', 'workclass']",469,2.8898680210113525,2.2044875274422906,3.0,0.0,0.10659658673468723,1.3379748712233248,100.0,2.2044675190731446
adult,RandomForest,95,132,Wachter's CE,True,"['capital_gain', 'hours_per_week', 'marital_status', 'occupation', 'race', 'workclass']",500,0.058598995208740234,12.835918237848327,6.0,0.0,4.198695023550443,5.04049675439478,68.47756281079653,12.835918237848327
adult,RandomForest,95,132,SHAP-Targeted CE,True,"['capital_gain', 'hours_per_week']",343,0.042221784591674805,2.0924039603170033,2.0,0.0,1.7142376085345237,3.1369982869514472,100.0,2.0924039603170033
adult,RandomForest,96,134,Actionable CBFI (Proposed),True,"['marital_status', 'occupation']",252,1.4323985576629639,3.5,2.0,0.0,0.28115846420854346,2.8052986493297936,100.0,3.5
adult,RandomForest,96,134,Untargeted Causal (Karimi 2021),True,"['marital_status', 'occupation']",405,2.3787808418273926,3.5,2.0,0.0,0.28115846420854346,2.8052986493297936,100.0,3.5
adult,RandomForest,96,134,Wachter's CE,True,"['capital_gain', 'hours_per_week', 'occupation', 'race', 'sex', 'workclass']",500,0.056647539138793945,13.622475225163633,6.0,0.0,3.3921471333303934,5.012687374343597,71.26882560381405,13.622475225163633
adult,RandomForest,96,134,SHAP-Targeted CE,True,"['capital_gain', 'hours_per_week']",343,0.027424097061157227,3.01430864144701,2.0,0.0,1.6717788690514288,4.160077307133918,100.0,3.01430864144701
adult,RandomForest,97,136,Actionable CBFI (Proposed),True,"['occupation', 'workclass']",341,2.214146852493286,1.6159161796456178,2.0,0.0,0.9494184497957446,1.9462944500038892,100.0,1.6159021965657765
adult,RandomForest,97,136,Untargeted Causal (Karimi 2021),True,"['occupation', 'workclass']",430,2.7072880268096924,1.6159161796456178,2.0,0.0,0.9494184497957446,1.9462944500038892,100.0,1.6159021965657765
adult,RandomForest,97,136,Wachter's CE,True,"['capital_gain', 'capital_loss', 'hours_per_week', 'marital_status', 'occupation', 'race']",500,0.054229736328125,12.879489529048351,6.0,0.0,3.6703110943038624,5.362350022832306,73.95241257087517,12.879489529048351
adult,RandomForest,97,136,SHAP-Targeted CE,True,"['capital_gain', 'hours_per_week']",343,0.028006553649902344,4.34764197478034,2.0,0.0,2.8931369273368013,3.4801658379946603,48.55761176649718,4.34764197478034
adult,RandomForest,98,137,Actionable CBFI (Proposed),True,"['hours_per_week', 'occupation']",281,1.7677321434020996,4.166666666666667,2.0,0.00030070452547387193,0.05482451665795743,2.1981541667747426,100.0,4.166666666666667
adult,RandomForest,98,137,Untargeted Causal (Karimi 2021),True,"['hours_per_week', 'occupation']",425,2.6300466060638428,4.166666666666667,2.0,0.00030070452547387193,0.05482451665795743,2.1981541667747426,100.0,4.166666666666667
adult,RandomForest,98,137,Wachter's CE,True,"['capital_gain', 'capital_loss', 'hours_per_week', 'marital_status', 'occupation', 'sex']",500,0.053528547286987305,13.035808501900316,6.0,0.0,4.16018554154867,4.705816876334474,74.26476236579575,13.035808501900316
adult,RandomForest,98,137,SHAP-Targeted CE,True,"['capital_gain', 'hours_per_week']",343,0.030528783798217773,2.6809753081136765,2.0,0.0,1.6766871822927298,3.224653769697666,16.57771494945824,2.6809753081136765
adult,RandomForest,99,138,Actionable CBFI (Proposed),True,"['capital_gain', 'marital_status']",294,1.836362361907959,13.919185182015388,2.0,0.0,61.30451933315407,13.899826427555636,100.0,13.919047807891996
adult,RandomForest,99,138,Untargeted Causal (Karimi 2021),True,"['capital_gain', 'marital_status']",449,2.8724637031555176,13.919185182015388,2.0,0.0,61.30451933315407,13.899826427555636,100.0,13.919047807891996
adult,RandomForest,99,138,Wachter's CE,True,"['capital_gain', 'hours_per_week', 'marital_status', 'occupation', 'sex', 'workclass']",500,0.054349660873413086,14.553276106431063,6.0,0.0,7.2600413491793185,5.602370735411926,85.40376556856796,14.553276106431063
adult,RandomForest,99,138,SHAP-Targeted CE,True,"['capital_gain', 'hours_per_week']",343,0.02657175064086914,3.1254197525581207,2.0,0.0,2.8091406168919395,3.7356415217148498,100.0,3.1254197525581207
adult,RandomForest,100,140,Actionable CBFI (Proposed),True,['occupation'],253,1.6211633682250977,0.25,1.0,1.6049416203226965e-35,0.09033848135663101,2.156970610120473,100.0,0.25
adult,RandomForest,100,140,Untargeted Causal (Karimi 2021),True,['occupation'],412,2.617450475692749,0.25000000000000006,1.0,0.0,0.09033848135663101,2.156970610120473,100.0,0.25000000000000006
adult,RandomForest,100,140,Wachter's CE,True,"['capital_gain', 'capital_loss', 'hours_per_week', 'marital_status', 'occupation', 'race', 'workclass']",500,0.055023193359375,13.562447618871161,7.0,0.0,3.4466103828698835,5.4054896179419645,57.83264226582613,13.562447618871161
adult,RandomForest,100,140,SHAP-Targeted CE,True,"['capital_gain', 'hours_per_week']",343,0.027614593505859375,4.347641974780343,2.0,0.0,1.6058433306099396,3.1271098378266493,48.55761176649721,4.347641974780343
adult,SVM (RBF Kernel),1,0,Actionable CBFI (Proposed),True,['marital_status'],332,0.8229975700378418,0.5,1.0,0.0,0.4429509655166575,3.3033165151255446,100.0,0.5
adult,SVM (RBF Kernel),1,0,Untargeted Causal (Karimi 2021),True,['marital_status'],428,1.0285742282867432,0.5,1.0,0.0,0.4429509655166575,3.3033165151255446,100.0,0.5
adult,SVM (RBF Kernel),1,0,Wachter's CE,True,"['capital_gain', 'hours_per_week', 'marital_status', 'occupation', 'race', 'sex', 'workclass']",500,0.40955233573913574,8.66812350972069,7.0,0.0,0.5889485735318098,2.4641830647171377,84.38126601826875,8.66812350972069
adult,SVM (RBF Kernel),1,0,SHAP-Targeted CE,True,"['marital_status', 'occupation', 'workclass']",343,0.26975083351135254,0.9776526966076028,3.0,0.0,0.4429509655166575,3.2888173284997015,100.0,0.9776526966076028
adult,SVM (RBF Kernel),2,2,Actionable CBFI (Proposed),True,['marital_status'],251,0.5965244770050049,1.0,1.0,0.0,0.06127289480661106,1.03425109203708,100.0,1.0
adult,SVM (RBF Kernel),2,2,Untargeted Causal (Karimi 2021),True,['marital_status'],403,0.9676461219787598,1.0,1.0,0.0,0.06127289480661106,1.03425109203708,100.0,1.0
adult,SVM (RBF Kernel),2,2,Wachter's CE,True,"['hours_per_week', 'marital_status', 'occupation', 'race', 'sex']",500,0.40358686447143555,8.577513237035216,5.0,0.001202818101895487,0.29746631311218674,2.1323254744811404,86.21902733272464,8.577513237035216
adult,SVM (RBF Kernel),2,2,SHAP-Targeted CE,True,"['marital_status', 'occupation']",343,0.2641124725341797,0.8333333333333336,2.0,0.0,0.06127289480661106,1.5234515166994733,100.0,0.8333333333333336
adult,SVM (RBF Kernel),3,3,Actionable CBFI (Proposed),True,['occupation'],232,0.5480849742889404,0.75,1.0,0.0,0.5074882287071117,2.815785632880066,100.0,0.75
adult,SVM (RBF Kernel),3,3,Untargeted Causal (Karimi 2021),True,['occupation'],415,0.950502872467041,0.75,1.0,0.0,0.5074882287071117,2.815785632880066,100.0,0.75
adult,SVM (RBF Kernel),3,3,Wachter's CE,True,"['hours_per_week', 'marital_status', 'occupation', 'race', 'sex', 'workclass']",500,0.41126203536987305,10.121460745300585,6.0,0.001202818101895487,0.7629827110395143,4.8034835618941125,40.076182230508195,10.121460745300585
adult,SVM (RBF Kernel),3,3,SHAP-Targeted CE,True,['occupation'],343,0.26038455963134766,0.9166666666666667,1.0,0.0,0.5074882287071117,2.8678778960839155,99.99999999999999,0.9166666666666667
adult,SVM (RBF Kernel),4,6,Actionable CBFI (Proposed),True,"['hours_per_week', 'marital_status', 'occupation']",286,0.7159159183502197,13.166666666666668,3.0,0.012316857363409787,1.5669051327185526,3.7152279514335023,100.0,13.166666666666668
adult,SVM (RBF Kernel),4,6,Untargeted Causal (Karimi 2021),True,"['hours_per_week', 'occupation', 'race', 'workclass']",402,1.0121052265167236,12.92929520208007,4.0,0.004342173347842706,1.3469276044559215,6.063999089188858,78.87098781028887,12.929243033987516
adult,SVM (RBF Kernel),4,6,Wachter's CE,True,"['capital_gain', 'hours_per_week', 'occupation', 'race', 'sex']",500,0.41743993759155273,12.03104095393348,5.0,0.0,8.501322162759362,6.739055863661225,91.17187653968645,12.03104095393348
adult,SVM (RBF Kernel),4,6,SHAP-Targeted CE,False,[],343,0.25972700119018555,,,,,,,
adult,SVM (RBF Kernel),5,12,Actionable CBFI (Proposed),True,['marital_status'],311,0.7843689918518066,1.0,1.0,0.0,0.7501230741526501,2.844087735057369,100.0,1.0
adult,SVM (RBF Kernel),5,12,Untargeted Causal (Karimi 2021),True,['marital_status'],443,1.1238093376159668,1.0,1.0,0.0,0.7501230741526501,2.844087735057369,100.0,1.0
adult,SVM (RBF Kernel),5,12,Wachter's CE,True,"['capital_gain', 'capital_loss', 'hours_per_week', 'marital_status', 'occupation', 'sex']",500,0.39972352981567383,10.36914183523365,6.0,0.0,4.494059874265175,4.832622818220021,100.0,10.36914183523365
adult,SVM (RBF Kernel),5,12,SHAP-Targeted CE,True,"['marital_status', 'occupation']",343,0.27123451232910156,1.2500000000000002,2.0,0.0,0.7501230741526501,2.976140999107038,99.99999999999997,1.2500000000000002
adult,SVM (RBF Kernel),6,13,Actionable CBFI (Proposed),True,['marital_status'],334,0.7574381828308105,1.0,1.0,0.0,0.3767601791719081,2.7586332713757056,100.0,1.0
adult,SVM (RBF Kernel),6,13,Untargeted Causal (Karimi 2021),True,['marital_status'],442,1.0054311752319336,1.0,1.0,0.0,0.3767601791719081,2.7586332713757056,100.0,1.0
adult,SVM (RBF Kernel),6,13,Wachter's CE,True,"['marital_status', 'occupation', 'sex', 'workclass']",500,0.40254759788513184,4.053031328619752,4.0,4.365441207277735e-33,0.3767601791719081,2.9424083602049413,40.09344779857377,4.053031328619752
adult,SVM (RBF Kernel),6,13,SHAP-Targeted CE,True,"['marital_status', 'occupation']",343,0.2654111385345459,1.0833333333333335,2.0,2.5679065925163143e-34,0.3767601791719081,2.7254761475250207,99.99999999999997,1.0833333333333335
adult,SVM (RBF Kernel),7,15,Actionable CBFI (Proposed),True,['capital_gain'],241,0.6238114833831787,13.419185182015388,1.0,0.0,63.183489855092894,14.766893989035527,100.0,13.419047807891996
adult,SVM (RBF Kernel),7,15,Untargeted Causal (Karimi 2021),True,['capital_gain'],464,1.1847329139709473,13.419185182015388,1.0,0.0,63.183489855092894,14.766893989035527,100.0,13.419047807891996
adult,SVM (RBF Kernel),7,15,Wachter's CE,True,"['capital_gain', 'capital_loss', 'hours_per_week', 'marital_status', 'race', 'sex']",500,0.3965945243835449,10.217873256628065,6.0,0.0,6.255376094088902,6.524157221140025,81.24201956191445,10.217873256628065
adult,SVM (RBF Kernel),7,15,SHAP-Targeted CE,False,[],343,0.26483941078186035,,,,,,,
adult,SVM (RBF Kernel),8,16,Actionable CBFI (Proposed),True,"['marital_status', 'occupation', 'workclass']",252,0.611562967300415,6.5977485389368535,3.0,0.0,0.08263884350657225,3.6214931108642534,100.0,6.597706589697329
adult,SVM (RBF Kernel),8,16,Untargeted Causal (Karimi 2021),True,"['marital_status', 'occupation', 'workclass']",403,0.983426570892334,6.5977485389368535,3.0,0.0,0.08263884350657225,3.6214931108642534,100.0,6.597706589697329
adult,SVM (RBF Kernel),8,16,Wachter's CE,True,"['capital_gain', 'capital_loss', 'hours_per_week', 'marital_status', 'occupation', 'sex', 'workclass']",500,0.3964550495147705,12.401724681545934,7.0,0.0,4.291279339333406,4.808793191390717,91.43574642844163,12.401724681545934
adult,SVM (RBF Kernel),8,16,SHAP-Targeted CE,True,"['marital_status', 'occupation', 'workclass']",343,0.26306796073913574,6.1810818722701875,3.0,0.0,0.08263884350657225,3.438544105982516,100.0,6.1810818722701875
adult,SVM (RBF Kernel),9,17,Actionable CBFI (Proposed),True,"['marital_status', 'occupation']",249,0.5812664031982422,2.75,2.0,0.0,0.05686208955130282,2.0261398863508564,100.0,2.75
adult,SVM (RBF Kernel),9,17,Untargeted Causal (Karimi 2021),True,"['marital_status', 'occupation']",400,0.9403307437896729,2.75,2.0,0.0,0.05686208955130282,2.0261398863508564,100.0,2.75
adult,SVM (RBF Kernel),9,17,Wachter's CE,True,"['capital_gain', 'capital_loss', 'hours_per_week', 'marital_status', 'sex']",500,0.3996763229370117,12.202475168566984,5.0,0.0,4.240660706505865,4.724435099208403,91.2959040333875,12.202475168566984
adult,SVM (RBF Kernel),9,17,SHAP-Targeted CE,True,"['marital_status', 'workclass']",343,0.25852012634277344,1.9106107864304118,2.0,0.0,0.05686208955130282,1.5188100729185765,100.0,1.9106107864304118
adult,SVM (RBF Kernel),10,19,Actionable CBFI (Proposed),True,['marital_status'],264,0.6250824928283691,1.0,1.0,0.0,0.8156057815477826,2.9202207048559115,100.0,1.0
adult,SVM (RBF Kernel),10,19,Untargeted Causal (Karimi 2021),True,['marital_status'],399,0.9493358135223389,1.0,1.0,0.0,0.8156057815477826,2.9202207048559115,100.0,1.0
adult,SVM (RBF Kernel),10,19,Wachter's CE,True,"['hours_per_week', 'marital_status', 'occupation', 'race', 'sex']",500,0.4036870002746582,7.467911325096299,5.0,0.00030070452547387226,0.9115468672914756,3.145057317690286,68.3428283151847,7.467911325096299
adult,SVM (RBF Kernel),10,19,SHAP-Targeted CE,True,"['marital_status', 'occupation', 'workclass']",343,0.2745821475982666,1.1219720598818723,3.0,2.5679065925163143e-34,0.8156057815477826,2.786034306425091,100.0,1.1219720598818723
adult,SVM (RBF Kernel),11,21,Actionable CBFI (Proposed),True,"['marital_status', 'occupation', 'race']",308,0.7126455307006836,3.9320647547277505,3.0,0.0,0.9934903464464314,2.6715755253097955,100.0,3.9320526537613154
adult,SVM (RBF Kernel),11,21,Untargeted Causal (Karimi 2021),True,"['marital_status', 'occupation', 'race']",406,0.9577765464782715,3.9320647547277505,3.0,0.0,0.9934903464464314,2.6715755253097955,100.0,3.9320526537613154
adult,SVM (RBF Kernel),11,21,Wachter's CE,True,"['capital_gain', 'capital_loss', 'hours_per_week', 'marital_status', 'occupation', 'race', 'sex']",500,0.3978714942932129,11.816604678022482,7.0,0.0,4.093202487555041,4.8457035213614,68.1435941854681,11.816604678022482
adult,SVM (RBF Kernel),11,21,SHAP-Targeted CE,False,[],343,0.2623002529144287,,,,,,,
adult,SVM (RBF Kernel),12,22,Actionable CBFI (Proposed),True,['capital_gain'],267,0.6880245208740234,13.419185182015388,1.0,0.0,62.2481640457,14.17523560502251,100.0,13.419047807891996
adult,SVM (RBF Kernel),12,22,Untargeted Causal (Karimi 2021),True,['capital_gain'],411,1.039175271987915,13.419185182015388,1.0,0.0,62.2481640457,14.17523560502251,100.0,13.419047807891996
adult,SVM (RBF Kernel),12,22,Wachter's CE,True,"['capital_gain', 'hours_per_week', 'marital_status', 'occupation', 'race', 'sex', 'workclass']",500,0.40350914001464844,10.834210047874805,7.0,0.0,5.541173946745971,5.469969456580323,69.23325910607406,10.834210047874805
adult,SVM (RBF Kernel),12,22,SHAP-Targeted CE,False,[],343,0.3064076900482178,,,,,,,
adult,SVM (RBF Kernel),13,24,Actionable CBFI (Proposed),True,['marital_status'],298,0.724334716796875,1.0,1.0,0.0,0.08704549933429613,2.877010936289058,100.0,1.0
adult,SVM (RBF Kernel),13,24,Untargeted Causal (Karimi 2021),True,['marital_status'],404,0.9683928489685059,1.0,1.0,0.0,0.08704549933429613,2.877010936289058,100.0,1.0
adult,SVM (RBF Kernel),13,24,Wachter's CE,True,"['hours_per_week', 'marital_status', 'occupation', 'race', 'sex', 'workclass']",500,0.3933138847351074,9.500494171408583,6.0,0.0012028181018954877,0.2713538367715032,3.209358137322406,85.62268283100161,9.500494171408583
adult,SVM (RBF Kernel),13,24,SHAP-Targeted CE,True,"['marital_status', 'occupation']",343,0.26598501205444336,0.7500000000000002,2.0,1.6049416203226965e-35,0.08704549933429613,3.149698891060319,99.99999999999999,0.7500000000000002
adult,SVM (RBF Kernel),14,26,Actionable CBFI (Proposed),True,['capital_gain'],282,0.7127683162689209,13.419185182015388,1.0,0.0,60.11725186429383,13.749270966334143,100.0,13.419047807891996
adult,SVM (RBF Kernel),14,26,Untargeted Causal (Karimi 2021),True,['capital_gain'],423,1.074150800704956,13.419185182015388,1.0,0.0,60.11725186429383,13.749270966334143,100.0,13.419047807891996
adult,SVM (RBF Kernel),14,26,Wachter's CE,True,"['capital_loss', 'hours_per_week', 'marital_status', 'occupation', 'sex', 'workclass']",500,0.396287202835083,12.540825443464424,6.0,0.001202818101895487,0.33494451033386463,5.994548573455778,91.5307397127703,12.540825443464424
adult,SVM (RBF Kernel),14,26,SHAP-Targeted CE,True,"['marital_status', 'occupation', 'workclass']",343,0.26558852195739746,5.898499025957903,3.0,1.0271626370065257e-33,0.05180744743309835,3.8543342653372012,100.0,5.898499025957903
adult,SVM (RBF Kernel),15,28,Actionable CBFI (Proposed),True,['marital_status'],251,0.5838851928710938,1.0,1.0,0.0,3.611752836937873,3.4575261618690596,100.0,1.0
adult,SVM (RBF Kernel),15,28,Untargeted Causal (Karimi 2021),True,['marital_status'],422,0.968421220779419,1.0,1.0,0.0,3.611752836937873,3.4575261618690596,100.0,1.0
adult,SVM (RBF Kernel),15,28,Wachter's CE,True,"['capital_gain', 'hours_per_week', 'occupation', 'sex']",500,0.40206122398376465,8.750244777811313,4.0,0.0,5.867240256589909,4.9879530597952675,71.42937068069858,8.750244777811313
adult,SVM (RBF Kernel),15,28,SHAP-Targeted CE,True,"['marital_status', 'occupation']",343,0.26941657066345215,0.6666666666666669,2.0,2.5679065925163143e-34,3.611752836937873,3.4768612617271963,75.0,0.6666666666666669
adult,SVM (RBF Kernel),16,30,Actionable CBFI (Proposed),True,['marital_status'],276,0.6602258682250977,1.0,1.0,0.0,0.49177362258901075,2.7374074634841397,100.0,1.0
adult,SVM (RBF Kernel),16,30,Untargeted Causal (Karimi 2021),True,['marital_status'],406,0.9780304431915283,1.0,1.0,0.0,0.49177362258901075,2.7374074634841397,100.0,1.0
adult,SVM (RBF Kernel),16,30,Wachter's CE,True,"['hours_per_week', 'marital_status', 'occupation', 'race', 'sex', 'workclass']",500,0.4034440517425537,8.199743684387535,6.0,4.8112724075819617e-05,0.40173680699495057,3.160636223082468,58.21522244709592,8.199743684387535
adult,SVM (RBF Kernel),16,30,SHAP-Targeted CE,True,"['marital_status', 'occupation', 'workclass']",343,0.2631216049194336,1.6219720598818723,3.0,2.5679065925163143e-34,0.49177362258901075,3.1459691654222515,100.0,1.6219720598818723
adult,SVM (RBF Kernel),17,31,Actionable CBFI (Proposed),True,"['marital_status', 'occupation', 'workclass']",297,0.727597713470459,4.231832359291236,3.0,0.0,0.05068254283822176,4.520049838463588,100.0,4.2318043931315525
adult,SVM (RBF Kernel),17,31,Untargeted Causal (Karimi 2021),True,"['marital_status', 'occupation', 'workclass']",444,1.0849945545196533,4.231832359291236,3.0,0.0,0.05068254283822176,4.520049838463588,100.0,4.2318043931315525
adult,SVM (RBF Kernel),17,31,Wachter's CE,True,"['capital_gain', 'hours_per_week', 'marital_status', 'occupation', 'sex', 'workclass']",500,0.4003171920776367,10.11768622928215,6.0,0.0,3.7957588596214182,5.191808087911598,74.9838301254906,10.11768622928215
adult,SVM (RBF Kernel),17,31,SHAP-Targeted CE,True,"['marital_status', 'occupation', 'workclass']",343,0.25874876976013184,4.231832359291236,3.0,0.0,0.05068254283822176,4.520049838463588,100.0,4.231832359291236
adult,SVM (RBF Kernel),18,32,Actionable CBFI (Proposed),True,['marital_status'],279,0.6678223609924316,1.0,1.0,0.0,0.4677619109865601,3.5866768392609263,100.0,1.0
adult,SVM (RBF Kernel),18,32,Untargeted Causal (Karimi 2021),True,['marital_status'],426,0.9862105846405029,1.0,1.0,0.0,0.4677619109865601,3.5866768392609263,100.0,1.0
adult,SVM (RBF Kernel),18,32,Wachter's CE,True,"['capital_loss', 'hours_per_week', 'marital_status', 'occupation', 'sex', 'workclass']",500,0.4032583236694336,8.54703261501265,6.0,0.0012028181018954864,0.5739366301846899,5.639996070927204,84.01882570043759,8.54703261501265
adult,SVM (RBF Kernel),18,32,SHAP-Targeted CE,True,"['marital_status', 'occupation']",343,0.2629508972167969,0.6666666666666669,2.0,0.0,0.4677619109865601,3.656606119982194,99.99999999999999,0.6666666666666669
adult,SVM (RBF Kernel),19,34,Actionable CBFI (Proposed),True,['capital_gain'],244,0.6153843402862549,13.419185182015388,1.0,0.0,61.91867299039682,14.249278702249079,100.0,13.419047807891996
adult,SVM (RBF Kernel),19,34,Untargeted Causal (Karimi 2021),True,"['hours_per_week', 'occupation']",419,1.0668115615844727,13.0,2.0,0.013098689129641858,0.16509382949158213,4.092032210052446,84.61538461538461,13.0
adult,SVM (RBF Kernel),19,34,Wachter's CE,True,"['capital_gain', 'hours_per_week', 'marital_status', 'occupation', 'sex', 'workclass']",500,0.3989706039428711,10.860478626480388,6.0,0.0,7.256627794177764,6.4378063970191235,85.0374918464655,10.860478626480388
adult,SVM (RBF Kernel),19,34,SHAP-Targeted CE,False,[],343,0.26201534271240234,,,,,,,
adult,SVM (RBF Kernel),20,35,Actionable CBFI (Proposed),True,"['marital_status', 'occupation']",283,0.5992958545684814,1.75,2.0,0.0,0.4984333852374079,1.7069090260849216,100.0,1.75
adult,SVM (RBF Kernel),20,35,Untargeted Causal (Karimi 2021),True,"['marital_status', 'occupation']",430,0.9408886432647705,1.75,2.0,0.0,0.4984333852374079,1.7069090260849216,100.0,1.75
adult,SVM (RBF Kernel),20,35,Wachter's CE,True,"['capital_gain', 'capital_loss', 'hours_per_week', 'marital_status', 'sex']",500,0.40409302711486816,12.202475168566984,5.0,0.0,4.675646032536147,4.958439202071769,91.2959040333875,12.202475168566984
adult,SVM (RBF Kernel),20,35,SHAP-Targeted CE,True,"['marital_status', 'occupation']",343,0.2748129367828369,1.5833333333333335,2.0,0.0,0.4984333852374079,1.6616477500401459,100.0,1.5833333333333335
adult,SVM (RBF Kernel),21,36,Actionable CBFI (Proposed),True,"['marital_status', 'occupation', 'workclass']",289,0.6729302406311035,3.9818323592912357,3.0,0.0,0.0019340511238899402,3.4024040480295694,100.0,3.981804393131553
adult,SVM (RBF Kernel),21,36,Untargeted Causal (Karimi 2021),True,"['marital_status', 'occupation', 'workclass']",431,1.0077509880065918,3.9818323592912357,3.0,0.0,0.0019340511238899402,3.4024040480295694,100.0,3.981804393131553
adult,SVM (RBF Kernel),21,36,Wachter's CE,True,"['capital_gain', 'capital_loss', 'hours_per_week', 'marital_status', 'sex']",500,0.4104292392730713,12.202475168566984,5.0,0.0,4.212213897011729,4.830480317635166,91.2959040333875,12.202475168566984
adult,SVM (RBF Kernel),21,36,SHAP-Targeted CE,True,"['marital_status', 'occupation', 'workclass']",343,0.26018261909484863,3.98788823952749,3.0,0.0,0.0019340511238899402,3.0153892941805975,100.0,3.98788823952749
adult,SVM (RBF Kernel),22,37,Actionable CBFI (Proposed),True,['capital_gain'],213,0.5287425518035889,13.419185182015388,1.0,0.0,61.16782288062444,14.059093313649626,100.0,13.419047807891996
adult,SVM (RBF Kernel),22,37,Untargeted Causal (Karimi 2021),True,"['hours_per_week', 'marital_status', 'occupation', 'workclass']",413,1.018913984298706,11.481832359291236,4.0,0.002706340729264846,0.05180744743309835,4.344123245194941,76.20734849798949,11.481804393131553
adult,SVM (RBF Kernel),22,37,Wachter's CE,True,"['capital_loss', 'hours_per_week', 'marital_status', 'occupation', 'race', 'sex']",500,0.3979470729827881,9.497372106607642,6.0,3.007045254738709e-06,0.41532667268001305,6.407239024149191,75.10754045520974,9.497372106607642
adult,SVM (RBF Kernel),22,37,SHAP-Targeted CE,False,[],343,0.2636382579803467,,,,,,,
adult,SVM (RBF Kernel),23,40,Actionable CBFI (Proposed),True,"['hours_per_week', 'occupation', 'workclass']",239,0.5752389430999756,6.148499025957903,3.0,0.0003007045254738716,1.567581616001983,4.522295531360722,100.0,6.1484710597982195
adult,SVM (RBF Kernel),23,40,Untargeted Causal (Karimi 2021),True,"['hours_per_week', 'occupation', 'workclass']",415,1.016939401626587,6.148499025957903,3.0,0.0003007045254738716,1.567581616001983,4.522295531360722,100.0,6.1484710597982195
adult,SVM (RBF Kernel),23,40,Wachter's CE,True,"['capital_loss', 'hours_per_week', 'marital_status', 'occupation', 'sex']",500,0.39893627166748047,10.799909263818805,5.0,0.0005893808699287879,1.675687058381838,6.29251596474905,97.68516573710916,10.799909263818805
adult,SVM (RBF Kernel),23,40,SHAP-Targeted CE,False,[],343,0.2680487632751465,,,,,,,
adult,SVM (RBF Kernel),24,43,Actionable CBFI (Proposed),True,['marital_status'],231,0.5689857006072998,1.0000000000000002,1.0,0.0,0.07276784554730027,2.265555912853596,100.0,1.0000000000000002
adult,SVM (RBF Kernel),24,43,Untargeted Causal (Karimi 2021),True,['marital_status'],409,1.0245659351348877,1.0000000000000002,1.0,0.0,0.07276784554730027,2.265555912853596,100.0,1.0000000000000002
adult,SVM (RBF Kernel),24,43,Wachter's CE,True,"['hours_per_week', 'marital_status', 'occupation', 'race', 'sex']",500,0.40031909942626953,6.827513237035216,5.0,0.0012028181018954864,0.28178336435039714,2.296233187245516,82.68674532455319,6.827513237035216
adult,SVM (RBF Kernel),24,43,SHAP-Targeted CE,True,"['marital_status', 'occupation']",343,0.2638978958129883,1.2500000000000004,2.0,0.0,0.07276784554730027,2.4110595711108713,99.99999999999997,1.2500000000000004
adult,SVM (RBF Kernel),25,44,Actionable CBFI (Proposed),True,"['marital_status', 'occupation', 'workclass']",267,0.6294553279876709,4.981832359291236,3.0,0.0,0.08263884350657225,3.6214931108642534,100.0,4.9818043931315525
adult,SVM (RBF Kernel),25,44,Untargeted Causal (Karimi 2021),True,"['marital_status', 'occupation', 'workclass']",418,0.9958629608154297,4.981832359291236,3.0,0.0,0.08263884350657225,3.6214931108642534,100.0,4.9818043931315525
adult,SVM (RBF Kernel),25,44,Wachter's CE,True,"['capital_gain', 'capital_loss', 'hours_per_week', 'marital_status', 'occupation', 'sex']",500,0.3996407985687256,10.785808501900316,6.0,0.0,4.291279339333406,4.808793191390717,90.1526607969444,10.785808501900316
adult,SVM (RBF Kernel),25,44,SHAP-Targeted CE,True,"['marital_status', 'occupation', 'workclass']",343,0.26715660095214844,4.565165692624569,3.0,0.0,0.08263884350657225,3.438544105982516,100.0,4.565165692624569
adult,SVM (RBF Kernel),26,47,Actionable CBFI (Proposed),True,['marital_status'],268,0.6331577301025391,1.0000000000000002,1.0,0.0,0.8283796422110944,2.381947898051939,100.0,1.0000000000000002
adult,SVM (RBF Kernel),26,47,Untargeted Causal (Karimi 2021),True,['marital_status'],463,1.075009822845459,1.0000000000000002,1.0,0.0,0.8283796422110944,2.381947898051939,100.0,1.0000000000000002
adult,SVM (RBF Kernel),26,47,Wachter's CE,True,"['hours_per_week', 'marital_status', 'occupation', 'race', 'sex']",500,0.3974900245666504,8.077513237035216,5.0,0.0012028181018954864,0.9088441615079822,2.731367724152352,85.36598183079404,8.077513237035216
adult,SVM (RBF Kernel),26,47,SHAP-Targeted CE,True,"['marital_status', 'occupation']",343,0.26563596725463867,0.6666666666666669,2.0,2.5679065925163143e-34,0.8283796422110944,2.539783342741504,99.99999999999999,0.6666666666666669
adult,SVM (RBF Kernel),27,49,Actionable CBFI (Proposed),True,['marital_status'],264,0.6330611705780029,1.0,1.0,0.0,0.06962554006739614,1.4929752852883376,100.0,1.0
adult,SVM (RBF Kernel),27,49,Untargeted Causal (Karimi 2021),True,['marital_status'],402,0.9919793605804443,1.0,1.0,0.0,0.06962554006739614,1.4929752852883376,100.0,1.0
adult,SVM (RBF Kernel),27,49,Wachter's CE,True,"['hours_per_week', 'marital_status', 'occupation', 'race', 'sex', 'workclass']",500,0.399120569229126,8.500494171408583,6.0,0.0005893808699287889,0.25683088419148853,2.946133784718851,59.69358263953867,8.500494171408583
adult,SVM (RBF Kernel),27,49,SHAP-Targeted CE,True,"['marital_status', 'occupation']",343,0.269883394241333,1.166666666666667,2.0,0.0,0.06962554006739614,1.4191443570684295,100.0,1.166666666666667
adult,SVM (RBF Kernel),28,50,Actionable CBFI (Proposed),True,"['hours_per_week', 'race']",230,0.5591704845428467,3.8487314213944175,2.0,0.0007698035852131117,0.15934564630346135,2.226187442044661,100.0,3.8487193204279824
adult,SVM (RBF Kernel),28,50,Untargeted Causal (Karimi 2021),True,"['occupation', 'race']",425,0.9951295852661133,2.182064754727751,2.0,0.0,0.002103196365991008,2.51520658057925,54.171845824769434,2.182052653761316
adult,SVM (RBF Kernel),28,50,Wachter's CE,True,"['capital_loss', 'hours_per_week', 'marital_status', 'occupation', 'race', 'sex', 'workclass']",500,0.40036702156066895,12.722890198192175,7.0,0.001202818101895487,0.24223503240939262,5.81430813165088,88.28162346431736,12.722890198192175
adult,SVM (RBF Kernel),28,50,SHAP-Targeted CE,True,"['occupation', 'workclass']",343,0.2694225311279297,3.4818323592912357,2.0,0.0,0.002103196365991008,3.381718741681022,0.0,3.4818323592912357
adult,SVM (RBF Kernel),29,51,Actionable CBFI (Proposed),True,"['hours_per_week', 'marital_status', 'occupation', 'workclass']",267,0.6564681529998779,8.565165692624568,4.0,0.0012028181018954877,0.0516738087131669,4.370358215228218,100.0,8.565137726464886
adult,SVM (RBF Kernel),29,51,Untargeted Causal (Karimi 2021),True,"['hours_per_week', 'marital_status', 'occupation', 'workclass']",408,1.0344829559326172,8.565165692624568,4.0,0.0012028181018954877,0.0516738087131669,4.370358215228218,100.0,8.565137726464886
adult,SVM (RBF Kernel),29,51,Wachter's CE,True,"['capital_gain', 'capital_loss', 'hours_per_week', 'marital_status', 'occupation', 'sex']",500,0.39847731590270996,9.11914183523365,6.0,0.0,4.343684231492767,4.949262666708495,88.35290460259718,9.11914183523365
adult,SVM (RBF Kernel),29,51,SHAP-Targeted CE,False,[],343,0.2637202739715576,,,,,,,
adult,SVM (RBF Kernel),30,54,Actionable CBFI (Proposed),True,['marital_status'],272,0.6261298656463623,1.0,1.0,0.0,0.934051412423024,2.130182253163106,100.0,1.0
adult,SVM (RBF Kernel),30,54,Untargeted Causal (Karimi 2021),True,['marital_status'],395,0.9093310832977295,1.0,1.0,0.0,0.934051412423024,2.130182253163106,100.0,1.0
adult,SVM (RBF Kernel),30,54,Wachter's CE,True,"['hours_per_week', 'marital_status', 'occupation', 'race', 'sex', 'workclass']",500,0.3958454132080078,8.760471326858026,6.0,0.0012028181018954877,0.28430672113111166,2.2442499482437444,86.50683609791915,8.760471326858026
adult,SVM (RBF Kernel),30,54,SHAP-Targeted CE,True,"['marital_status', 'occupation', 'workclass']",343,0.26309990882873535,0.8943193632742701,3.0,2.5679065925163143e-34,0.934051412423024,2.2581431507408323,100.0,0.8943193632742701
adult,SVM (RBF Kernel),31,56,Actionable CBFI (Proposed),True,['capital_gain'],250,0.6459231376647949,13.419185182015388,1.0,0.0,63.826679432172085,14.042629491994079,100.0,13.419047807891996
adult,SVM (RBF Kernel),31,56,Untargeted Causal (Karimi 2021),True,['capital_gain'],394,0.9919052124023438,13.419185182015388,1.0,0.0,63.826679432172085,14.042629491994079,100.0,13.419047807891996
adult,SVM (RBF Kernel),31,56,Wachter's CE,True,"['capital_loss', 'hours_per_week', 'marital_status', 'occupation', 'sex', 'workclass']",500,0.3930220603942871,12.290825443464424,6.0,0.0012028181018954877,2.982727510144168,6.5040210747880876,28.907996008592367,12.290825443464424
adult,SVM (RBF Kernel),31,56,SHAP-Targeted CE,False,[],343,0.263852596282959,,,,,,,
adult,SVM (RBF Kernel),32,61,Actionable CBFI (Proposed),True,['capital_gain'],256,0.6550986766815186,13.419185182015388,1.0,0.0,63.35048164702284,14.304949546487265,100.0,13.419047807891996
adult,SVM (RBF Kernel),32,61,Untargeted Causal (Karimi 2021),True,['capital_gain'],406,1.024026870727539,13.419185182015388,1.0,0.0,63.35048164702284,14.304949546487265,100.0,13.419047807891996
adult,SVM (RBF Kernel),32,61,Wachter's CE,True,"['capital_gain', 'hours_per_week', 'race', 'sex', 'workclass']",500,0.4609682559967041,12.131297647153115,5.0,0.0,6.2790630246940715,5.667671213515534,70.76821979538647,12.131297647153115
adult,SVM (RBF Kernel),32,61,SHAP-Targeted CE,False,[],343,0.263092041015625,,,,,,,
adult,SVM (RBF Kernel),33,64,Actionable CBFI (Proposed),True,['marital_status'],323,0.7880368232727051,1.0,1.0,0.0,0.7310709143312809,2.3374890167410793,100.0,1.0
adult,SVM (RBF Kernel),33,64,Untargeted Causal (Karimi 2021),True,['marital_status'],449,1.1072325706481934,1.0,1.0,0.0,0.7310709143312809,2.3374890167410793,100.0,1.0
adult,SVM (RBF Kernel),33,64,Wachter's CE,True,"['capital_loss', 'hours_per_week', 'marital_status', 'occupation', 'sex']",500,0.39379072189331055,10.13324259715214,5.0,0.0007698035852131128,0.2331045734583854,5.737892585063695,89.51850664985925,10.13324259715214
adult,SVM (RBF Kernel),33,64,SHAP-Targeted CE,True,"['marital_status', 'occupation']",343,0.26454925537109375,0.7500000000000002,2.0,0.0,0.7310709143312809,2.691866629239176,100.0,0.7500000000000002
adult,SVM (RBF Kernel),34,66,Actionable CBFI (Proposed),True,['marital_status'],278,0.69228196144104,1.0,1.0,0.0,0.0026128251543855573,2.2725405831766485,100.0,1.0
adult,SVM (RBF Kernel),34,66,Untargeted Causal (Karimi 2021),True,['marital_status'],436,1.097644329071045,1.0,1.0,0.0,0.0026128251543855573,2.2725405831766485,100.0,1.0
adult,SVM (RBF Kernel),34,66,Wachter's CE,True,"['capital_loss', 'hours_per_week', 'marital_status', 'occupation', 'sex', 'workclass']",500,0.39714646339416504,12.384767868977356,6.0,0.001202818101895487,0.23533250678802017,6.035834333713956,88.9709989392122,12.384767868977356
adult,SVM (RBF Kernel),34,66,SHAP-Targeted CE,True,"['marital_status', 'occupation']",343,0.26312899589538574,0.7500000000000002,2.0,0.0,0.0026128251543855573,2.7131653556040507,99.99999999999999,0.7500000000000002
adult,SVM (RBF Kernel),35,69,Actionable CBFI (Proposed),True,"['marital_status', 'occupation']",245,0.5895757675170898,3.0,2.0,0.0,0.002103196365991008,3.2830232350731996,100.0,3.0
adult,SVM (RBF Kernel),35,69,Untargeted Causal (Karimi 2021),True,"['marital_status', 'occupation']",395,0.9601356983184814,3.0,2.0,0.0,0.002103196365991008,3.2830232350731996,100.0,3.0
adult,SVM (RBF Kernel),35,69,Wachter's CE,True,"['capital_gain', 'hours_per_week', 'marital_status', 'race', 'sex', 'workclass']",500,0.4007761478424072,12.631297647153115,6.0,0.0,3.7269657848116933,5.126018794421235,67.72103743759642,12.631297647153115
adult,SVM (RBF Kernel),35,69,SHAP-Targeted CE,True,"['marital_status', 'occupation']",343,0.3071715831756592,2.75,2.0,0.0,0.002103196365991008,3.2173971627218547,100.0,2.75
adult,SVM (RBF Kernel),36,70,Actionable CBFI (Proposed),True,"['marital_status', 'occupation', 'workclass']",273,0.6330788135528564,4.731832359291236,3.0,0.0,0.11187045832021773,4.190884109943507,100.0,4.731804393131553
adult,SVM (RBF Kernel),36,70,Untargeted Causal (Karimi 2021),True,"['marital_status', 'occupation', 'workclass']",412,0.9892058372497559,4.731832359291236,3.0,0.0,0.11187045832021773,4.190884109943507,100.0,4.731804393131553
adult,SVM (RBF Kernel),36,70,Wachter's CE,True,"['capital_gain', 'capital_loss', 'hours_per_week', 'marital_status', 'occupation', 'sex']",500,0.4002656936645508,10.285808501900316,6.0,0.0,4.227806879426724,4.8744413849582875,89.6739750815125,10.285808501900316
adult,SVM (RBF Kernel),36,70,SHAP-Targeted CE,True,"['marital_status', 'occupation', 'workclass']",343,0.2716391086578369,4.148499025957903,3.0,0.0,0.11187045832021773,3.879374542275282,100.0,4.148499025957903
adult,SVM (RBF Kernel),37,71,Actionable CBFI (Proposed),True,['marital_status'],288,0.69696044921875,1.5,1.0,0.0,0.47024116412062805,3.0564046012919515,100.0,1.5
adult,SVM (RBF Kernel),37,71,Untargeted Causal (Karimi 2021),True,['marital_status'],409,1.0064401626586914,1.5,1.0,0.0,0.47024116412062805,3.0564046012919515,100.0,1.5
adult,SVM (RBF Kernel),37,71,Wachter's CE,True,"['hours_per_week', 'marital_status', 'occupation', 'sex', 'workclass']",500,0.4193570613861084,7.886364661953085,5.0,0.0012028181018954864,0.6110059372310034,3.0653839394929525,82.68002764017072,7.886364661953085
adult,SVM (RBF Kernel),37,71,SHAP-Targeted CE,True,"['marital_status', 'occupation']",343,0.26604461669921875,1.5833333333333335,2.0,0.0,0.47024116412062805,3.024039513951938,99.99999999999999,1.5833333333333335
adult,SVM (RBF Kernel),38,73,Actionable CBFI (Proposed),True,"['marital_status', 'workclass']",250,0.5901234149932861,3.7318323592912357,2.0,0.0,0.0019457152007845216,3.2755857362127996,100.0,3.731804393131553
adult,SVM (RBF Kernel),38,73,Untargeted Causal (Karimi 2021),True,"['marital_status', 'workclass']",400,0.9681990146636963,3.7318323592912357,2.0,0.0,0.0019457152007845216,3.2755857362127996,100.0,3.731804393131553
adult,SVM (RBF Kernel),38,73,Wachter's CE,True,"['capital_gain', 'capital_loss', 'hours_per_week', 'marital_status', 'sex']",500,0.39995837211608887,12.202475168566984,5.0,0.0,4.196766731685047,4.790944229493942,91.2959040333875,12.202475168566984
adult,SVM (RBF Kernel),38,73,SHAP-Targeted CE,True,"['marital_status', 'occupation', 'workclass']",343,0.27082371711730957,3.4045549061941567,3.0,0.0,0.0019457152007845216,2.665923806390733,100.0,3.4045549061941567
adult,SVM (RBF Kernel),39,74,Actionable CBFI (Proposed),True,"['occupation', 'sex']",269,0.6116578578948975,4.624230297948266,2.0,0.0,1.1554111425201843,4.049301889448432,100.0,4.624208551898032
adult,SVM (RBF Kernel),39,74,Untargeted Causal (Karimi 2021),True,"['occupation', 'sex']",408,0.9532551765441895,4.624230297948266,2.0,0.0,1.1554111425201843,4.049301889448432,100.0,4.624208551898032
adult,SVM (RBF Kernel),39,74,Wachter's CE,True,"['capital_gain', 'capital_loss', 'hours_per_week', 'marital_status', 'occupation', 'sex']",500,0.39978790283203125,10.952475168566984,6.0,4.81482486096809e-35,3.8234478403925767,5.574736876458246,100.0,10.952475168566984
adult,SVM (RBF Kernel),39,74,SHAP-Targeted CE,False,[],343,0.2650127410888672,,,,,,,
adult,SVM (RBF Kernel),40,75,Actionable CBFI (Proposed),True,"['marital_status', 'workclass']",274,0.6405541896820068,3.7318323592912357,2.0,0.0,0.05418891098735696,3.2567686622212975,100.0,3.731804393131553
adult,SVM (RBF Kernel),40,75,Untargeted Causal (Karimi 2021),True,"['marital_status', 'workclass']",418,1.0031788349151611,3.7318323592912357,2.0,0.0,0.05418891098735696,3.2567686622212975,100.0,3.731804393131553
adult,SVM (RBF Kernel),40,75,Wachter's CE,True,"['capital_gain', 'capital_loss', 'hours_per_week', 'marital_status', 'occupation', 'sex']",500,0.3998246192932129,12.452475168566984,6.0,0.0,4.276634601450861,4.778798235979367,91.47065033580502,12.452475168566984
adult,SVM (RBF Kernel),40,75,SHAP-Targeted CE,True,"['marital_status', 'occupation', 'workclass']",343,0.30731892585754395,3.1545549061941567,3.0,0.0,0.05418891098735696,2.568507771526569,100.0,3.1545549061941567
adult,SVM (RBF Kernel),41,77,Actionable CBFI (Proposed),True,['capital_gain'],264,0.6604022979736328,13.419185182015388,1.0,0.0,64.6939301421808,14.546151603192735,100.0,13.419047807891996
adult,SVM (RBF Kernel),41,77,Untargeted Causal (Karimi 2021),True,['capital_gain'],462,1.1567986011505127,13.419185182015388,1.0,0.0,64.6939301421808,14.546151603192735,100.0,13.419047807891996
adult,SVM (RBF Kernel),41,77,Wachter's CE,True,"['capital_gain', 'capital_loss', 'hours_per_week', 'marital_status', 'occupation', 'race', 'sex']",500,0.40009045600891113,10.821655072268864,7.0,0.0,8.049565291050435,6.65810825195968,86.76667528983157,10.821655072268864
adult,SVM (RBF Kernel),41,77,SHAP-Targeted CE,False,[],343,0.28022003173828125,,,,,,,
adult,SVM (RBF Kernel),42,78,Actionable CBFI (Proposed),True,['capital_gain'],277,0.7043023109436035,13.419185182015388,1.0,0.0,62.641621680443144,14.07430054696164,100.0,13.419047807891996
adult,SVM (RBF Kernel),42,78,Untargeted Causal (Karimi 2021),True,['capital_gain'],402,1.0029473304748535,13.419185182015388,1.0,0.0,62.641621680443144,14.07430054696164,100.0,13.419047807891996
adult,SVM (RBF Kernel),42,78,Wachter's CE,True,"['capital_gain', 'capital_loss', 'hours_per_week', 'marital_status', 'occupation', 'sex']",500,0.39824342727661133,8.785808501900316,6.0,0.0,4.872337905612514,5.144144811277487,87.9110141230098,8.785808501900316
adult,SVM (RBF Kernel),42,78,SHAP-Targeted CE,False,[],343,0.2644059658050537,,,,,,,
adult,SVM (RBF Kernel),43,79,Actionable CBFI (Proposed),True,['capital_gain'],236,0.5792295932769775,13.419185182015388,1.0,0.0,63.393844943596484,14.089242533917636,100.0,13.419047807891996
adult,SVM (RBF Kernel),43,79,Untargeted Causal (Karimi 2021),True,['capital_gain'],396,0.987452507019043,13.419185182015388,1.0,0.0,63.393844943596484,14.089242533917636,100.0,13.419047807891996
adult,SVM (RBF Kernel),43,79,Wachter's CE,True,"['capital_gain', 'hours_per_week', 'marital_status', 'occupation', 'race', 'sex']",500,0.40378379821777344,12.515381467507499,6.0,0.0,6.290961171404771,5.677322525999703,67.6702282332504,12.515381467507499
adult,SVM (RBF Kernel),43,79,SHAP-Targeted CE,False,[],343,0.2601773738861084,,,,,,,
adult,SVM (RBF Kernel),44,80,Actionable CBFI (Proposed),True,"['hours_per_week', 'marital_status', 'workclass']",214,0.5159142017364502,7.065165692624569,3.0,0.0012028181018954877,0.0516738087131669,3.9275840818687002,100.0,7.0651377264648865
adult,SVM (RBF Kernel),44,80,Untargeted Causal (Karimi 2021),True,"['hours_per_week', 'marital_status', 'occupation', 'workclass']",419,1.021571397781372,5.898499025957902,4.0,0.0003007045254738716,0.07229031927535327,4.214953152882242,91.52326722782155,5.898471059798219
adult,SVM (RBF Kernel),44,80,Wachter's CE,True,"['capital_gain', 'capital_loss', 'hours_per_week', 'marital_status', 'occupation', 'sex']",500,0.4010136127471924,10.11914183523365,6.0,0.0,4.343684231492767,4.949262666708495,87.64717383792716,10.11914183523365
adult,SVM (RBF Kernel),44,80,SHAP-Targeted CE,False,[],343,0.2587578296661377,,,,,,,
adult,SVM (RBF Kernel),45,85,Actionable CBFI (Proposed),True,['marital_status'],227,0.5478005409240723,1.0,1.0,0.0,0.14189553374965638,2.502612457812405,100.0,1.0
adult,SVM (RBF Kernel),45,85,Untargeted Causal (Karimi 2021),True,['marital_status'],404,0.9446609020233154,1.0,1.0,0.0,0.14189553374965638,2.502612457812405,100.0,1.0
adult,SVM (RBF Kernel),45,85,Wachter's CE,True,"['hours_per_week', 'marital_status', 'occupation', 'race', 'sex', 'workclass']",500,0.4007143974304199,10.917160838075251,6.0,0.0027063407292648453,0.27717410205390386,3.034466376330021,84.05339808154233,10.917160838075251
adult,SVM (RBF Kernel),45,85,SHAP-Targeted CE,True,"['marital_status', 'occupation']",343,0.26077914237976074,0.5833333333333335,2.0,0.0,0.14189553374965638,2.644136489609273,85.71428571428571,0.5833333333333335
adult,SVM (RBF Kernel),46,88,Actionable CBFI (Proposed),True,['capital_gain'],294,0.7391834259033203,13.419185182015388,1.0,0.0,62.4660752403766,13.996035391574422,100.0,13.419047807891996
adult,SVM (RBF Kernel),46,88,Untargeted Causal (Karimi 2021),True,['capital_gain'],437,1.0933256149291992,13.419185182015388,1.0,0.0,62.4660752403766,13.996035391574422,100.0,13.419047807891996
adult,SVM (RBF Kernel),46,88,Wachter's CE,True,"['capital_loss', 'hours_per_week', 'marital_status', 'occupation', 'sex']",500,0.40001487731933594,11.549909263818805,5.0,0.0012028181018954877,1.6765650999985315,6.304589784823873,90.80412560208323,11.549909263818805
adult,SVM (RBF Kernel),46,88,SHAP-Targeted CE,False,[],343,0.2622675895690918,,,,,,,
adult,SVM (RBF Kernel),47,91,Actionable CBFI (Proposed),True,['marital_status'],236,0.5749874114990234,1.0,1.0,0.0,0.006110242211779914,1.8465245463352324,100.0,1.0
adult,SVM (RBF Kernel),47,91,Untargeted Causal (Karimi 2021),True,['marital_status'],431,1.070369005203247,1.0,1.0,0.0,0.006110242211779914,1.8465245463352324,100.0,1.0
adult,SVM (RBF Kernel),47,91,Wachter's CE,True,"['hours_per_week', 'marital_status', 'occupation', 'race', 'sex']",500,0.4007601737976074,7.827513237035216,5.0,0.0012028181018954864,0.21659346061611373,2.1096597352374338,90.41841288173825,7.827513237035216
adult,SVM (RBF Kernel),47,91,SHAP-Targeted CE,True,"['marital_status', 'occupation']",343,0.26457929611206055,0.6666666666666669,2.0,0.0,0.006110242211779914,2.226236088787456,75.0,0.6666666666666669
adult,SVM (RBF Kernel),48,92,Actionable CBFI (Proposed),True,"['hours_per_week', 'marital_status', 'race']",239,0.5805361270904541,6.697462842788834,3.0,0.001202818101895487,0.04967338541843221,1.851770755203237,100.0,6.697438640855964
adult,SVM (RBF Kernel),48,92,Untargeted Causal (Karimi 2021),True,"['marital_status', 'race', 'workclass']",403,0.9769916534423828,6.095961868746737,3.0,0.0,0.47063530810825366,3.3790130054092193,55.18619672972347,6.095909700654184
adult,SVM (RBF Kernel),48,92,Wachter's CE,True,"['capital_loss', 'hours_per_week', 'marital_status', 'occupation', 'sex']",500,0.41314697265625,9.13324259715214,5.0,3.007045254738709e-06,0.4392372532386411,6.214212239924279,80.83922570341367,9.13324259715214
adult,SVM (RBF Kernel),48,92,SHAP-Targeted CE,False,[],343,0.2626478672027588,,,,,,,
adult,SVM (RBF Kernel),49,93,Actionable CBFI (Proposed),True,['sex'],296,0.6822082996368408,2.1242302979482655,1.0,0.0,0.0911242746912108,5.319475208169901,100.0,2.1242085518980316
adult,SVM (RBF Kernel),49,93,Untargeted Causal (Karimi 2021),True,['sex'],438,0.9655964374542236,2.1242302979482655,1.0,0.0,0.0911242746912108,5.319475208169901,100.0,2.1242085518980316
adult,SVM (RBF Kernel),49,93,Wachter's CE,True,"['capital_loss', 'hours_per_week', 'marital_status', 'occupation', 'race', 'sex']",500,0.401308536529541,10.162085676343922,6.0,0.001085543336960678,0.4586106348349996,6.205449088608769,100.0,10.162085676343922
adult,SVM (RBF Kernel),49,93,SHAP-Targeted CE,True,"['occupation', 'workclass']",343,0.2611401081085205,3.3272774530970786,2.0,0.0,0.0911242746912108,5.325724025694719,72.6319551264713,3.3272774530970786
adult,SVM (RBF Kernel),50,95,Actionable CBFI (Proposed),True,['marital_status'],279,0.649111270904541,1.0,1.0,0.0,0.23310457345838542,2.019712568246245,100.0,1.0
adult,SVM (RBF Kernel),50,95,Untargeted Causal (Karimi 2021),True,['marital_status'],436,1.0204284191131592,1.0,1.0,0.0,0.23310457345838542,2.019712568246245,100.0,1.0
adult,SVM (RBF Kernel),50,95,Wachter's CE,True,"['marital_status', 'occupation', 'race', 'sex', 'workclass']",500,0.3978557586669922,7.786340741777136,5.0,4.365441207277735e-33,0.2331045734583854,4.494687662163547,27.174718520765463,7.786340741777136
adult,SVM (RBF Kernel),50,95,SHAP-Targeted CE,True,"['marital_status', 'occupation', 'workclass']",343,0.2639033794403076,1.2053053932152056,3.0,0.0,0.23310457345838542,2.378480597527246,100.0,1.2053053932152056
adult,SVM (RBF Kernel),51,98,Actionable CBFI (Proposed),True,['marital_status'],264,0.6265659332275391,1.0,1.0,0.0,0.21270465685367881,2.027867970086378,100.0,1.0
adult,SVM (RBF Kernel),51,98,Untargeted Causal (Karimi 2021),True,['marital_status'],449,1.0592575073242188,1.0,1.0,0.0,0.21270465685367881,2.027867970086378,100.0,1.0
adult,SVM (RBF Kernel),51,98,Wachter's CE,True,"['hours_per_week', 'marital_status', 'occupation', 'race', 'sex']",500,0.4051549434661865,8.077513237035216,5.0,0.001202818101895485,0.33964813967987234,2.4089985049875153,85.36598183079404,8.077513237035216
adult,SVM (RBF Kernel),51,98,SHAP-Targeted CE,True,"['marital_status', 'occupation']",343,0.2734415531158447,0.6666666666666669,2.0,2.5679065925163143e-34,0.21270465685367881,2.203541718272367,99.99999999999999,0.6666666666666669
adult,SVM (RBF Kernel),52,99,Actionable CBFI (Proposed),True,"['marital_status', 'race']",249,0.5996956825256348,2.1820647547277505,2.0,0.0,0.05686208955130282,2.5953786045501954,100.0,2.1820526537613154
adult,SVM (RBF Kernel),52,99,Untargeted Causal (Karimi 2021),True,"['marital_status', 'occupation']",397,0.929523229598999,1.75,2.0,0.0,0.05686208955130282,3.4266559049303016,57.14285714285714,1.75
adult,SVM (RBF Kernel),52,99,Wachter's CE,True,"['capital_gain', 'hours_per_week', 'marital_status', 'occupation', 'race', 'sex', 'workclass']",500,0.41707754135131836,11.584210047874805,7.0,0.0,3.8128315410210654,5.060156618832491,78.15079695527962,11.584210047874805
adult,SVM (RBF Kernel),52,99,SHAP-Targeted CE,True,"['marital_status', 'occupation', 'workclass']",343,0.26361846923828125,2.0162914231561424,3.0,0.0,0.05686208955130282,3.7739089854616052,83.46799825138571,2.0162914231561424
adult,SVM (RBF Kernel),53,102,Actionable CBFI (Proposed),True,['marital_status'],310,0.7553412914276123,0.5,1.0,0.0,0.9009547697899697,2.922311289674292,100.0,0.5
adult,SVM (RBF Kernel),53,102,Untargeted Causal (Karimi 2021),True,['marital_status'],446,1.0984210968017578,0.5,1.0,0.0,0.9009547697899697,2.922311289674292,100.0,0.5
adult,SVM (RBF Kernel),53,102,Wachter's CE,True,"['marital_status', 'occupation', 'race', 'sex']",500,0.4203531742095947,4.801244658429634,4.0,6.419766481290787e-33,0.9009547697899697,3.1792211476057477,50.760069989252585,4.801244658429634
adult,SVM (RBF Kernel),53,102,SHAP-Targeted CE,True,"['marital_status', 'occupation', 'workclass']",343,0.26582956314086914,1.1219720598818723,3.0,2.5679065925163143e-34,0.9009547697899697,2.7221747157147345,100.0,1.1219720598818723
adult,SVM (RBF Kernel),54,103,Actionable CBFI (Proposed),True,"['marital_status', 'workclass']",241,0.6008050441741943,3.7318323592912357,2.0,0.0,0.001982900493559613,4.1352845712441075,100.0,3.731804393131553
adult,SVM (RBF Kernel),54,103,Untargeted Causal (Karimi 2021),True,"['marital_status', 'workclass']",426,1.0507192611694336,3.7318323592912357,2.0,0.0,0.001982900493559613,4.1352845712441075,100.0,3.731804393131553
adult,SVM (RBF Kernel),54,103,Wachter's CE,True,"['capital_loss', 'hours_per_week', 'marital_status', 'occupation', 'sex']",500,0.40018630027770996,11.299909263818805,5.0,0.0012028181018954864,0.2544683272199061,5.909641347812308,70.50123805855382,11.299909263818805
adult,SVM (RBF Kernel),54,103,SHAP-Targeted CE,True,"['marital_status', 'occupation', 'workclass']",343,0.27086901664733887,3.071221572860823,3.0,0.0,0.001982900493559613,3.623988485660621,100.0,3.071221572860823
adult,SVM (RBF Kernel),55,104,Actionable CBFI (Proposed),True,"['hours_per_week', 'marital_status']",246,0.5959479808807373,3.666666666666667,2.0,0.0007698035852131117,0.2270297059273516,1.6796788161386766,100.0,3.666666666666667
adult,SVM (RBF Kernel),55,104,Untargeted Causal (Karimi 2021),True,"['marital_status', 'sex']",398,0.9484786987304688,3.1242302979482655,2.0,0.0,0.05514881959670139,2.0321771384379645,32.00788369079952,3.1242085518980316
adult,SVM (RBF Kernel),55,104,Wachter's CE,True,"['capital_loss', 'hours_per_week', 'marital_status', 'occupation', 'sex', 'workclass']",500,0.3990445137023926,12.540825443464424,6.0,0.0012028181018954864,0.3135787011315779,5.793205057628865,91.5307397127703,12.540825443464424
adult,SVM (RBF Kernel),55,104,SHAP-Targeted CE,True,"['marital_status', 'occupation', 'workclass']",343,0.2618439197540283,2.6606107864304116,3.0,0.0,0.05514881959670139,2.1295321974514803,100.0,2.6606107864304116
adult,SVM (RBF Kernel),56,106,Actionable CBFI (Proposed),True,['marital_status'],294,0.6169672012329102,0.500000000000001,1.0,0.0,8.389066221609804,6.1470481761438815,100.0,0.500000000000001
adult,SVM (RBF Kernel),56,106,Untargeted Causal (Karimi 2021),True,['marital_status'],428,0.944814920425415,0.500000000000001,1.0,0.0,8.389066221609804,6.1470481761438815,100.0,0.500000000000001
adult,SVM (RBF Kernel),56,106,Wachter's CE,True,"['capital_gain', 'hours_per_week', 'marital_status', 'occupation', 'race', 'sex', 'workclass']",500,0.4219210147857666,11.79852805391751,7.0,4.930380657631324e-32,5.299831440634493,5.582362138601573,69.94375698411129,11.79852805391751
adult,SVM (RBF Kernel),56,106,SHAP-Targeted CE,True,['marital_status'],343,0.27573657035827637,0.5000000000000001,1.0,1.6434602192104412e-32,8.389066221609804,6.1470481761438815,100.0,0.5000000000000001
adult,SVM (RBF Kernel),57,107,Actionable CBFI (Proposed),True,"['marital_status', 'occupation', 'workclass']",271,0.6715502738952637,4.981832359291236,3.0,0.0,0.47338198306661466,3.6973998853733856,100.0,4.9818043931315525
adult,SVM (RBF Kernel),57,107,Untargeted Causal (Karimi 2021),True,"['marital_status', 'occupation', 'workclass']",418,1.0605933666229248,4.981832359291236,3.0,0.0,0.47338198306661466,3.6973998853733856,100.0,4.9818043931315525
adult,SVM (RBF Kernel),57,107,Wachter's CE,True,"['capital_gain', 'capital_loss', 'hours_per_week', 'marital_status', 'occupation', 'sex']",500,0.401228666305542,12.452475168566984,6.0,0.0,4.789724094997545,4.946024877844552,91.470650335805,12.452475168566984
adult,SVM (RBF Kernel),57,107,SHAP-Targeted CE,True,"['marital_status', 'occupation', 'workclass']",343,0.26320433616638184,4.565165692624569,3.0,0.0,0.47338198306661466,3.509336867849495,100.0,4.565165692624569
adult,SVM (RBF Kernel),58,108,Actionable CBFI (Proposed),True,['marital_status'],250,0.6367583274841309,1.0,1.0,0.0,0.056254545294357694,2.3763520703808627,100.0,1.0
adult,SVM (RBF Kernel),58,108,Untargeted Causal (Karimi 2021),True,['marital_status'],426,1.0628035068511963,1.0,1.0,0.0,0.056254545294357694,2.3763520703808627,100.0,1.0
adult,SVM (RBF Kernel),58,108,Wachter's CE,True,"['capital_gain', 'hours_per_week', 'marital_status', 'occupation', 'race', 'sex']",500,0.3998386859893799,12.577496616481632,6.0,0.0,3.8260066709005525,5.071044096513931,45.302886517960914,12.577496616481632
adult,SVM (RBF Kernel),58,108,SHAP-Targeted CE,True,"['marital_status', 'occupation', 'workclass']",343,0.270794153213501,1.7053053932152056,3.0,0.0,0.056254545294357694,2.692970002235193,100.0,1.7053053932152056
adult,SVM (RBF Kernel),59,110,Actionable CBFI (Proposed),True,['marital_status'],241,0.5806870460510254,1.0,1.0,0.0,0.4741601796853931,2.2707248077737128,100.0,1.0
adult,SVM (RBF Kernel),59,110,Untargeted Causal (Karimi 2021),True,['marital_status'],434,1.0655615329742432,1.0,1.0,0.0,0.4741601796853931,2.2707248077737128,100.0,1.0
adult,SVM (RBF Kernel),59,110,Wachter's CE,True,"['hours_per_week', 'marital_status', 'occupation', 'race', 'sex', 'workclass']",500,0.4031391143798828,9.750494171408583,6.0,0.001202818101895487,0.6322199797518914,3.2301080837171123,85.26110447624089,9.750494171408583
adult,SVM (RBF Kernel),59,110,SHAP-Targeted CE,True,"['marital_status', 'occupation']",343,0.26804327964782715,1.0833333333333335,2.0,0.0,0.4741601796853931,2.230297509767703,92.3076923076923,1.0833333333333335
adult,SVM (RBF Kernel),60,114,Actionable CBFI (Proposed),True,['marital_status'],212,0.5352771282196045,1.0,1.0,0.0,0.059656809299863084,1.7401685550006858,100.0,1.0
adult,SVM (RBF Kernel),60,114,Untargeted Causal (Karimi 2021),True,['marital_status'],403,1.0164403915405273,1.0,1.0,0.0,0.059656809299863084,1.7401685550006858,100.0,1.0
adult,SVM (RBF Kernel),60,114,Wachter's CE,True,"['hours_per_week', 'marital_status', 'occupation', 'race', 'sex']",500,0.39875197410583496,7.827513237035216,5.0,0.001202818101895487,0.30079166387861667,2.136616872481367,42.31375979414689,7.827513237035216
adult,SVM (RBF Kernel),60,114,SHAP-Targeted CE,True,['marital_status'],343,0.272296667098999,1.0000000000000004,1.0,0.0,0.059656809299863084,1.7401685550006858,100.0,1.0000000000000004
adult,SVM (RBF Kernel),61,115,Actionable CBFI (Proposed),True,['capital_gain'],259,0.6320343017578125,13.419185182015388,1.0,0.0,61.344303027407506,13.787635974991433,100.0,13.419047807891996
adult,SVM (RBF Kernel),61,115,Untargeted Causal (Karimi 2021),True,"['occupation', 'race']",409,0.9828829765319824,2.6820647547277505,2.0,0.0,1.6655930736503073,3.038029374934968,55.92706131930291,2.6820526537613154
adult,SVM (RBF Kernel),61,115,Wachter's CE,True,"['capital_loss', 'marital_status', 'occupation', 'sex', 'workclass']",500,0.3985927104949951,8.70749211013109,5.0,4.108650548026103e-33,1.6655930736503073,6.169054813066526,84.3133227986921,8.70749211013109
adult,SVM (RBF Kernel),61,115,SHAP-Targeted CE,False,[],343,0.2610890865325928,,,,,,,
adult,SVM (RBF Kernel),62,119,Actionable CBFI (Proposed),True,"['marital_status', 'occupation', 'workclass']",246,0.603583574295044,5.731832359291236,3.0,0.0,0.06038913194475676,3.687411208740691,100.0,5.7318043931315525
adult,SVM (RBF Kernel),62,119,Untargeted Causal (Karimi 2021),True,"['marital_status', 'occupation', 'workclass']",398,0.9847846031188965,5.731832359291236,3.0,0.0,0.06038913194475676,3.687411208740691,100.0,5.7318043931315525
adult,SVM (RBF Kernel),62,119,Wachter's CE,True,"['capital_loss', 'hours_per_week', 'marital_status', 'occupation', 'sex', 'workclass']",500,0.39679956436157227,12.20749211013109,6.0,0.0009742826625353448,0.32815199771635983,5.924626785686714,91.29948117605028,12.20749211013109
adult,SVM (RBF Kernel),62,119,SHAP-Targeted CE,True,"['marital_status', 'occupation', 'workclass']",343,0.26741719245910645,5.31516569262457,3.0,6.419766481290786e-35,0.06038913194475676,3.5099539217453954,100.0,5.31516569262457
adult,SVM (RBF Kernel),63,120,Actionable CBFI (Proposed),True,"['marital_status', 'workclass']",207,0.5136709213256836,3.7318323592912357,2.0,0.0,0.0019340511238899402,3.5607351242536995,100.0,3.731804393131553
adult,SVM (RBF Kernel),63,120,Untargeted Causal (Karimi 2021),True,"['marital_status', 'workclass']",399,0.9855248928070068,3.7318323592912357,2.0,0.0,0.0019340511238899402,3.5607351242536995,100.0,3.731804393131553
adult,SVM (RBF Kernel),63,120,Wachter's CE,True,"['capital_gain', 'capital_loss', 'hours_per_week', 'marital_status', 'occupation', 'sex']",500,0.400942325592041,12.452475168566984,6.0,0.0,4.212213897011729,4.830480317635166,61.18576212435405,12.452475168566984
adult,SVM (RBF Kernel),63,120,SHAP-Targeted CE,True,"['marital_status', 'occupation', 'workclass']",343,0.2662792205810547,3.73788823952749,3.0,0.0,0.0019340511238899402,3.2512029915217364,100.0,3.73788823952749
adult,SVM (RBF Kernel),64,122,Actionable CBFI (Proposed),True,['marital_status'],260,0.6099038124084473,1.0,1.0,0.0,0.47069166067078916,2.8074388762891314,100.0,1.0
adult,SVM (RBF Kernel),64,122,Untargeted Causal (Karimi 2021),True,['marital_status'],397,0.9239945411682129,1.0,1.0,0.0,0.47069166067078916,2.8074388762891314,100.0,1.0
adult,SVM (RBF Kernel),64,122,Wachter's CE,True,"['hours_per_week', 'marital_status', 'occupation', 'race', 'sex']",500,0.4002354145050049,7.077513237035217,5.0,0.0012028181018954864,0.6139271519177535,2.5338887486619246,84.99310261383482,7.077513237035217
adult,SVM (RBF Kernel),64,122,SHAP-Targeted CE,True,"['marital_status', 'occupation']",343,0.2719590663909912,0.9166666666666669,2.0,6.419766481290786e-35,0.47069166067078916,2.8988300186835194,99.99999999999999,0.9166666666666669
adult,SVM (RBF Kernel),65,124,Actionable CBFI (Proposed),True,"['marital_status', 'occupation', 'race', 'workclass']",318,0.7970802783966064,6.413897114018987,4.0,0.0,0.03801053278470352,4.191756931874654,100.0,6.413857046892868
adult,SVM (RBF Kernel),65,124,Untargeted Causal (Karimi 2021),True,['capital_gain'],411,1.0661060810089111,13.419185182015388,1.0,0.0,59.92522782897293,13.835784557299636,100.0,13.419047807891996
adult,SVM (RBF Kernel),65,124,Wachter's CE,True,"['capital_gain', 'hours_per_week', 'marital_status', 'occupation', 'race', 'workclass']",500,0.39637231826782227,10.69444389654388,6.0,0.0,4.227806879426724,5.286344532932481,100.0,10.69444389654388
adult,SVM (RBF Kernel),65,124,SHAP-Targeted CE,False,[],343,0.26233720779418945,,,,,,,
adult,SVM (RBF Kernel),66,126,Actionable CBFI (Proposed),True,['marital_status'],275,0.7202856540679932,1.0,1.0,0.0,0.2742402002265851,4.99890384850819,100.0,1.0
adult,SVM (RBF Kernel),66,126,Untargeted Causal (Karimi 2021),True,['marital_status'],434,1.1176764965057373,1.0,1.0,0.0,0.2742402002265851,4.99890384850819,100.0,1.0
adult,SVM (RBF Kernel),66,126,Wachter's CE,True,"['capital_loss', 'hours_per_week', 'marital_status', 'occupation', 'race', 'sex']",500,0.39617109298706055,6.89853460274263,6.0,7.517613136846773e-05,0.40994699819338304,6.365136704674083,65.72997534120361,6.89853460274263
adult,SVM (RBF Kernel),66,126,SHAP-Targeted CE,True,"['marital_status', 'occupation']",343,0.2662224769592285,1.2500000000000002,2.0,0.0,0.2742402002265851,5.070745345445401,100.0,1.2500000000000002
adult,SVM (RBF Kernel),67,129,Actionable CBFI (Proposed),True,['marital_status'],215,0.5106761455535889,1.0,1.0,0.0,0.0072884429951697305,1.3162116119796412,100.0,1.0
adult,SVM (RBF Kernel),67,129,Untargeted Causal (Karimi 2021),True,['marital_status'],415,0.9977762699127197,1.0,1.0,0.0,0.0072884429951697305,1.3162116119796412,100.0,1.0
adult,SVM (RBF Kernel),67,129,Wachter's CE,True,"['hours_per_week', 'marital_status', 'occupation', 'race', 'sex']",500,0.3995492458343506,7.827513237035216,5.0,0.0012028181018954864,0.21283022512632563,2.1107210674892105,84.89859143086579,7.827513237035216
adult,SVM (RBF Kernel),67,129,SHAP-Targeted CE,True,"['marital_status', 'occupation']",343,0.26230549812316895,0.6666666666666669,2.0,0.0,0.0072884429951697305,1.747073751216212,99.99999999999999,0.6666666666666669
adult,SVM (RBF Kernel),68,130,Actionable CBFI (Proposed),True,['marital_status'],310,0.7734103202819824,0.5,1.0,0.0,0.9996419417016466,2.9450594575458124,100.0,0.5
adult,SVM (RBF Kernel),68,130,Untargeted Causal (Karimi 2021),True,['marital_status'],453,1.11895751953125,0.5,1.0,0.0,0.9996419417016466,2.9450594575458124,100.0,0.5
adult,SVM (RBF Kernel),68,130,Wachter's CE,True,"['capital_gain', 'hours_per_week', 'marital_status', 'occupation']",500,0.4006321430206299,9.688129628837181,4.0,0.0,5.644551927758389,4.9945882975699485,100.0,9.688129628837181
adult,SVM (RBF Kernel),68,130,SHAP-Targeted CE,True,"['marital_status', 'occupation']",343,0.26607632637023926,0.5833333333333335,2.0,2.5679065925163143e-34,0.9996419417016466,2.9108283743385415,99.99999999999997,0.5833333333333335
adult,SVM (RBF Kernel),69,131,Actionable CBFI (Proposed),True,['marital_status'],251,0.6282544136047363,1.0,1.0,0.0,0.05302245511392517,4.789407791210578,100.0,1.0
adult,SVM (RBF Kernel),69,131,Untargeted Causal (Karimi 2021),True,['marital_status'],400,1.011561632156372,1.0,1.0,0.0,0.05302245511392517,4.789407791210578,100.0,1.0
adult,SVM (RBF Kernel),69,131,Wachter's CE,True,"['capital_loss', 'hours_per_week', 'marital_status', 'occupation', 'sex']",500,0.40369653701782227,8.177705454350036,5.0,0.001202818101895487,0.3238059273317465,5.888726570366676,100.0,8.177705454350036
adult,SVM (RBF Kernel),69,131,SHAP-Targeted CE,True,"['marital_status', 'occupation']",343,0.26252055168151855,1.2500000000000004,2.0,0.0,0.05302245511392517,4.774869656380078,100.0,1.2500000000000004
adult,SVM (RBF Kernel),70,134,Actionable CBFI (Proposed),True,['marital_status'],329,0.7409770488739014,1.0,1.0,0.0,0.28115846420854346,3.0794028599143735,100.0,1.0
adult,SVM (RBF Kernel),70,134,Untargeted Causal (Karimi 2021),True,['marital_status'],440,1.0096185207366943,1.0,1.0,0.0,0.28115846420854346,3.0794028599143735,100.0,1.0
adult,SVM (RBF Kernel),70,134,Wachter's CE,True,"['hours_per_week', 'marital_status', 'occupation', 'sex', 'workclass']",500,0.39626169204711914,8.469697995286417,5.0,0.0023575234797151537,0.3437767848072851,2.906434910043556,83.87290573517755,8.469697995286417
adult,SVM (RBF Kernel),70,134,SHAP-Targeted CE,True,"['marital_status', 'occupation']",343,0.2792017459869385,0.7500000000000002,2.0,2.5679065925163143e-34,0.28115846420854346,3.399882334381244,99.99999999999999,0.7500000000000002
adult,SVM (RBF Kernel),71,138,Actionable CBFI (Proposed),True,"['hours_per_week', 'marital_status', 'workclass']",235,0.5379030704498291,8.731832359291236,3.0,0.0027063407292648475,0.039160588211250354,3.855384841094619,100.0,8.731804393131553
adult,SVM (RBF Kernel),71,138,Untargeted Causal (Karimi 2021),True,"['hours_per_week', 'marital_status', 'workclass']",425,1.017575979232788,8.731832359291236,3.0,0.0027063407292648475,0.039160588211250354,3.855384841094619,100.0,8.731804393131553
adult,SVM (RBF Kernel),71,138,Wachter's CE,True,"['capital_gain', 'capital_loss', 'hours_per_week', 'marital_status', 'occupation', 'sex']",500,0.4019639492034912,10.452475168566984,6.0,0.0,4.219992161083186,4.8519149625486175,88.04111007353512,10.452475168566984
adult,SVM (RBF Kernel),71,138,SHAP-Targeted CE,False,[],343,0.2696061134338379,,,,,,,
adult,SVM (RBF Kernel),72,141,Actionable CBFI (Proposed),True,['marital_status'],211,0.509880542755127,1.0,1.0,0.0,0.0024064946195093985,2.332733439140775,100.0,1.0
adult,SVM (RBF Kernel),72,141,Untargeted Causal (Karimi 2021),True,['marital_status'],406,1.0055453777313232,1.0,1.0,0.0,0.0024064946195093985,2.332733439140775,100.0,1.0
adult,SVM (RBF Kernel),72,141,Wachter's CE,True,"['capital_loss', 'hours_per_week', 'marital_status', 'occupation', 'sex']",500,0.39632296562194824,11.549909263818805,5.0,0.001202818101895487,0.237596894389733,5.769491009826258,71.1397444153495,11.549909263818805
adult,SVM (RBF Kernel),72,141,SHAP-Targeted CE,True,"['marital_status', 'occupation']",343,0.2657356262207031,1.0833333333333335,2.0,0.0,0.0024064946195093985,2.284979413765835,100.0,1.0833333333333335
adult,SVM (RBF Kernel),73,142,Actionable CBFI (Proposed),True,"['marital_status', 'occupation', 'workclass']",270,0.6316885948181152,5.231832359291236,3.0,0.0,0.18289979548800908,4.221303577499956,100.0,5.2318043931315525
adult,SVM (RBF Kernel),73,142,Untargeted Causal (Karimi 2021),True,"['marital_status', 'occupation', 'workclass']",410,0.9873085021972656,5.231832359291236,3.0,0.0,0.18289979548800908,4.221303577499956,100.0,5.2318043931315525
adult,SVM (RBF Kernel),73,142,Wachter's CE,True,"['capital_gain', 'capital_loss', 'hours_per_week', 'marital_status', 'occupation', 'sex']",500,0.4161703586578369,9.11914183523365,6.0,0.0,4.227806879426724,4.8744413849582875,88.35290460259718,9.11914183523365
adult,SVM (RBF Kernel),73,142,SHAP-Targeted CE,True,"['marital_status', 'occupation', 'workclass']",343,0.2612295150756836,5.231832359291236,3.0,0.0,0.18289979548800908,4.221303577499956,100.0,5.231832359291236
adult,SVM (RBF Kernel),74,143,Actionable CBFI (Proposed),True,['marital_status'],294,0.716930627822876,0.5,1.0,0.0,0.05951883050603154,4.146411286312947,100.0,0.5
adult,SVM (RBF Kernel),74,143,Untargeted Causal (Karimi 2021),True,['marital_status'],405,0.9705410003662109,0.5,1.0,0.0,0.05951883050603154,4.146411286312947,100.0,0.5
adult,SVM (RBF Kernel),74,143,Wachter's CE,True,"['capital_loss', 'hours_per_week', 'marital_status', 'occupation', 'sex']",500,0.40569376945495605,8.169020070851069,5.0,0.0012028181018954877,0.22205538577982278,5.589043966556743,100.0,8.169020070851069
adult,SVM (RBF Kernel),74,143,SHAP-Targeted CE,True,"['marital_status', 'occupation']",343,0.267850399017334,0.6666666666666669,2.0,2.5679065925163143e-34,0.05951883050603154,4.115591413200129,99.99999999999999,0.6666666666666669
adult,SVM (RBF Kernel),75,144,Actionable CBFI (Proposed),True,['marital_status'],235,0.5637879371643066,0.5,1.0,0.0,0.04419691530559664,3.0504657699753706,100.0,0.5
adult,SVM (RBF Kernel),75,144,Untargeted Causal (Karimi 2021),True,['marital_status'],415,0.9806151390075684,0.5,1.0,0.0,0.04419691530559664,3.0504657699753706,100.0,0.5
adult,SVM (RBF Kernel),75,144,Wachter's CE,True,"['hours_per_week', 'marital_status', 'occupation', 'race', 'sex']",500,0.4060094356536865,9.327513237035216,5.0,0.0012028181018954864,0.17314643520249418,3.2308172162441617,87.3271179071146,9.327513237035216
adult,SVM (RBF Kernel),75,144,SHAP-Targeted CE,True,"['marital_status', 'occupation']",343,0.26817893981933594,0.7500000000000002,2.0,1.6049416203226965e-35,0.04419691530559664,3.186130890360326,99.99999999999999,0.7500000000000002
adult,SVM (RBF Kernel),76,145,Actionable CBFI (Proposed),True,"['hours_per_week', 'marital_status', 'race']",259,0.6095306873321533,5.030796176122168,3.0,0.00030070452547387193,0.09293072374437243,2.643886503530703,100.0,5.030771974189298
adult,SVM (RBF Kernel),76,145,Untargeted Causal (Karimi 2021),True,"['hours_per_week', 'marital_status', 'race']",415,0.9962553977966309,5.030796176122168,3.0,0.00030070452547387193,0.09293072374437243,2.643886503530703,100.0,5.030771974189298
adult,SVM (RBF Kernel),76,145,Wachter's CE,True,"['capital_gain', 'hours_per_week', 'marital_status', 'occupation', 'race', 'sex', 'workclass']",500,0.39690470695495605,12.65200752782548,7.0,0.0,4.2477825769507085,5.09189923815556,79.25230447241788,12.65200752782548
adult,SVM (RBF Kernel),76,145,SHAP-Targeted CE,False,[],343,0.2697138786315918,,,,,,,
adult,SVM (RBF Kernel),77,146,Actionable CBFI (Proposed),True,"['occupation', 'workclass']",244,0.5557224750518799,4.231832359291236,2.0,0.0,0.5122897626297541,4.274804077917401,100.0,4.2318043931315525
adult,SVM (RBF Kernel),77,146,Untargeted Causal (Karimi 2021),True,"['occupation', 'workclass']",427,1.032003402709961,4.231832359291236,2.0,0.0,0.5122897626297541,4.274804077917401,100.0,4.2318043931315525
adult,SVM (RBF Kernel),77,146,Wachter's CE,True,"['capital_gain', 'capital_loss', 'hours_per_week', 'marital_status', 'occupation', 'sex']",500,0.39959239959716797,9.11914183523365,6.0,0.0,4.204472087212349,4.810152045535232,86.29256982087534,9.11914183523365
adult,SVM (RBF Kernel),77,146,SHAP-Targeted CE,True,"['occupation', 'workclass']",343,0.26532959938049316,4.231832359291236,2.0,0.0,0.5122897626297541,4.274804077917401,100.0,4.231832359291236
adult,SVM (RBF Kernel),78,147,Actionable CBFI (Proposed),True,"['marital_status', 'workclass']",270,0.621030330657959,4.731832359291236,2.0,0.0,0.580279533302383,3.3984391935193297,100.0,4.731804393131553
adult,SVM (RBF Kernel),78,147,Untargeted Causal (Karimi 2021),True,"['marital_status', 'occupation']",419,0.9696307182312012,3.0000000000000004,2.0,0.0,0.580279533302383,2.1010273182404426,66.66666666666667,3.0000000000000004
adult,SVM (RBF Kernel),78,147,Wachter's CE,True,"['capital_gain', 'capital_loss', 'hours_per_week', 'marital_status', 'occupation', 'sex']",500,0.39900922775268555,8.61914183523365,6.0,0.0,4.212537767447272,4.702668399010412,65.74797761550421,8.61914183523365
adult,SVM (RBF Kernel),78,147,SHAP-Targeted CE,True,"['marital_status', 'occupation']",343,0.264340877532959,2.833333333333334,2.0,0.0,0.580279533302383,2.0678366406682525,70.58823529411765,2.833333333333334
adult,SVM (RBF Kernel),79,149,Actionable CBFI (Proposed),True,['marital_status'],203,0.4984703063964844,1.0,1.0,0.0,0.010082295826885074,3.2202234837642676,100.0,1.0
adult,SVM (RBF Kernel),79,149,Untargeted Causal (Karimi 2021),True,['marital_status'],410,1.003633975982666,1.0,1.0,0.0,0.010082295826885074,3.2202234837642676,100.0,1.0
adult,SVM (RBF Kernel),79,149,Wachter's CE,True,"['hours_per_week', 'marital_status', 'race', 'sex']",500,0.39576148986816406,8.16058517200365,4.0,0.001202818101895487,0.20574120541168506,4.48197292320587,15.698109234641214,8.16058517200365
adult,SVM (RBF Kernel),79,149,SHAP-Targeted CE,True,['marital_status'],343,0.2743337154388428,0.5000000000000001,1.0,0.0,0.010082295826885074,3.4057442888194402,100.0,0.5000000000000001
adult,SVM (RBF Kernel),80,150,Actionable CBFI (Proposed),True,['marital_status'],316,0.7994625568389893,1.0,1.0,0.0,0.02859873795003569,2.3201164727365904,100.0,1.0
adult,SVM (RBF Kernel),80,150,Untargeted Causal (Karimi 2021),True,['marital_status'],446,1.1422648429870605,1.0,1.0,0.0,0.02859873795003569,2.3201164727365904,100.0,1.0
adult,SVM (RBF Kernel),80,150,Wachter's CE,True,"['hours_per_week', 'marital_status', 'occupation', 'race', 'sex', 'workclass']",500,0.4033520221710205,9.3600960833475,6.0,0.0017320580667295022,0.19923545405029217,2.2216013602185054,72.77826091009399,9.3600960833475
adult,SVM (RBF Kernel),80,150,SHAP-Targeted CE,True,"['marital_status', 'occupation', 'workclass']",343,0.26371335983276367,1.2053053932152058,3.0,0.0,0.02859873795003569,2.8430556092509973,62.22489372584169,1.2053053932152058
adult,SVM (RBF Kernel),81,151,Actionable CBFI (Proposed),True,['marital_status'],280,0.7188749313354492,1.0,1.0,0.0,0.058186540881427,2.1698486092677878,100.0,1.0
adult,SVM (RBF Kernel),81,151,Untargeted Causal (Karimi 2021),True,['marital_status'],433,1.1314966678619385,1.0,1.0,0.0,0.058186540881427,2.1698486092677878,100.0,1.0
adult,SVM (RBF Kernel),81,151,Wachter's CE,True,"['capital_loss', 'hours_per_week', 'marital_status', 'occupation', 'sex', 'workclass']",500,0.3978879451751709,11.384767868977356,6.0,0.001202818101895487,0.3042628317333586,6.018427715916358,58.723361186976376,11.384767868977356
adult,SVM (RBF Kernel),81,151,SHAP-Targeted CE,True,"['marital_status', 'occupation']",343,0.2637665271759033,1.2500000000000002,2.0,0.0,0.058186540881427,2.3236713320499423,99.99999999999997,1.2500000000000002
adult,SVM (RBF Kernel),82,152,Actionable CBFI (Proposed),True,['marital_status'],289,0.6937358379364014,0.5,1.0,0.0,0.4694495338365398,3.6937866062107862,100.0,0.5
adult,SVM (RBF Kernel),82,152,Untargeted Causal (Karimi 2021),True,['marital_status'],400,0.9619712829589844,0.5,1.0,0.0,0.4694495338365398,3.6937866062107862,100.0,0.5
adult,SVM (RBF Kernel),82,152,Wachter's CE,True,"['hours_per_week', 'marital_status', 'occupation', 'workclass']",500,0.4691188335418701,7.31516569262457,4.0,0.0012028181018954864,0.6052728706737373,4.608124637734281,62.65522239577466,7.31516569262457
adult,SVM (RBF Kernel),82,152,SHAP-Targeted CE,True,"['marital_status', 'occupation']",343,0.26450371742248535,0.6666666666666669,2.0,0.0,0.4694495338365398,3.6636966173649665,99.99999999999999,0.6666666666666669
adult,SVM (RBF Kernel),83,153,Actionable CBFI (Proposed),True,['capital_gain'],280,0.6983556747436523,13.419185182015388,1.0,0.0,60.27084697941075,13.752713354093848,100.0,13.419047807891996
adult,SVM (RBF Kernel),83,153,Untargeted Causal (Karimi 2021),True,['capital_gain'],421,1.0552959442138672,13.419185182015388,1.0,0.0,60.27084697941075,13.752713354093848,100.0,13.419047807891996
adult,SVM (RBF Kernel),83,153,Wachter's CE,True,"['capital_gain', 'capital_loss', 'hours_per_week', 'marital_status', 'occupation', 'sex']",500,0.3972952365875244,11.535808501900316,6.0,0.0,4.3210062663634305,4.8824570038536805,90.7928850518005,11.535808501900316
adult,SVM (RBF Kernel),83,153,SHAP-Targeted CE,True,"['marital_status', 'occupation', 'workclass']",343,0.26251220703125,5.898499025957903,3.0,0.0,0.07650667545626498,3.8089790645350883,100.0,5.898499025957903
adult,SVM (RBF Kernel),84,154,Actionable CBFI (Proposed),True,['marital_status'],236,0.5565600395202637,1.0000000000000002,1.0,0.0,0.12299658699629061,3.2127936416117246,100.0,1.0000000000000002
adult,SVM (RBF Kernel),84,154,Untargeted Causal (Karimi 2021),True,['marital_status'],390,0.9250669479370117,1.0000000000000002,1.0,0.0,0.12299658699629061,3.2127936416117246,100.0,1.0000000000000002
adult,SVM (RBF Kernel),84,154,Wachter's CE,True,"['hours_per_week', 'marital_status', 'race', 'sex']",500,0.39954423904418945,7.556033654311117,4.0,0.00030070452547387193,0.27827173621991025,4.569452652350501,53.06804566493746,7.556033654311117
adult,SVM (RBF Kernel),84,154,SHAP-Targeted CE,True,['marital_status'],343,0.2719447612762451,0.5000000000000001,1.0,1.0271626370065257e-33,0.12299658699629061,3.322890064325016,100.0,0.5000000000000001
adult,SVM (RBF Kernel),85,156,Actionable CBFI (Proposed),True,['marital_status'],292,0.7213928699493408,1.0,1.0,0.0,0.4748658561401001,2.0356432468524277,100.0,1.0
adult,SVM (RBF Kernel),85,156,Untargeted Causal (Karimi 2021),True,['marital_status'],434,1.065220832824707,1.0,1.0,0.0,0.4748658561401001,2.0356432468524277,100.0,1.0
adult,SVM (RBF Kernel),85,156,Wachter's CE,True,"['hours_per_week', 'marital_status', 'occupation', 'race', 'sex', 'workclass']",500,0.3985178470611572,10.500494171408583,6.0,0.001202818101895487,0.6353963743431873,3.2600596785776155,67.37063415778249,10.500494171408583
adult,SVM (RBF Kernel),85,156,SHAP-Targeted CE,True,"['marital_status', 'occupation']",343,0.2623746395111084,1.25,2.0,0.0,0.4748658561401001,2.0099947871329853,100.0,1.25
adult,SVM (RBF Kernel),86,157,Actionable CBFI (Proposed),True,['marital_status'],303,0.7406215667724609,1.5,1.0,0.0,3.5397354871372655,6.739837021821909,100.0,1.5
adult,SVM (RBF Kernel),86,157,Untargeted Causal (Karimi 2021),True,['marital_status'],437,1.0827136039733887,1.5,1.0,0.0,3.5397354871372655,6.739837021821909,100.0,1.5
adult,SVM (RBF Kernel),86,157,Wachter's CE,True,"['capital_loss', 'hours_per_week', 'marital_status', 'occupation', 'race', 'workclass']",500,0.41611337661743164,7.856806735095569,6.0,1.2028181018954836e-05,3.716655272215036,9.137383613228526,82.61486853756746,7.856806735095569
adult,SVM (RBF Kernel),86,157,SHAP-Targeted CE,True,"['marital_status', 'occupation', 'workclass']",343,0.26437854766845703,2.0386387265485397,3.0,1.6049416203226965e-35,3.5397354871372655,6.857057830747905,77.66620503741491,2.0386387265485397
adult,SVM (RBF Kernel),87,158,Actionable CBFI (Proposed),True,['marital_status'],271,0.6842427253723145,1.0,1.0,0.0,1.007796318882092,2.223994194292319,100.0,1.0
adult,SVM (RBF Kernel),87,158,Untargeted Causal (Karimi 2021),True,['marital_status'],402,0.9700870513916016,1.0,1.0,0.0,1.007796318882092,2.223994194292319,100.0,1.0
adult,SVM (RBF Kernel),87,158,Wachter's CE,True,"['capital_gain', 'hours_per_week', 'occupation', 'sex']",500,0.39874720573425293,12.000244777811314,4.0,0.0,6.058612792929253,5.133866202666263,68.23302174616632,12.000244777811314
adult,SVM (RBF Kernel),87,158,SHAP-Targeted CE,True,"['marital_status', 'occupation']",343,0.2721540927886963,0.6666666666666669,2.0,0.0,1.007796318882092,2.4943824039108238,75.00000000000001,0.6666666666666669
adult,SVM (RBF Kernel),88,159,Actionable CBFI (Proposed),True,['marital_status'],318,0.7058501243591309,1.0000000000000007,1.0,0.0,0.5812785576338989,2.611482480080284,100.0,1.0000000000000007
adult,SVM (RBF Kernel),88,159,Untargeted Causal (Karimi 2021),True,['marital_status'],433,0.9940416812896729,1.0000000000000007,1.0,0.0,0.5812785576338989,2.611482480080284,100.0,1.0000000000000007
adult,SVM (RBF Kernel),88,159,Wachter's CE,True,"['marital_status', 'occupation', 'sex', 'workclass']",500,0.4139556884765625,4.803031328619753,4.0,0.0,0.5812785576338989,2.985221255872175,49.447938968212085,4.803031328619753
adult,SVM (RBF Kernel),88,159,SHAP-Targeted CE,True,"['marital_status', 'occupation']",343,0.2738170623779297,1.2500000000000004,2.0,4.108650548026103e-33,0.5812785576338989,2.610470277596698,100.0,1.2500000000000004
adult,SVM (RBF Kernel),89,160,Actionable CBFI (Proposed),True,['capital_gain'],278,0.6988723278045654,13.419185182015388,1.0,0.0,65.55428463116277,14.814117446359514,100.0,13.419047807891996
adult,SVM (RBF Kernel),89,160,Untargeted Causal (Karimi 2021),True,['capital_gain'],432,1.0940062999725342,13.419185182015388,1.0,0.0,65.55428463116277,14.814117446359514,100.0,13.419047807891996
adult,SVM (RBF Kernel),89,160,Wachter's CE,True,"['capital_gain', 'hours_per_week', 'marital_status', 'occupation', 'race', 'sex', 'workclass']",500,0.39484453201293945,14.599470370614316,7.0,0.0,7.771736269039696,6.3198541082529545,75.71011705108837,14.599470370614316
adult,SVM (RBF Kernel),89,160,SHAP-Targeted CE,False,[],343,0.26193785667419434,,,,,,,
adult,SVM (RBF Kernel),90,161,Actionable CBFI (Proposed),True,"['marital_status', 'workclass']",205,0.5023589134216309,3.7318323592912357,2.0,0.0,0.05337481946632445,3.490231531440039,100.0,3.731804393131553
adult,SVM (RBF Kernel),90,161,Untargeted Causal (Karimi 2021),True,"['marital_status', 'workclass']",399,0.9972689151763916,3.7318323592912357,2.0,0.0,0.05337481946632445,3.490231531440039,100.0,3.731804393131553
adult,SVM (RBF Kernel),90,161,Wachter's CE,True,"['capital_gain', 'capital_loss', 'hours_per_week', 'marital_status', 'occupation', 'sex']",500,0.3984105587005615,12.452475168566984,6.0,0.0,4.291279339333406,4.808793191390717,61.18576212435405,12.452475168566984
adult,SVM (RBF Kernel),90,161,SHAP-Targeted CE,True,"['marital_status', 'occupation', 'workclass']",343,0.27055811882019043,3.1545549061941567,3.0,0.0,0.05337481946632445,2.90095552450241,100.0,3.1545549061941567
adult,SVM (RBF Kernel),91,162,Actionable CBFI (Proposed),True,['marital_status'],241,0.5463602542877197,1.0,1.0,2.5679065925163143e-34,0.8283796422110944,4.0557080908430985,100.0,1.0
adult,SVM (RBF Kernel),91,162,Untargeted Causal (Karimi 2021),True,['marital_status'],396,0.9115989208221436,1.0000000000000002,1.0,0.0,0.8283796422110944,4.0557080908430985,100.0,1.0000000000000002
adult,SVM (RBF Kernel),91,162,Wachter's CE,True,"['hours_per_week', 'marital_status', 'occupation', 'race', 'sex', 'workclass']",500,0.39875030517578125,8.635471326858026,6.0,0.0012028181018954864,0.9088441615079822,3.150882251805214,86.3115201245438,8.635471326858026
adult,SVM (RBF Kernel),91,162,SHAP-Targeted CE,True,"['marital_status', 'occupation', 'workclass']",343,0.2642490863800049,0.8943193632742701,3.0,2.5679065925163143e-34,0.8283796422110944,4.23545972724585,100.0,0.8943193632742701
adult,SVM (RBF Kernel),92,163,Actionable CBFI (Proposed),True,"['hours_per_week', 'marital_status', 'workclass']",253,0.6152286529541016,6.398499025957903,3.0,0.0007698035852131122,0.22850809899591162,4.488457536660117,100.0,6.39847105979822
adult,SVM (RBF Kernel),92,163,Untargeted Causal (Karimi 2021),True,"['marital_status', 'occupation', 'race']",405,0.9956541061401367,5.546194264183251,3.0,0.0,0.05465063815599019,2.444974748547056,81.96961822167144,5.546157961283946
adult,SVM (RBF Kernel),92,163,Wachter's CE,True,"['capital_gain', 'hours_per_week', 'marital_status', 'occupation', 'sex', 'workclass']",500,0.4004671573638916,11.147218531943999,6.0,0.0,3.865750786171479,5.1103586698883685,91.02915227566093,11.147218531943999
adult,SVM (RBF Kernel),92,163,SHAP-Targeted CE,False,[],343,0.2718379497528076,,,,,,,
adult,SVM (RBF Kernel),93,165,Actionable CBFI (Proposed),True,['marital_status'],230,0.5650792121887207,1.0,1.0,0.0,0.005575823228201971,1.714110568084978,100.0,1.0
adult,SVM (RBF Kernel),93,165,Untargeted Causal (Karimi 2021),True,['marital_status'],420,0.9732053279876709,1.0,1.0,0.0,0.005575823228201971,1.714110568084978,100.0,1.0
adult,SVM (RBF Kernel),93,165,Wachter's CE,True,"['hours_per_week', 'marital_status', 'occupation', 'race', 'sex']",500,0.39955925941467285,9.077513237035216,5.0,0.001202818101895487,0.21852975976912478,2.113236036420077,77.96753419383374,9.077513237035216
adult,SVM (RBF Kernel),93,165,SHAP-Targeted CE,True,"['marital_status', 'occupation']",343,0.26665782928466797,0.7500000000000003,2.0,0.0,0.005575823228201971,2.0218780755070545,66.66666666666666,0.7500000000000003
adult,SVM (RBF Kernel),94,166,Actionable CBFI (Proposed),True,['marital_status'],275,0.644690990447998,0.5,1.0,0.0,0.2051683765820398,2.418377930142472,100.0,0.5
adult,SVM (RBF Kernel),94,166,Untargeted Causal (Karimi 2021),True,['marital_status'],402,0.944629430770874,0.5,1.0,0.0,0.2051683765820398,2.418377930142472,100.0,0.5
adult,SVM (RBF Kernel),94,166,Wachter's CE,True,"['hours_per_week', 'marital_status', 'occupation', 'race', 'sex', 'workclass']",500,0.39670372009277344,8.459720839836976,6.0,0.0007698035852131117,0.3593753523236862,2.2833627615707295,86.02714230047182,8.459720839836976
adult,SVM (RBF Kernel),94,166,SHAP-Targeted CE,True,"['marital_status', 'occupation', 'workclass']",343,0.26776576042175293,0.8943193632742699,3.0,0.0,0.2051683765820398,2.2148229117669143,100.0,0.8943193632742699
adult,SVM (RBF Kernel),95,167,Actionable CBFI (Proposed),True,['marital_status'],248,0.5804328918457031,1.5000000000000002,1.0,0.0,0.8280250297335193,2.8855025538676076,100.0,1.5000000000000002
adult,SVM (RBF Kernel),95,167,Untargeted Causal (Karimi 2021),True,['marital_status'],401,0.9593377113342285,1.5000000000000002,1.0,0.0,0.8280250297335193,2.8855025538676076,100.0,1.5000000000000002
adult,SVM (RBF Kernel),95,167,Wachter's CE,True,"['hours_per_week', 'marital_status', 'occupation', 'race', 'sex', 'workclass']",500,0.4038217067718506,9.817536081585775,6.0,0.0012028181018954877,0.9035481127572292,3.167978811743269,75.91931937087789,9.817536081585775
adult,SVM (RBF Kernel),95,167,SHAP-Targeted CE,True,"['occupation', 'workclass']",343,0.26556992530822754,1.3049301497046815,2.0,0.0,0.8280250297335193,3.4906070727004095,100.0,1.3049301497046815
adult,SVM (RBF Kernel),96,168,Actionable CBFI (Proposed),True,['capital_gain'],248,0.6309337615966797,13.419185182015388,1.0,0.0,63.379538620782704,14.097375198567917,100.0,13.419047807891996
adult,SVM (RBF Kernel),96,168,Untargeted Causal (Karimi 2021),True,['capital_gain'],407,1.0334210395812988,13.419185182015388,1.0,0.0,63.379538620782704,14.097375198567917,100.0,13.419047807891996
adult,SVM (RBF Kernel),96,168,Wachter's CE,True,"['capital_gain', 'capital_loss', 'hours_per_week', 'marital_status', 'occupation', 'sex']",500,0.4079318046569824,10.785808501900316,6.0,0.0,4.872337905612514,5.144144811277487,100.0,10.785808501900316
adult,SVM (RBF Kernel),96,168,SHAP-Targeted CE,False,[],343,0.2747042179107666,,,,,,,
adult,SVM (RBF Kernel),97,169,Actionable CBFI (Proposed),True,"['marital_status', 'workclass']",276,0.5990915298461914,3.365916179645618,2.0,0.0,1.165983814247449,4.255392183245562,100.0,3.3659021965657767
adult,SVM (RBF Kernel),97,169,Untargeted Causal (Karimi 2021),True,"['marital_status', 'workclass']",409,0.9251761436462402,3.365916179645618,2.0,0.0,1.165983814247449,4.255392183245562,100.0,3.3659021965657767
adult,SVM (RBF Kernel),97,169,Wachter's CE,True,"['capital_gain', 'capital_loss', 'hours_per_week', 'marital_status', 'occupation', 'sex', 'workclass']",500,0.3990817070007324,11.8183913482126,7.0,0.0,3.8838374059323475,5.076175413210185,77.13537899416106,11.8183913482126
adult,SVM (RBF Kernel),97,169,SHAP-Targeted CE,True,"['marital_status', 'occupation', 'workclass']",343,0.2618224620819092,3.5325828463122844,3.0,0.0,1.165983814247449,4.193509057153795,100.0,3.5325828463122844
adult,SVM (RBF Kernel),98,170,Actionable CBFI (Proposed),True,['marital_status'],246,0.6097562313079834,0.5,1.0,0.0,0.05418891098735696,4.954148271554657,100.0,0.5
adult,SVM (RBF Kernel),98,170,Untargeted Causal (Karimi 2021),True,['marital_status'],407,0.9764978885650635,0.5,1.0,0.0,0.05418891098735696,4.954148271554657,100.0,0.5
adult,SVM (RBF Kernel),98,170,Wachter's CE,True,"['capital_loss', 'hours_per_week', 'marital_status', 'occupation', 'sex']",500,0.4007551670074463,7.636763098808498,5.0,0.0012028181018954864,0.31756022879541135,5.834848199589374,80.35817033221794,7.636763098808498
adult,SVM (RBF Kernel),98,170,SHAP-Targeted CE,True,"['marital_status', 'occupation']",343,0.2612919807434082,0.7500000000000003,2.0,0.0,0.05418891098735696,4.945892733151776,66.66666666666666,0.7500000000000003
adult,SVM (RBF Kernel),99,171,Actionable CBFI (Proposed),True,['hours_per_week'],208,0.5017540454864502,2.666666666666667,1.0,0.0007698035852131122,0.22850809899591162,2.552685802820575,100.0,2.666666666666667
adult,SVM (RBF Kernel),99,171,Untargeted Causal (Karimi 2021),True,['hours_per_week'],418,1.0100479125976562,2.666666666666667,1.0,0.0007698035852131122,0.22850809899591162,2.552685802820575,100.0,2.666666666666667
adult,SVM (RBF Kernel),99,171,Wachter's CE,True,"['capital_gain', 'hours_per_week', 'marital_status', 'occupation', 'race', 'sex', 'workclass']",500,0.4001476764678955,12.516274802602556,7.0,0.0,3.865750786171479,5.122955070168316,73.12195870966349,12.516274802602556
adult,SVM (RBF Kernel),99,171,SHAP-Targeted CE,True,"['occupation', 'workclass']",343,0.2708168029785156,3.7094850558988384,2.0,0.0,0.05465063815599019,2.6165436297146756,79.78156027863363,3.7094850558988384
adult,SVM (RBF Kernel),100,173,Actionable CBFI (Proposed),True,['marital_status'],255,0.6346957683563232,0.5,1.0,0.0,0.6229095216104715,2.12309181069694,100.0,0.5
adult,SVM (RBF Kernel),100,173,Untargeted Causal (Karimi 2021),True,['marital_status'],400,0.9976539611816406,0.5,1.0,0.0,0.6229095216104715,2.12309181069694,100.0,0.5
adult,SVM (RBF Kernel),100,173,Wachter's CE,True,"['marital_status', 'occupation', 'race', 'sex']",500,0.39853858947753906,3.4941799037018835,4.0,4.365441207277735e-33,0.6229095216104715,2.5970804862230064,66.17046668159759,3.4941799037018835
adult,SVM (RBF Kernel),100,173,SHAP-Targeted CE,True,"['marital_status', 'occupation']",343,0.26216864585876465,0.6666666666666669,2.0,2.5679065925163143e-34,0.6229095216104715,2.212181421209183,99.99999999999999,0.6666666666666669
adult,XGBoost,1,0,Actionable CBFI (Proposed),True,"['capital_gain', 'marital_status', 'workclass']",294,0.48410463333129883,3.3406102726854736,3.0,0.0,0.46794954551414625,2.1622915266471714,100.0,3.340586311522403
adult,XGBoost,1,0,Untargeted Causal (Karimi 2021),True,"['capital_gain', 'marital_status', 'workclass']",435,0.681633710861206,3.3406102726854736,3.0,0.0,0.46794954551414625,2.1622915266471714,100.0,3.340586311522403
adult,XGBoost,1,0,Wachter's CE,True,"['capital_gain', 'hours_per_week', 'marital_status', 'occupation', 'race', 'sex', 'workclass']",500,0.053867340087890625,11.359272084802821,7.0,0.0,0.5889485735318098,2.98414006430958,69.83746288625758,11.359272084802821
adult,XGBoost,1,0,SHAP-Targeted CE,True,['capital_gain'],343,0.02491474151611328,1.9447948604521845,1.0,0.0,1.7261679242413044,3.9714299429604436,100.0,1.9447948604521845
adult,XGBoost,2,1,Actionable CBFI (Proposed),True,['sex'],280,0.42432260513305664,2.1242302979482655,1.0,0.0,2.3920507367684922,3.6919022978782623,100.0,2.1242085518980316
adult,XGBoost,2,1,Untargeted Causal (Karimi 2021),True,['sex'],431,0.6565399169921875,2.1242302979482655,1.0,0.0,2.3920507367684922,3.6919022978782623,100.0,2.1242085518980316
adult,XGBoost,2,1,Wachter's CE,True,"['capital_gain', 'hours_per_week', 'marital_status', 'occupation', 'race', 'sex', 'workclass']",500,0.05276131629943848,12.240899559092032,7.0,0.0,7.7078845812526495,6.46200834823325,53.28018355716703,12.240899559092032
adult,XGBoost,2,1,SHAP-Targeted CE,True,['capital_gain'],343,0.025408506393432617,2.2365308636692314,1.0,0.0,3.76476715308004,4.195178585411904,0.0,2.2365308636692314
adult,XGBoost,3,2,Actionable CBFI (Proposed),True,"['marital_status', 'occupation', 'sex']",233,0.3719453811645508,3.6242302979482655,3.0,0.0,0.06127289480661106,1.7958548767099614,100.0,3.6242085518980316
adult,XGBoost,3,2,Untargeted Causal (Karimi 2021),True,"['marital_status', 'occupation', 'sex']",392,0.6723604202270508,3.6242302979482655,3.0,0.0,0.06127289480661106,1.7958548767099614,100.0,3.6242085518980316
adult,XGBoost,3,2,Wachter's CE,True,"['hours_per_week', 'marital_status', 'occupation', 'race', 'sex', 'workclass']",500,0.0499722957611084,10.000494171408583,6.0,0.001202818101895487,0.29746631311218674,2.880782594437195,62.70138629983586,10.000494171408583
adult,XGBoost,3,2,SHAP-Targeted CE,True,['capital_gain'],343,0.02454543113708496,2.2365308636692314,1.0,0.0,1.5921116813769984,2.9497239342351262,100.0,2.2365308636692314
adult,XGBoost,4,3,Actionable CBFI (Proposed),True,['capital_gain'],298,0.5087583065032959,13.419185182015388,1.0,0.0,59.82974394111928,13.771506831386723,100.0,13.419047807891996
adult,XGBoost,4,3,Untargeted Causal (Karimi 2021),True,['capital_gain'],407,0.6834542751312256,13.419185182015388,1.0,0.0,59.82974394111928,13.771506831386723,100.0,13.419047807891996
adult,XGBoost,4,3,Wachter's CE,True,"['capital_gain', 'hours_per_week', 'marital_status', 'occupation', 'sex', 'workclass']",500,0.049851179122924805,11.451019562615482,6.0,0.0,4.229192687269978,5.404635607918119,71.5056819531532,11.451019562615482
adult,XGBoost,4,3,SHAP-Targeted CE,True,['capital_gain'],343,0.026042938232421875,2.2365308636692314,1.0,0.0,2.057747007200742,3.4539088660693156,100.0,2.2365308636692314
adult,XGBoost,5,4,Actionable CBFI (Proposed),True,['race'],317,0.5352818965911865,1.1820647547277505,1.0,0.0,0.4717020165873452,3.8260335002789745,100.0,1.1820526537613154
adult,XGBoost,5,4,Untargeted Causal (Karimi 2021),True,['race'],448,0.7303292751312256,1.1820647547277505,1.0,0.0,0.4717020165873452,3.8260335002789745,100.0,1.1820526537613154
adult,XGBoost,5,4,Wachter's CE,True,"['hours_per_week', 'marital_status', 'occupation', 'sex', 'workclass']",500,0.05177640914916992,6.136364661953084,5.0,0.001202818101895487,0.6198789441074876,3.12596349937225,60.432088665230076,6.136364661953084
adult,XGBoost,5,4,SHAP-Targeted CE,True,['marital_status'],343,0.02535557746887207,0.4999999999999999,1.0,6.419766481290786e-35,0.4717020165873452,3.208236661132284,100.0,0.4999999999999999
adult,XGBoost,6,6,Actionable CBFI (Proposed),True,['capital_gain'],306,0.5106542110443115,13.419185182015388,1.0,0.0,63.701780392705025,14.244693292172872,100.0,13.419047807891996
adult,XGBoost,6,6,Untargeted Causal (Karimi 2021),True,['capital_gain'],395,0.6619048118591309,13.419185182015388,1.0,0.0,63.701780392705025,14.244693292172872,100.0,13.419047807891996
adult,XGBoost,6,6,Wachter's CE,True,"['capital_gain', 'hours_per_week', 'occupation', 'race', 'sex']",500,0.04986453056335449,12.03104095393348,5.0,0.0,8.501322162759362,6.739055863661225,99.99999999999999,12.03104095393348
adult,XGBoost,6,6,SHAP-Targeted CE,True,['capital_gain'],343,0.025196313858032227,2.2365308636692314,1.0,0.0,4.238693478810323,4.341858345284884,100.0,2.2365308636692314
adult,XGBoost,7,7,Actionable CBFI (Proposed),True,['workclass'],290,0.48955631256103516,1.365916179645618,1.0,0.0,0.12299658699629061,1.4897556077390968,100.0,1.3659021965657767
adult,XGBoost,7,7,Untargeted Causal (Karimi 2021),True,['workclass'],410,0.6431212425231934,1.365916179645618,1.0,0.0,0.12299658699629061,1.4897556077390968,100.0,1.3659021965657767
adult,XGBoost,7,7,Wachter's CE,True,"['capital_gain', 'capital_loss', 'hours_per_week', 'marital_status', 'occupation', 'race']",500,0.050783634185791016,11.212822862381683,6.0,3.0814879110195774e-33,3.556984340567715,5.340301954118389,54.81637440997584,11.212822862381683
adult,XGBoost,7,7,SHAP-Targeted CE,True,['marital_status'],343,0.02483963966369629,0.4999999999999999,1.0,1.0271626370065257e-33,0.12299658699629061,2.285684661321268,100.0,0.4999999999999999
adult,XGBoost,8,11,Actionable CBFI (Proposed),True,['workclass'],304,0.4811716079711914,2.0488742694684268,1.0,0.0,0.47069166067078916,3.7293598262354886,100.0,2.0488532948486644
adult,XGBoost,8,11,Untargeted Causal (Karimi 2021),True,['workclass'],437,0.6821243762969971,2.0488742694684268,1.0,0.0,0.47069166067078916,3.7293598262354886,100.0,2.0488532948486644
adult,XGBoost,8,11,Wachter's CE,True,"['hours_per_week', 'marital_status', 'occupation', 'race', 'sex', 'workclass']",500,0.05305957794189453,6.635471326858026,6.0,0.0012028181018954864,0.6139271519177535,3.083835343197646,49.76493501160669,6.635471326858026
adult,XGBoost,8,11,SHAP-Targeted CE,True,['marital_status'],343,0.028646230697631836,0.4999999999999999,1.0,6.419766481290786e-35,0.47069166067078916,4.43959601128599,100.0,0.4999999999999999
adult,XGBoost,9,12,Actionable CBFI (Proposed),True,"['capital_loss', 'occupation']",236,0.38959455490112305,13.308921563022679,2.0,0.0,0.7501230741526501,11.003175577445994,100.0,13.308810910542338
adult,XGBoost,9,12,Untargeted Causal (Karimi 2021),True,"['hours_per_week', 'marital_status', 'race']",396,0.6430747509002686,11.728259018911002,3.0,0.0038971306501413804,0.568427251805319,5.16192024481376,59.68490283777829,11.728210615045262
adult,XGBoost,9,12,Wachter's CE,True,"['capital_gain', 'capital_loss', 'hours_per_week', 'marital_status', 'occupation', 'sex']",500,0.05171632766723633,10.36914183523365,6.0,0.0,4.494059874265175,4.832622818220021,100.0,10.36914183523365
adult,XGBoost,9,12,SHAP-Targeted CE,True,['capital_gain'],343,0.02515387535095215,2.2365308636692314,1.0,0.0,2.2021328285756216,3.4917002737705007,100.0,2.2365308636692314
adult,XGBoost,10,13,Actionable CBFI (Proposed),True,"['marital_status', 'occupation', 'race']",312,0.5063273906707764,2.4320647547277505,3.0,0.0,0.3767601791719081,3.6650350913503473,100.0,2.4320526537613154
adult,XGBoost,10,13,Untargeted Causal (Karimi 2021),True,"['marital_status', 'occupation', 'race']",402,0.6460528373718262,2.4320647547277505,3.0,0.0,0.3767601791719081,3.6650350913503473,100.0,2.4320526537613154
adult,XGBoost,10,13,Wachter's CE,True,"['marital_status', 'occupation', 'sex', 'workclass']",500,0.05281949043273926,4.053031328619752,4.0,4.365441207277735e-33,0.3767601791719081,2.9424083602049413,73.79454874986538,4.053031328619752
adult,XGBoost,10,13,SHAP-Targeted CE,True,['capital_gain'],343,0.025443315505981445,2.2365308636692314,1.0,0.0,1.6809069501616702,3.4862481312495714,100.0,2.2365308636692314
adult,XGBoost,11,14,Actionable CBFI (Proposed),True,['occupation'],301,0.4582700729370117,0.25,1.0,0.0,0.057030090594587836,3.485325191488173,100.0,0.25
adult,XGBoost,11,14,Untargeted Causal (Karimi 2021),True,['occupation'],431,0.6663839817047119,0.25,1.0,0.0,0.057030090594587836,3.485325191488173,100.0,0.25
adult,XGBoost,11,14,Wachter's CE,True,"['hours_per_week', 'marital_status', 'occupation', 'race', 'sex', 'workclass']",500,0.05183768272399902,9.068429416680836,6.0,0.0012028181018954877,0.231920236551324,2.8184894893265935,73.22544823303657,9.068429416680836
adult,XGBoost,11,14,SHAP-Targeted CE,True,['marital_status'],343,0.03955507278442383,0.4999999999999999,1.0,0.0,0.057030090594587836,3.7130382127902823,100.0,0.4999999999999999
adult,XGBoost,12,15,Actionable CBFI (Proposed),True,['capital_gain'],291,0.48818159103393555,13.419185182015388,1.0,0.0,63.183489855092894,14.766893989035527,100.0,13.419047807891996
adult,XGBoost,12,15,Untargeted Causal (Karimi 2021),True,['capital_gain'],395,0.6530213356018066,13.419185182015388,1.0,0.0,63.183489855092894,14.766893989035527,100.0,13.419047807891996
adult,XGBoost,12,15,Wachter's CE,True,"['capital_gain', 'capital_loss', 'hours_per_week', 'marital_status', 'race', 'sex']",500,0.05310344696044922,10.217873256628065,6.0,0.0,6.255376094088902,6.524157221140025,89.60532077176465,10.217873256628065
adult,XGBoost,12,15,SHAP-Targeted CE,True,['capital_gain'],343,0.041974782943725586,2.2365308636692314,1.0,1.5407439555097887e-33,3.883848681015572,5.957024651468436,100.0,2.2365308636692314
adult,XGBoost,13,16,Actionable CBFI (Proposed),True,['capital_gain'],250,0.41825222969055176,13.419185182015388,1.0,0.0,60.095987851463555,13.759281886856522,100.0,13.419047807891996
adult,XGBoost,13,16,Untargeted Causal (Karimi 2021),True,"['capital_loss', 'occupation']",392,0.6561267375946045,12.308921563022679,2.0,0.0,0.08263884350657225,10.989780432670106,12.186282870679435,12.308810910542338
adult,XGBoost,13,16,Wachter's CE,True,"['capital_gain', 'capital_loss', 'hours_per_week', 'marital_status', 'occupation', 'sex', 'workclass']",500,0.04982256889343262,12.401724681545934,7.0,0.0,4.291279339333406,4.808793191390717,78.21085002171792,12.401724681545934
adult,XGBoost,13,16,SHAP-Targeted CE,True,['capital_gain'],343,0.023599624633789062,2.2365308636692314,1.0,0.0,1.748079837924341,3.235133176250175,100.0,2.2365308636692314
adult,XGBoost,14,17,Actionable CBFI (Proposed),True,['capital_gain'],279,0.47064948081970215,13.419185182015388,1.0,0.0,59.53408479442022,13.59381183894271,100.0,13.419047807891996
adult,XGBoost,14,17,Untargeted Causal (Karimi 2021),True,['capital_gain'],396,0.6686270236968994,13.419185182015388,1.0,0.0,59.53408479442022,13.59381183894271,100.0,13.419047807891996
adult,XGBoost,14,17,Wachter's CE,True,"['hours_per_week', 'marital_status', 'occupation', 'race', 'sex', 'workclass']",500,0.05016899108886719,10.250494171408583,6.0,0.0012028181018954864,0.30787981667641234,2.9434061144871375,86.67463093188688,10.250494171408583
adult,XGBoost,14,17,SHAP-Targeted CE,True,['capital_gain'],343,0.024583816528320312,2.2365308636692314,1.0,0.0,1.6329487001210603,2.587393508504632,100.0,2.2365308636692314
adult,XGBoost,15,18,Actionable CBFI (Proposed),True,['capital_gain'],316,0.5244569778442383,13.419185182015388,1.0,0.0,60.33780302530283,13.708727373841981,100.0,13.419047807891996
adult,XGBoost,15,18,Untargeted Causal (Karimi 2021),True,['capital_gain'],454,0.7572290897369385,13.419185182015388,1.0,0.0,60.33780302530283,13.708727373841981,100.0,13.419047807891996
adult,XGBoost,15,18,Wachter's CE,True,"['capital_gain', 'marital_status', 'occupation', 'race', 'sex', 'workclass']",500,0.06291675567626953,9.705808558496965,6.0,6.162975822039155e-33,4.411502339313185,5.376677240616084,59.6746928354304,9.705808558496965
adult,XGBoost,15,18,SHAP-Targeted CE,True,['capital_gain'],343,0.024633407592773438,2.2365308636692314,1.0,0.0,2.365860849879646,3.0970692572195078,100.0,2.2365308636692314
adult,XGBoost,16,19,Actionable CBFI (Proposed),True,['marital_status'],297,0.5010361671447754,1.0,1.0,0.0,0.8156057815477826,2.9202207048559115,100.0,1.0
adult,XGBoost,16,19,Untargeted Causal (Karimi 2021),True,['marital_status'],431,0.7268507480621338,1.0,1.0,0.0,0.8156057815477826,2.9202207048559115,100.0,1.0
adult,XGBoost,16,19,Wachter's CE,True,"['hours_per_week', 'marital_status', 'occupation', 'race', 'sex']",500,0.053202152252197266,7.467911325096299,5.0,0.00030070452547387226,0.9115468672914756,3.145057317690286,68.3428283151847,7.467911325096299
adult,XGBoost,16,19,SHAP-Targeted CE,True,['marital_status'],343,0.025624990463256836,0.5000000000000001,1.0,2.5679065925163143e-34,0.8156057815477826,3.0625515680954045,100.0,0.5000000000000001
adult,XGBoost,17,21,Actionable CBFI (Proposed),True,"['hours_per_week', 'marital_status', 'occupation']",311,0.5090739727020264,9.166666666666666,3.0,0.004811272407581948,0.07945099403982352,2.816186607016676,100.0,9.166666666666666
adult,XGBoost,17,21,Untargeted Causal (Karimi 2021),True,"['hours_per_week', 'marital_status', 'occupation']",392,0.6411199569702148,9.166666666666666,3.0,0.004811272407581948,0.07945099403982352,2.816186607016676,100.0,9.166666666666666
adult,XGBoost,17,21,Wachter's CE,True,"['capital_gain', 'capital_loss', 'hours_per_week', 'marital_status', 'occupation', 'race', 'sex']",500,0.04997849464416504,11.816604678022482,7.0,0.0,4.093202487555041,4.8457035213614,68.1435941854681,11.816604678022482
adult,XGBoost,17,21,SHAP-Targeted CE,True,['capital_gain'],343,0.023675918579101562,2.2365308636692314,1.0,0.0,2.549929292413488,4.090669977172225,100.0,2.2365308636692314
adult,XGBoost,18,22,Actionable CBFI (Proposed),True,['capital_gain'],284,0.4735758304595947,13.419185182015388,1.0,0.0,62.2481640457,14.17523560502251,100.0,13.419047807891996
adult,XGBoost,18,22,Untargeted Causal (Karimi 2021),True,['capital_gain'],393,0.6451475620269775,13.419185182015388,1.0,0.0,62.2481640457,14.17523560502251,100.0,13.419047807891996
adult,XGBoost,18,22,Wachter's CE,True,"['capital_gain', 'hours_per_week', 'marital_status', 'occupation', 'race', 'sex', 'workclass']",500,0.08863282203674316,10.834210047874805,7.0,0.0,5.541173946745971,5.469969456580323,88.7946083845032,10.834210047874805
adult,XGBoost,18,22,SHAP-Targeted CE,True,['capital_gain'],343,0.023967266082763672,2.2365308636692314,1.0,0.0,3.134751992182584,4.26360016512913,100.0,2.2365308636692314
adult,XGBoost,19,23,Actionable CBFI (Proposed),True,"['capital_loss', 'marital_status', 'occupation']",282,0.4502553939819336,8.491929406986795,3.0,0.0,0.4902898985696533,11.162200787491171,100.0,8.491870626031904
adult,XGBoost,19,23,Untargeted Causal (Karimi 2021),True,"['capital_loss', 'marital_status', 'occupation']",429,0.7017767429351807,8.491929406986795,3.0,0.0,0.4902898985696533,11.162200787491171,100.0,8.491870626031904
adult,XGBoost,19,23,Wachter's CE,True,"['capital_gain', 'capital_loss', 'hours_per_week', 'marital_status', 'sex', 'workclass']",500,0.051260948181152344,10.172572008445322,6.0,0.0,4.349821098496833,7.052515133115593,94.77951520966202,10.172572008445322
adult,XGBoost,19,23,SHAP-Targeted CE,True,"['capital_gain', 'capital_loss']",343,0.024768829345703125,2.573999489144688,2.0,0.0,2.1159617170622327,6.299604805027076,100.0,2.573999489144688
adult,XGBoost,20,24,Actionable CBFI (Proposed),True,['marital_status'],296,0.492779016494751,1.0,1.0,0.0,0.08704549933429613,2.877010936289058,100.0,1.0
adult,XGBoost,20,24,Untargeted Causal (Karimi 2021),True,['marital_status'],461,0.7848408222198486,1.0,1.0,0.0,0.08704549933429613,2.877010936289058,100.0,1.0
adult,XGBoost,20,24,Wachter's CE,True,"['capital_gain', 'hours_per_week', 'occupation', 'race', 'sex', 'workclass']",500,0.05002856254577637,12.289141891830297,6.0,0.0,3.470882749120411,5.1975764557975195,68.15158333698704,12.289141891830297
adult,XGBoost,20,24,SHAP-Targeted CE,True,['marital_status'],343,0.025095224380493164,1.0,1.0,1.6049416203226965e-35,0.08704549933429613,2.877010936289058,100.0,1.0
adult,XGBoost,21,26,Actionable CBFI (Proposed),True,"['capital_gain', 'marital_status', 'occupation']",279,0.44921445846557617,14.169185182015388,3.0,0.0,60.11725186429383,13.71563161171107,100.0,14.169047807891996
adult,XGBoost,21,26,Untargeted Causal (Karimi 2021),True,"['capital_gain', 'marital_status', 'occupation']",445,0.7012670040130615,14.169185182015388,3.0,0.0,60.11725186429383,13.71563161171107,100.0,14.169047807891996
adult,XGBoost,21,26,Wachter's CE,True,"['capital_gain', 'hours_per_week', 'marital_status', 'occupation', 'race', 'sex', 'workclass']",500,0.04639434814453125,15.539141891830297,7.0,3.0814879110195774e-33,3.9869516626764696,5.536708278671406,85.55789039495313,15.539141891830297
adult,XGBoost,21,26,SHAP-Targeted CE,True,['capital_gain'],343,0.021398067474365234,2.2365308636692314,1.0,1.5407439555097887e-33,1.7259310100014904,3.067625619793169,100.0,2.2365308636692314
adult,XGBoost,22,28,Actionable CBFI (Proposed),True,['marital_status'],266,0.4312722682952881,1.0,1.0,0.0,3.611752836937873,3.4575261618690596,100.0,1.0
adult,XGBoost,22,28,Untargeted Causal (Karimi 2021),True,['marital_status'],420,0.7330551147460938,1.0,1.0,0.0,3.611752836937873,3.4575261618690596,100.0,1.0
adult,XGBoost,22,28,Wachter's CE,True,"['capital_gain', 'hours_per_week', 'occupation', 'sex']",500,0.05031466484069824,8.750244777811313,4.0,0.0,5.867240256589909,4.9879530597952675,100.0,8.750244777811313
adult,XGBoost,22,28,SHAP-Targeted CE,True,['marital_status'],343,0.025365352630615234,0.5000000000000001,1.0,2.5679065925163143e-34,3.611752836937873,3.506541524239791,100.0,0.5000000000000001
adult,XGBoost,23,29,Actionable CBFI (Proposed),True,['occupation'],270,0.4353153705596924,0.25,1.0,0.0,0.07276784554730027,1.3574983856850815,100.0,0.25
adult,XGBoost,23,29,Untargeted Causal (Karimi 2021),True,['occupation'],431,0.7273483276367188,0.25,1.0,0.0,0.07276784554730027,1.3574983856850815,100.0,0.25
adult,XGBoost,23,29,Wachter's CE,True,"['capital_gain', 'hours_per_week', 'marital_status', 'occupation', 'race', 'sex', 'workclass']",500,0.05582618713378906,13.381297647153115,7.0,0.0,3.5944318366977295,5.049644560408615,63.29122501154494,13.381297647153115
adult,XGBoost,23,29,SHAP-Targeted CE,True,['marital_status'],343,0.024765491485595703,0.4999999999999999,1.0,0.0,0.07276784554730027,1.7199480641561453,100.0,0.4999999999999999
adult,XGBoost,24,30,Actionable CBFI (Proposed),True,"['capital_loss', 'marital_status']",269,0.4526383876800537,11.808921563022679,2.0,0.0,0.49177362258901075,11.16641142190604,100.0,11.808810910542338
adult,XGBoost,24,30,Untargeted Causal (Karimi 2021),True,"['capital_loss', 'marital_status']",395,0.6750330924987793,11.808921563022679,2.0,0.0,0.49177362258901075,11.16641142190604,100.0,11.808810910542338
adult,XGBoost,24,30,Wachter's CE,True,"['capital_gain', 'hours_per_week', 'marital_status', 'occupation', 'race', 'sex', 'workclass']",500,0.05076241493225098,9.756559045518014,7.0,0.0,3.710282143514435,5.331790526796314,76.99824401992608,9.756559045518014
adult,XGBoost,24,30,SHAP-Targeted CE,True,['capital_gain'],343,0.02497386932373047,2.2365308636692314,1.0,0.0,1.8491660272383283,3.478529126734079,100.0,2.2365308636692314
adult,XGBoost,25,31,Actionable CBFI (Proposed),True,['capital_gain'],264,0.44597864151000977,13.419185182015388,1.0,0.0,59.49774725186058,13.8304416365315,100.0,13.419047807891996
adult,XGBoost,25,31,Untargeted Causal (Karimi 2021),True,['capital_gain'],388,0.6550440788269043,13.419185182015388,1.0,0.0,59.49774725186058,13.8304416365315,100.0,13.419047807891996
adult,XGBoost,25,31,Wachter's CE,True,"['capital_gain', 'hours_per_week', 'marital_status', 'occupation', 'sex', 'workclass']",500,0.04764819145202637,10.11768622928215,6.0,0.0,3.7957588596214182,5.191808087911598,82.39659212466572,10.11768622928215
adult,XGBoost,25,31,SHAP-Targeted CE,True,['capital_gain'],343,0.02209925651550293,2.2365308636692314,1.0,0.0,1.6217428207668874,3.6363730870467315,100.0,2.2365308636692314
adult,XGBoost,26,32,Actionable CBFI (Proposed),True,"['capital_loss', 'marital_status']",238,0.3719651699066162,4.493792828451774,2.0,0.0,0.4677619109865601,1.7465536982483842,100.0,4.493757061993483
adult,XGBoost,26,32,Untargeted Causal (Karimi 2021),True,"['capital_loss', 'marital_status']",418,0.7178237438201904,4.493792828451774,2.0,0.0,0.4677619109865601,1.7465536982483842,100.0,4.493757061993483
adult,XGBoost,26,32,Wachter's CE,True,"['capital_gain', 'capital_loss', 'hours_per_week', 'occupation', 'race', 'workclass']",500,0.053436279296875,11.334737755634404,6.0,0.0,3.5342142707663906,5.278151632962478,67.09191011281276,11.334737755634404
adult,XGBoost,26,32,SHAP-Targeted CE,True,"['capital_loss', 'marital_status']",343,0.025198936462402344,0.6091810258891189,2.0,0.0,0.4677619109865601,3.7829778847200144,100.0,0.6091810258891189
adult,XGBoost,27,33,Actionable CBFI (Proposed),True,['sex'],295,0.4776279926300049,2.1242302979482655,1.0,0.0,0.003134849040371804,2.7443897801375354,100.0,2.1242085518980316
adult,XGBoost,27,33,Untargeted Causal (Karimi 2021),True,['sex'],437,0.6918303966522217,2.1242302979482655,1.0,0.0,0.003134849040371804,2.7443897801375354,100.0,2.1242085518980316
adult,XGBoost,27,33,Wachter's CE,True,"['capital_gain', 'hours_per_week', 'marital_status', 'occupation', 'race', 'sex', 'workclass']",500,0.05108451843261719,12.198339557330307,7.0,0.0,3.659084066803917,5.049011516470732,70.92887726631409,12.198339557330307
adult,XGBoost,27,33,SHAP-Targeted CE,True,['capital_gain'],343,0.02515578269958496,2.2365308636692314,1.0,0.0,1.5280342916490852,3.355543680049355,100.0,2.2365308636692314
adult,XGBoost,28,34,Actionable CBFI (Proposed),True,"['capital_loss', 'race']",272,0.4689018726348877,13.173051072478179,2.0,0.0,1.28963302583679,12.299006563515027,100.0,13.172916218064968
adult,XGBoost,28,34,Untargeted Causal (Karimi 2021),True,"['occupation', 'race']",402,0.6585946083068848,3.8641295094555006,2.0,0.0,1.28963302583679,5.95226812384056,61.18142530343486,3.8641053075226304
adult,XGBoost,28,34,Wachter's CE,True,"['capital_gain', 'hours_per_week', 'marital_status', 'occupation', 'sex', 'workclass']",500,0.05143260955810547,10.860478626480388,6.0,0.0,7.256627794177764,6.4378063970191235,84.75152310093212,10.860478626480388
adult,XGBoost,28,34,SHAP-Targeted CE,True,['capital_gain'],343,0.024940967559814453,2.2365308636692314,1.0,0.0,3.0576891796883987,4.826926548973693,100.0,2.2365308636692314
adult,XGBoost,29,35,Actionable CBFI (Proposed),True,['capital_gain'],242,0.4264347553253174,13.419185182015388,1.0,0.0,60.04692821764643,13.678311788848696,100.0,13.419047807891996
adult,XGBoost,29,35,Untargeted Causal (Karimi 2021),True,"['capital_loss', 'occupation']",392,0.6570160388946533,11.558921563022679,2.0,0.0,0.4984333852374079,10.900262239032527,6.4884945875856745,11.558810910542338
adult,XGBoost,29,35,Wachter's CE,True,"['capital_gain', 'capital_loss', 'hours_per_week', 'marital_status', 'sex']",500,0.04987692832946777,12.202475168566984,5.0,0.0,4.675646032536147,4.958439202071769,77.85506339142987,12.202475168566984
adult,XGBoost,29,35,SHAP-Targeted CE,True,['capital_gain'],343,0.024543046951293945,2.2365308636692314,1.0,0.0,2.0863986837305135,2.9559474932129204,100.0,2.2365308636692314
adult,XGBoost,30,36,Actionable CBFI (Proposed),True,['capital_gain'],245,0.4283413887023926,13.419185182015388,1.0,0.0,59.57926416422088,13.642008789234572,100.0,13.419047807891996
adult,XGBoost,30,36,Untargeted Causal (Karimi 2021),True,['capital_gain'],384,0.7022075653076172,13.419185182015388,1.0,0.0,59.57926416422088,13.642008789234572,100.0,13.419047807891996
adult,XGBoost,30,36,Wachter's CE,True,"['capital_gain', 'capital_loss', 'hours_per_week', 'marital_status', 'sex']",500,0.050431013107299805,12.202475168566984,5.0,0.0,4.212213897011729,4.830480317635166,91.2959040333875,12.202475168566984
adult,XGBoost,30,36,SHAP-Targeted CE,True,['capital_gain'],343,0.024709463119506836,2.2365308636692314,1.0,0.0,1.5947052297316577,2.791487555188308,100.0,2.2365308636692314
adult,XGBoost,31,37,Actionable CBFI (Proposed),True,['capital_gain'],277,0.4802365303039551,13.419185182015388,1.0,0.0,61.16782288062444,14.059093313649626,100.0,13.419047807891996
adult,XGBoost,31,37,Untargeted Causal (Karimi 2021),True,['capital_gain'],419,0.7001712322235107,13.419185182015388,1.0,0.0,61.16782288062444,14.059093313649626,100.0,13.419047807891996
adult,XGBoost,31,37,Wachter's CE,True,"['capital_gain', 'hours_per_week', 'marital_status', 'occupation', 'race', 'sex', 'workclass']",500,0.0464472770690918,16.85578463832102,7.0,3.0814879110195774e-33,4.33608845551091,7.383596676685802,55.74165464097122,16.85578463832102
adult,XGBoost,31,37,SHAP-Targeted CE,True,['capital_gain'],343,0.02131938934326172,2.2365308636692314,1.0,1.5407439555097887e-33,2.2280231886009023,3.922603940946807,100.0,2.2365308636692314
adult,XGBoost,32,38,Actionable CBFI (Proposed),True,['capital_gain'],244,0.448960542678833,13.419185182015388,1.0,0.0,59.22329205243287,13.59555951943412,100.0,13.419047807891996
adult,XGBoost,32,38,Untargeted Causal (Karimi 2021),True,['capital_gain'],415,0.6939973831176758,13.419185182015388,1.0,0.0,59.22329205243287,13.59555951943412,100.0,13.419047807891996
adult,XGBoost,32,38,Wachter's CE,True,"['hours_per_week', 'marital_status', 'occupation', 'race', 'sex', 'workclass']",500,0.05173754692077637,9.417160838075251,6.0,0.0017320580667295022,0.22875806961534959,2.9057980888360087,43.01980955926475,9.417160838075251
adult,XGBoost,32,38,SHAP-Targeted CE,True,['capital_gain'],343,0.024486780166625977,2.2365308636692314,1.0,3.851859888774472e-34,1.5426678062409023,2.7690679685692112,100.0,2.2365308636692314
adult,XGBoost,33,40,Actionable CBFI (Proposed),True,['capital_gain'],259,0.4381828308105469,13.419185182015388,1.0,0.0,62.354891094762884,13.88943530242551,100.0,13.419047807891996
adult,XGBoost,33,40,Untargeted Causal (Karimi 2021),True,['capital_gain'],409,0.6823141574859619,13.419185182015388,1.0,0.0,62.354891094762884,13.88943530242551,100.0,13.419047807891996
adult,XGBoost,33,40,Wachter's CE,True,"['capital_gain', 'hours_per_week', 'marital_status', 'occupation', 'race', 'sex', 'workclass']",500,0.04984927177429199,12.539141891830297,7.0,0.0,5.589569394491336,5.785522062027342,68.78656332480749,12.539141891830297
adult,XGBoost,33,40,SHAP-Targeted CE,True,['capital_gain'],343,0.0250091552734375,2.2365308636692314,1.0,1.5407439555097887e-33,3.2003487287938195,3.3060530309632417,100.0,2.2365308636692314
adult,XGBoost,34,42,Actionable CBFI (Proposed),True,['capital_gain'],317,0.5596787929534912,13.419185182015388,1.0,0.0,58.442167583370804,13.538552102644188,100.0,13.419047807891996
adult,XGBoost,34,42,Untargeted Causal (Karimi 2021),True,['capital_gain'],454,0.7401788234710693,13.419185182015388,1.0,0.0,58.442167583370804,13.538552102644188,100.0,13.419047807891996
adult,XGBoost,34,42,Wachter's CE,True,"['capital_gain', 'marital_status', 'occupation', 'race', 'sex', 'workclass']",500,0.050759315490722656,9.955808558496965,6.0,0.0,3.8300486963302833,5.334082510790374,60.68730037322183,9.955808558496965
adult,XGBoost,34,42,SHAP-Targeted CE,True,['capital_gain'],343,0.024688243865966797,2.2365308636692314,1.0,6.162975822039155e-33,1.9304274067799794,3.1089906875361986,100.0,2.2365308636692314
adult,XGBoost,35,43,Actionable CBFI (Proposed),True,"['marital_status', 'workclass']",279,0.4589381217956543,4.231832359291236,2.0,0.0,0.07276784554730027,3.2528225915416447,100.0,4.2318043931315525
adult,XGBoost,35,43,Untargeted Causal (Karimi 2021),True,"['marital_status', 'occupation']",434,0.7323756217956543,2.25,2.0,0.0,0.07276784554730027,1.9482629556387745,66.66666666666666,2.25
adult,XGBoost,35,43,Wachter's CE,True,"['capital_gain', 'capital_loss', 'hours_per_week', 'marital_status', 'occupation', 'sex']",500,0.052144527435302734,13.702475168566984,6.0,0.0,4.12516641257146,4.76715055742621,69.33232617421234,13.702475168566984
adult,XGBoost,35,43,SHAP-Targeted CE,True,['capital_gain'],343,0.025691747665405273,2.2365308636692314,1.0,0.0,1.5206522881188427,3.578239833000064,100.0,2.2365308636692314
adult,XGBoost,36,44,Actionable CBFI (Proposed),True,['capital_gain'],230,0.3976588249206543,13.419185182015388,1.0,0.0,60.095987851463555,13.6799200944569,100.0,13.419047807891996
adult,XGBoost,36,44,Untargeted Causal (Karimi 2021),True,['capital_gain'],394,0.6624555587768555,13.419185182015388,1.0,0.0,60.095987851463555,13.6799200944569,100.0,13.419047807891996
adult,XGBoost,36,44,Wachter's CE,True,"['capital_gain', 'capital_loss', 'hours_per_week', 'marital_status', 'occupation', 'sex']",500,0.050304412841796875,10.785808501900316,6.0,0.0,4.291279339333406,4.808793191390717,100.0,10.785808501900316
adult,XGBoost,36,44,SHAP-Targeted CE,True,['capital_gain'],343,0.024039030075073242,2.2365308636692314,1.0,0.0,1.748079837924341,2.780939300074384,100.0,2.2365308636692314
adult,XGBoost,37,46,Actionable CBFI (Proposed),True,"['hours_per_week', 'occupation']",267,0.42090344429016113,1.4166666666666665,2.0,4.8112724075819617e-05,0.07804145579716291,1.526002232080157,100.0,1.4166666666666665
adult,XGBoost,37,46,Untargeted Causal (Karimi 2021),True,"['hours_per_week', 'occupation']",407,0.645986795425415,1.4166666666666665,2.0,4.8112724075819617e-05,0.07804145579716291,1.526002232080157,100.0,1.4166666666666665
adult,XGBoost,37,46,Wachter's CE,True,"['capital_gain', 'capital_loss', 'hours_per_week', 'marital_status', 'sex']",500,0.049933433532714844,12.535808501900316,5.0,0.0,4.099522364014169,4.827700940125047,91.52735023981002,12.535808501900316
adult,XGBoost,37,46,SHAP-Targeted CE,True,['capital_gain'],343,0.024017333984375,2.2365308636692314,1.0,0.0,1.522854783803153,2.5160133374549707,100.0,2.2365308636692314
adult,XGBoost,38,47,Actionable CBFI (Proposed),True,['marital_status'],255,0.4803957939147949,1.0,1.0,2.5679065925163143e-34,0.8283796422110944,2.381947898051939,100.0,1.0
adult,XGBoost,38,47,Untargeted Causal (Karimi 2021),True,['marital_status'],431,0.7019176483154297,1.0000000000000002,1.0,0.0,0.8283796422110944,2.381947898051939,100.0,1.0000000000000002
adult,XGBoost,38,47,Wachter's CE,True,"['hours_per_week', 'marital_status', 'occupation', 'race', 'sex', 'workclass']",500,0.05196523666381836,10.500494171408583,6.0,0.0012028181018954864,0.9088441615079822,3.150882251805214,64.47742717426075,10.500494171408583
adult,XGBoost,38,47,SHAP-Targeted CE,True,['marital_status'],343,0.025533676147460938,0.5000000000000001,1.0,2.5679065925163143e-34,0.8283796422110944,2.5798913358679947,100.0,0.5000000000000001
adult,XGBoost,39,48,Actionable CBFI (Proposed),True,['hours_per_week'],233,0.37679409980773926,2.666666666666667,1.0,0.0007698035852131122,0.1605274533915874,2.7297094123700076,100.0,2.666666666666667
adult,XGBoost,39,48,Untargeted Causal (Karimi 2021),True,"['occupation', 'workclass']",396,0.6181132793426514,2.2988742694684268,2.0,0.0,0.057454930032720626,1.2420476953108384,89.12511208984874,2.2988532948486644
adult,XGBoost,39,48,Wachter's CE,True,"['hours_per_week', 'marital_status', 'occupation', 'race', 'sex', 'workclass']",500,0.05417299270629883,9.567536081585775,6.0,0.0012028181018954877,0.22987435785286778,2.8189285197147234,55.69256835504002,9.567536081585775
adult,XGBoost,39,48,SHAP-Targeted CE,True,['marital_status'],343,0.02496623992919922,0.4999999999999999,1.0,1.6049416203226965e-35,0.057454930032720626,2.9058135083339014,100.0,0.4999999999999999
adult,XGBoost,40,49,Actionable CBFI (Proposed),True,['capital_gain'],338,0.6308248043060303,13.419185182015388,1.0,0.0,58.75571948434894,13.53183250972377,100.0,13.419047807891996
adult,XGBoost,40,49,Untargeted Causal (Karimi 2021),True,['capital_loss'],440,0.7289974689483643,10.808921563022679,1.0,0.0,0.06962554006739614,10.763897439382395,0.0,10.808810910542338
adult,XGBoost,40,49,Wachter's CE,True,"['capital_gain', 'hours_per_week', 'marital_status', 'occupation', 'race', 'sex', 'workclass']",500,0.05223965644836426,12.315149072070984,7.0,0.0,3.5969091486531686,5.047718764657804,77.81730173703993,12.315149072070984
adult,XGBoost,40,49,SHAP-Targeted CE,True,['marital_status'],343,0.024866104125976562,1.5,1.0,0.0,0.06962554006739614,1.8534146271091125,100.0,1.5
adult,XGBoost,41,50,Actionable CBFI (Proposed),True,['capital_gain'],293,0.49376463890075684,13.419185182015388,1.0,0.0,59.39844201346549,13.730799141335682,100.0,13.419047807891996
adult,XGBoost,41,50,Untargeted Causal (Karimi 2021),True,['capital_gain'],424,0.7052931785583496,13.419185182015388,1.0,0.0,59.39844201346549,13.730799141335682,100.0,13.419047807891996
adult,XGBoost,41,50,Wachter's CE,True,"['capital_gain', 'hours_per_week', 'marital_status', 'occupation', 'sex', 'workclass']",500,0.050911664962768555,13.10707713710255,6.0,0.0,3.7269657848116933,5.31662578326639,71.05420629954376,13.10707713710255
adult,XGBoost,41,50,SHAP-Targeted CE,True,['capital_gain'],343,0.024326801300048828,2.2365308636692314,1.0,0.0,1.5647091589741793,3.0676527245648266,100.0,2.2365308636692314
adult,XGBoost,42,51,Actionable CBFI (Proposed),True,"['capital_gain', 'marital_status']",285,0.49236512184143066,14.419185182015388,2.0,0.0,60.751329074936514,13.903825219872424,100.0,14.419047807891996
adult,XGBoost,42,51,Untargeted Causal (Karimi 2021),True,"['capital_gain', 'marital_status']",454,0.7121987342834473,14.419185182015388,2.0,0.0,60.751329074936514,13.903825219872424,100.0,14.419047807891996
adult,XGBoost,42,51,Wachter's CE,True,"['capital_gain', 'hours_per_week', 'marital_status', 'occupation', 'race', 'sex', 'workclass']",500,0.04674267768859863,17.622475225163633,7.0,0.0,4.00060069809297,5.56625132312883,77.7903100216579,17.622475225163633
adult,XGBoost,42,51,SHAP-Targeted CE,True,['capital_gain'],343,0.020600080490112305,2.2365308636692314,1.0,0.0,1.9566491421572296,3.2370223610985023,100.0,2.2365308636692314
adult,XGBoost,43,54,Actionable CBFI (Proposed),True,['marital_status'],289,0.46283698081970215,1.0,1.0,0.0,0.934051412423024,2.130182253163106,100.0,1.0
adult,XGBoost,43,54,Untargeted Causal (Karimi 2021),True,['marital_status'],410,0.6760308742523193,1.0,1.0,0.0,0.934051412423024,2.130182253163106,100.0,1.0
adult,XGBoost,43,54,Wachter's CE,True,"['capital_gain', 'hours_per_week', 'occupation', 'sex', 'workclass']",500,0.05228853225708008,12.393061472792674,5.0,0.0,5.716766935108049,5.082917618144305,83.46756954311525,12.393061472792674
adult,XGBoost,43,54,SHAP-Targeted CE,True,['marital_status'],343,0.026164770126342773,0.5000000000000001,1.0,2.5679065925163143e-34,0.934051412423024,2.228951675337633,100.0,0.5000000000000001
adult,XGBoost,44,56,Actionable CBFI (Proposed),True,['capital_gain'],223,0.36618494987487793,13.419185182015388,1.0,0.0,63.826679432172085,14.042629491994079,100.0,13.419047807891996
adult,XGBoost,44,56,Untargeted Causal (Karimi 2021),True,"['hours_per_week', 'occupation', 'workclass']",432,0.7184000015258789,6.148499025957902,3.0,0.0007698035852131128,2.8707618549589475,4.308406056281564,87.80190097073076,6.1484710597982195
adult,XGBoost,44,56,Wachter's CE,True,"['capital_gain', 'capital_loss', 'hours_per_week', 'marital_status', 'sex']",500,0.04980111122131348,13.202475168566984,5.0,0.0,7.024055136552218,5.672112848557191,100.0,13.202475168566984
adult,XGBoost,44,56,SHAP-Targeted CE,True,['capital_gain'],343,0.024173736572265625,2.2365308636692314,1.0,0.0,4.465341339040548,3.8126263410022396,100.0,2.2365308636692314
adult,XGBoost,45,57,Actionable CBFI (Proposed),True,"['occupation', 'sex']",247,0.41454100608825684,2.8742302979482655,2.0,0.0,0.05545270748509354,2.0349261721289995,100.0,2.8742085518980316
adult,XGBoost,45,57,Untargeted Causal (Karimi 2021),True,"['occupation', 'sex']",410,0.6745202541351318,2.8742302979482655,2.0,0.0,0.05545270748509354,2.0349261721289995,100.0,2.8742085518980316
adult,XGBoost,45,57,Wachter's CE,True,"['hours_per_week', 'marital_status', 'occupation', 'race', 'sex', 'workclass']",500,0.0516657829284668,9.000494171408583,6.0,0.0012028181018954877,0.24269644412477456,2.846915456259432,47.788983321528946,9.000494171408583
adult,XGBoost,45,57,SHAP-Targeted CE,True,['capital_gain'],343,0.025516748428344727,2.2365308636692314,1.0,2.407412430484045e-35,1.476375854133499,2.340237804405687,100.0,2.2365308636692314
adult,XGBoost,46,58,Actionable CBFI (Proposed),True,['occupation'],278,0.48344945907592773,0.7500000000000001,1.0,0.0,0.2121324223267139,1.2870595041040354,100.0,0.7500000000000001
adult,XGBoost,46,58,Untargeted Causal (Karimi 2021),True,['occupation'],448,0.7229008674621582,0.7500000000000001,1.0,0.0,0.2121324223267139,1.2870595041040354,100.0,0.7500000000000001
adult,XGBoost,46,58,Wachter's CE,True,"['hours_per_week', 'marital_status', 'occupation', 'race', 'sex', 'workclass']",500,0.05044198036193848,8.083827504741917,6.0,4.8112724075819345e-05,0.29275169400312656,2.876216333948604,53.85792575468614,8.083827504741917
adult,XGBoost,46,58,SHAP-Targeted CE,True,['capital_gain'],343,0.024998903274536133,2.2365308636692314,1.0,0.0,1.6618428875394209,2.743412995941356,100.0,2.2365308636692314
adult,XGBoost,47,59,Actionable CBFI (Proposed),True,['capital_gain'],263,0.45169901847839355,12.746474701736155,1.0,0.0,59.62340180817717,13.586016279848472,100.0,12.746344214246433
adult,XGBoost,47,59,Untargeted Causal (Karimi 2021),True,['capital_gain'],437,0.7272603511810303,12.746474701736155,1.0,0.0,59.62340180817717,13.586016279848472,100.0,12.746344214246433
adult,XGBoost,47,59,Wachter's CE,True,"['capital_gain', 'hours_per_week', 'marital_status', 'occupation', 'race', 'sex', 'workclass']",500,0.06993460655212402,9.923204651687819,7.0,0.0,0.31164261870777804,2.9795481328076248,62.41087612289965,9.923204651687819
adult,XGBoost,47,59,SHAP-Targeted CE,True,['capital_gain'],343,0.025300979614257812,1.5638203833899968,1.0,0.0,1.6468526738790372,2.5281554468749037,100.0,1.5638203833899968
adult,XGBoost,48,60,Actionable CBFI (Proposed),True,['capital_gain'],235,0.38872361183166504,0.32300301736128406,1.0,0.0,0.47069166067078916,2.064344982186104,99.99999999999997,0.3229997107330677
adult,XGBoost,48,60,Untargeted Causal (Karimi 2021),True,['capital_gain'],409,0.6762979030609131,0.32300301736128406,1.0,0.0,0.47069166067078916,2.064344982186104,99.99999999999997,0.3229997107330677
adult,XGBoost,48,60,Wachter's CE,True,"['capital_gain', 'hours_per_week', 'marital_status', 'occupation', 'race', 'sex', 'workclass']",500,0.052104949951171875,9.073497188769869,7.0,0.0,0.6139271519177535,3.083835343197646,48.209059690952,9.073497188769869
adult,XGBoost,48,60,SHAP-Targeted CE,True,['capital_gain'],343,0.0247805118560791,0.323003017361284,1.0,9.62964972193618e-35,0.47069166067078916,2.064344982186104,100.0,0.323003017361284
adult,XGBoost,49,61,Actionable CBFI (Proposed),True,['capital_gain'],238,0.4022524356842041,13.419185182015388,1.0,0.0,63.35048164702284,14.304949546487265,100.0,13.419047807891996
adult,XGBoost,49,61,Untargeted Causal (Karimi 2021),True,['capital_gain'],374,0.623931884765625,13.419185182015388,1.0,0.0,63.35048164702284,14.304949546487265,100.0,13.419047807891996
adult,XGBoost,49,61,Wachter's CE,True,"['capital_gain', 'hours_per_week', 'race', 'sex', 'workclass']",500,0.049871206283569336,12.131297647153115,5.0,0.0,6.2790630246940715,5.667671213515534,70.76821979538647,12.131297647153115
adult,XGBoost,49,61,SHAP-Targeted CE,True,['capital_gain'],343,0.02460503578186035,2.2365308636692314,1.0,0.0,3.7926011537028264,4.488706414811973,100.0,2.2365308636692314
adult,XGBoost,50,62,Actionable CBFI (Proposed),True,['occupation'],255,0.45505380630493164,2.5,1.0,0.0,0.07154057866502957,1.3229644356386867,100.0,2.5
adult,XGBoost,50,62,Untargeted Causal (Karimi 2021),True,['occupation'],411,0.6573681831359863,2.5,1.0,0.0,0.07154057866502957,1.3229644356386867,100.0,2.5
adult,XGBoost,50,62,Wachter's CE,True,"['capital_gain', 'hours_per_week', 'marital_status', 'occupation', 'race', 'sex', 'workclass']",500,0.05091667175292969,13.539141891830297,7.0,0.0,3.60698724395189,5.115844543921542,83.42450414042818,13.539141891830297
adult,XGBoost,50,62,SHAP-Targeted CE,True,['capital_gain'],343,0.025417804718017578,2.2365308636692314,1.0,0.0,1.5269663252364676,3.014141165581872,100.0,2.2365308636692314
adult,XGBoost,51,64,Actionable CBFI (Proposed),True,"['marital_status', 'occupation', 'workclass']",307,0.518488883972168,5.981832359291236,3.0,0.0,0.7310709143312809,3.4915490210704427,100.0,5.9818043931315525
adult,XGBoost,51,64,Untargeted Causal (Karimi 2021),True,"['capital_loss', 'occupation']",439,0.7422935962677002,13.058921563022679,2.0,0.0,0.7310709143312809,10.926109156787206,17.229600385770325,13.058810910542338
adult,XGBoost,51,64,Wachter's CE,True,"['hours_per_week', 'marital_status', 'occupation', 'race', 'sex', 'workclass']",500,0.05486559867858887,8.833827504741919,6.0,0.0007698035852131128,0.2331045734583854,2.946383601040858,73.23776688885472,8.833827504741919
adult,XGBoost,51,64,SHAP-Targeted CE,True,['capital_gain'],343,0.04237532615661621,2.2365308636692314,1.0,0.0,2.1318767398843996,3.549056960775366,100.0,2.2365308636692314
adult,XGBoost,52,65,Actionable CBFI (Proposed),True,['capital_gain'],269,0.44336748123168945,13.419185182015388,1.0,0.0,59.35588821817131,13.567657841009142,100.0,13.419047807891996
adult,XGBoost,52,65,Untargeted Causal (Karimi 2021),True,"['occupation', 'sex']",414,0.6740834712982178,2.3742302979482655,2.0,0.0,0.059656809299863084,1.8087675710610214,89.47027168274106,2.3742085518980316
adult,XGBoost,52,65,Wachter's CE,True,"['hours_per_week', 'marital_status', 'occupation', 'race', 'sex', 'workclass']",500,0.04980897903442383,10.250494171408583,6.0,0.001202818101895487,0.30079166387861667,2.8938279484357246,68.38282988652962,10.250494171408583
adult,XGBoost,52,65,SHAP-Targeted CE,True,['capital_gain'],343,0.024951457977294922,2.2365308636692314,1.0,0.0,1.6055782038700404,2.558710930323162,100.0,2.2365308636692314
adult,XGBoost,53,66,Actionable CBFI (Proposed),True,"['marital_status', 'workclass']",273,0.4621422290802002,3.7318323592912357,2.0,0.0,0.0026128251543855573,3.2687327820186036,100.0,3.731804393131553
adult,XGBoost,53,66,Untargeted Causal (Karimi 2021),True,"['marital_status', 'workclass']",404,0.6764450073242188,3.7318323592912357,2.0,0.0,0.0026128251543855573,3.2687327820186036,100.0,3.731804393131553
adult,XGBoost,53,66,Wachter's CE,True,"['hours_per_week', 'marital_status', 'occupation', 'race', 'sex', 'workclass']",500,0.05125594139099121,11.250494171408583,6.0,0.001202818101895487,0.23533250678802017,2.969389698314277,69.54582966553671,11.250494171408583
adult,XGBoost,53,66,SHAP-Targeted CE,True,['capital_gain'],343,0.024483203887939453,2.2365308636692314,1.0,0.0,1.5425948757628893,3.7368869312957704,100.0,2.2365308636692314
adult,XGBoost,54,67,Actionable CBFI (Proposed),True,['occupation'],294,0.5083572864532471,0.7500000000000001,1.0,0.0,0.07804145579716291,2.085682370829977,100.0,0.7500000000000001
adult,XGBoost,54,67,Untargeted Causal (Karimi 2021),True,['occupation'],448,0.7309725284576416,0.7500000000000001,1.0,0.0,0.07804145579716291,2.085682370829977,100.0,0.7500000000000001
adult,XGBoost,54,67,Wachter's CE,True,"['capital_gain', 'hours_per_week', 'marital_status', 'occupation', 'race', 'sex', 'workclass']",500,0.05075335502624512,13.943412796127248,7.0,0.0,3.5445747504018676,5.0950445762473375,63.14125485066398,13.943412796127248
adult,XGBoost,54,67,SHAP-Targeted CE,True,['capital_gain'],343,0.023937225341796875,2.2365308636692314,1.0,0.0,1.495760682369126,3.1855839400517603,100.0,2.2365308636692314
adult,XGBoost,55,69,Actionable CBFI (Proposed),True,['capital_gain'],261,0.4447636604309082,13.419185182015388,1.0,0.0,59.39844201346549,13.95383318903958,100.0,13.419047807891996
adult,XGBoost,55,69,Untargeted Causal (Karimi 2021),True,['capital_gain'],395,0.6649487018585205,13.419185182015388,1.0,0.0,59.39844201346549,13.95383318903958,100.0,13.419047807891996
adult,XGBoost,55,69,Wachter's CE,True,"['capital_gain', 'hours_per_week', 'marital_status', 'race', 'sex', 'workclass']",500,0.054071903228759766,12.631297647153115,6.0,0.0,3.7269657848116933,5.126018794421235,67.72103743759642,12.631297647153115
adult,XGBoost,55,69,SHAP-Targeted CE,True,['capital_gain'],343,0.028217077255249023,2.2365308636692314,1.0,0.0,1.5647091589741793,3.957859944957243,100.0,2.2365308636692314
adult,XGBoost,56,70,Actionable CBFI (Proposed),True,['capital_gain'],314,0.525266170501709,13.419185182015388,1.0,0.0,60.13072267556392,13.738566287542268,100.0,13.419047807891996
adult,XGBoost,56,70,Untargeted Causal (Karimi 2021),True,['capital_gain'],431,0.7254116535186768,13.419185182015388,1.0,0.0,60.13072267556392,13.738566287542268,100.0,13.419047807891996
adult,XGBoost,56,70,Wachter's CE,True,"['capital_gain', 'hours_per_week', 'marital_status', 'occupation', 'race', 'workclass']",500,0.04692244529724121,15.981554340372751,6.0,0.0,4.227806879426724,7.354356279426168,70.41427311631115,15.981554340372751
adult,XGBoost,56,70,SHAP-Targeted CE,True,['capital_gain'],343,0.02224898338317871,2.2365308636692314,1.0,0.0,1.7782286542857708,3.073086578755602,100.0,2.2365308636692314
adult,XGBoost,57,71,Actionable CBFI (Proposed),True,"['marital_status', 'race']",289,0.4614109992980957,2.6820647547277505,2.0,0.0,0.47024116412062805,3.9105012641671997,100.0,2.6820526537613154
adult,XGBoost,57,71,Untargeted Causal (Karimi 2021),True,"['marital_status', 'race']",402,0.6422638893127441,2.6820647547277505,2.0,0.0,0.47024116412062805,3.9105012641671997,100.0,2.6820526537613154
adult,XGBoost,57,71,Wachter's CE,True,"['hours_per_week', 'marital_status', 'occupation', 'sex', 'workclass']",500,0.05191373825073242,7.886364661953085,5.0,0.0012028181018954864,0.6110059372310034,3.0653839394929525,82.68002764017072,7.886364661953085
adult,XGBoost,57,71,SHAP-Targeted CE,True,['capital_gain'],343,0.025032758712768555,2.2365308636692314,1.0,0.0,1.7887899748469458,3.850439925975705,100.0,2.2365308636692314
adult,XGBoost,58,73,Actionable CBFI (Proposed),True,"['capital_loss', 'marital_status', 'occupation']",266,0.4389972686767578,12.808921563022679,3.0,0.0,0.0019457152007845216,11.058713778873901,100.0,12.808810910542338
adult,XGBoost,58,73,Untargeted Causal (Karimi 2021),True,"['capital_loss', 'marital_status', 'occupation']",395,0.6588032245635986,12.808921563022679,3.0,0.0,0.0019457152007845216,11.058713778873901,100.0,12.808810910542338
adult,XGBoost,58,73,Wachter's CE,True,"['capital_gain', 'capital_loss', 'hours_per_week', 'marital_status', 'sex']",500,0.06623721122741699,12.202475168566984,5.0,0.0,4.196766731685047,4.790944229493942,91.2959040333875,12.202475168566984
adult,XGBoost,58,73,SHAP-Targeted CE,True,['capital_gain'],343,0.024718284606933594,2.2365308636692314,1.0,0.0,1.5796342858087629,2.725787392280348,100.0,2.2365308636692314
adult,XGBoost,59,74,Actionable CBFI (Proposed),True,['capital_gain'],249,0.4269533157348633,13.419185182015388,1.0,0.0,58.98593360402365,13.834758337192145,100.0,13.419047807891996
adult,XGBoost,59,74,Untargeted Causal (Karimi 2021),True,"['occupation', 'sex']",411,0.6843249797821045,4.624230297948266,2.0,0.0,1.1554111425201843,4.049301889448432,45.93694866128899,4.624208551898032
adult,XGBoost,59,74,Wachter's CE,True,"['capital_gain', 'capital_loss', 'hours_per_week', 'marital_status', 'occupation', 'sex']",500,0.06886076927185059,10.952475168566984,6.0,4.81482486096809e-35,3.8234478403925767,5.574736876458246,93.15223281991581,10.952475168566984
adult,XGBoost,59,74,SHAP-Targeted CE,True,['capital_gain'],343,0.02425837516784668,2.2365308636692314,1.0,2.407412430484045e-35,2.4570477125290338,4.2382819423241775,100.0,2.2365308636692314
adult,XGBoost,60,75,Actionable CBFI (Proposed),True,"['marital_status', 'occupation', 'sex', 'workclass']",246,0.41132259368896484,6.606062657239502,4.0,0.0,0.05418891098735696,3.7583571397516033,100.0,6.606012945029585
adult,XGBoost,60,75,Untargeted Causal (Karimi 2021),True,"['marital_status', 'occupation', 'sex', 'workclass']",391,0.6508846282958984,6.606062657239502,4.0,0.0,0.05418891098735696,3.7583571397516033,100.0,6.606012945029585
adult,XGBoost,60,75,Wachter's CE,True,"['capital_gain', 'capital_loss', 'hours_per_week', 'marital_status', 'occupation', 'sex']",500,0.051141977310180664,12.452475168566984,6.0,0.0,4.276634601450861,4.778798235979367,78.29965244518822,12.452475168566984
adult,XGBoost,60,75,SHAP-Targeted CE,True,['capital_gain'],343,0.025124788284301758,2.2365308636692314,1.0,0.0,1.6679820415565887,2.6937254203458547,100.0,2.2365308636692314
adult,XGBoost,61,76,Actionable CBFI (Proposed),True,['occupation'],290,0.42795658111572266,0.7500000000000001,1.0,6.419766481290786e-35,0.21032839480048962,1.4424260714489363,100.0,0.7500000000000001
adult,XGBoost,61,76,Untargeted Causal (Karimi 2021),True,['occupation'],448,0.6824016571044922,0.7500000000000001,1.0,6.419766481290786e-35,0.21032839480048962,1.4424260714489363,100.0,0.7500000000000001
adult,XGBoost,61,76,Wachter's CE,True,"['hours_per_week', 'marital_status', 'occupation', 'race', 'sex', 'workclass']",500,0.05128645896911621,10.750494171408583,6.0,0.0012028181018954877,0.35703762271939504,2.8740329272730354,65.30349554515047,10.750494171408583
adult,XGBoost,61,76,SHAP-Targeted CE,True,['capital_gain'],343,0.0247342586517334,2.2365308636692314,1.0,9.62964972193618e-35,1.5272752454885863,2.7662468119923718,100.0,2.2365308636692314
adult,XGBoost,62,77,Actionable CBFI (Proposed),True,['capital_gain'],275,0.46537232398986816,13.419185182015388,1.0,0.0,64.6939301421808,14.546151603192735,100.0,13.419047807891996
adult,XGBoost,62,77,Untargeted Causal (Karimi 2021),True,['capital_gain'],431,0.7386081218719482,13.419185182015388,1.0,0.0,64.6939301421808,14.546151603192735,100.0,13.419047807891996
adult,XGBoost,62,77,Wachter's CE,True,"['capital_gain', 'capital_loss', 'hours_per_week', 'marital_status', 'occupation', 'race', 'sex']",500,0.05060577392578125,10.821655072268864,7.0,0.0,8.049565291050435,6.65810825195968,69.44741788020397,10.821655072268864
adult,XGBoost,62,77,SHAP-Targeted CE,True,['capital_gain'],343,0.024574995040893555,2.2365308636692314,1.0,0.0,5.728995886198343,5.43709754024722,100.0,2.2365308636692314
adult,XGBoost,63,78,Actionable CBFI (Proposed),True,"['capital_gain', 'marital_status']",303,0.4868943691253662,14.419185182015388,2.0,0.0,62.641621680443144,14.115456971511417,100.0,14.419047807891996
adult,XGBoost,63,78,Untargeted Causal (Karimi 2021),True,"['capital_gain', 'marital_status']",454,0.7624115943908691,14.419185182015388,2.0,0.0,62.641621680443144,14.115456971511417,100.0,14.419047807891996
adult,XGBoost,63,78,Wachter's CE,True,"['capital_gain', 'hours_per_week', 'marital_status', 'occupation', 'race', 'sex', 'workclass']",500,0.04809069633483887,17.60578463832102,7.0,0.0,4.872337905612514,7.52767244328102,61.078194141123156,17.60578463832102
adult,XGBoost,63,78,SHAP-Targeted CE,True,['capital_gain'],343,0.020868539810180664,2.2365308636692314,1.0,0.0,2.8917219412655406,3.6269606890964674,100.0,2.2365308636692314
adult,XGBoost,64,79,Actionable CBFI (Proposed),True,['capital_gain'],286,0.4755382537841797,13.419185182015388,1.0,0.0,63.393844943596484,14.089242533917636,100.0,13.419047807891996
adult,XGBoost,64,79,Untargeted Causal (Karimi 2021),True,['capital_gain'],382,0.6289889812469482,13.419185182015388,1.0,0.0,63.393844943596484,14.089242533917636,100.0,13.419047807891996
adult,XGBoost,64,79,Wachter's CE,True,"['capital_gain', 'hours_per_week', 'marital_status', 'occupation', 'race', 'sex']",500,0.04960942268371582,12.515381467507499,6.0,0.0,6.290961171404771,5.677322525999703,95.75676078379391,12.515381467507499
adult,XGBoost,64,79,SHAP-Targeted CE,True,['capital_gain'],343,0.025191068649291992,2.2365308636692314,1.0,0.0,3.798257930276991,3.8195407983886724,100.0,2.2365308636692314
adult,XGBoost,65,80,Actionable CBFI (Proposed),True,"['capital_gain', 'marital_status']",317,0.49596595764160156,14.419185182015388,2.0,0.0,60.751329074936514,13.869833410463256,100.0,14.419047807891996
adult,XGBoost,65,80,Untargeted Causal (Karimi 2021),True,"['capital_gain', 'marital_status']",460,0.7674930095672607,14.419185182015388,2.0,0.0,60.751329074936514,13.869833410463256,100.0,14.419047807891996
adult,XGBoost,65,80,Wachter's CE,True,"['capital_gain', 'hours_per_week', 'marital_status', 'occupation', 'race', 'workclass']",500,0.04540228843688965,14.814887673706085,6.0,0.0,4.343684231492767,7.405807558721752,68.08440858243657,14.814887673706085
adult,XGBoost,65,80,SHAP-Targeted CE,True,['capital_gain'],343,0.02056145668029785,2.2365308636692314,1.0,0.0,1.9566491421572296,3.3632292103663337,100.0,2.2365308636692314
adult,XGBoost,66,81,Actionable CBFI (Proposed),True,['occupation'],294,0.4534265995025635,0.7500000000000001,1.0,2.5679065925163143e-34,0.4692016734172575,2.0025525161147475,100.0,0.7500000000000001
adult,XGBoost,66,81,Untargeted Causal (Karimi 2021),True,['occupation'],431,0.6835558414459229,0.7500000000000002,1.0,0.0,0.4692016734172575,2.0025525161147475,100.0,0.7500000000000002
adult,XGBoost,66,81,Wachter's CE,True,"['hours_per_week', 'marital_status', 'occupation', 'race', 'sex', 'workclass']",500,0.058721303939819336,9.000494171408583,6.0,0.0012028181018954864,0.5580813656592644,3.112000048517603,73.02335535827848,9.000494171408583
adult,XGBoost,66,81,SHAP-Targeted CE,True,['marital_status'],343,0.024954557418823242,0.4999999999999999,1.0,2.5679065925163143e-34,0.4692016734172575,1.9343414968399686,100.0,0.4999999999999999
adult,XGBoost,67,82,Actionable CBFI (Proposed),True,['occupation'],225,0.37836289405822754,0.7500000000000001,1.0,0.0,0.06919540771672204,2.16843930771657,100.0,0.7500000000000001
adult,XGBoost,67,82,Untargeted Causal (Karimi 2021),True,['occupation'],410,0.6984817981719971,0.7500000000000001,1.0,0.0,0.06919540771672204,2.16843930771657,100.0,0.7500000000000001
adult,XGBoost,67,82,Wachter's CE,True,"['capital_gain', 'hours_per_week', 'marital_status', 'occupation', 'race', 'sex', 'workclass']",500,0.05117464065551758,13.289141891830297,7.0,0.0,3.6322074212764455,5.115554844340795,70.54815769237054,13.289141891830297
adult,XGBoost,67,82,SHAP-Targeted CE,True,['capital_gain'],343,0.024219512939453125,2.2365308636692314,1.0,0.0,1.5397037622879495,2.8484561974461537,100.0,2.2365308636692314
adult,XGBoost,68,83,Actionable CBFI (Proposed),True,['occupation'],252,0.41350603103637695,2.0,1.0,0.0,0.19962915038681087,1.9031480801594238,100.0,2.0
adult,XGBoost,68,83,Untargeted Causal (Karimi 2021),True,['occupation'],411,0.679034948348999,2.0,1.0,0.0,0.19962915038681087,1.9031480801594238,100.0,2.0
adult,XGBoost,68,83,Wachter's CE,True,"['capital_gain', 'hours_per_week', 'marital_status', 'occupation', 'race', 'sex', 'workclass']",500,0.04955482482910156,10.372475225163631,7.0,0.0,3.470882749120411,5.1975764557975195,62.266507954399664,10.372475225163631
adult,XGBoost,68,83,SHAP-Targeted CE,True,['capital_gain'],343,0.0256650447845459,2.2365308636692314,1.0,0.0,1.5135961436014087,2.999288293388701,100.0,2.2365308636692314
adult,XGBoost,69,85,Actionable CBFI (Proposed),True,['capital_gain'],237,0.4000701904296875,13.419185182015388,1.0,0.0,58.88830546972431,13.817896168319393,100.0,13.419047807891996
adult,XGBoost,69,85,Untargeted Causal (Karimi 2021),True,['capital_gain'],406,0.7250781059265137,13.419185182015388,1.0,0.0,58.88830546972431,13.817896168319393,100.0,13.419047807891996
adult,XGBoost,69,85,Wachter's CE,True,"['capital_gain', 'hours_per_week', 'occupation', 'race', 'sex', 'workclass']",500,0.04992842674255371,13.705808558496965,6.0,0.0,3.5445747504018676,5.136302010951386,71.44351537295806,13.705808558496965
adult,XGBoost,69,85,SHAP-Targeted CE,True,['capital_gain'],343,0.023979663848876953,2.2365308636692314,1.0,0.0,1.5961800161703665,3.7067042919200808,100.0,2.2365308636692314
adult,XGBoost,70,86,Actionable CBFI (Proposed),True,['workclass'],255,0.40875864028930664,1.3659161796456176,1.0,0.0,0.07276784554730027,3.4886489443116835,100.0,1.3659021965657763
adult,XGBoost,70,86,Untargeted Causal (Karimi 2021),True,['workclass'],404,0.6802716255187988,1.3659161796456176,1.0,0.0,0.07276784554730027,3.4886489443116835,100.0,1.3659021965657763
adult,XGBoost,70,86,Wachter's CE,True,"['capital_gain', 'hours_per_week', 'marital_status', 'occupation', 'race', 'sex', 'workclass']",500,0.05581808090209961,11.423225712184681,7.0,0.0,3.5944318366977295,5.117683985349344,80.35423653313521,11.423225712184681
adult,XGBoost,70,86,SHAP-Targeted CE,True,['capital_gain'],343,0.024431705474853516,2.2365308636692314,1.0,0.0,1.5206522881188427,3.1308940977241297,100.0,2.2365308636692314
adult,XGBoost,71,88,Actionable CBFI (Proposed),True,['capital_gain'],250,0.4417610168457031,13.419185182015388,1.0,0.0,62.4660752403766,13.996035391574422,100.0,13.419047807891996
adult,XGBoost,71,88,Untargeted Causal (Karimi 2021),True,"['capital_loss', 'marital_status', 'occupation']",402,0.6624484062194824,12.308921563022679,3.0,0.0,1.307882264448921,11.44134369884577,12.186282870679436,12.308810910542338
adult,XGBoost,71,88,Wachter's CE,True,"['capital_gain', 'hours_per_week', 'marital_status', 'occupation', 'race', 'sex', 'workclass']",500,0.04958915710449219,13.815149072070984,7.0,0.0,5.601759392107872,5.5881681928131055,82.88741223766539,13.815149072070984
adult,XGBoost,71,88,SHAP-Targeted CE,True,['capital_gain'],343,0.024552345275878906,2.2365308636692314,1.0,0.0,3.164130586861802,3.6604011386250606,100.0,2.2365308636692314
adult,XGBoost,72,91,Actionable CBFI (Proposed),True,"['marital_status', 'occupation']",292,0.4448583126068115,1.25,2.0,0.0,0.006110242211779914,1.7512852131052365,100.0,1.25
adult,XGBoost,72,91,Untargeted Causal (Karimi 2021),True,"['marital_status', 'occupation']",419,0.6564116477966309,1.25,2.0,0.0,0.006110242211779914,1.7512852131052365,100.0,1.25
adult,XGBoost,72,91,Wachter's CE,True,"['hours_per_week', 'marital_status', 'occupation', 'race', 'sex', 'workclass']",500,0.0514373779296875,10.750494171408583,6.0,0.0012028181018954864,0.21659346061611373,2.82994567496409,68.1294217381943,10.750494171408583
adult,XGBoost,72,91,SHAP-Targeted CE,True,['marital_status'],343,0.02482295036315918,0.5000000000000001,1.0,0.0,0.006110242211779914,2.15925393559086,100.0,0.5000000000000001
adult,XGBoost,73,92,Actionable CBFI (Proposed),True,"['hours_per_week', 'marital_status', 'occupation', 'race']",277,0.5161423683166504,11.780796176122168,4.0,0.006362907759027127,0.15392555156404233,2.1258584338212065,100.0,11.780771974189298
adult,XGBoost,73,92,Untargeted Causal (Karimi 2021),True,"['hours_per_week', 'marital_status', 'occupation', 'race']",380,0.6301214694976807,11.780796176122168,4.0,0.006362907759027127,0.15392555156404233,2.1258584338212065,100.0,11.780771974189298
adult,XGBoost,73,92,Wachter's CE,True,"['capital_gain', 'hours_per_week', 'marital_status', 'occupation', 'race', 'sex', 'workclass']",500,0.05161547660827637,10.568674194492147,7.0,0.0,4.158786768129706,5.111729032712591,66.976496641246,10.568674194492147
adult,XGBoost,73,92,SHAP-Targeted CE,True,['capital_gain'],343,0.024496793746948242,2.2365308636692314,1.0,0.0,2.120313126262998,4.226855218517649,100.0,2.2365308636692314
adult,XGBoost,74,93,Actionable CBFI (Proposed),True,['capital_gain'],293,0.5154333114624023,13.419185182015388,1.0,0.0,59.87823416265135,14.83095566619691,100.0,13.419047807891996
adult,XGBoost,74,93,Untargeted Causal (Karimi 2021),True,['capital_gain'],443,0.7593948841094971,13.419185182015388,1.0,0.0,59.87823416265135,14.83095566619691,100.0,13.419047807891996
adult,XGBoost,74,93,Wachter's CE,True,"['capital_gain', 'capital_loss', 'hours_per_week', 'marital_status', 'occupation', 'sex']",500,0.0520017147064209,11.367902729258278,6.0,0.0,3.8392182550521166,5.843068177597754,46.67340763418312,11.367902729258278
adult,XGBoost,74,93,SHAP-Targeted CE,True,"['capital_gain', 'capital_loss']",343,0.025476455688476562,2.536778684864305,2.0,0.0,1.7188587491095044,5.754473036717098,100.0,2.536778684864305
adult,XGBoost,75,95,Actionable CBFI (Proposed),True,"['marital_status', 'occupation', 'sex']",258,0.44802403450012207,4.374230297948266,3.0,0.0,0.23310457345838542,2.8860357260385903,100.0,4.374208551898032
adult,XGBoost,75,95,Untargeted Causal (Karimi 2021),True,"['marital_status', 'occupation', 'sex']",389,0.6346828937530518,4.374230297948266,3.0,0.0,0.23310457345838542,2.8860357260385903,100.0,4.374208551898032
adult,XGBoost,75,95,Wachter's CE,True,"['marital_status', 'occupation', 'race', 'sex', 'workclass']",500,0.051271915435791016,8.533077017720869,5.0,4.365441207277735e-33,0.2331045734583854,2.946383601040858,72.29452512211188,8.533077017720869
adult,XGBoost,75,95,SHAP-Targeted CE,True,['capital_gain'],343,0.0248262882232666,2.2365308636692314,1.0,0.0,1.6924148083694996,3.0352868579827814,100.0,2.2365308636692314
adult,XGBoost,76,98,Actionable CBFI (Proposed),True,['marital_status'],274,0.4327526092529297,1.0,1.0,0.0,0.21270465685367881,2.027867970086378,100.0,1.0
adult,XGBoost,76,98,Untargeted Causal (Karimi 2021),True,['marital_status'],448,0.7187173366546631,1.0,1.0,0.0,0.21270465685367881,2.027867970086378,100.0,1.0
adult,XGBoost,76,98,Wachter's CE,True,"['hours_per_week', 'marital_status', 'occupation', 'race', 'sex', 'workclass']",500,0.05210995674133301,10.500494171408583,6.0,0.001202818101895485,0.33964813967987234,2.93296560058208,64.47742717426075,10.500494171408583
adult,XGBoost,76,98,SHAP-Targeted CE,True,['marital_status'],343,0.025426626205444336,0.5000000000000001,1.0,2.5679065925163143e-34,0.21270465685367881,2.243402767878878,100.0,0.5000000000000001
adult,XGBoost,77,99,Actionable CBFI (Proposed),True,['capital_gain'],293,0.5293548107147217,13.419185182015388,1.0,0.0,59.53408479442022,13.923490403916366,100.0,13.419047807891996
adult,XGBoost,77,99,Untargeted Causal (Karimi 2021),True,"['hours_per_week', 'marital_status', 'occupation', 'sex']",377,0.6192910671234131,6.790896964614933,4.0,0.0007698035852131117,0.2228132523541395,3.310323737126006,68.71944444133212,6.790875218564699
adult,XGBoost,77,99,Wachter's CE,True,"['hours_per_week', 'marital_status', 'occupation', 'sex', 'workclass']",500,0.050536155700683594,9.685238931421512,5.0,0.0012028181018954864,0.30787981667641234,2.9434061144871375,89.03367117223772,9.685238931421512
adult,XGBoost,77,99,SHAP-Targeted CE,True,['capital_gain'],343,0.02432537078857422,2.2365308636692314,1.0,0.0,1.6329487001210603,3.854510450378043,100.0,2.2365308636692314
adult,XGBoost,78,102,Actionable CBFI (Proposed),True,['marital_status'],276,0.4460272789001465,1.0,1.0,0.0,0.9009547697899697,2.869756742732037,100.0,1.0
adult,XGBoost,78,102,Untargeted Causal (Karimi 2021),True,['marital_status'],402,0.6302962303161621,1.0,1.0,0.0,0.9009547697899697,2.869756742732037,100.0,1.0
adult,XGBoost,78,102,Wachter's CE,True,"['marital_status', 'occupation', 'race', 'sex']",500,0.052828073501586914,4.801244658429634,4.0,6.419766481290787e-33,0.9009547697899697,3.1792211476057477,50.760069989252585,4.801244658429634
adult,XGBoost,78,102,SHAP-Targeted CE,True,['marital_status'],343,0.0262448787689209,1.0,1.0,2.5679065925163143e-34,0.9009547697899697,2.869756742732037,100.0,1.0
adult,XGBoost,79,103,Actionable CBFI (Proposed),True,['capital_gain'],206,0.3647615909576416,13.419185182015388,1.0,0.0,59.62456083758991,13.843737396163368,100.0,13.419047807891996
adult,XGBoost,79,103,Untargeted Causal (Karimi 2021),True,['capital_gain'],384,0.6316227912902832,13.419185182015388,1.0,0.0,59.62456083758991,13.843737396163368,100.0,13.419047807891996
adult,XGBoost,79,103,Wachter's CE,True,"['capital_gain', 'hours_per_week', 'marital_status', 'occupation', 'race', 'sex', 'workclass']",500,0.04816579818725586,14.289141891830297,7.0,0.0,3.7957588596214182,5.447583764377723,87.35358100292274,14.289141891830297
adult,XGBoost,79,103,SHAP-Targeted CE,True,['capital_gain'],343,0.022603511810302734,2.2365308636692314,1.0,0.0,1.6022953831012228,3.4539135329505584,100.0,2.2365308636692314
adult,XGBoost,80,104,Actionable CBFI (Proposed),True,['capital_gain'],254,0.42561936378479004,13.419185182015388,1.0,0.0,59.66811499646372,13.648190724434693,100.0,13.419047807891996
adult,XGBoost,80,104,Untargeted Causal (Karimi 2021),True,"['capital_loss', 'marital_status']",408,0.6828474998474121,11.808921563022679,2.0,0.0,0.05514881959670139,11.059743448305827,8.468173784228563,11.808810910542338
adult,XGBoost,80,104,Wachter's CE,True,"['capital_gain', 'capital_loss', 'hours_per_week', 'marital_status', 'occupation', 'sex']",500,0.05114865303039551,13.202475168566984,6.0,0.0,4.262135680656628,4.753480664757899,79.5323955829945,13.202475168566984
adult,XGBoost,80,104,SHAP-Targeted CE,True,['capital_gain'],343,0.024829626083374023,2.2365308636692314,1.0,0.0,1.6538593421661434,2.7916050874467024,100.0,2.2365308636692314
adult,XGBoost,81,106,Actionable CBFI (Proposed),True,"['marital_status', 'occupation']",218,0.39331722259521484,3.0000000000000013,2.0,0.0,8.389066221609804,6.3203621909182255,100.0,3.0000000000000013
adult,XGBoost,81,106,Untargeted Causal (Karimi 2021),True,"['marital_status', 'occupation']",377,0.5893652439117432,3.0000000000000013,2.0,0.0,8.389066221609804,6.3203621909182255,100.0,3.0000000000000013
adult,XGBoost,81,106,Wachter's CE,True,"['capital_gain', 'hours_per_week', 'marital_status', 'occupation', 'race', 'sex']",500,0.04685091972351074,14.089700549175593,6.0,4.930380657631324e-32,5.169930914247397,5.93510132475482,91.61043380161182,14.089700549175593
adult,XGBoost,81,106,SHAP-Targeted CE,True,"['capital_gain', 'marital_status']",343,0.020197391510009766,3.3387860773083253,2.0,2.465190328815662e-32,2.786654680047905,4.610610701840607,100.0,3.3387860773083253
adult,XGBoost,82,107,Actionable CBFI (Proposed),True,['capital_gain'],237,0.4151957035064697,13.419185182015388,1.0,0.0,60.83633764746428,13.743577061128615,100.0,13.419047807891996
adult,XGBoost,82,107,Untargeted Causal (Karimi 2021),True,"['capital_loss', 'marital_status', 'occupation']",385,0.6439712047576904,13.058921563022679,3.0,0.0,0.47338198306661466,11.17120667367376,17.229600385770325,13.058810910542338
adult,XGBoost,82,107,Wachter's CE,True,"['capital_gain', 'capital_loss', 'hours_per_week', 'marital_status', 'occupation', 'sex']",500,0.05140280723571777,12.452475168566984,6.0,0.0,4.789724094997545,4.946024877844552,78.29965244518822,12.452475168566984
adult,XGBoost,82,107,SHAP-Targeted CE,True,['capital_gain'],343,0.02462625503540039,2.2365308636692314,1.0,0.0,2.1970907535578283,2.9059010406505013,100.0,2.2365308636692314
adult,XGBoost,83,108,Actionable CBFI (Proposed),True,['capital_gain'],296,0.5111465454101562,13.419185182015388,1.0,0.0,59.57872507416266,13.818174387175933,100.0,13.419047807891996
adult,XGBoost,83,108,Untargeted Causal (Karimi 2021),True,['capital_gain'],425,0.7023394107818604,13.419185182015388,1.0,0.0,59.57872507416266,13.818174387175933,100.0,13.419047807891996
adult,XGBoost,83,108,Wachter's CE,True,"['capital_gain', 'hours_per_week', 'marital_status', 'occupation', 'race', 'sex']",500,0.050580501556396484,12.577496616481632,6.0,0.0,3.8260066709005525,5.071044096513931,71.80524573120302,12.577496616481632
adult,XGBoost,83,108,SHAP-Targeted CE,True,['capital_gain'],343,0.025077342987060547,2.2365308636692314,1.0,0.0,1.6398824598640098,3.2804228800125173,100.0,2.2365308636692314
adult,XGBoost,84,109,Actionable CBFI (Proposed),True,"['occupation', 'sex']",233,0.36398959159851074,2.6242302979482655,2.0,0.0,0.06494251708504274,1.8085186326235618,100.0,2.6242085518980316
adult,XGBoost,84,109,Untargeted Causal (Karimi 2021),True,"['occupation', 'sex']",410,0.6686539649963379,2.6242302979482655,2.0,0.0,0.06494251708504274,1.8085186326235618,100.0,2.6242085518980316
adult,XGBoost,84,109,Wachter's CE,True,"['hours_per_week', 'marital_status', 'occupation', 'race', 'sex', 'workclass']",500,0.04986715316772461,9.500494171408583,6.0,0.001202818101895487,0.2912530628442625,2.8787115800516005,60.73840347877309,9.500494171408583
adult,XGBoost,84,109,SHAP-Targeted CE,True,['capital_gain'],343,0.02443408966064453,2.2365308636692314,1.0,0.0,1.5656160876558503,2.353002715780714,100.0,2.2365308636692314
adult,XGBoost,85,110,Actionable CBFI (Proposed),True,['capital_loss'],256,0.423565149307251,10.808921563022679,1.0,0.0,0.4741601796853931,10.848110414471549,100.0,10.808810910542338
adult,XGBoost,85,110,Untargeted Causal (Karimi 2021),True,['capital_loss'],404,0.7061572074890137,10.808921563022679,1.0,0.0,0.4741601796853931,10.848110414471549,100.0,10.808810910542338
adult,XGBoost,85,110,Wachter's CE,True,"['capital_gain', 'capital_loss', 'hours_per_week', 'marital_status', 'occupation', 'sex']",500,0.05184650421142578,13.452475168566984,6.0,0.0,4.485624783108679,4.814655027497372,100.0,13.452475168566984
adult,XGBoost,85,110,SHAP-Targeted CE,True,['capital_gain'],343,0.02481389045715332,2.2365308636692314,1.0,0.0,1.8454981184109756,3.0794323355380904,100.0,2.2365308636692314
adult,XGBoost,86,113,Actionable CBFI (Proposed),True,"['capital_gain', 'hours_per_week', 'occupation', 'workclass']",250,0.4035804271697998,6.860526832033068,4.0,0.0,0.04967338541843221,3.6725387468926742,100.0,6.860493282933182
adult,XGBoost,86,113,Untargeted Causal (Karimi 2021),True,"['capital_gain', 'hours_per_week', 'occupation', 'workclass']",449,0.7299520969390869,6.860526832033068,4.0,0.0,0.04967338541843221,3.6725387468926742,100.0,6.860493282933182
adult,XGBoost,86,113,Wachter's CE,True,"['capital_gain', 'capital_loss', 'hours_per_week', 'marital_status', 'occupation', 'sex']",500,0.053565263748168945,9.240447362491818,6.0,0.0,4.158786768129706,4.712163596228496,86.4725164165329,9.240447362491818
adult,XGBoost,86,113,SHAP-Targeted CE,True,['capital_gain'],343,0.024833202362060547,1.6911697242607318,1.0,0.0,2.120313126262998,3.4137473298391825,100.0,1.6911697242607318
adult,XGBoost,87,114,Actionable CBFI (Proposed),True,"['marital_status', 'occupation']",263,0.4464437961578369,1.75,2.0,0.0,0.059656809299863084,1.8087675710610214,100.0,1.75
adult,XGBoost,87,114,Untargeted Causal (Karimi 2021),True,"['marital_status', 'occupation']",397,0.6466972827911377,1.75,2.0,0.0,0.059656809299863084,1.8087675710610214,100.0,1.75
adult,XGBoost,87,114,Wachter's CE,True,"['hours_per_week', 'marital_status', 'occupation', 'race', 'sex', 'workclass']",500,0.05011272430419922,10.250494171408583,6.0,0.001202818101895487,0.30079166387861667,2.8938279484357246,76.9364337960437,10.250494171408583
adult,XGBoost,87,114,SHAP-Targeted CE,True,['marital_status'],343,0.024499177932739258,1.5,1.0,0.0,0.059656809299863084,2.0840123165634252,100.0,1.5
adult,XGBoost,88,115,Actionable CBFI (Proposed),True,['capital_gain'],262,0.4381279945373535,13.419185182015388,1.0,0.0,61.344303027407506,13.787635974991433,100.0,13.419047807891996
adult,XGBoost,88,115,Untargeted Causal (Karimi 2021),True,['capital_gain'],409,0.687469482421875,13.419185182015388,1.0,0.0,61.344303027407506,13.787635974991433,100.0,13.419047807891996
adult,XGBoost,88,115,Wachter's CE,True,"['capital_gain', 'marital_status', 'occupation', 'race', 'sex', 'workclass']",500,0.049880266189575195,10.455808558496965,6.0,6.162975822039155e-33,5.330612377763271,5.678676520869632,62.56724583161637,10.455808558496965
adult,XGBoost,88,115,SHAP-Targeted CE,True,['capital_gain'],343,0.025301218032836914,2.2365308636692314,1.0,0.0,3.2752608923681095,3.36584118777058,100.0,2.2365308636692314
adult,XGBoost,89,117,Actionable CBFI (Proposed),True,['occupation'],250,0.38317084312438965,0.25,1.0,6.419766481290786e-35,0.06216599933259006,2.723038845969028,100.0,0.25
adult,XGBoost,89,117,Untargeted Causal (Karimi 2021),True,['occupation'],404,0.6812865734100342,0.25000000000000006,1.0,0.0,0.06216599933259006,2.723038845969028,100.0,0.25000000000000006
adult,XGBoost,89,117,Wachter's CE,True,"['hours_per_week', 'marital_status', 'occupation', 'sex', 'workclass']",500,0.052164316177368164,9.2522808415987,5.0,0.0012028181018954877,0.2148196820600254,2.8952314291501215,70.4739576536762,9.2522808415987
adult,XGBoost,89,117,SHAP-Targeted CE,True,['marital_status'],343,0.02491474151611328,0.4999999999999999,1.0,3.2098832406453932e-34,0.06216599933259006,2.934477250175277,100.0,0.4999999999999999
adult,XGBoost,90,119,Actionable CBFI (Proposed),True,['capital_gain'],244,0.4279212951660156,13.419185182015388,1.0,0.0,59.946211769788896,13.710792166744458,100.0,13.419047807891996
adult,XGBoost,90,119,Untargeted Causal (Karimi 2021),True,['capital_gain'],382,0.6426353454589844,13.419185182015388,1.0,0.0,59.946211769788896,13.710792166744458,100.0,13.419047807891996
adult,XGBoost,90,119,Wachter's CE,True,"['capital_gain', 'hours_per_week', 'marital_status', 'occupation', 'race', 'sex', 'workclass']",500,0.052677154541015625,13.047964313819783,7.0,0.0,3.9462232820594374,5.218091224963487,68.75181644732208,13.047964313819783
adult,XGBoost,90,119,SHAP-Targeted CE,True,['capital_gain'],343,0.024910926818847656,2.2365308636692314,1.0,9.62964972193618e-35,1.7045757313437138,2.9661520349616812,100.0,2.2365308636692314
adult,XGBoost,91,120,Actionable CBFI (Proposed),True,['capital_gain'],244,0.4302067756652832,13.419185182015388,1.0,0.0,59.57926416422088,13.746976207427625,100.0,13.419047807891996
adult,XGBoost,91,120,Untargeted Causal (Karimi 2021),True,['capital_gain'],383,0.6380527019500732,13.419185182015388,1.0,0.0,59.57926416422088,13.746976207427625,100.0,13.419047807891996
adult,XGBoost,91,120,Wachter's CE,True,"['capital_gain', 'capital_loss', 'hours_per_week', 'marital_status', 'occupation', 'sex']",500,0.051021575927734375,12.452475168566984,6.0,0.0,4.212213897011729,4.830480317635166,91.47065033580502,12.452475168566984
adult,XGBoost,91,120,SHAP-Targeted CE,True,['capital_gain'],343,0.02429032325744629,2.2365308636692314,1.0,0.0,1.5947052297316577,3.0542386458795563,100.0,2.2365308636692314
adult,XGBoost,92,122,Actionable CBFI (Proposed),True,"['marital_status', 'race']",310,0.4814894199371338,2.1820647547277505,2.0,0.0,0.47069166067078916,3.779266586932567,100.0,2.1820526537613154
adult,XGBoost,92,122,Untargeted Causal (Karimi 2021),True,"['marital_status', 'race']",422,0.653674840927124,2.1820647547277505,2.0,0.0,0.47069166067078916,3.779266586932567,100.0,2.1820526537613154
adult,XGBoost,92,122,Wachter's CE,True,"['hours_per_week', 'marital_status', 'occupation', 'sex', 'workclass']",500,0.05228424072265625,8.636364661953085,5.0,0.0012028181018954864,0.6139271519177535,3.083835343197646,84.1841303243821,8.636364661953085
adult,XGBoost,92,122,SHAP-Targeted CE,True,['marital_status'],343,0.024637460708618164,1.5,1.0,6.419766481290786e-35,0.47069166067078916,3.036216616513366,100.0,1.5
adult,XGBoost,93,124,Actionable CBFI (Proposed),True,"['capital_gain', 'marital_status']",293,0.4885852336883545,13.919185182015388,2.0,0.0,59.92522782897293,13.826269922306839,100.0,13.919047807891996
adult,XGBoost,93,124,Untargeted Causal (Karimi 2021),True,"['capital_gain', 'marital_status']",451,0.6583852767944336,13.919185182015388,2.0,0.0,59.92522782897293,13.826269922306839,100.0,13.919047807891996
adult,XGBoost,93,124,Wachter's CE,True,"['capital_gain', 'hours_per_week', 'marital_status', 'occupation', 'race', 'workclass']",500,0.0471346378326416,15.11742483091725,6.0,0.0,4.227806879426724,7.354356279426168,84.36155935354464,15.11742483091725
adult,XGBoost,93,124,SHAP-Targeted CE,True,['capital_gain'],343,0.02201080322265625,2.2365308636692314,1.0,0.0,1.6824295752410086,3.5113894125040424,100.0,2.2365308636692314
adult,XGBoost,94,126,Actionable CBFI (Proposed),True,"['capital_gain', 'marital_status']",270,0.42610645294189453,14.419185182015388,2.0,0.0,60.42335782154489,14.730324291466133,100.0,14.419047807891996
adult,XGBoost,94,126,Untargeted Causal (Karimi 2021),True,"['capital_gain', 'marital_status']",435,0.6832525730133057,14.419185182015388,2.0,0.0,60.42335782154489,14.730324291466133,100.0,14.419047807891996
adult,XGBoost,94,126,Wachter's CE,True,"['capital_gain', 'capital_loss', 'hours_per_week', 'marital_status', 'occupation', 'race', 'sex', 'workclass']",500,0.04806947708129883,15.128542223375515,8.0,0.0,4.219992161083186,9.87363069912767,67.53084090125328,15.128542223375515
adult,XGBoost,94,126,SHAP-Targeted CE,True,"['capital_gain', 'capital_loss']",343,0.02252960205078125,3.375487474648894,2.0,0.0,1.9623092968712414,6.465476781776008,100.0,3.375487474648894
adult,XGBoost,95,127,Actionable CBFI (Proposed),True,['occupation'],247,0.40095090866088867,2.5000000000000004,1.0,0.0,0.21044385180461703,1.7078077403626728,100.0,2.5000000000000004
adult,XGBoost,95,127,Untargeted Causal (Karimi 2021),True,['occupation'],415,0.6485660076141357,2.5000000000000004,1.0,0.0,0.21044385180461703,1.7078077403626728,100.0,2.5000000000000004
adult,XGBoost,95,127,Wachter's CE,True,"['hours_per_week', 'marital_status', 'occupation', 'race', 'sex', 'workclass']",500,0.05129122734069824,10.750494171408583,6.0,0.0012028181018954877,0.3793895429528232,2.9596461866946813,65.30349554515047,10.750494171408583
adult,XGBoost,95,127,SHAP-Targeted CE,True,['capital_gain'],343,0.024931669235229492,2.2365308636692314,1.0,6.162975822039155e-33,1.5952624384917684,2.8998052325366728,100.0,2.2365308636692314
adult,XGBoost,96,128,Actionable CBFI (Proposed),True,"['occupation', 'sex']",253,0.41649436950683594,2.8742302979482655,2.0,0.0,0.05890344795460606,3.1356638644657986,100.0,2.8742085518980316
adult,XGBoost,96,128,Untargeted Causal (Karimi 2021),True,"['occupation', 'sex']",410,0.6755940914154053,2.8742302979482655,2.0,0.0,0.05890344795460606,3.1356638644657986,100.0,2.8742085518980316
adult,XGBoost,96,128,Wachter's CE,True,"['capital_gain', 'hours_per_week', 'marital_status', 'occupation', 'race', 'sex']",500,0.049742698669433594,12.557309532539062,6.0,0.0,3.7735248770150744,5.194153697042652,90.58663998315298,12.557309532539062
adult,XGBoost,96,128,SHAP-Targeted CE,True,['capital_gain'],343,0.02457141876220703,2.2365308636692314,1.0,0.0,1.6123661465246784,3.7942216774432724,100.0,2.2365308636692314
adult,XGBoost,97,129,Actionable CBFI (Proposed),True,"['marital_status', 'occupation']",269,0.4031550884246826,1.25,2.0,0.0,0.0072884429951697305,1.1560048935280616,100.0,1.25
adult,XGBoost,97,129,Untargeted Causal (Karimi 2021),True,"['marital_status', 'occupation']",417,0.681903600692749,1.25,2.0,0.0,0.0072884429951697305,1.1560048935280616,100.0,1.25
adult,XGBoost,97,129,Wachter's CE,True,"['hours_per_week', 'marital_status', 'occupation', 'race', 'sex', 'workclass']",500,0.0508112907409668,10.750494171408583,6.0,0.0012028181018954864,0.21283022512632563,2.8206487979583867,65.30349554515047,10.750494171408583
adult,XGBoost,97,129,SHAP-Targeted CE,True,['marital_status'],343,0.024622201919555664,0.5000000000000001,1.0,0.0,0.0072884429951697305,1.6501238337831314,100.0,0.5000000000000001
adult,XGBoost,98,130,Actionable CBFI (Proposed),True,"['marital_status', 'occupation']",339,0.5648746490478516,3.0,2.0,0.0,0.9996419417016466,2.7783493043483065,100.0,3.0
adult,XGBoost,98,130,Untargeted Causal (Karimi 2021),True,"['marital_status', 'occupation']",439,0.7191846370697021,3.0,2.0,0.0,0.9996419417016466,2.7783493043483065,100.0,3.0
adult,XGBoost,98,130,Wachter's CE,True,"['capital_gain', 'hours_per_week', 'marital_status', 'occupation']",500,0.05193829536437988,9.688129628837181,4.0,0.0,5.644551927758389,4.9945882975699485,100.0,9.688129628837181
adult,XGBoost,98,130,SHAP-Targeted CE,True,['capital_gain'],343,0.02596569061279297,2.2365308636692314,1.0,0.0,2.260823416993494,3.6838049184346815,100.0,2.2365308636692314
adult,XGBoost,99,131,Actionable CBFI (Proposed),True,['marital_status'],232,0.4070000648498535,1.0,1.0,0.0,0.05302245511392517,4.789407791210578,100.0,1.0
adult,XGBoost,99,131,Untargeted Causal (Karimi 2021),True,['marital_status'],402,0.6712119579315186,1.0,1.0,0.0,0.05302245511392517,4.789407791210578,100.0,1.0
adult,XGBoost,99,131,Wachter's CE,True,"['capital_gain', 'capital_loss', 'hours_per_week', 'marital_status', 'occupation', 'sex']",500,0.05082345008850098,11.420218196524413,6.0,0.0,4.298656389682794,4.825517962511541,100.0,11.420218196524413
adult,XGBoost,99,131,SHAP-Targeted CE,True,"['capital_gain', 'capital_loss']",343,0.024405956268310547,3.0057608187971074,2.0,0.0,1.689439497682842,4.755560177122329,100.0,3.0057608187971074
adult,XGBoost,100,132,Actionable CBFI (Proposed),True,['occupation'],263,0.37428736686706543,0.25,1.0,0.0,0.1957648415689449,2.1732099954217454,100.0,0.25
adult,XGBoost,100,132,Untargeted Causal (Karimi 2021),True,['occupation'],401,0.5749850273132324,0.25,1.0,0.0,0.1957648415689449,2.1732099954217454,100.0,0.25
adult,XGBoost,100,132,Wachter's CE,True,"['capital_gain', 'hours_per_week', 'marital_status', 'occupation', 'race', 'sex']",500,0.04981184005737305,11.139816006226306,6.0,0.0,0.29746631311218674,2.880782594437195,78.77766106608823,11.139816006226306
adult,XGBoost,100,132,SHAP-Targeted CE,True,['capital_gain'],343,0.024794578552246094,1.6479595158725582,1.0,0.0,1.6740006291538216,3.1037565168889407,100.0,1.6479595158725582
